request_id,successful,ttft,request_latency,num_input_tokens,num_output_tokens,decode_speed,submit_time,first_token_time,finish_time,error
doc56_q0,True,3.029193162918091,6.73044753074646,16022,128,34.5828703675671,1787895037.9498801,1787895040.9790733,1787895044.6803277,
doc251_q2,True,5.133699178695679,6.8238818645477295,16024,128,75.73145854081031,1787895037.9510987,1787895043.0847979,1787895044.7749805,
doc206_q2,True,2.8346145153045654,6.32358193397522,16024,128,36.68707231687758,1787895044.6806433,1787895047.5152578,1787895051.0042253,
doc42_q2,True,4.829875707626343,6.322812557220459,16023,128,85.73704911550631,1787895044.775101,1787895049.6049767,1787895051.0979135,
doc185_q0,True,2.8552443981170654,6.296095848083496,16023,128,37.20009476179182,1787895051.0045068,1787895053.8597512,1787895057.3006027,
doc161_q2,True,4.801789045333862,6.3004231452941895,16024,128,85.4111086911665,1787895051.098018,1787895055.899807,1787895057.398441,
doc177_q0,True,2.8156521320343018,6.289651393890381,16023,128,36.84514311946413,1787895057.3008916,1787895060.1165438,1787895063.590543,
doc76_q2,True,4.790224075317383,6.295482397079468,16023,128,85.03523823748783,1787895057.398556,1787895062.18878,1787895063.6940384,
doc188_q0,True,2.8058056831359863,4.301210880279541,16023,128,85.59552972298006,1787895063.5908678,1787895066.3966734,1787895067.8920786,
doc317_q2,True,2.7173006534576416,4.207486867904663,16024,128,85.89530540483376,1787895063.6941543,1787895066.411455,1787895067.9016411,
doc169_q1,True,2.815505266189575,4.514950513839722,16024,128,75.3186960138833,1787895067.8924205,1787895070.7079258,1787895072.407371,
doc318_q0,True,2.8230857849121094,4.516005516052246,16023,128,75.60901893074126,1787895067.901741,1787895070.7248268,1787895072.4177465,
doc49_q0,True,2.8170580863952637,6.286927223205566,16022,128,36.88899925420955,1787895072.4178479,1787895075.234906,1787895078.704775,
doc275_q2,True,4.894766330718994,6.39133095741272,16024,128,85.52921652490414,1787895072.4076548,1787895077.302421,1787895078.7989857,
doc100_q2,True,2.83440899848938,6.297581434249878,16024,128,36.9603311340435,1787895078.7049706,1787895081.5393796,1787895085.002552,
doc222_q2,True,4.804582118988037,6.29597544670105,16024,128,85.82578292493938,1787895078.7991147,1787895083.6036968,1787895085.0950902,
doc190_q1,True,2.811131000518799,6.486915588378906,16024,128,34.822497603026406,1787895085.0028722,1787895087.8140032,1787895091.4897878,
doc33_q0,True,4.79704213142395,6.49208927154541,16022,128,75.51412404425994,1787895085.0952208,1787895089.892263,1787895091.58731,
doc298_q0,True,0.5539531707763672,4.433287143707275,16023,128,32.99535458745091,1787895091.4900827,1787895092.044036,1787895095.92337,
doc228_q1,True,2.777204751968384,4.447275400161743,16024,128,76.64346423815495,1787895091.5874329,1787895094.3646376,1787895096.0347083,
doc316_q0,True,0.5687427520751953,4.448832988739014,16023,128,32.98892350247427,1787895095.9236608,1787895096.4924035,1787895100.3724937,
doc140_q1,True,2.7569735050201416,4.449658155441284,16024,128,75.61951954142988,1787895096.034835,1787895098.7918086,1787895100.4844933,
doc198_q0,True,2.784076690673828,4.4998133182525635,16023,128,74.60352477328345,1787895100.3728125,1787895103.1568892,1787895104.8726258,
doc76_q0,True,2.6871511936187744,4.395877361297607,16022,128,74.90960366919276,1787895100.4846046,1787895103.1717558,1787895104.880482,
doc85_q0,True,2.796724557876587,6.462374210357666,16022,128,34.91877624294066,1787895104.8805823,1787895107.677307,1787895111.3429565,
doc27_q1,True,4.8665382862091064,6.566428184509277,16023,128,75.29899443957837,1787895104.8729515,1787895109.7394898,1787895111.4393797,
doc8_q1,True,2.7796342372894287,6.426916599273682,16022,128,35.09462314575595,1787895111.3432724,1787895114.1229067,1787895117.770189,
doc145_q1,True,4.732398748397827,6.428322076797485,16024,128,75.47511014002383,1787895111.4395087,1787895116.1719074,1787895117.8678308,
doc149_q0,True,2.8106796741485596,6.50285005569458,16023,128,34.66795591009606,1787895117.7704532,1787895120.581133,1787895124.2733033,
doc159_q1,True,4.800022602081299,6.509154796600342,16024,128,74.89180790724016,1787895117.8679109,1787895122.6679335,1787895124.3770657,
doc211_q0,True,2.8368802070617676,6.502456188201904,16023,128,34.919478046172436,1787895124.2736073,1787895127.1104875,1787895130.7760634,
doc65_q1,True,4.810642719268799,6.495479583740234,16023,128,75.9717469976869,1787895124.3772244,1787895129.1878672,1787895130.872704,
doc102_q1,True,2.835145950317383,6.464261531829834,16024,128,35.27030129656421,1787895130.7763774,1787895133.6115234,1787895137.240639,
doc150_q1,True,4.786520719528198,6.47087550163269,16024,128,75.99349101504156,1787895130.8728468,1787895135.6593676,1787895137.3437223,
doc212_q1,True,2.833991289138794,6.464208364486694,16024,128,35.25959945184081,1787895137.240884,1787895140.0748754,1787895143.7050924,
doc14_q2,True,4.78050684928894,6.459282159805298,16023,128,76.24605818191941,1787895137.3438382,1787895142.124345,1787895143.8031204,
doc140_q2,True,0.5626819133758545,4.25978946685791,16024,128,34.621659810639116,1787895143.7054245,1787895144.2681065,1787895147.965214,
doc53_q0,True,2.770176410675049,4.258890628814697,16022,128,85.98023612614747,1787895143.8032103,1787895146.5733867,1787895148.062101,
doc197_q1,True,2.8322956562042236,6.474485874176025,16024,128,35.14368891783976,1787895147.9654787,1787895150.7977743,1787895154.4399645,
doc178_q2,True,4.7814061641693115,6.478465795516968,16024,128,75.4245741490849,1787895148.0621712,1787895152.8435774,1787895154.540637,
doc56_q2,True,0.5800299644470215,4.252002000808716,16023,128,34.858653261103385,1787895154.4402258,1787895155.0202558,1787895158.6922278,
doc91_q2,True,2.7753701210021973,4.25579833984375,16023,128,86.46146997938276,1787895154.540764,1787895157.3161342,1787895158.7965624,
doc272_q0,True,2.8384971618652344,6.497066497802734,16023,128,34.98635347502586,1787895158.692518,1787895161.5310152,1787895165.1895845,
doc199_q1,True,4.799380540847778,6.490260362625122,16024,128,75.70023507966087,1787895158.796659,1787895163.5960395,1787895165.2869194,
doc129_q1,True,2.81377911567688,6.454186201095581,16024,128,35.1609028871226,1787895165.1899307,1787895168.0037098,1787895171.6441169,
doc225_q2,True,4.77287483215332,6.460371494293213,16024,128,75.85200188644217,1787895165.2870643,1787895170.0599391,1787895171.7474358,
doc295_q2,True,2.832071304321289,6.481495141983032,16024,128,35.07402968080903,1787895171.644365,1787895174.4764364,1787895178.1258602,
doc256_q0,True,4.793817043304443,6.476945877075195,16023,128,76.04884274558988,1787895171.7475505,1787895176.5413675,1787895178.2244964,
doc260_q1,True,2.8063457012176514,6.48241925239563,16024,128,34.819760327968154,1787895178.1261714,1787895180.932517,1787895184.6085906,
doc288_q2,True,4.7815093994140625,6.482130289077759,16024,128,75.26662807565091,1787895178.2246068,1787895183.0061162,1787895184.706737,
doc210_q2,True,2.8341996669769287,6.2953150272369385,16024,128,36.98229809664138,1787895184.6088476,1787895187.4430473,1787895190.9041626,
doc148_q1,True,4.78524923324585,6.290297269821167,16024,128,85.04711935391737,1787895184.706871,1787895189.4921203,1787895190.9971683,
doc247_q0,True,2.7869150638580322,6.476377010345459,16023,128,34.69340566633656,1787895190.9044967,1787895193.6914117,1787895197.3808737,
doc167_q1,True,4.774295806884766,6.477973222732544,16024,128,75.13159405021817,1787895190.997293,1787895195.7715888,1787895197.4752662,
doc164_q2,True,2.8462882041931152,6.512542247772217,16024,128,34.91301979582483,1787895197.3812106,1787895200.2274988,1787895203.8937528,
doc291_q2,True,4.817070007324219,6.512941360473633,16024,128,75.47742330943343,1787895197.475336,1787895202.292406,1787895203.9882774,
doc242_q1,True,2.821652412414551,6.510268211364746,16024,128,34.70136413676633,1787895203.893996,1787895206.7156484,1787895210.4042642,
doc0_q2,True,4.822998285293579,6.51384425163269,16022,128,75.70175080887805,1787895203.9883626,1787895208.8113608,1787895210.5022068,
doc18_q0,True,2.7672982215881348,6.250877380371094,16022,128,36.74381840219722,1787895210.4045722,1787895213.1718705,1787895216.6554496,
doc269_q2,True,4.742222309112549,6.254835605621338,16024,128,84.62176042973601,1787895210.5023444,1787895215.2445667,1787895216.75718,
doc260_q2,True,0.5886082649230957,4.259052753448486,16024,128,34.87316056683486,1787895216.655776,1787895217.2443843,1787895220.9148288,
doc124_q2,True,2.7674014568328857,4.267703294754028,16024,128,85.3161655639642,1787895216.7573154,1787895219.5247169,1787895221.0250187,
doc29_q2,True,2.794807195663452,6.464391708374023,16023,128,34.881333174542874,1787895220.9150238,1787895223.709831,1787895227.3794155,
doc16_q0,True,4.748919725418091,6.4501612186431885,16022,128,75.23917122274412,1787895221.025103,1787895225.7740228,1787895227.4752643,
doc1_q0,True,2.8354907035827637,6.492135763168335,16021,128,35.004764726742984,1787895227.3796299,1787895230.2151206,1787895233.8717656,
doc38_q0,True,4.808618068695068,6.492332458496094,16022,128,76.02239475729998,1787895227.4753473,1787895232.2839653,1787895233.9676797,
doc49_q1,True,2.8364386558532715,6.522340774536133,16023,128,34.726912402584404,1787895233.8719792,1787895236.708418,1787895240.39432,
doc132_q1,True,4.811503887176514,6.520978689193726,16024,128,74.87679832949725,1787895233.9678009,1787895238.7793047,1787895240.4887795,
doc310_q2,True,2.8009562492370605,6.263076543807983,16024,128,36.97156340890912,1787895240.3946238,1787895243.19558,1787895246.6577003,
doc258_q2,True,4.7709386348724365,6.268616437911987,16024,128,85.46564537460783,1787895240.4889061,1787895245.2598448,1787895246.7575226,
doc88_q1,True,2.809751510620117,6.464125394821167,16023,128,35.02652001574941,1787895246.6579351,1787895249.4676867,1787895253.1220605,
doc205_q1,True,4.774029016494751,6.462193250656128,16024,128,75.82200677506124,1787895246.75764,1787895251.531669,1787895253.2198331,
doc208_q1,True,2.8175208568573,6.487476587295532,16024,128,34.877804911481974,1787895253.1223059,1787895255.9398267,1787895259.6097825,
doc165_q2,True,4.791366815567017,6.49300742149353,16024,128,75.2215241891846,1787895253.2199528,1787895258.0113196,1787895259.7129602,
doc100_q1,True,2.833636522293091,6.517199754714966,16024,128,34.748962329022476,1787895259.610077,1787895262.4437134,1787895266.1272767,
doc104_q1,True,4.818565368652344,6.511451721191406,16024,128,75.61050971201946,1787895259.7130945,1787895264.5316598,1787895266.2245462,
doc247_q1,True,0.5564842224121094,4.443575859069824,16024,128,32.92950410349981,1787895266.1275895,1787895266.6840737,1787895270.5711653,
doc168_q1,True,2.755627393722534,4.452873945236206,16024,128,75.41626753393284,1787895266.224622,1787895268.9802494,1787895270.677496,
doc35_q1,True,2.8076488971710205,6.458895683288574,16023,128,35.056518361527964,1787895270.5714686,1787895273.3791175,1787895277.0303643,
doc173_q1,True,4.758915662765503,6.455864191055298,16024,128,75.42951236653002,1787895270.6776268,1787895275.4365425,1787895277.133491,
doc216_q1,True,2.8211991786956787,6.462262153625488,16024,128,35.15456911383619,1787895277.0305815,1787895279.8517807,1787895283.4928436,
doc51_q2,True,4.742367506027222,6.459167957305908,16023,128,74.55729633846764,1787895277.1336117,1787895281.8759792,1787895283.5927796,
doc304_q1,True,2.814194917678833,6.519852161407471,16024,128,34.54178073717531,1787895283.4930449,1787895286.3072398,1787895290.012897,
doc211_q2,True,4.8107922077178955,6.523353338241577,16024,128,74.74185751305652,1787895283.5928576,1787895288.4036498,1787895290.116211,
doc200_q0,True,2.830457925796509,6.290368318557739,16023,128,36.99517775599032,1787895290.0131238,1787895292.8435817,1787895296.303492,
doc277_q2,True,4.782750606536865,6.285634517669678,16024,128,85.16958565583342,1787895290.1162903,1787895294.899041,1787895296.4019248,
doc221_q0,True,2.803816795349121,6.457147121429443,16023,128,35.036525190792666,1787895296.3038533,1787895299.10767,1787895302.7610004,
doc34_q0,True,4.770766973495483,6.454801559448242,16022,128,76.00794013834506,1787895296.4020364,1787895301.1728034,1787895302.856838,
doc293_q1,True,2.8178763389587402,6.490204095840454,16024,128,34.85527667298649,1787895302.7612736,1787895305.57915,1787895309.2514777,
doc232_q0,True,4.7956037521362305,6.502963066101074,16023,128,74.96957374646428,1787895302.8569374,1787895307.6525412,1787895309.3599005,
doc118_q2,True,2.8394124507904053,6.500624179840088,16024,128,34.96110290054821,1787895309.251731,1787895312.0911434,1787895315.752355,
doc298_q2,True,4.7909464836120605,6.491138219833374,16024,128,75.2856264814466,1787895309.3600237,1787895314.1509702,1787895315.851162,
doc302_q2,True,2.8423471450805664,6.511790752410889,16024,128,34.8826726058138,1787895315.752674,1787895318.5950212,1787895322.2644649,
doc72_q1,True,4.817723989486694,6.511715888977051,16023,128,75.56116415816939,1787895315.8513136,1787895320.6690376,1787895322.3630295,
doc265_q2,True,2.8346519470214844,6.506528615951538,16024,128,34.859558623818884,1787895322.264772,1787895325.099424,1787895328.7713006,
doc195_q2,True,4.8022096157073975,6.506200551986694,16024,128,75.11777044981878,1787895322.3631601,1787895327.1653697,1787895328.8693607,
doc217_q2,True,2.800028085708618,6.468564510345459,16024,128,34.891298649888995,1787895328.7716117,1787895331.5716398,1787895335.2401762,
doc157_q1,True,4.77531099319458,6.4757232666015625,16024,128,75.27586221401265,1787895328.8694956,1787895333.6448066,1787895335.345219,
doc43_q1,True,2.773414134979248,6.430384397506714,16023,128,35.00165186236284,1787895335.240508,1787895338.0139222,1787895341.6708925,
doc263_q1,True,4.730278253555298,6.425112247467041,16024,128,75.52362087367094,1787895335.3453515,1787895340.0756297,1787895341.7704637,
doc74_q1,True,2.797105073928833,4.505561351776123,16023,128,74.92143735822384,1787895341.6711802,1787895344.4682853,1787895346.1767416,
doc157_q0,True,2.706295967102051,4.417164087295532,16023,128,74.81581922604562,1787895341.7705922,1787895344.4768882,1787895346.1877563,
doc15_q2,True,2.871695041656494,6.351593971252441,16023,128,36.782677482780265,1787895346.187856,1787895349.059551,1787895352.53945,
doc289_q0,True,4.955186605453491,6.457124710083008,16023,128,85.22321898982234,1787895346.177013,1787895351.1321995,1787895352.6341376,
doc128_q1,True,2.7914912700653076,6.440039873123169,16024,128,35.08244343866565,1787895352.539718,1787895355.3312092,1787895358.9797578,
doc28_q0,True,4.745155572891235,6.454179763793945,16022,128,74.89654077534745,1787895352.6342278,1787895357.3793833,1787895359.0884075,
doc283_q2,True,2.823643207550049,6.516938924789429,16024,128,34.657392691987276,1787895358.9800563,1787895361.8036995,1787895365.4969952,
doc147_q2,True,4.815382242202759,6.501732587814331,16024,128,75.90356317896652,1787895359.0885282,1787895363.9039104,1787895365.5902607,
doc10_q1,True,2.8120198249816895,6.484784126281738,16023,128,34.85113377808966,1787895365.497122,1787895368.3091419,1787895371.9819062,
doc189_q0,True,4.797952175140381,6.494574308395386,16023,128,75.44402344582723,1787895365.5903707,1787895370.3883228,1787895372.084945,
doc231_q0,True,2.807190418243408,6.491698980331421,16023,128,34.74004683204274,1787895371.982224,1787895374.7894144,1787895378.473923,
doc150_q0,True,4.7908172607421875,6.488600015640259,16023,128,75.39244914034049,1787895372.0851562,1787895376.8759735,1787895378.5737562,
doc134_q1,True,2.83361554145813,6.270852565765381,16024,128,37.23921251133312,1787895378.4742715,1787895381.307887,1787895384.745124,
doc320_q0,True,4.773508310317993,6.266806125640869,16023,128,85.71632442408968,1787895378.5738792,1787895383.3473876,1787895384.8406854,
doc58_q2,True,2.8595404624938965,6.327523469924927,16023,128,36.90906204722677,1787895384.7453697,1787895387.6049101,1787895391.0728931,
doc202_q0,True,4.830381870269775,6.346151828765869,16023,128,84.44553164716245,1787895384.8407521,1787895389.671134,1787895391.186904,
doc0_q1,True,2.842580795288086,6.499495267868042,16022,128,35.00218584814096,1787895391.0731988,1787895393.9157796,1787895397.572694,
doc32_q1,True,4.787039041519165,6.489894151687622,16023,128,75.16787496226702,1787895391.1870139,1787895395.974053,1787895397.676908,
doc285_q1,True,2.821958541870117,6.4921042919158936,16024,128,34.875999133931806,1787895397.572991,1787895400.3949494,1787895404.0650952,
doc241_q2,True,4.802043676376343,6.488995790481567,16024,128,75.87648690780557,1787895397.6770282,1787895402.4790719,1787895404.166024,
doc288_q1,True,2.8180339336395264,6.478586196899414,16024,128,34.96740130846,1787895404.0653458,1787895406.8833797,1787895410.543932,
doc91_q1,True,4.77575945854187,6.475096702575684,16023,128,75.3234829927926,1787895404.166126,1787895408.9418855,1787895410.6412227,
doc184_q0,True,2.827756404876709,6.293371677398682,16023,128,36.9342786012288,1787895410.5441942,1787895413.3719506,1787895416.837566,
doc174_q0,True,4.795589923858643,6.2900731563568115,16023,128,85.64833463272518,1787895410.641331,1787895415.436921,1787895416.931404,
doc24_q0,True,2.8702213764190674,6.5334272384643555,16022,128,34.94207118584742,1787895416.8378172,1787895419.7080386,1787895423.3712444,
doc287_q0,True,4.832536935806274,6.539494037628174,16023,128,74.98723890798473,1787895416.931482,1787895421.764019,1787895423.470976,
doc93_q2,True,2.817601442337036,6.5205652713775635,16023,128,34.56690529790187,1787895423.3715203,1787895426.1891217,1787895429.8920856,
doc125_q1,True,4.798355340957642,6.523208379745483,16024,128,74.20922079828512,1787895423.4711094,1787895428.2694647,1787895429.9943178,
doc302_q0,True,0.8253066539764404,4.511780738830566,16023,128,34.72152443059015,1787895429.8923688,1787895430.7176754,1787895434.4041495,
doc321_q2,True,2.805523633956909,4.507655143737793,16024,128,75.19982989826532,1787895429.994404,1787895432.7999277,1787895434.5020592,
doc227_q0,True,2.8565890789031982,6.529328346252441,16023,128,34.85137132873103,1787895434.4044127,1787895437.2610018,1787895440.933741,
doc20_q2,True,4.837745904922485,6.52729344367981,16023,128,75.75992806579744,1787895434.5022013,1787895439.3399472,1787895441.0294948,
doc180_q1,True,2.818695545196533,6.499265193939209,16024,128,34.7772253253586,1787895440.93403,1787895443.7527256,1787895447.4332952,
doc251_q0,True,4.8065032958984375,6.502313137054443,16023,128,75.48016109680346,1787895441.0295808,1787895445.8360841,1787895447.531894,
doc137_q2,True,2.8232154846191406,6.2926554679870605,16024,128,36.89356225028151,1787895447.4335535,1787895450.256769,1787895453.726209,
doc247_q2,True,4.77639365196228,6.298908948898315,16024,128,84.07140490318345,1787895447.5320177,1787895452.3084114,1787895453.8309267,
doc313_q1,True,2.8289973735809326,6.517227649688721,16024,128,34.70499139632875,1787895453.7264798,1787895456.5554771,1787895460.2437074,
doc314_q2,True,4.815999269485474,6.516661643981934,16024,128,75.26479207132388,1787895453.8310523,1787895458.6470516,1787895460.347714,
doc170_q2,True,2.81807279586792,4.315226793289185,16024,128,85.49554703154811,1787895460.2440364,1787895463.0621092,1787895464.5592632,
doc180_q2,True,2.7195770740509033,4.2207350730896,16024,128,85.26750687267294,1787895460.3478513,1787895463.0674284,1787895464.5685863,
doc104_q2,True,2.8852591514587402,6.3842833042144775,16024,128,36.58162802311343,1787895464.559616,1787895467.4448752,1787895470.9438994,
doc244_q2,True,4.947023868560791,6.473173141479492,16024,128,83.87121906837132,1787895464.5686786,1787895469.5157025,1787895471.0418518,
doc209_q2,True,2.780747652053833,6.464532852172852,16024,128,34.74686851878999,1787895470.9441912,1787895473.7249389,1787895477.408724,
doc39_q1,True,4.761977195739746,6.463830947875977,16023,128,75.21210317827229,1787895471.041932,1787895475.8039093,1787895477.505763,
doc83_q1,True,2.822939395904541,6.48967170715332,16023,128,34.90846594045668,1787895477.40903,1787895480.2319694,1787895483.8987017,
doc48_q2,True,4.789807558059692,6.4987616539001465,16023,128,74.89961275820596,1787895477.5058882,1787895482.2956958,1787895484.0046499,
doc126_q2,True,2.8667240142822266,6.533697128295898,16024,128,34.906173571558604,1787895483.898941,1787895486.765665,1787895490.4326382,
doc291_q1,True,4.815532684326172,6.523155689239502,16024,128,74.95799695348833,1787895484.0047607,1787895488.8202934,1787895490.5279164,
doc7_q1,True,2.8124306201934814,6.478373765945435,16022,128,34.91598066607354,1787895490.432954,1787895493.2453847,1787895496.9113278,
doc119_q2,True,4.772368907928467,6.486138105392456,16024,128,74.68917062426641,1787895490.5279913,1787895495.3003602,1787895497.0141294,
doc210_q0,True,2.8122353553771973,6.481726408004761,16023,128,34.88222158447416,1787895496.9115365,1787895499.7237718,1787895503.3932629,
doc71_q2,True,4.773405313491821,6.4734416007995605,16023,128,75.29251049264782,1787895497.0142255,1787895501.7876308,1787895503.487667,
doc238_q1,True,2.844853401184082,6.531836032867432,16024,128,34.7167352783432,1787895503.3935106,1787895506.238364,1787895509.9253466,
doc325_q0,True,4.8217456340789795,6.537019491195679,16023,128,74.62365235086276,1787895503.4877422,1787895508.3094878,1787895510.0247617,
doc135_q1,True,2.8377387523651123,6.4801926612854,16024,128,35.141144733919866,1787895509.9255996,1787895512.7633383,1787895516.4057922,
doc218_q2,True,4.79626989364624,6.478992462158203,16024,128,76.06720346847835,1787895510.024844,1787895514.8211138,1787895516.5038364,
doc21_q2,True,2.7998104095458984,6.476428747177124,16023,128,34.81460087654025,1787895516.4060924,1787895519.2059028,1787895522.8825212,
doc46_q1,True,4.768173933029175,6.472068548202515,16023,128,75.12201685488533,1787895516.5039046,1787895521.2720785,1787895522.9759731,
doc144_q2,True,2.8024039268493652,6.321704387664795,16024,128,36.37086444456127,1787895522.8827448,1787895525.6851487,1787895529.2044492,
doc92_q0,True,4.828057050704956,6.336575508117676,16022,128,84.85146427676763,1787895522.976115,1787895527.804172,1787895529.3126905,
doc110_q0,True,2.821955442428589,6.4847118854522705,16023,128,34.94635856659181,1787895529.2047622,1787895532.0267177,1787895535.689474,
doc273_q1,True,4.787288427352905,6.473601341247559,16024,128,75.90524803867828,1787895529.312817,1787895534.1001055,1787895535.7864184,
doc34_q1,True,2.791083812713623,4.5035645961761475,16023,128,74.74536429027387,1787895535.6896973,1787895538.480781,1787895540.1932619,
doc241_q0,True,2.705094337463379,4.415508508682251,16023,128,74.83567556551807,1787895535.7865329,1787895538.4916272,1787895540.2020414,
doc99_q2,True,2.830355405807495,6.495823860168457,16023,128,34.92050241155752,1787895540.2020862,1787895543.0324416,1787895546.69791,
doc282_q0,True,4.898957967758179,6.605587005615234,16023,128,75.00165364625717,1787895540.1935344,1787895545.0924923,1787895546.7991214,
doc311_q1,True,2.853222370147705,6.535395860671997,16024,128,34.762077433177794,1787895546.6982996,1787895549.551522,1787895553.2336955,
doc129_q0,True,4.84558367729187,6.541656255722046,16023,128,75.4684685241903,1787895546.7992358,1787895551.6448195,1787895553.340892,
doc229_q0,True,2.8105194568634033,4.495927333831787,16023,128,75.94600793621491,1787895553.2340415,1787895556.044561,1787895557.7299688,
doc110_q1,True,2.7194912433624268,4.3959832191467285,16024,128,76.34990316020966,1787895553.341019,1787895556.0605102,1787895557.7370021,
doc293_q0,True,2.8255536556243896,6.258403301239014,16023,128,37.28680636028341,1787895557.7302523,1787895560.555806,1787895563.9886556,
doc16_q2,True,4.8628175258636475,6.355328321456909,16023,128,85.76152372091953,1787895557.7370594,1787895562.5998769,1787895564.0923877,
doc178_q1,True,2.8148956298828125,6.452751636505127,16024,128,35.18555978218768,1787895563.9888873,1787895566.803783,1787895570.441639,
doc88_q0,True,4.751378536224365,6.448974370956421,16022,128,75.40075050914767,1787895564.0924876,1787895568.843866,1787895570.541462,
doc1_q1,True,2.809077739715576,6.470784425735474,16022,128,34.95637716933848,1787895570.4418976,1787895573.2509754,1787895576.912682,
doc54_q1,True,4.773789882659912,6.467855453491211,16023,128,75.55787816240715,1787895570.5415702,1787895575.31536,1787895577.0094256,
doc307_q2,True,2.811349391937256,6.46696138381958,16024,128,35.01465699429743,1787895576.9129999,1787895579.7243493,1787895583.3799613,
doc323_q1,True,4.785592555999756,6.488497972488403,16024,128,75.1656543931448,1787895577.0094848,1787895581.7950773,1787895583.4979827,
doc219_q2,True,2.806572914123535,6.480676174163818,16024,128,34.8384329292358,1787895583.380281,1787895586.186854,1787895589.8609571,
doc301_q0,True,4.762127637863159,6.460940837860107,16023,128,75.3467185210416,1787895583.4981124,1787895588.26024,1787895589.9590533,
doc178_q0,True,0.5592808723449707,4.425260782241821,16023,128,33.1093288075093,1787895589.861228,1787895590.4205089,1787895594.2864888,
doc26_q0,True,2.750959873199463,4.442738056182861,16022,128,75.66003704710033,1787895589.9591408,1787895592.7101007,1787895594.4018788,
doc176_q1,True,2.8290863037109375,6.470921993255615,16024,128,35.14711011468045,1787895594.2867389,1787895597.1158252,1787895600.7576609,
doc189_q1,True,4.786571264266968,6.47601580619812,16024,128,75.76454676262242,1787895594.401994,1787895599.1885653,1787895600.8780098,
doc8_q2,True,2.837437152862549,6.502255439758301,16022,128,34.926697582166106,1787895600.7579393,1787895603.5953765,1787895607.2601948,
doc184_q1,True,4.7850182056427,6.483016729354858,16024,128,75.38286883793448,1787895600.878121,1787895605.663139,1787895607.3611376,
doc131_q1,True,2.830653667449951,6.475938558578491,16024,128,35.113853600718876,1787895607.260473,1787895610.0911267,1787895613.7364116,
doc50_q0,True,4.780394554138184,6.474833726882935,16022,128,75.54121862790635,1787895607.3612282,1787895612.1416228,1787895613.836062,
doc262_q0,True,2.786797523498535,6.443985462188721,16023,128,34.999568560822425,1787895613.7366412,1787895616.5234387,1787895620.1806266,
doc38_q1,True,4.7547430992126465,6.443452835083008,16023,128,75.79751409085634,1787895613.836176,1787895618.590919,1787895620.2796288,
doc36_q2,True,2.825706958770752,6.276490211486816,16023,128,37.09302805363187,1787895620.1809072,1787895623.0066142,1787895626.4573975,
doc173_q0,True,4.77482795715332,6.2727789878845215,16023,128,85.45005635966538,1787895620.279743,1787895625.054571,1787895626.552522,
doc147_q0,True,2.8196446895599365,6.4636290073394775,16023,128,35.12638607566695,1787895626.4576006,1787895629.2772453,1787895632.9212296,
doc205_q2,True,4.782180547714233,6.473382949829102,16024,128,75.6857959993047,1787895626.5526502,1787895631.3348308,1787895633.0260332,
doc287_q2,True,2.82582688331604,6.293257474899292,16024,128,36.91494223725884,1787895632.9214857,1787895635.7473125,1787895639.2147431,
doc148_q0,True,4.798062562942505,6.288773775100708,16023,128,85.86505485169442,1787895633.0261583,1787895637.824221,1787895639.314932,
doc301_q2,True,0.581674337387085,4.409096002578735,16024,128,33.442879096414025,1787895639.2150366,1787895639.796711,1787895643.6241326,
doc79_q0,True,2.7457447052001953,4.4220616817474365,16022,128,76.35787371410228,1787895639.3150387,1787895642.0607834,1787895643.7371004,
doc254_q2,True,2.8272104263305664,6.450108766555786,16024,128,35.33082851892631,1787895643.6244676,1787895646.451678,1787895650.0745764,
doc28_q1,True,4.762471914291382,6.436830043792725,16023,128,76.4472054960673,1787895643.7372296,1787895648.4997015,1787895650.1740596,
doc268_q1,True,2.840965509414673,6.520761966705322,16024,128,34.784532646200624,1787895650.074919,1787895652.9158845,1787895656.595681,
doc187_q1,True,4.822095155715942,6.520519018173218,16024,128,75.36399059702913,1787895650.174212,1787895654.9963071,1787895656.694731,
doc164_q1,True,2.820970296859741,6.5016162395477295,16024,128,34.77650444870586,1787895656.5960174,1787895659.4169877,1787895663.0976336,
doc23_q1,True,4.8138182163238525,6.498715400695801,16023,128,75.96902718293312,1787895656.6948488,1787895661.508667,1787895663.1935642,
doc154_q2,True,2.804269552230835,6.454981565475464,16024,128,35.06165359952289,1787895663.097874,1787895665.9021435,1787895669.5528555,
doc165_q1,True,4.763085603713989,6.4647722244262695,16024,128,75.21949014702992,1787895663.193645,1787895667.9567306,1787895669.6584172,
doc27_q2,True,2.842768907546997,6.293684244155884,16023,128,37.09160831681888,1787895669.5532336,1787895672.3960025,1787895675.8469179,
doc299_q0,True,4.786719560623169,6.28365421295166,16023,128,85.50807465168583,1787895669.6585264,1787895674.445246,1787895675.9421806,
doc264_q0,True,2.7995564937591553,6.458507776260376,16023,128,34.98270135821556,1787895675.8471932,1787895678.6467497,1787895682.305701,
doc146_q1,True,4.776000022888184,6.465038776397705,16024,128,75.78274905418175,1787895675.9422777,1787895680.7182777,1787895682.4073164,
doc119_q0,True,2.8181803226470947,6.471574306488037,16023,128,35.03591470455893,1787895682.3059392,1787895685.1241195,1787895688.7775135,
doc130_q1,True,4.764293432235718,6.471303701400757,16024,128,74.98490332024157,1787895682.4074202,1787895687.1717136,1787895688.8787239,
doc144_q0,True,2.7935824394226074,6.453325986862183,16023,128,34.97512826808621,1787895688.7778406,1787895691.571423,1787895695.2311666,
doc29_q0,True,4.765758037567139,6.460572957992554,16022,128,75.52447081824766,1787895688.8788145,1787895693.6445725,1787895695.3393874,
doc148_q2,True,0.5964310169219971,4.469363689422607,16024,128,33.0498903089258,1787895695.2315016,1787895695.8279326,1787895699.7008653,
doc121_q0,True,2.7790796756744385,4.473141670227051,16023,128,75.55803767016432,1787895695.339508,1787895698.1185877,1787895699.8126497,
doc153_q2,True,2.834105968475342,6.287473201751709,16024,128,37.06527321120162,1787895699.7011235,1787895702.5352294,1787895705.9885967,
doc61_q0,True,4.784463167190552,6.273715019226074,16022,128,85.94919645394329,1787895699.8127735,1787895704.5972366,1787895706.0864885,
doc237_q2,True,2.822991132736206,6.47652792930603,16024,128,35.03454518924639,1787895705.9889152,1787895708.8119063,1787895712.4654431,
doc234_q1,True,4.781907558441162,6.483008623123169,16024,128,75.24538233354613,1787895706.0866122,1787895710.8685198,1787895712.5696208,
doc5_q0,True,2.8332886695861816,6.321912527084351,16021,128,36.69068527548106,1787895712.4656832,1787895715.298972,1787895718.7875957,
doc233_q1,True,4.810139894485474,6.321650266647339,16024,128,84.6835075414836,1787895712.5697453,1787895717.3798852,1787895718.8913956,
doc299_q1,True,0.8118681907653809,4.439561128616333,16024,128,35.28413297180199,1787895718.787933,1787895719.5998013,1787895723.2274942,
doc161_q1,True,2.769609212875366,4.438564300537109,16024,128,76.69469415101631,1787895718.8915243,1787895721.6611335,1787895723.3300886,
doc60_q2,True,2.8023149967193604,6.281994819641113,16023,128,36.78499359533698,1787895723.2277584,1787895726.0300734,1787895729.5097532,
doc193_q0,True,4.772237300872803,6.275439500808716,16023,128,85.15155180417983,1787895723.3302307,1787895728.102468,1787895729.6056702,
doc141_q1,True,2.806546688079834,6.478814363479614,16024,128,34.85584693552202,1787895729.5100324,1787895732.316579,1787895735.9888468,
doc97_q1,True,4.790528059005737,6.479528427124023,16023,128,75.78447134538206,1787895729.6057508,1787895734.3962789,1787895736.0852792,
doc128_q2,True,2.8051838874816895,6.435336351394653,16024,128,35.260227021437004,1787895735.9891756,1787895738.7943594,1787895742.424512,
doc17_q0,True,4.743342399597168,6.450084209442139,16022,128,74.99669795493361,1787895736.085367,1787895740.8287094,1787895742.5354512,
doc138_q2,True,2.8342232704162598,6.304561376571655,16024,128,36.884014203965975,1787895742.4248047,1787895745.259028,1787895748.729366,
doc203_q2,True,4.776331186294556,6.292587995529175,16024,128,84.41841726311009,1787895742.5355568,1787895747.311888,1787895748.8281448,
doc75_q1,True,2.8180994987487793,6.481903076171875,16023,128,34.936370712872026,1787895748.729694,1787895751.5477934,1787895755.211597,
doc55_q1,True,4.784100770950317,6.48048996925354,16023,128,75.45438283150429,1787895748.8282545,1787895753.6123552,1787895755.3087444,
doc138_q0,True,0.5610859394073486,4.452716112136841,16023,128,32.89110072610625,1787895755.2118535,1787895755.7729394,1787895759.6645696,
doc191_q0,True,2.7598929405212402,4.470448017120361,16023,128,74.82951104648797,1787895755.3088353,1787895758.0687282,1787895759.7792833,
doc4_q0,True,2.8347654342651367,6.300478935241699,16021,128,36.933231775775,1787895759.6648293,1787895762.4995947,1787895765.9653082,
doc308_q0,True,4.785114049911499,6.283590078353882,16023,128,85.42011855408315,1787895759.77942,1787895764.564534,1787895766.06301,
doc20_q0,True,2.8398807048797607,6.297256946563721,16022,128,37.02229409017282,1787895765.9655864,1787895768.8054671,1787895772.2628434,
doc213_q0,True,4.800276041030884,6.296478033065796,16023,128,85.5499462515174,1787895766.063087,1787895770.863363,1787895772.359565,
doc64_q0,True,2.8066508769989014,6.4665021896362305,16022,128,34.974098417064326,1787895772.2631102,1787895775.069761,1787895778.7296124,
doc66_q1,True,4.78881573677063,6.469281911849976,16023,128,76.16934032840993,1787895772.3596468,1787895777.1484625,1787895778.8289287,
doc290_q0,True,2.841201066970825,6.4804768562316895,16023,128,35.17183291733896,1787895778.729862,1787895781.571063,1787895785.2103388,
doc192_q0,True,4.792075157165527,6.479414939880371,16023,128,75.85905418175734,1787895778.829005,1787895783.6210802,1787895785.30842,
doc248_q2,True,2.8207595348358154,6.476508617401123,16024,128,35.01334394377527,1787895785.2106435,1787895788.031403,1787895791.6871521,
doc24_q1,True,4.787071466445923,6.476077079772949,16023,128,75.78423599662517,1787895785.3085346,1787895790.095606,1787895791.7846117,
doc311_q0,True,2.7955515384674072,6.2776734828948975,16023,128,36.759195123778184,1787895791.6873927,1787895794.4829443,1787895797.9650662,
doc236_q2,True,4.788381099700928,6.274550914764404,16024,128,86.12743893909118,1787895791.7847369,1787895796.573118,1787895798.0592878,
doc207_q1,True,2.800647735595703,6.465626955032349,16024,128,34.92516391939468,1787895797.9653683,1787895800.766016,1787895804.4309952,
doc282_q1,True,4.7925331592559814,6.477592706680298,16024,128,75.96170722610564,1787895798.059364,1787895802.8518972,1787895804.5369568,
doc39_q2,True,2.827991247177124,6.320317029953003,16023,128,36.65179251927037,1787895804.431271,1787895807.2592623,1787895810.751588,
doc271_q2,True,4.7950356006622314,6.3213255405426025,16024,128,83.8634892725772,1787895804.537107,1787895809.3321426,1787895810.8584325,
doc279_q1,True,2.8522772789001465,6.527319669723511,16024,128,34.82953021701679,1787895810.7517915,1787895813.6040688,1787895817.2791111,
doc117_q1,True,4.833772659301758,6.525547981262207,16024,128,75.66016499854844,1787895810.8585649,1787895815.6923375,1787895817.3841128,
doc66_q0,True,0.8233077526092529,4.284854412078857,16022,128,36.97769020383877,1787895817.2794375,1787895818.1027453,1787895821.564292,
doc53_q2,True,2.7891159057617188,4.2740044593811035,16023,128,86.20175547047128,1787895817.3842607,1787895820.1733766,1787895821.658265,
doc166_q2,True,2.7718398571014404,4.265021085739136,16024,128,85.72301710274034,1787895821.564601,1787895824.3364408,1787895825.829622,
doc236_q0,True,2.690572738647461,4.179596662521362,16023,128,85.96235288617144,1787895821.6583757,1787895824.3489485,1787895825.8379724,
doc111_q2,True,2.8537421226501465,6.3403613567352295,16024,128,36.711780497473285,1787895825.829863,1787895828.6836052,1787895832.1702244,
doc143_q2,True,4.927109956741333,6.436549186706543,16024,128,84.79970406158729,1787895825.8380537,1787895830.7651637,1787895832.274603,
doc73_q2,True,2.8289263248443604,6.488166332244873,16023,128,34.979941119229814,1787895832.1705377,1787895834.999464,1787895838.658704,
doc48_q1,True,4.784968137741089,6.484074831008911,16023,128,75.33370359092804,1787895832.2747478,1787895837.059716,1787895838.7588227,
doc201_q0,True,2.826246976852417,6.270744562149048,16023,128,37.16071700743462,1787895838.6589327,1787895841.4851797,1787895844.9296772,
doc13_q0,True,4.774706840515137,6.263598203659058,16022,128,85.97000638765013,1787895838.7589374,1787895843.5336442,1787895845.0225356,
doc80_q2,True,2.785407066345215,6.476898908615112,16023,128,34.67432828492798,1787895844.9297664,1787895847.7151735,1787895851.4066653,
doc239_q0,True,4.792112827301025,6.479870319366455,16023,128,75.84027954357188,1787895845.0226634,1787895849.8147762,1787895851.5025337,
doc84_q0,True,2.7727115154266357,6.43319845199585,16022,128,34.96802535237779,1787895851.406869,1787895854.1795805,1787895857.8400674,
doc71_q1,True,4.741159677505493,6.433849334716797,16023,128,75.61929586719354,1787895851.5026112,1787895856.2437708,1787895857.9364605,
doc172_q0,True,2.782564878463745,4.476994037628174,16023,128,75.54166505439534,1787895857.84038,1787895860.6229448,1787895862.317374,
doc279_q0,True,2.691761016845703,4.392837762832642,16023,128,75.24645804603976,1787895857.9365697,1787895860.6283307,1787895862.3294075,
doc132_q2,True,2.911797046661377,6.370066165924072,16024,128,37.012735442431286,1787895862.3175752,1787895865.2293723,1787895868.6876414,
doc105_q2,True,4.947880983352661,6.4626312255859375,16024,128,84.50237962086926,1787895862.3295007,1787895867.2773817,1787895868.792132,
doc170_q1,True,2.8362903594970703,6.493699073791504,16024,128,34.99745584892692,1787895868.6879137,1787895871.524204,1787895875.1816127,
doc281_q1,True,4.8197290897369385,6.497026443481445,16024,128,76.31324267831494,1787895868.792298,1787895873.6120272,1787895875.2893245,
doc3_q1,True,2.9134116172790527,6.493755578994751,16022,128,35.75075505836665,1787895875.1819189,1787895878.0953305,1787895881.6756744,
doc249_q0,True,4.797300100326538,6.486640453338623,16023,128,75.76921948959348,1787895875.2894611,1787895880.0867612,1787895881.7761016,
doc183_q1,True,2.815746784210205,6.467414140701294,16024,128,35.052480827003926,1787895881.6759377,1787895884.4916844,1787895888.1433518,
doc109_q1,True,4.788538932800293,6.46284556388855,16024,128,76.44955686331079,1787895881.7762418,1787895886.5647807,1787895888.2390873,
doc228_q2,True,2.7819936275482178,4.497461557388306,16024,128,74.61521009718432,1787895888.143634,1787895890.9256277,1787895892.6410956,
doc4_q1,True,2.7013092041015625,4.4071385860443115,16022,128,75.03681279907508,1787895888.23916,1787895890.9404693,1787895892.6462986,
doc275_q1,True,2.8607470989227295,6.506547212600708,16024,128,35.10889132944545,1787895892.6413908,1787895895.502138,1787895899.147938,
doc180_q0,True,4.918315649032593,6.600008726119995,16023,128,76.11376995241532,1787895892.6463408,1787895897.5646565,1787895899.2463496,
doc264_q2,True,2.806929588317871,6.454666614532471,16024,128,35.09024885295271,1787895899.1482027,1787895901.9551322,1787895905.6028693,
doc270_q1,True,4.757972955703735,6.45244026184082,16024,128,75.53996441029274,1787895899.2464736,1787895904.0044465,1787895905.6989138,
doc78_q1,True,2.8164761066436768,6.4788525104522705,16023,128,34.9499848969346,1787895905.6031706,1787895908.4196467,1787895912.0820231,
doc10_q0,True,4.785270929336548,6.499964475631714,16022,128,74.64890754185306,1787895905.698983,1787895910.484254,1787895912.1989474,
doc199_q0,True,2.812877893447876,4.527925252914429,16023,128,74.6335075200565,1787895912.0823333,1787895914.8952112,1787895916.6102586,
doc80_q1,True,2.7103865146636963,4.419824600219727,16023,128,74.87840658374319,1787895912.1990762,1787895914.9094627,1787895916.6189008,
doc196_q1,True,2.8727920055389404,6.5230042934417725,16024,128,35.06645364824528,1787895916.6106029,1787895919.4833949,1787895923.1336071,
doc31_q0,True,4.921305418014526,6.612971544265747,16022,128,75.66504880230212,1787895916.6190078,1787895921.5403132,1787895923.2319794,
doc118_q1,True,2.8136186599731445,6.452763557434082,16024,128,35.173097968510874,1787895923.133916,1787895925.9475346,1787895929.5866795,
doc60_q1,True,4.757418155670166,6.453839540481567,16023,128,75.45295122192198,1787895923.2320838,1787895927.989502,1787895929.6859233,
doc277_q0,True,2.792893648147583,6.43433141708374,16023,128,35.150950839232685,1787895929.5869331,1787895932.3798268,1787895936.0212646,
doc98_q1,True,4.7427077293396,6.44350004196167,16023,128,75.25904194772934,1787895929.6860445,1787895934.4287522,1787895936.1295445,
doc303_q1,True,2.8466546535491943,6.467433929443359,16024,128,35.351505918125845,1787895936.0215833,1787895938.868238,1787895942.4890172,
doc29_q1,True,4.777712106704712,6.465883016586304,16023,128,75.82170694374653,1787895936.129659,1787895940.907371,1787895942.595542,
doc82_q2,True,2.802286386489868,6.261700630187988,16023,128,37.00048360301823,1787895942.4892564,1787895945.2915428,1787895948.750957,
doc75_q2,True,4.753067970275879,6.250312328338623,16023,128,85.49038726425175,1787895942.5956829,1787895947.3487508,1787895948.8459952,
doc78_q0,True,0.589292049407959,4.429598331451416,16022,128,33.33067484708282,1787895948.7512753,1787895949.3405674,1787895953.1808736,
doc108_q1,True,2.766573667526245,4.4439332485198975,16024,128,76.31041158400512,1787895948.846113,1787895951.6126866,1787895953.2900462,
doc90_q2,True,2.822741985321045,6.457517862319946,16023,128,35.21537622443033,1787895953.181144,1787895956.003886,1787895959.6386619,
doc210_q1,True,4.7804481983184814,6.446098804473877,16024,128,76.84684862898453,1787895953.2901359,1787895958.070584,1787895959.7362347,
doc251_q1,True,2.8206419944763184,6.481352090835571,16024,128,34.96589367382628,1787895959.638922,1787895962.459564,1787895966.120274,
doc41_q0,True,4.788743019104004,6.483286380767822,16022,128,75.53657397962414,1787895959.7363632,1787895964.5251062,1787895966.2196496,
doc212_q2,True,2.82657527923584,6.301318645477295,16024,128,36.83725285831813,1787895966.1205013,1787895968.9470766,1787895972.42182,
doc160_q2,True,4.808505296707153,6.295591354370117,16024,128,86.07437299301893,1787895966.2197223,1787895971.0282276,1787895972.5153136,
doc171_q2,True,2.781118869781494,6.2575294971466064,16024,128,36.81958598113465,1787895972.4220445,1787895975.2031634,1787895978.679574,
doc139_q0,True,4.762230157852173,6.257028818130493,16023,128,85.63026138661868,1787895972.5153806,1787895977.2776108,1787895978.7724094,
doc93_q1,True,2.805251121520996,6.465875864028931,16023,128,34.966708964630385,1787895978.6798384,1787895981.4850895,1787895985.1457143,
doc67_q1,True,4.783709764480591,6.472454309463501,16023,128,75.79595172062885,1787895978.7724903,1787895983.5562,1787895985.2449446,
doc39_q0,True,2.817023754119873,6.262997627258301,16022,128,37.144797004344014,1787895985.1459827,1787895987.9630065,1787895991.4089804,
doc61_q2,True,4.768341302871704,6.257004737854004,16023,128,85.98316919198187,1787895985.2450256,1787895990.013367,1787895991.5020304,
doc140_q0,True,2.788031816482544,6.44180703163147,16023,128,35.03225909171941,1787895991.409244,1787895994.1972759,1787895997.851051,
doc152_q2,True,4.765364646911621,6.450824975967407,16024,128,75.9436444711262,1787895991.502108,1787895996.2674727,1787895997.952933,
doc315_q2,True,2.8252344131469727,6.466571569442749,16024,128,35.15192208408698,1787895997.851337,1787896000.6765714,1787896004.3179085,
doc213_q1,True,4.7715537548065186,6.460057973861694,16024,128,75.80673980881377,1787895997.9530559,1787896002.7246096,1787896004.4131138,
doc169_q2,True,2.8214828968048096,6.287282943725586,16024,128,36.932309500579194,1787896004.3181067,1787896007.1395895,1787896010.6053896,
doc126_q0,True,4.786709308624268,6.290292978286743,16023,128,85.1299482580397,1787896004.4132566,1787896009.199966,1787896010.7035496,
doc132_q0,True,0.5841414928436279,2.482795238494873,16023,128,67.41618912515064,1787896010.605616,1787896011.1897576,1787896013.0884113,
doc249_q2,True,0.5406970977783203,2.4045917987823486,16024,128,68.67340731804751,1787896010.7036288,1787896011.2443259,1787896013.1082206,
doc177_q1,True,2.8121767044067383,6.426513910293579,16024,128,35.414515223294714,1787896013.1083012,1787896015.9204779,1787896019.534815,
doc175_q1,True,4.875351190567017,6.553043365478516,16024,128,76.29528343407348,1787896013.0886111,1787896017.9639623,1787896019.6416545,
doc319_q2,True,2.8364250659942627,6.488485097885132,16024,128,35.048711927587746,1787896019.535147,1787896022.371572,1787896026.023632,
doc70_q1,True,4.783449172973633,6.485780477523804,16023,128,75.19100404126276,1787896019.6417809,1787896024.42523,1787896026.1275613,
doc256_q1,True,2.8337035179138184,6.454665422439575,16024,128,35.34972291202946,1787896026.0239563,1787896028.8576598,1787896032.4786217,
doc258_q0,True,4.782619953155518,6.447546482086182,16023,128,76.88026935471491,1787896026.1276767,1787896030.9102967,1787896032.5752232,
doc313_q0,True,2.782827138900757,6.429871559143066,16023,128,35.096912801378956,1787896032.4788485,1787896035.2616756,1787896038.90872,
doc58_q1,True,4.733073949813843,6.438175678253174,16023,128,75.06883481794227,1787896032.5752969,1787896037.3083708,1787896039.0134726,
doc162_q0,True,2.8319647312164307,6.297224998474121,16023,128,36.938062404558025,1787896038.9090211,1787896041.7409859,1787896045.2062461,
doc304_q0,True,4.790931224822998,6.289040803909302,16023,128,85.44101298522311,1787896039.0135546,1787896043.8044858,1787896045.3025954,
doc286_q0,True,2.8209595680236816,6.433260440826416,16023,128,35.4344791608365,1787896045.2063448,1787896048.0273044,1787896051.6396053,
doc101_q2,True,4.764692544937134,6.4351115226745605,16024,128,76.62748191078103,1787896045.3026795,1787896050.067372,1787896051.737791,
doc130_q2,True,2.8280861377716064,6.48677921295166,16024,128,34.985170215104965,1787896051.639879,1787896054.4679651,1787896058.1266582,
doc68_q0,True,4.7869484424591064,6.511486530303955,16022,128,74.22277356597053,1787896051.7380097,1787896056.5249581,1787896058.2494962,
doc85_q1,True,2.852208137512207,6.482756614685059,16023,128,35.256380903547395,1787896058.126965,1787896060.9791732,1787896064.6097217,
doc302_q1,True,4.778158664703369,6.48013973236084,16024,128,75.20647698870903,1787896058.2496006,1787896063.0277593,1787896064.7297404,
doc167_q2,True,2.841411828994751,6.514339208602905,16024,128,34.849586384595405,1787896064.6099505,1787896067.4513624,1787896071.1242898,
doc12_q2,True,4.7782886028289795,6.491262674331665,16023,128,74.72383974131819,1787896064.7298522,1787896069.5081408,1787896071.2211149,
doc296_q1,True,2.853884696960449,6.519982814788818,16024,128,34.914504709388794,1787896071.125434,1787896073.9793186,1787896077.6454167,
doc237_q0,True,4.808006048202515,6.524448394775391,16023,128,74.5728513722412,1787896071.2211978,1787896076.029204,1787896077.7456462,
doc265_q0,True,2.8093652725219727,4.269074201583862,16023,128,87.68871481950973,1787896077.645776,1787896080.4551413,1787896081.9148502,
doc90_q0,True,2.7217373847961426,4.1785805225372314,16022,128,87.8612094082213,1787896077.7457917,1787896080.467529,1787896081.9243722,
doc163_q2,True,2.9366352558135986,6.40160870552063,16024,128,36.9411199992954,1787896081.9151723,1787896084.8518076,1787896088.316781,
doc190_q2,True,5.00129771232605,6.48716402053833,16024,128,86.14503154998054,1787896081.9244595,1787896086.9257572,1787896088.4116235,
doc54_q0,True,2.800332546234131,6.458952188491821,16022,128,34.98587240979572,1787896088.3170373,1787896091.11737,1787896094.7759895,
doc255_q2,True,4.768407106399536,6.461526870727539,16024,128,75.60008612314736,1787896088.4117014,1787896093.1801085,1787896094.8732283,
doc318_q1,True,2.773585319519043,6.453109502792358,16024,128,34.78710659978074,1787896094.7762396,1787896097.549825,1787896101.2293491,
doc229_q2,True,4.755013465881348,6.459718227386475,16024,128,75.08631576002965,1787896094.873314,1787896099.6283274,1787896101.3330321,
doc124_q0,True,2.805995225906372,6.454256057739258,16023,128,35.08521070728729,1787896101.2296333,1787896104.0356286,1787896107.6838894,
doc261_q1,True,4.751406669616699,6.449081182479858,16024,128,75.39725608775598,1787896101.3331506,1787896106.0845573,1787896107.7822318,
doc70_q2,True,0.5842063426971436,4.424844741821289,16023,128,33.327792595415985,1787896107.6841526,1787896108.268359,1787896112.1089973,
doc201_q2,True,2.7865302562713623,4.430553674697876,16024,128,77.85777171137144,1787896107.782305,1787896110.5688353,1787896112.2128587,
doc77_q2,True,2.8144407272338867,6.232383489608765,16023,128,37.449427594001655,1787896112.109269,1787896114.9237096,1787896118.3416524,
doc294_q0,True,4.7353668212890625,6.226528882980347,16023,128,85.8390937433197,1787896112.2129622,1787896116.948329,1787896118.439491,
doc191_q2,True,2.8135581016540527,6.4628705978393555,16024,128,35.075099798606146,1787896118.341844,1787896121.1554022,1787896124.8047147,
doc212_q0,True,4.774521589279175,6.464756727218628,16023,128,75.72910841035016,1787896118.4396176,1787896123.2141392,1787896124.9043744,
doc245_q2,True,2.8334360122680664,6.471435070037842,16024,128,35.18417623738161,1787896124.8049417,1787896127.6383777,1787896131.2763767,
doc37_q0,True,4.780724048614502,6.492800951004028,16022,128,74.76299681477616,1787896124.9044802,1787896129.6852043,1787896131.3972812,
doc312_q0,True,2.8486835956573486,6.305950880050659,16023,128,37.02346086396434,1787896131.2766585,1787896134.1253421,1787896137.5826094,
doc50_q2,True,4.787586688995361,6.282309532165527,16023,128,85.63460482648682,1787896131.3974018,1787896136.1849885,1787896137.6797113,
doc125_q0,True,2.8212828636169434,6.451505661010742,16023,128,35.25954387479839,1787896137.5829344,1787896140.4042172,1787896144.03444,
doc23_q0,True,4.764609098434448,6.4536519050598145,16022,128,75.78256720191622,1787896137.6798375,1787896142.4444466,1787896144.1334894,
doc156_q1,True,2.8330237865448,6.2821574211120605,16024,128,37.11076854697144,1787896144.034745,1787896146.8677688,1787896150.3169024,
doc43_q2,True,4.799851179122925,6.287666082382202,16023,128,86.03220717818942,1787896144.1335883,1787896148.9334395,1787896150.4212544,
doc101_q0,True,0.8167116641998291,4.417534828186035,16023,128,35.54742739943403,1787896150.3172088,1787896151.1339204,1787896154.7347436,
doc115_q0,True,2.742987632751465,4.419045925140381,16023,128,76.36965884853521,1787896150.4213321,1787896153.1643198,1787896154.840378,
doc268_q2,True,2.808058261871338,6.289168834686279,16024,128,36.76987482086642,1787896154.7349727,1787896157.543031,1787896161.0241416,
doc276_q2,True,4.779372930526733,6.297325372695923,16024,128,84.3241174388079,1787896154.840461,1787896159.619834,1787896161.1377864,
doc120_q0,True,2.837937831878662,6.490840673446655,16023,128,35.04062537427263,1787896161.0244477,1787896163.8623855,1787896167.5152884,
doc47_q0,True,4.786487340927124,6.491286277770996,16022,128,75.08216789304721,1787896161.1378877,1787896165.924375,1787896167.629174,
doc171_q0,True,2.823543071746826,6.475679159164429,16023,128,35.04798204015114,1787896167.5155678,1787896170.3391109,1787896173.991247,
doc317_q0,True,4.775468349456787,6.481921672821045,16023,128,75.00937661022519,1787896167.6292982,1787896172.4047666,1787896174.11122,
doc324_q0,True,2.844207763671875,6.463027000427246,16023,128,35.370653140101204,1787896173.991523,1787896176.8357308,1787896180.45455,
doc188_q2,True,4.773794651031494,6.44306206703186,16024,128,76.6803441875678,1787896174.1113443,1787896178.885139,1787896180.5544064,
doc263_q0,True,2.8049991130828857,6.437587261199951,16023,128,35.236584710641694,1787896180.4548495,1787896183.2598486,1787896186.8924367,
doc145_q0,True,4.749809503555298,6.452437877655029,16023,128,75.17788493785692,1787896180.5545301,1787896185.3043396,1787896187.006968,
doc43_q0,True,0.6073260307312012,4.402234077453613,16022,128,33.72940751767387,1787896186.8927295,1787896187.5000556,1787896191.2949636,
doc155_q1,True,2.7578532695770264,4.402429103851318,16024,128,77.83161915210984,1787896187.0070777,1787896189.764931,1787896191.4095068,
doc86_q0,True,2.824251413345337,6.281887531280518,16022,128,37.01951149111625,1787896191.2951381,1787896194.1193895,1787896197.5770257,
doc181_q1,True,4.754622220993042,6.284499883651733,16024,128,83.6668206381651,1787896191.4095821,1787896196.1642044,1787896197.694082,
doc255_q1,True,0.6027381420135498,4.456928730010986,16024,128,33.21060468535531,1787896197.577226,1787896198.179964,1787896202.0341547,
doc121_q1,True,2.7754697799682617,4.454754829406738,16024,128,76.2229140566701,1787896197.694224,1787896200.469694,1787896202.148979,
doc235_q1,True,2.816680669784546,6.442935466766357,16024,128,35.29812634968078,1787896202.0344806,1787896204.8511612,1787896208.477416,
doc19_q1,True,4.753422498703003,6.4232518672943115,16023,128,76.6545387257038,1787896202.1491146,1787896206.902537,1787896208.5723665,
doc59_q1,True,2.8210926055908203,6.452229261398315,16023,128,35.25067000584566,1787896208.4777403,1787896211.298833,1787896214.9299695,
doc226_q0,True,4.767441987991333,6.458447456359863,16023,128,75.69461033351564,1787896208.5724359,1787896213.3398778,1787896215.0308833,
doc240_q2,True,2.8151090145111084,6.452439069747925,16024,128,35.19064755086304,1787896214.9302177,1787896217.7453268,1787896221.3826568,
doc164_q0,True,4.750325441360474,6.4572529792785645,16023,128,74.9885376833977,1787896215.0309684,1787896219.7812939,1787896221.4882214,
doc9_q1,True,2.8388969898223877,6.486083984375,16022,128,35.09554080752619,1787896221.3828926,1787896224.2217896,1787896227.8689766,
doc246_q1,True,4.788039922714233,6.484069585800171,16024,128,75.4703781342498,1787896221.488308,1787896226.2763479,1787896227.9723775,
doc243_q2,True,2.818122625350952,4.511553525924683,16024,128,75.58619602171774,1787896227.8693159,1787896230.6874385,1787896232.3808694,
doc101_q1,True,2.7193193435668945,4.419646978378296,16024,128,75.27960928200619,1787896227.972456,1787896230.6917753,1787896232.392103,
doc107_q0,True,2.8633697032928467,6.52082633972168,16023,128,34.996997291806615,1787896232.3811538,1787896235.2445235,1787896238.9019802,
doc184_q2,True,4.916883707046509,6.629256248474121,16024,128,74.7500890742419,1787896232.3922255,1787896237.3091092,1787896239.0214818,
doc155_q0,True,0.6218266487121582,4.2769856452941895,16023,128,35.018996470384415,1787896238.902289,1787896239.5241156,1787896243.1792746,
doc266_q2,True,2.7779650688171387,4.264626979827881,16024,128,86.09893012795101,1787896239.021633,1787896241.799598,1787896243.28626,
doc280_q0,True,2.7994039058685303,6.4528491497039795,16023,128,35.03542312998331,1787896243.1796043,1787896245.9790082,1787896249.6324534,
doc207_q0,True,4.75799822807312,6.44224214553833,16023,128,75.99849325425514,1787896243.286342,1787896248.0443401,1787896249.728584,
doc154_q0,True,2.7916488647460938,6.243236780166626,16023,128,37.08438062033394,1787896249.632687,1787896252.424336,1787896255.8759239,
doc179_q2,True,4.739419221878052,6.263705730438232,16024,128,83.97371444355758,1787896249.7286708,1787896254.46809,1787896255.9923766,
doc202_q1,True,2.849879026412964,6.4762773513793945,16024,128,35.296729297155984,1787896255.8762546,1787896258.7261336,1787896262.352532,
doc311_q2,True,4.766477823257446,6.4597392082214355,16024,128,75.59376309920526,1787896255.9924908,1787896260.7589686,1787896262.45223,
doc57_q1,True,2.820502519607544,6.461009740829468,16023,128,35.1599357512158,1787896262.3527641,1787896265.1732666,1787896268.8137739,
doc67_q2,True,4.767729759216309,6.473089218139648,16023,128,75.05748968655054,1787896262.4523425,1787896267.2200723,1787896268.9254317,
doc308_q1,True,2.8238329887390137,6.457253932952881,16024,128,35.228508330100546,1787896268.8140304,1787896271.6378634,1787896275.2712843,
doc99_q1,True,4.783406734466553,6.4524431228637695,16023,128,76.69095826180218,1787896268.9255567,1787896273.7089634,1787896275.3779998,
doc198_q1,True,2.8281595706939697,4.4999895095825195,16024,128,76.56281121816478,1787896275.2715244,1787896278.099684,1787896279.771514,
doc154_q1,True,2.7307090759277344,4.3991100788116455,16024,128,76.72016486369036,1787896275.3781354,1787896278.1088445,1787896279.7772455,
doc221_q1,True,2.996347665786743,6.645655870437622,16024,128,35.075141046423475,1787896279.7773476,1787896282.7736952,1787896286.4230034,
doc68_q2,True,5.0639119148254395,6.767722845077515,16023,128,75.12570657183346,1787896279.7717829,1787896284.8356948,1787896286.5395057,
doc206_q1,True,2.8384809494018555,6.467519760131836,16024,128,35.27104742488351,1787896286.423252,1787896289.261733,1787896292.8907719,
doc30_q1,True,4.762407064437866,6.462828159332275,16023,128,75.27547169599681,1787896286.5396292,1787896291.3020363,1787896293.0024574,
doc206_q0,True,0.602299690246582,4.466351747512817,16023,128,33.12584771193747,1787896292.8911088,1787896293.4934084,1787896297.3574605,
doc270_q2,True,2.7965056896209717,4.477992296218872,16024,128,76.12311599613537,1787896293.002569,1787896295.7990746,1787896297.4805613,
doc298_q1,True,2.8713462352752686,6.489155054092407,16024,128,35.38053181092368,1787896297.3577693,1787896300.2291155,1787896303.8469243,
doc218_q1,True,4.782524108886719,6.4947333335876465,16024,128,74.75721900888475,1787896297.4806516,1787896302.2631757,1787896303.975385,
doc120_q2,True,0.835472583770752,4.275206804275513,16024,128,37.212177393524534,1787896303.847254,1787896304.6827266,1787896308.1224608,
doc259_q0,True,2.7498974800109863,4.250223875045776,16023,128,85.31476912197621,1787896303.975512,1787896306.7254095,1787896308.225736,
doc153_q0,True,2.8164167404174805,6.4301979541778564,16023,128,35.41996386294997,1787896308.1227317,1787896310.9391484,1787896314.5529296,
doc222_q1,True,4.7729692459106445,6.454815149307251,16024,128,76.10685363117689,1787896308.2258189,1787896312.998788,1787896314.680634,
doc63_q0,True,2.834009885787964,6.475994110107422,16022,128,35.14567667407129,1787896314.5532324,1787896317.3872423,1787896321.0292265,
doc13_q1,True,4.755015134811401,6.464442729949951,16023,128,74.87886609764571,1787896314.6807585,1787896319.4357736,1787896321.1452012,
doc124_q1,True,2.845959424972534,6.483516454696655,16024,128,35.188451742214404,1787896321.0294735,1787896323.875433,1787896327.51299,
doc79_q2,True,4.771871089935303,6.464906692504883,16023,128,75.60384424623432,1787896321.1452656,1787896325.9171367,1787896327.6101723,
doc123_q2,True,2.816432237625122,6.447480201721191,16024,128,35.25153103612745,1787896327.5132544,1787896330.3296866,1787896333.9607346,
doc127_q2,True,4.7630743980407715,6.449450969696045,16024,128,75.90238274857009,1787896327.6102593,1787896332.3733337,1787896334.0597103,
doc149_q1,True,2.8263466358184814,6.46600341796875,16024,128,35.168151191546976,1787896333.9609945,1787896336.787341,1787896340.426998,
doc278_q2,True,4.759979963302612,6.462227821350098,16024,128,75.1946900064358,1787896334.05979,1787896338.8197699,1787896340.5220177,
doc186_q2,True,2.698579788208008,4.126755952835083,16024,128,89.62479781576758,1787896340.5220976,1787896343.2206774,1787896344.6488535,
doc186_q0,True,2.7788279056549072,4.224347352981567,16023,128,88.54948318870622,1787896340.42729,1787896343.2061179,1787896344.6516373,
doc51_q1,True,2.792149782180786,6.446163892745972,16023,128,35.02996872122138,1787896344.6516838,1787896347.4438336,1787896351.0978477,
doc17_q1,True,4.8591835498809814,6.561704635620117,16023,128,75.18262244865522,1787896344.648937,1787896349.5081205,1787896351.2106416,
doc253_q2,True,2.8698697090148926,6.507073402404785,16024,128,35.1918701261142,1787896351.0981612,1787896353.968031,1787896357.6052346,
doc42_q1,True,4.785645246505737,6.650105714797974,16023,128,68.65256849196828,1787896351.2107024,1787896355.9963477,1787896357.8608081,
doc245_q1,True,2.9841017723083496,6.6445605754852295,16024,128,34.968294108080094,1787896357.605523,1787896360.589625,1787896364.2500837,
doc275_q0,True,4.791266679763794,6.4890570640563965,16023,128,75.39211034778724,1787896357.8610635,1787896362.6523302,1787896364.3501205,
doc92_q2,True,2.7941532135009766,4.289108991622925,16023,128,85.6212617612015,1787896364.2503238,1787896367.044477,1787896368.5394328,
doc266_q0,True,2.709897041320801,4.200535535812378,16023,128,85.8692435979643,1787896364.350199,1787896367.060096,1787896368.5507345,
doc72_q2,True,2.845045328140259,6.292207479476929,16023,128,37.13199274666171,1787896368.550852,1787896371.3958974,1787896374.8430595,
doc289_q2,True,4.902300119400024,6.400256872177124,16024,128,85.44972994894384,1787896368.5396993,1787896373.4419994,1787896374.9399562,
doc168_q2,True,2.8317503929138184,6.283550024032593,16024,128,37.0821060544912,1787896374.843318,1787896377.6750684,1787896381.126868,
doc22_q0,True,4.777488708496094,6.306301116943359,16022,128,83.7251184597611,1787896374.9400342,1787896379.7175229,1787896381.2463353,
doc204_q1,True,2.848125696182251,6.5044779777526855,16024,128,35.007567691213524,1787896381.127158,1787896383.9752836,1787896387.631636,
doc97_q0,True,4.797968149185181,6.481770753860474,16022,128,76.01841192345923,1787896381.2464721,1787896386.0444403,1787896387.7282429,
doc295_q0,True,2.8316895961761475,6.296337842941284,16023,128,36.94458741071642,1787896387.6319222,1787896390.4636118,1787896393.92826,
doc197_q0,True,4.804886817932129,6.31580376625061,16023,128,84.71676761747416,1787896387.7283242,1787896392.533211,1787896394.044128,
doc137_q1,True,2.830113410949707,6.493662118911743,16024,128,34.93880120163709,1787896393.9283829,1787896396.7584963,1787896400.422045,
doc261_q0,True,4.764080286026001,6.477446794509888,16023,128,74.70672466526958,1787896394.0441968,1787896398.8082771,1787896400.5216436,
doc310_q0,True,2.8052098751068115,6.495327949523926,16023,128,34.68723694436761,1787896400.422261,1787896403.2274709,1787896406.917589,
doc305_q2,True,4.793453931808472,6.493860960006714,16024,128,75.27609441583483,1787896400.5217266,1787896405.3151805,1787896407.0155876,
doc160_q0,True,2.8300676345825195,6.481916666030884,16023,128,35.05073700958382,1787896406.9178479,1787896409.7479155,1787896413.3997645,
doc76_q1,True,4.798615455627441,6.486586332321167,16023,128,75.8306922040723,1787896407.0156612,1787896411.8142767,1787896413.5022476,
doc201_q1,True,2.81365704536438,6.491697072982788,16024,128,34.80114382629004,1787896413.3999765,1787896416.2136335,1787896419.8916736,
doc176_q0,True,4.7989726066589355,6.513983964920044,16023,128,74.6350742130258,1787896413.5023246,1787896418.3012972,1787896420.0163085,
doc306_q1,True,2.879155397415161,6.5485289096832275,16024,128,34.883338960192766,1787896419.8919485,1787896422.7711039,1787896426.4404774,
doc122_q2,True,4.829973220825195,6.519522190093994,16024,128,75.75986392119532,1787896420.016447,1787896424.8464203,1787896426.5359693,
doc45_q2,True,2.8044886589050293,6.476351976394653,16023,128,34.85968537835197,1787896426.440726,1787896429.2452147,1787896432.917078,
doc220_q2,True,4.78794002532959,6.4837727546691895,16024,128,75.47914236202202,1787896426.5360806,1787896431.3240206,1787896433.0198534,
doc253_q1,True,0.5749363899230957,4.429794549942017,16024,128,33.20485337892996,1787896432.9173543,1787896433.4922907,1787896437.347149,
doc297_q0,True,2.7544023990631104,4.46227240562439,16023,128,74.94715611156047,1787896433.0199866,1787896435.774389,1787896437.482259,
doc91_q0,True,2.8397910594940186,6.279777765274048,16022,128,37.2094461251633,1787896437.3474472,1787896440.1872382,1787896443.627225,
doc145_q2,True,4.745746850967407,6.253587484359741,16024,128,84.88960780425853,1787896437.4823256,1787896442.2280724,1787896443.735913,
doc123_q1,True,0.593958854675293,2.3956968784332275,16024,128,71.04251467870277,1787896443.62746,1787896444.2214189,1787896446.023157,
doc305_q1,True,0.5852599143981934,2.3076910972595215,16024,128,74.31356403299928,1787896443.7359924,1787896444.3212523,1787896446.0436835,
doc14_q0,True,2.891559600830078,6.3750903606414795,16022,128,36.74432890810183,1787896446.0233803,1787896448.9149399,1787896452.3984706,
doc89_q2,True,4.9520721435546875,6.450545787811279,16023,128,85.42025446400301,1787896446.043749,1787896450.9958212,1787896452.494295,
doc196_q2,True,2.7886765003204346,6.265644788742065,16024,128,36.813680592440946,1787896452.3987226,1787896455.1873991,1787896458.6643674,
doc105_q1,True,4.766237020492554,6.3013389110565186,16024,128,83.38208739549883,1787896452.4943824,1787896457.2606194,1787896458.7957213,
doc227_q2,True,2.8523736000061035,6.315232038497925,16024,128,36.96368253960385,1787896458.6646078,1787896461.5169814,1787896464.9798398,
doc151_q2,True,4.767986297607422,6.310708045959473,16024,128,82.97024407462379,1787896458.7957993,1787896463.5637856,1787896465.1065073,
doc260_q0,True,2.8584954738616943,6.499511957168579,16023,128,35.15501799754183,1787896464.9801717,1787896467.8386672,1787896471.4796836,
doc2_q1,True,4.778284549713135,6.4991981983184814,16022,128,74.37909514154475,1787896465.10659,1787896469.8848746,1787896471.6057882,
doc163_q1,True,2.831397771835327,4.497813940048218,16024,128,76.81154470390828,1787896471.480037,1787896474.3114347,1787896475.977851,
doc151_q1,True,2.719059467315674,4.383939981460571,16024,128,76.88239420937803,1787896471.6058705,1787896474.32493,1787896475.9898105,
doc35_q0,True,2.8372669219970703,6.53702712059021,16022,128,34.596836856797616,1787896475.989943,1787896478.82721,1787896482.5269701,
doc69_q1,True,4.945494174957275,6.650392055511475,16023,128,75.07781050111456,1787896475.9781284,1787896480.9236226,1787896482.6285205,
doc182_q1,True,2.865953207015991,4.387246608734131,16024,128,84.13893063326086,1787896482.5272472,1787896485.3932004,1787896486.9144938,
doc182_q2,True,2.7752137184143066,4.296493053436279,16024,128,84.13970863421426,1787896482.628599,1787896485.4038126,1787896486.925092,
doc319_q1,True,2.935142755508423,4.6634440422058105,16024,128,74.06116108644189,1787896486.9146278,1787896489.8497705,1787896491.5780718,
doc204_q0,True,2.9369850158691406,4.663084506988525,16023,128,74.15563277699093,1787896486.9251504,1787896489.8621354,1787896491.588235,
doc11_q1,True,2.783371686935425,6.584939479827881,16023,128,33.67031892455351,1787896491.5882924,1787896494.371664,1787896498.1732318,
doc98_q0,True,4.929598331451416,6.721450567245483,16022,128,71.43446175028836,1787896491.578374,1787896496.5079722,1787896498.2998245,
doc12_q0,True,2.948796272277832,6.629191637039185,16022,128,34.77887219008056,1787896498.1735613,1787896501.1223576,1787896504.802753,
doc211_q1,True,4.887589931488037,6.610114097595215,16024,128,74.30955252678625,1787896498.2999055,1787896503.1874955,1787896504.9100196,
doc116_q0,True,2.9041807651519775,4.680283308029175,16023,128,72.06791100734894,1787896504.8030124,1787896507.7071931,1787896509.4832957,
doc310_q1,True,2.805915117263794,4.581663131713867,16024,128,72.08229937941954,1787896504.9101,1787896507.716015,1787896509.491763,
doc30_q2,True,2.958911895751953,6.6358561515808105,16023,128,34.81151496846563,1787896509.491874,1787896512.4507859,1787896516.1277301,
doc81_q1,True,5.04090428352356,6.754356622695923,16023,128,74.70298243709944,1787896509.4836273,1787896514.5245316,1787896516.237984,
doc117_q2,True,2.828646183013916,6.463689088821411,16024,128,35.21278931687488,1787896516.1280253,1787896518.9566715,1787896522.5917144,
doc179_q0,True,4.75858736038208,6.453372240066528,16023,128,75.52580951974997,1787896516.2380571,1787896520.9966445,1787896522.6914294,
doc63_q2,True,2.820077419281006,6.272797346115112,16023,128,37.072222106751276,1787896522.5919154,1787896525.4119928,1787896528.8647127,
doc263_q2,True,4.768770456314087,6.288392782211304,16024,128,84.23145528901473,1787896522.6914942,1787896527.4602647,1787896528.979887,
doc92_q1,True,2.850620746612549,6.492223501205444,16023,128,35.14935829795347,1787896528.8650568,1787896531.7156775,1787896535.3572803,
doc259_q1,True,4.783851385116577,6.47504734992981,16024,128,75.68608408673427,1787896528.9799695,1787896533.763821,1787896535.4550169,
doc113_q0,True,2.8457179069519043,6.512378692626953,16023,128,34.90914690010917,1787896535.3575566,1787896538.2032745,1787896541.8699353,
doc286_q1,True,4.821887254714966,6.540036916732788,16024,128,74.49874875840256,1787896535.4551024,1787896540.2769897,1787896541.9951394,
doc113_q1,True,0.6152379512786865,4.514610528945923,16024,128,32.82579375284391,1787896541.8702817,1787896542.4855196,1787896546.3848922,
doc108_q2,True,2.8197855949401855,4.5153234004974365,16024,128,75.49227129024814,1787896541.995229,1787896544.8150146,1787896546.5105524,
doc120_q1,True,2.8299193382263184,6.485357761383057,16024,128,35.01631957171984,1787896546.3851619,1787896549.2150812,1787896552.8705196,
doc195_q0,True,4.762411594390869,6.455767869949341,16023,128,75.58952705199937,1787896546.510689,1787896551.2731006,1787896552.966457,
doc28_q2,True,2.780365467071533,6.413037538528442,16023,128,35.235770661970236,1787896552.8707747,1787896555.6511402,1787896559.2838123,
doc33_q1,True,4.7444117069244385,6.441714286804199,16023,128,75.41377802481611,1787896552.9665701,1787896557.7109818,1787896559.4082844,
doc77_q1,True,2.8711369037628174,6.55360746383667,16023,128,34.75927313250074,1787896559.2839985,1787896562.1551354,1787896565.837606,
doc242_q2,True,4.835274696350098,6.529015064239502,16024,128,75.57238548875277,1787896559.4083624,1787896564.243637,1787896565.9373775,
doc136_q0,True,2.837686777114868,6.500967502593994,16023,128,34.94135710368162,1787896565.8378742,1787896568.675561,1787896572.3388417,
doc313_q2,True,4.802269458770752,6.505388498306274,16024,128,75.15622632867071,1787896565.9374561,1787896570.7397256,1787896572.4428446,
doc89_q1,True,0.6012136936187744,4.492828607559204,16023,128,32.89122969014281,1787896572.3390522,1787896572.940266,1787896576.8318808,
doc50_q1,True,2.801630973815918,4.4981043338775635,16023,128,75.45063955224667,1787896572.4429183,1787896575.2445493,1787896576.9410226,
doc116_q1,True,0.5730273723602295,4.4271039962768555,16024,128,33.2115867146208,1787896576.8321326,1787896577.40516,1787896581.2592366,
doc16_q1,True,2.7532663345336914,4.431960821151733,16023,128,76.24972919156563,1787896576.9411125,1787896579.6943789,1787896581.3730733,
doc321_q1,True,2.839956521987915,6.481006383895874,16024,128,35.1546957209002,1787896581.2594662,1787896584.0994227,1787896587.7404726,
doc95_q1,True,4.783841848373413,6.465685129165649,16023,128,76.10697230939692,1787896581.373162,1787896586.1570039,1787896587.8388472,
doc14_q1,True,0.5909523963928223,4.454861640930176,16023,128,33.12707206592947,1787896587.7408183,1787896588.3317707,1787896592.19568,
doc183_q0,True,2.7909111976623535,4.476400136947632,16023,128,75.94235537035185,1787896587.838918,1787896590.6298292,1787896592.315318,
doc323_q2,True,2.84840989112854,6.488908767700195,16024,128,35.16001634384259,1787896592.196008,1787896595.0444179,1787896598.6849167,
doc96_q1,True,4.777482986450195,6.466151237487793,16023,128,75.7993761778554,1787896592.315403,1787896597.092886,1787896598.7815542,
doc181_q0,True,2.813567876815796,6.268192768096924,16023,128,37.05177957903613,1787896598.685154,1787896601.4987218,1787896604.9533467,
doc231_q2,True,4.777639627456665,6.264649391174316,16024,128,86.07878920713276,1787896598.781615,1787896603.5592546,1787896605.0462644,
doc1_q2,True,2.781304121017456,6.456541538238525,16022,128,34.827681988714545,1787896604.953648,1787896607.7349522,1787896611.4101896,
doc309_q1,True,4.7549426555633545,6.458974599838257,16024,128,75.11596272009233,1787896605.0463495,1787896609.8012922,1787896611.5053241,
doc325_q1,True,2.8124232292175293,6.462305068969727,16024,128,35.06962844821583,1787896611.4102862,1787896614.2227094,1787896617.8725913,
doc32_q2,True,4.771828889846802,6.46532130241394,16023,128,75.58345053696863,1787896611.5054088,1787896616.2772377,1787896617.97073,
doc105_q0,True,2.8300955295562744,6.462910413742065,16023,128,35.23438547810513,1787896617.8728142,1787896620.7029097,1787896624.3357246,
doc10_q2,True,4.799284934997559,6.463323354721069,16023,128,76.92130090437931,1787896617.9708102,1787896622.770095,1787896624.4341335,
doc231_q1,True,0.5881974697113037,4.432512283325195,16024,128,33.29592039307315,1787896624.3359818,1787896624.9241793,1787896628.7684941,
doc40_q1,True,2.771878957748413,4.448251962661743,16023,128,76.35532165266387,1787896624.4342098,1787896627.2060888,1787896628.8824618,
doc280_q1,True,2.795668840408325,6.4385597705841064,16024,128,35.13692900869354,1787896628.7687733,1787896631.5644422,1787896635.207333,
doc232_q2,True,4.737489938735962,6.421525716781616,16024,128,76.00788633395051,1787896628.8825877,1787896633.6200776,1787896635.3041134,
doc315_q0,True,2.834158182144165,6.501955986022949,16023,128,34.898325056151386,1787896635.2075818,1787896638.04174,1787896641.7095377,
doc42_q0,True,4.815844297409058,6.528941869735718,16022,128,74.71845274181058,1787896635.3041794,1787896640.1200237,1787896641.8331213,
doc130_q0,True,2.853066921234131,6.306289196014404,16023,128,37.0668291279178,1787896641.709799,1787896644.562866,1787896648.0160882,
doc114_q1,True,4.78678035736084,6.289651393890381,16024,128,85.17031527574055,1787896641.833205,1787896646.6199853,1787896648.1228564,
doc151_q0,True,2.8500189781188965,6.497554063796997,16023,128,35.09219157413642,1787896648.016442,1787896650.866461,1787896654.5139961,
doc249_q1,True,4.78697943687439,6.498136758804321,16024,128,74.80317464652227,1787896648.1229372,1787896652.9099166,1787896654.621074,
doc36_q0,True,2.824763774871826,6.497973918914795,16022,128,34.84690365662419,1787896654.5143182,1787896657.339082,1787896661.0122921,
doc152_q0,True,4.790984153747559,6.507260084152222,16023,128,74.58008221895892,1787896654.6211324,1787896659.4121165,1787896661.1283925,
doc26_q2,True,2.8876595497131348,6.337131023406982,16023,128,37.10713394099528,1787896661.0126646,1787896663.900324,1787896667.3497956,
doc322_q2,True,4.819585800170898,6.320315599441528,16024,128,85.29183605350498,1787896661.1284595,1787896665.9480453,1787896667.448775,
doc262_q1,True,2.81003475189209,6.466012716293335,16024,128,35.01115193974182,1787896667.3500454,1787896670.1600802,1787896673.8160582,
doc111_q1,True,4.771019458770752,6.460691690444946,16024,128,75.754337202531,1787896667.4488597,1787896672.2198792,1787896673.9095514,
doc126_q1,True,2.8298752307891846,6.499041795730591,16024,128,34.88530644071321,1787896673.816388,1787896676.6462631,1787896680.3154297,
doc115_q2,True,4.8063318729400635,6.526439666748047,16024,128,74.41394106856114,1787896673.909689,1787896678.7160208,1787896680.4361286,
doc268_q0,True,2.8670670986175537,6.533041477203369,16023,128,34.91568319399363,1787896680.315609,1787896683.182676,1787896686.8486505,
doc133_q0,True,4.815661907196045,6.520868301391602,16023,128,75.06422708459577,1787896680.4362009,1787896685.2518628,1787896686.9570692,
doc15_q1,True,2.796870231628418,6.475860834121704,16023,128,34.79215193244941,1787896686.848988,1787896689.6458583,1787896693.324849,
doc131_q2,True,4.775158882141113,6.4691081047058105,16024,128,75.56306782691136,1787896686.9571538,1787896691.7323127,1787896693.426262,
doc45_q0,True,2.823077440261841,6.300031900405884,16022,128,36.81382700499829,1787896693.3250682,1787896696.1481457,1787896699.6251001,
doc283_q0,True,4.786442518234253,6.296411752700806,16023,128,84.76993906781173,1787896693.4263668,1787896698.2128093,1787896699.7227786,
doc312_q1,True,2.8335793018341064,6.49615216255188,16024,128,34.948110213134484,1787896699.6253934,1787896702.4589727,1787896706.1215456,
doc274_q2,True,4.809760093688965,6.500293493270874,16024,128,75.71574748635908,1787896699.7228653,1787896704.5326254,1787896706.2231588,
doc52_q0,True,2.8485593795776367,6.311547040939331,16022,128,36.96230322393602,1787896706.121866,1787896708.9704254,1787896712.433413,
doc149_q2,True,4.798431396484375,6.3242292404174805,16024,128,83.89053668476137,1787896706.2232385,1787896711.0216699,1787896712.5474677,
doc109_q2,True,2.8577728271484375,6.331175327301025,16024,128,36.85147344552695,1787896712.4337366,1787896715.2915094,1787896718.764912,
doc303_q2,True,4.817039251327515,6.35021710395813,16024,128,83.48672646188996,1787896712.547549,1787896717.3645883,1787896718.897766,
doc7_q2,True,2.879755735397339,6.356905937194824,16022,128,36.8117546184319,1787896718.7652404,1787896721.6449962,1787896725.1221464,
doc208_q0,True,4.810702085494995,6.3198816776275635,16023,128,84.81429292263867,1787896718.8979225,1787896723.7086246,1787896725.2178042,
doc25_q1,True,2.850850820541382,6.304274320602417,16023,128,37.06466930503535,1787896725.122435,1787896727.973286,1787896731.4267094,
doc215_q0,True,4.809797763824463,6.302633047103882,16023,128,85.7428823083637,1787896725.2178783,1787896730.027676,1787896731.5205114,
doc288_q0,True,2.821150779724121,6.293627023696899,16023,128,36.86130329103655,1787896731.4269674,1787896734.2481182,1787896737.7205944,
doc278_q0,True,4.78992486000061,6.3241777420043945,16023,128,83.4282284891835,1787896731.520582,1787896736.3105068,1787896737.8447597,
doc279_q2,True,2.8630387783050537,4.555663347244263,16024,128,75.62220373548007,1787896737.720919,1787896740.5839577,1787896742.2765822,
doc109_q0,True,2.743431568145752,4.439601182937622,16023,128,75.4641510399338,1787896737.844844,1787896740.5882757,1787896742.2844453,
doc267_q2,True,2.8237414360046387,6.297378063201904,16024,128,36.84898961446003,1787896742.2845025,1787896745.108244,1787896748.5818806,
doc118_q0,True,4.904209136962891,6.408843517303467,16023,128,85.0705006295463,1787896742.276805,1787896747.181014,1787896748.6856484,
doc137_q0,True,2.8298118114471436,6.277134895324707,16023,128,37.130259301378004,1787896748.582217,1787896751.4120288,1787896754.8593519,
doc106_q0,True,4.768218994140625,6.274845123291016,16023,128,84.9580380450332,1787896748.685725,1787896753.453944,1787896754.96057,
doc306_q0,True,2.835529327392578,6.296938180923462,16023,128,36.97916236316056,1787896754.859615,1787896757.6951444,1787896761.1565533,
doc64_q2,True,4.7879602909088135,6.299345970153809,16023,128,84.69049413247168,1787896754.960647,1787896759.7486074,1787896761.259993,
doc8_q0,True,2.8443400859832764,6.484054088592529,16021,128,35.16759830806455,1787896761.1568043,1787896764.0011444,1787896767.6408584,
doc150_q2,True,4.792231559753418,6.475799083709717,16024,128,76.02902656331031,1787896761.260069,1787896766.0523005,1787896767.735868,
doc309_q0,True,2.7943127155303955,6.4808526039123535,16023,128,34.72090466276764,1787896767.6410792,1787896770.435392,1787896774.1219318,
doc230_q1,True,4.788006067276001,6.487476825714111,16024,128,75.3175654035011,1787896767.7359428,1787896772.523949,1787896774.2234197,
doc74_q2,True,2.850536823272705,6.511582374572754,16023,128,34.96268981262656,1787896774.122195,1787896776.9727318,1787896780.6337774,
doc294_q1,True,4.805351734161377,6.509244918823242,16024,128,75.12207992392516,1787896774.2234972,1787896779.028849,1787896780.732742,
doc291_q0,True,2.797658920288086,4.50928807258606,16023,128,74.78255428645373,1787896780.6340363,1787896783.4316952,1787896785.1433244,
doc52_q1,True,2.711423873901367,4.419080972671509,16023,128,74.95650039588503,1787896780.7328146,1787896783.4442384,1787896785.1518955,
doc289_q1,True,2.8509891033172607,6.48881983757019,16024,128,35.18580421974643,1787896785.1519523,1787896788.0029414,1787896791.640772,
doc216_q2,True,4.917360544204712,6.592080354690552,16024,128,76.43069556982604,1787896785.143535,1787896790.0608954,1787896791.7356153,
doc31_q1,True,2.797271728515625,6.4580397605896,16023,128,34.965340299773864,1787896791.6411111,1787896794.4383829,1787896798.099151,
doc146_q2,True,4.772790908813477,6.48968243598938,16024,128,74.55334129963694,1787896791.7356856,1787896796.5084765,1787896798.225368,
doc269_q1,True,2.863581895828247,6.526303052902222,16024,128,34.946695233075,1787896798.0994794,1787896800.9630613,1787896804.6257825,
doc192_q1,True,4.829205751419067,6.497648239135742,16024,128,76.7182572623002,1787896798.2254395,1787896803.0546453,1787896804.7230878,
doc322_q1,True,0.570199728012085,4.4436211585998535,16024,128,33.045719990395355,1787896804.6260512,1787896805.196251,1787896809.0696723,
doc224_q1,True,2.7774338722229004,4.456838846206665,16024,128,76.21747105843538,1787896804.7231555,1787896807.5005894,1787896809.1799943,
doc75_q0,True,2.817002058029175,6.301717519760132,16022,128,36.731836904818266,1787896809.069894,1787896811.8868961,1787896815.3716116,
doc102_q0,True,4.7840735912323,6.320952653884888,16023,128,83.28566841107032,1787896809.180073,1787896813.9641466,1787896815.5010257,
doc250_q1,True,2.849764347076416,6.515859365463257,16024,128,34.914534227299626,1787896815.3718297,1787896818.221594,1787896821.887689,
doc185_q2,True,4.784874439239502,6.519500970840454,16024,128,73.79110008300403,1787896815.5010936,1787896820.285968,1787896822.0205946,
doc9_q0,True,2.815673351287842,4.528290510177612,16021,128,74.7394123290099,1787896821.887983,1787896824.7036564,1787896826.4162736,
doc74_q0,True,2.6971828937530518,4.404061794281006,16022,128,74.9906744763254,1787896822.0206745,1787896824.7178574,1787896826.4247363,
doc142_q1,True,2.8529622554779053,4.550551414489746,16024,128,75.40104702041585,1787896826.4247947,1787896829.277757,1787896830.975346,
doc274_q1,True,2.8752858638763428,4.570027828216553,16024,128,75.52772203279478,1787896826.4164796,1787896829.2917655,1787896830.9865074,
doc134_q0,True,2.8745357990264893,6.540351390838623,16023,128,34.91719558558737,1787896830.986565,1787896833.861101,1787896837.5269165,
doc307_q0,True,4.950327634811401,6.664424180984497,16023,128,74.67490689819877,1787896830.9754293,1787896835.925757,1787896837.6398535,
doc187_q2,True,2.8281590938568115,6.4929282665252686,16024,128,34.92716566014944,1787896837.527258,1787896840.355417,1787896844.0201862,
doc315_q1,True,4.786811351776123,6.47960352897644,16024,128,75.61471616184876,1787896837.6399188,1787896842.4267302,1787896844.1195223,
doc244_q0,True,2.790719747543335,6.438815116882324,16023,128,35.0868020271062,1787896844.020405,1787896846.8111248,1787896850.4592202,
doc301_q1,True,4.747931241989136,6.450941324234009,16024,128,75.16103476690697,1787896844.1196003,1787896848.8675315,1787896850.5705416,
doc209_q0,True,2.8249568939208984,4.311337471008301,16023,128,86.1152264589053,1787896850.4594247,1787896853.2843816,1787896854.7707622,
doc267_q0,True,2.7301385402679443,4.212254762649536,16023,128,86.36299776431743,1787896850.570623,1787896853.3007615,1787896854.7828777,
doc209_q1,True,0.868321418762207,4.504371166229248,16024,128,35.20303870681853,1787896854.7829947,1787896855.6513162,1787896859.287366,
doc198_q2,True,2.9306929111480713,4.624890327453613,16024,128,75.55199811313824,1787896854.7710333,1787896857.7017262,1787896859.3959236,
doc252_q1,True,2.8061282634735107,6.454940557479858,16024,128,35.07990811428058,1787896859.2876089,1787896862.0937371,1787896865.7425494,
doc285_q2,True,4.759861946105957,6.442728519439697,16024,128,76.0606943106805,1787896859.3960018,1787896864.1558638,1787896865.8387303,
doc294_q2,True,0.5812702178955078,4.240088701248169,16024,128,34.98397107765526,1787896865.7428203,1787896866.3240905,1787896869.982909,
doc83_q0,True,2.760366916656494,4.275576114654541,16022,128,84.47678391150117,1787896865.8388004,1787896868.5991673,1787896870.1143765,
doc40_q0,True,2.8599965572357178,6.521605014801025,16022,128,34.95731492960072,1787896869.9832373,1787896872.8432338,1787896876.5048423,
doc266_q1,True,4.7886457443237305,6.501626968383789,16024,128,74.723527731739,1787896870.1144578,1787896874.9031036,1787896876.6160848,
doc181_q2,True,2.8498454093933105,6.489476680755615,16024,128,35.168397691035864,1787896876.5050645,1787896879.35491,1787896882.9945412,
doc257_q1,True,4.811951398849487,6.486381530761719,16024,128,76.4439181787905,1787896876.6161673,1787896881.4281187,1787896883.1025488,
doc122_q0,True,2.832749843597412,6.484297037124634,16023,128,35.053634313393076,1787896882.9947264,1787896885.8274763,1787896889.4790235,
doc87_q1,True,4.797925233840942,6.512869358062744,16023,128,74.63800026609215,1787896883.1026237,1787896887.900549,1787896889.615493,
doc240_q0,True,2.8758249282836914,6.330331563949585,16023,128,37.05304794568056,1787896889.4793172,1787896892.355142,1787896895.8096488,
doc55_q2,True,4.789299249649048,6.2823874950408936,16023,128,85.72835557111209,1787896889.615569,1787896894.4048684,1787896895.8979566,
doc283_q1,True,2.8571369647979736,6.491778135299683,16024,128,35.21668137114385,1787896895.8099627,1787896898.6670997,1787896902.301741,
doc96_q2,True,4.826029539108276,6.5351903438568115,16023,128,74.89055426755608,1787896895.8980196,1787896900.724049,1787896902.43321,
doc190_q0,True,2.877634286880493,6.364278078079224,16023,128,36.71152192922833,1787896902.3019843,1787896905.1796186,1787896908.6662624,
doc82_q0,True,4.834878206253052,6.373952388763428,16022,128,83.16688139828312,1787896902.4332826,1787896907.2681608,1787896908.807235,
doc194_q1,True,2.8650872707366943,6.502970218658447,16024,128,35.18529920626604,1787896908.6665418,1787896911.531629,1787896915.169512,
doc300_q1,True,4.78167462348938,6.500832557678223,16024,128,74.45505584709107,1787896908.8073182,1787896913.5889928,1787896915.3081508,
doc133_q2,True,2.8978939056396484,6.345307111740112,16024,128,37.12928864271162,1787896915.169819,1787896918.067713,1787896921.5151262,
doc113_q2,True,4.815586090087891,6.3169167041778564,16024,128,85.25770326583756,1787896915.3082278,1787896920.1238139,1787896921.6251445,
doc188_q1,True,2.8240981101989746,6.488798141479492,16024,128,34.92782462614663,1787896921.5154002,1787896924.3394983,1787896928.0041983,
doc162_q1,True,4.794841051101685,6.482105016708374,16024,128,75.86246290394463,1787896921.62522,1787896926.420061,1787896928.107325,
doc175_q2,True,2.817854881286621,6.252246379852295,16024,128,37.27006663435355,1787896928.004465,1787896930.82232,1787896934.2567115,
doc5_q2,True,4.772117853164673,6.246438264846802,16022,128,86.81966212077207,1787896928.107401,1787896932.8795187,1787896934.3538392,
doc58_q0,True,2.826965093612671,6.4255523681640625,16022,128,35.5695138770691,1787896934.2570074,1787896937.0839725,1787896940.6825597,
doc321_q0,True,4.794649600982666,6.439341068267822,16023,128,77.82614705923284,1787896934.353919,1787896939.1485686,1787896940.79326,
doc24_q2,True,2.819685459136963,6.484906911849976,16023,128,34.922855726835785,1787896940.6827836,1787896943.502469,1787896947.1676905,
doc229_q1,True,4.778445482254028,6.49438214302063,16024,128,74.59482795991752,1787896940.7933283,1787896945.5717738,1787896947.2877104,
doc267_q1,True,0.5818307399749756,4.472604990005493,16024,128,32.898336365569406,1787896947.1680195,1787896947.7498503,1787896951.6406245,
doc103_q2,True,2.7964937686920166,4.458272695541382,16024,128,77.0258895042558,1787896947.2877743,1787896950.084268,1787896951.746047,
doc222_q0,True,2.829296350479126,6.485491514205933,16023,128,35.009072073036705,1787896951.6408756,1787896954.470172,1787896958.126367,
doc303_q0,True,4.786647796630859,6.48261284828186,16023,128,75.47325334056477,1787896951.746122,1787896956.5327697,1787896958.2287347,
doc18_q2,True,2.8210175037384033,6.4967005252838135,16023,128,34.82345981677807,1787896958.126743,1787896960.9477606,1787896964.6234436,
doc158_q0,True,4.808353424072266,6.5071375370025635,16023,128,75.34800862907052,1787896958.2287953,1787896963.0371487,1787896964.7359328,
doc172_q1,True,2.8195254802703857,6.462514162063599,16024,128,35.135986186208434,1787896964.6236248,1787896967.4431503,1787896971.086139,
doc243_q1,True,4.7968666553497314,6.457862854003906,16024,128,77.06218720049584,1787896964.7359986,1787896969.5328653,1787896971.1938615,
doc31_q2,True,2.840632915496826,6.29814076423645,16023,128,37.020884868463924,1787896971.0864816,1787896973.9271145,1787896977.3846223,
doc292_q0,True,4.785861015319824,6.331047773361206,16023,128,82.83788308039074,1787896971.1939287,1787896975.9797897,1787896977.5249765,
doc139_q1,True,2.8843154907226562,6.535264253616333,16024,128,35.059379989367336,1787896977.3849702,1787896980.2692857,1787896983.9202344,
doc88_q2,True,4.790432929992676,6.514577865600586,16023,128,74.23969838989721,1787896977.52506,1787896982.3154929,1787896984.0396378,
doc73_q1,True,2.860934257507324,6.511583566665649,16023,128,35.06225582361156,1787896983.9205387,1787896986.781473,1787896990.4321222,
doc2_q0,True,4.790510892868042,6.491020202636719,16021,128,75.27156673868022,1787896984.0396953,1787896988.8302062,1787896990.5307155,
doc213_q2,True,2.9711053371429443,6.451326370239258,16024,128,36.779273150395234,1787896990.4323344,1787896993.4034398,1787896996.8836608,
doc168_q0,True,4.9457011222839355,6.468002796173096,16023,128,84.0832025579969,1787896990.530839,1787896995.47654,1787896996.9988418,
doc57_q2,True,2.851884126663208,6.503174781799316,16023,128,35.056097169352455,1787896996.8839233,1787896999.7358074,1787897003.387098,
doc256_q2,True,4.790420770645142,6.512713432312012,16024,128,74.31954095195353,1787896996.9989195,1787897001.7893403,1787897003.511633,
doc218_q0,True,2.8485846519470215,6.490259408950806,16023,128,35.14866333239297,1787897003.3874586,1787897006.2360432,1787897009.877718,
doc166_q1,True,4.782437801361084,6.4750816822052,16024,128,75.62134093803996,1787897003.511707,1787897008.2941449,1787897009.9867887,
doc224_q2,True,2.8862781524658203,6.307246923446655,16024,128,37.41630180485418,1787897009.878023,1787897012.764301,1787897016.1852698,
doc38_q2,True,4.818855285644531,6.304689168930054,16023,128,86.14691146830114,1787897009.9868624,1787897014.8057177,1787897016.2915516,
doc170_q0,True,2.8259060382843018,6.291255950927734,16023,128,36.937106851169105,1787897016.1854818,1787897019.0113878,1787897022.4767377,
doc242_q0,True,4.7701029777526855,6.325238227844238,16023,128,82.30795359597468,1787897016.2916348,1787897021.0617378,1787897022.616873,
doc306_q2,True,2.8769097328186035,6.374957323074341,16024,128,36.591840647497335,1787897022.478831,1787897025.3557408,1787897028.8537884,
doc15_q0,True,4.816981554031372,6.348555326461792,16022,128,83.57416554403363,1787897022.6169364,1787897027.433918,1787897028.9654918,
doc227_q1,True,2.846230983734131,6.491111993789673,16024,128,35.117744487919374,1787897028.8541138,1787897031.7003448,1787897035.3452258,
doc51_q0,True,4.799173355102539,6.5226240158081055,16022,128,74.26960511164147,1787897028.9655676,1787897033.764741,1787897035.4881916,
doc246_q2,True,2.916186809539795,6.572529077529907,16024,128,35.007663566015516,1787897035.34555,1787897038.2617369,1787897041.9180791,
doc237_q1,True,4.842052459716797,6.536632061004639,16024,128,75.5349585836646,1787897035.48827,1787897040.3303225,1787897042.024902,
doc127_q1,True,2.8592183589935303,6.495524883270264,16024,128,35.20055285368424,1787897041.9183555,1787897044.7775738,1787897048.4138803,
doc77_q0,True,4.796824216842651,6.524761915206909,16022,128,74.07674485091127,1787897042.0249815,1787897046.8218057,1787897048.5497434,
doc255_q0,True,2.9019384384155273,6.53946852684021,16023,128,35.18871236483253,1787897048.4141064,1787897051.3160448,1787897054.953575,
doc214_q2,True,4.82453727722168,6.509374141693115,16024,128,75.9717469976869,1787897048.5498192,1787897053.3743565,1787897055.0591934,
doc207_q2,True,2.8678274154663086,6.50171422958374,16024,128,35.223991980908075,1787897054.953779,1787897057.8216064,1787897061.4554932,
doc187_q0,True,4.7931506633758545,6.515110015869141,16023,128,74.33392653239129,1787897055.0592763,1787897059.852427,1787897061.5743864,
doc157_q2,True,2.877215623855591,6.550332307815552,16024,128,34.84779031359388,1787897061.4557579,1787897064.3329735,1787897068.0060902,
doc143_q0,True,4.837677717208862,6.571879863739014,16023,128,73.80915786323216,1787897061.5744627,1787897066.4121404,1787897068.1463425,
doc292_q2,True,0.6289312839508057,4.335600137710571,16024,128,34.53235372514231,1787897068.007234,1787897068.6361654,1787897072.3428342,
doc204_q2,True,2.8108625411987305,4.30839204788208,16024,128,85.47410880970736,1787897068.1464186,1787897070.957281,1787897072.4548106,
doc37_q2,True,2.860093116760254,6.299144983291626,16023,128,37.219560788160145,1787897072.343132,1787897075.2032251,1787897078.642277,
doc250_q2,True,4.781709432601929,6.305532217025757,16024,128,83.99926901499771,1787897072.4548743,1787897077.2365837,1787897078.7604065,
doc254_q0,True,2.8531720638275146,6.491830825805664,16023,128,35.17779719756218,1787897078.642477,1787897081.495649,1787897085.1343079,
doc111_q0,True,4.79584813117981,6.500873804092407,16023,128,75.07218338908935,1787897078.7604954,1787897083.5563436,1787897085.2613692,
doc21_q1,True,2.861184597015381,6.511921405792236,16023,128,35.06141546338564,1787897085.1346116,1787897087.9957962,1787897091.646533,
doc86_q1,True,4.807354211807251,6.487858772277832,16023,128,76.16760049979095,1787897085.261446,1787897090.0688002,1787897091.7493048,
doc62_q0,True,2.804468870162964,6.456779956817627,16022,128,35.04630272807393,1787897091.6467845,1787897094.4512534,1787897098.1035645,
doc100_q0,True,4.767547845840454,6.454835891723633,16023,128,75.86138022627954,1787897091.749386,1787897096.516934,1787897098.204222,
doc9_q2,True,2.8177707195281982,6.279848337173462,16022,128,36.97201915624854,1787897098.1037989,1787897100.9215696,1787897104.3836472,
doc17_q2,True,4.769016265869141,6.293180704116821,16023,128,83.98043989739097,1787897098.2043,1787897102.9733162,1787897104.4974806,
doc55_q0,True,2.8518054485321045,6.47491979598999,16022,128,35.32872212267042,1787897104.3839722,1787897107.2357776,1787897110.858892,
doc152_q1,True,4.7873008251190186,6.493933439254761,16024,128,75.00149647897162,1787897104.49754,1787897109.2848408,1787897110.9914734,
doc94_q1,True,2.8820672035217285,6.535755395889282,16023,128,35.03309348274114,1787897110.859171,1787897113.741238,1787897117.3949263,
doc85_q2,True,4.805089950561523,6.516737937927246,16023,128,74.78173137515023,1787897110.9915445,1787897115.7966344,1787897117.5082824,
doc36_q1,True,2.8683066368103027,6.497822284698486,16023,128,35.266413598320256,1787897117.3951685,1787897120.2634752,1787897123.8929908,
doc115_q1,True,4.807733058929443,6.525871992111206,16024,128,74.49921396226158,1787897117.5083597,1787897122.3160927,1787897124.0342317,
doc22_q2,True,2.8742597103118896,6.339611768722534,16023,128,36.93708397948639,1787897123.8933122,1787897126.767572,1787897130.232924,
doc272_q2,True,4.794274091720581,6.336188554763794,16024,128,83.01368400642127,1787897124.0342915,1787897128.8285656,1787897130.37048,
doc96_q0,True,2.8893144130706787,6.368494987487793,16022,128,36.79027209487238,1787897130.233301,1787897133.1226153,1787897136.601796,
doc194_q0,True,4.8205180168151855,6.3376054763793945,16023,128,84.37219567866485,1787897130.3705559,1787897135.191074,1787897136.7081614,
doc90_q1,True,2.8270416259765625,6.496948957443237,16023,128,34.87826488219389,1787897136.6020904,1787897139.429132,1787897143.0990393,
doc41_q2,True,4.791723966598511,6.516219854354858,16023,128,74.2245898692946,1787897136.708246,1787897141.49997,1787897143.2244658,
doc248_q0,True,2.8721513748168945,6.535584926605225,16023,128,34.93989946603943,1787897143.099407,1787897145.9715583,1787897149.634992,
doc158_q1,True,4.804865121841431,6.534631013870239,16024,128,73.99845296398537,1787897143.2245328,1787897148.029398,1787897149.7591639,
doc264_q1,True,2.8641703128814697,6.500919342041016,16024,128,35.19626979307419,1787897149.6353204,1787897152.4994907,1787897156.1362398,
doc258_q1,True,4.796988010406494,6.498400926589966,16024,128,75.23159062828998,1787897149.7592459,1787897154.556234,1787897156.2576468,
doc135_q0,True,2.8592233657836914,6.320151090621948,16023,128,36.98430310502423,1787897156.1365402,1787897158.9957635,1787897162.4566913,
doc192_q2,True,4.7959489822387695,6.331864595413208,16024,128,83.33791186317126,1787897156.2577064,1787897161.0536554,1787897162.589571,
doc219_q0,True,2.8660728931427,6.348187446594238,16023,128,36.759273147152484,1787897162.4570477,1787897165.3231206,1787897168.8052351,
doc98_q2,True,4.831169128417969,6.342710971832275,16023,128,84.68174437756255,1787897162.5896418,1787897167.420811,1787897168.9323528,
doc33_q2,True,2.853879451751709,6.524656057357788,16023,128,34.8700053837425,1787897168.8055634,1787897171.659443,1787897175.3302195,
doc285_q0,True,4.817434310913086,6.538161516189575,16023,128,74.38715422613008,1787897168.9324179,1787897173.7498522,1787897175.4705794,
doc243_q0,True,2.8650834560394287,6.5299999713897705,16023,128,34.92576146383625,1787897175.330502,1787897178.1955855,1787897181.860502,
doc200_q1,True,4.8227198123931885,6.515391111373901,16024,128,75.6201160125292,1787897175.470642,1787897180.293362,1787897181.9860332,
doc59_q2,True,2.8497934341430664,6.516823768615723,16023,128,34.90562889450634,1787897181.8607934,1787897184.7105868,1787897188.3776171,
doc12_q1,True,4.79486083984375,6.516366720199585,16023,128,74.35350727558503,1787897181.986103,1787897186.780964,1787897188.5024698,
doc200_q2,True,0.6178920269012451,4.301293611526489,16024,128,34.750487303442625,1787897188.3779461,1787897188.9958382,1787897192.6792397,
doc69_q0,True,2.7902324199676514,4.317038536071777,16022,128,83.83513705499892,1787897188.5025334,1787897191.2927659,1787897192.819572,
doc233_q2,True,2.8938260078430176,6.563280820846558,16024,128,34.88256608213383,1787897192.6795487,1787897195.5733747,1787897199.2428296,
doc60_q0,True,4.816407918930054,6.528303623199463,16022,128,74.77091021419844,1787897192.8196423,1787897197.6360502,1787897199.347946,
doc320_q1,True,2.808377265930176,6.4588847160339355,16024,128,35.06361834609098,1787897199.2430668,1787897202.051444,1787897205.7019515,
doc72_q0,True,4.769740104675293,6.47959303855896,16022,128,74.8602394179409,1787897199.3480265,1787897204.1177666,1787897205.8276196,
doc7_q0,True,2.8617095947265625,6.524413585662842,16021,128,34.946859019114996,1787897205.7022002,1787897208.5639098,1787897212.2266138,
doc293_q2,True,4.808795213699341,6.501496315002441,16024,128,75.61878461676496,1787897205.8276951,1787897210.6364903,1787897212.3291914,
doc65_q2,True,2.8367440700531006,6.274569272994995,16023,128,37.23284124232521,1787897212.2268665,1787897215.0636106,1787897218.5014358,
doc235_q0,True,4.770581483840942,6.294583797454834,16023,128,83.98937380644227,1787897212.3292646,1787897217.0998461,1787897218.6238484,
doc241_q1,True,2.837425708770752,6.496339321136475,16024,128,34.98306152061343,1787897218.5017107,1787897221.3391364,1787897224.99805,
doc276_q1,True,4.787644863128662,6.508559942245483,16024,128,74.3790333138867,1787897218.6239247,1787897223.4115696,1787897225.1324847,
doc21_q0,True,0.6301953792572021,4.491230249404907,16022,128,33.15173374621797,1787897224.998353,1787897225.6285484,1787897229.4895833,
doc20_q1,True,2.7918434143066406,4.470619201660156,16023,128,76.24603652509424,1787897225.132547,1787897227.9243903,1787897229.603166,
doc155_q2,True,2.8174169063568115,6.262459993362427,16024,128,37.15483283294894,1787897229.4898005,1787897232.3072174,1787897235.7522604,
doc230_q0,True,4.753749132156372,6.255071640014648,16023,128,85.25816360576611,1787897229.603248,1787897234.356997,1787897235.8583195,
doc253_q0,True,2.816391706466675,6.278439998626709,16023,128,36.97233232992787,1787897235.7525442,1787897238.5689359,1787897242.0309842,
doc123_q0,True,4.773474216461182,6.281022310256958,16023,128,84.90608062640013,1787897235.8583834,1787897240.6318576,1787897242.1394057,
doc136_q1,True,2.8526079654693604,6.441118955612183,16024,128,35.66939054989647,1787897242.0313027,1787897244.8839107,1787897248.4724216,
doc203_q1,True,4.775610446929932,6.4587719440460205,16024,128,76.04736694566377,1787897242.1394794,1787897246.9150898,1787897248.5982513,
doc122_q1,True,2.842423915863037,6.470892906188965,16024,128,35.27658644493538,1787897248.4726462,1787897251.3150702,1787897254.9435391,
doc141_q2,True,4.7663867473602295,6.458924055099487,16024,128,75.62610254716992,1787897248.5983357,1787897253.3647225,1787897255.0572598,
doc297_q2,True,2.8318607807159424,6.308124780654907,16024,128,36.82113901655553,1787897254.9437964,1787897257.7756572,1787897261.2519212,
doc35_q2,True,4.805809259414673,6.301708698272705,16023,128,85.5672491579481,1787897255.057339,1787897259.8631482,1787897261.3590477,
doc199_q2,True,2.8399691581726074,6.313442945480347,16024,128,36.850717131569816,1787897261.2522311,1787897264.0922003,1787897267.565674,
doc319_q0,True,4.8064188957214355,6.312007904052734,16023,128,85.01656115427359,1787897261.3591223,1787897266.1655412,1787897267.6711302,
doc78_q2,True,2.8219127655029297,6.275712490081787,16023,128,37.060631827923324,1787897267.566035,1787897270.3879478,1787897273.8417475,
doc205_q0,True,4.7728588581085205,6.295146226882935,16023,128,84.08399269781248,1787897267.671208,1787897272.4440668,1787897273.9663541,
doc54_q2,True,2.858086347579956,6.522490501403809,16023,128,34.930644827053364,1787897273.8420017,1787897276.700088,1787897280.3644922,
doc114_q2,True,4.788886785507202,6.501586198806763,16024,128,74.73582288056292,1787897273.9664137,1787897278.7553005,1787897280.468,
doc194_q2,True,0.5991561412811279,4.448501825332642,16024,128,33.25240456587869,1787897280.3646944,1787897280.9638505,1787897284.8131962,
doc107_q1,True,2.763300657272339,4.456650257110596,16024,128,75.58982504984567,1787897280.4680846,1787897283.2313852,1787897284.9247348,
doc295_q1,True,2.837822437286377,6.479924440383911,16024,128,35.14454012851331,1787897284.8134277,1787897287.6512501,1787897291.2933521,
doc214_q1,True,4.786343336105347,6.475200414657593,16024,128,75.7909012109696,1787897284.9248114,1787897289.7111547,1787897291.4000118,
doc183_q2,True,2.8376083374023438,6.293362379074097,16024,128,37.0396730949286,1787897291.2935913,1787897294.1311996,1787897297.5869536,
doc169_q0,True,4.764067888259888,6.3044023513793945,16023,128,83.09883539239434,1787897291.4000897,1787897296.1641576,1787897297.704492,
doc236_q1,True,2.855678081512451,6.480421543121338,16024,128,35.31284388969851,1787897297.587229,1787897300.442907,1787897304.0676506,
doc160_q1,True,4.778764724731445,6.462472915649414,16024,128,76.02267464780435,1787897297.7045684,1787897302.483333,1787897304.1670413,
doc23_q2,True,2.823214292526245,6.308013200759888,16023,128,36.73095732943741,1787897304.0679114,1787897306.8911257,1787897310.3759246,
doc131_q0,True,4.8054258823394775,6.303755521774292,16023,128,85.42846422519075,1787897304.167124,1787897308.97255,1787897310.4708796,
doc128_q0,True,2.798677444458008,4.2922203540802,16023,128,85.70225815097537,1787897310.3761532,1787897313.1748307,1787897314.6683736,
doc219_q1,True,2.708841323852539,4.205479860305786,16024,128,85.52499276367426,1787897310.4709527,1787897313.179794,1787897314.6764326,
doc171_q1,True,2.904620409011841,6.556420564651489,16024,128,35.051206129755904,1787897314.6764863,1787897317.5811067,1787897321.2329068,
doc70_q0,True,4.968295335769653,6.696324110031128,16022,128,74.07284063004371,1787897314.6685922,1787897319.6368876,1787897321.3649163,
doc97_q2,True,2.8580691814422607,6.308340787887573,16023,128,37.09852863782909,1787897321.2332263,1787897324.0912955,1787897327.541567,
doc87_q0,True,4.7766172885894775,6.267264366149902,16022,128,85.86874916729671,1787897321.3649926,1787897326.14161,1787897327.632257,
doc193_q2,True,2.81144642829895,6.451175212860107,16024,128,35.16745548265706,1787897327.6323388,1787897330.4437852,1787897334.083514,
doc259_q2,True,4.951724052429199,6.649122476577759,16024,128,75.40951975621559,1787897327.5417662,1787897332.4934902,1787897334.1908886,
doc246_q0,True,2.815263271331787,6.4569807052612305,16023,128,35.14825142869114,1787897334.0838306,1787897336.8990939,1787897340.5408113,
doc59_q0,True,4.765376329421997,6.464672327041626,16022,128,75.32531129320742,1787897334.1909642,1787897338.9563406,1787897340.6556365,
doc245_q0,True,2.8542022705078125,6.526376008987427,16023,128,34.856738573865975,1787897340.5410175,1787897343.3952198,1787897347.0673935,
doc314_q0,True,4.80473518371582,6.50817608833313,16023,128,75.14202556310936,1787897340.6557038,1787897345.460439,1787897347.1638799,
doc45_q1,True,2.817288875579834,4.543692350387573,16023,128,74.14257551483132,1787897347.0676117,1787897349.8849006,1787897351.611304,
doc136_q2,True,2.7358028888702393,4.4582648277282715,16024,128,74.31223710223878,1787897347.163959,1787897349.899762,1787897351.6222239,
doc19_q0,True,2.8758134841918945,6.525614261627197,16022,128,35.070407346985384,1787897351.6116323,1787897354.4874458,1787897358.1372466,
doc174_q1,True,4.925815582275391,6.612310886383057,16024,128,75.89703907757129,1787897351.622329,1787897356.5481446,1787897358.23464,
doc5_q1,True,2.8103764057159424,6.4536285400390625,16022,128,35.13344541655806,1787897358.1375325,1787897360.9479089,1787897364.591161,
doc287_q1,True,4.777253150939941,6.462652921676636,16024,128,75.94637321212565,1787897358.2347124,1787897363.0119655,1787897364.6973653,
doc0_q0,True,2.8310818672180176,6.492478847503662,16021,128,34.95933401627869,1787897364.5914323,1787897367.4225142,1787897371.0839112,
doc217_q1,True,4.786853551864624,6.494510650634766,16024,128,74.95650039588503,1787897364.697438,1787897369.4842916,1787897371.1919487,
doc226_q1,True,2.8411784172058105,6.489680528640747,16024,128,35.08289048232407,1787897371.0842068,1787897373.9253852,1787897377.5738873,
doc165_q0,True,4.7821044921875,6.516139984130859,16023,128,73.81625150967844,1787897371.1920297,1787897375.9741342,1787897377.7081697,
doc56_q1,True,2.8694889545440674,6.5501086711883545,16023,128,34.77675224668437,1787897377.5741782,1787897380.4436672,1787897384.124287,
doc162_q2,True,4.816035509109497,6.523591756820679,16024,128,74.96092744913788,1787897377.7082472,1787897382.5242827,1787897384.231839,
doc299_q2,True,2.854935646057129,6.327120780944824,16024,128,36.86439375420575,1787897384.1245794,1787897386.979515,1787897390.4517002,
doc221_q2,True,4.805595636367798,6.352670431137085,16024,128,82.73678844279047,1787897384.2319155,1787897389.037511,1787897390.584586,
doc286_q2,True,2.854663610458374,6.318018913269043,16024,128,36.95837960838792,1787897390.451979,1787897393.3066425,1787897396.7699978,
doc325_q2,True,4.780389785766602,6.3073179721832275,16024,128,83.82843485284572,1787897390.5846567,1787897395.3650465,1787897396.8919747,
doc305_q0,True,2.8299105167388916,4.497345447540283,16023,128,76.76461469982608,1787897396.7700956,1787897399.600006,1787897401.267441,
doc314_q1,True,2.719630002975464,4.381266832351685,16024,128,77.03247649370607,1787897396.8920472,1787897399.6116772,1787897401.273314,
doc108_q0,True,2.9182887077331543,4.636808395385742,16023,128,74.48270794897998,1787897401.2678053,1787897404.186094,1787897405.9046137,
doc193_q1,True,2.9304540157318115,4.640784740447998,16024,128,74.83932677479112,1787897401.2734132,1787897404.2038672,1787897405.914198,
doc182_q0,True,2.930493116378784,6.573358774185181,16023,128,35.13717277103132,1787897405.9048843,1787897408.8353775,1787897412.478243,
doc186_q1,True,4.97009801864624,6.688494920730591,16024,128,74.48803000327854,1787897405.9142976,1787897410.8843956,1787897412.6027925,
doc177_q2,True,2.868818759918213,6.5295398235321045,16024,128,34.9657889185464,1787897412.478554,1787897415.3473728,1787897419.0080938,
doc84_q2,True,4.80446195602417,6.512868642807007,16023,128,74.92361215293619,1787897412.6028738,1787897417.4073358,1787897419.1157424,
doc87_q2,True,0.6052122116088867,4.481192588806152,16023,128,33.0239029983318,1787897419.0084016,1787897419.6136138,1787897423.4895942,
doc3_q0,True,2.794346570968628,4.482743263244629,16021,128,75.81156761652548,1787897419.1158242,1787897421.9101708,1787897423.5985675,
doc239_q2,True,2.8092782497406006,6.4912073612213135,16024,128,34.76438468108473,1787897423.4898384,1787897426.2991166,1787897429.9810457,
doc161_q0,True,4.7822935581207275,6.5032312870025635,16023,128,74.37805438966514,1787897423.598658,1787897428.3809516,1787897430.1018894,
doc119_q1,True,2.853631019592285,6.5233094692230225,16024,128,34.88044027750716,1787897429.9812565,1787897432.8348875,1787897436.504566,
doc257_q2,True,4.830844879150391,6.5005199909210205,16024,128,76.6616206336457,1787897430.101971,1787897434.9328158,1787897436.602491,
doc324_q2,True,2.84226131439209,6.518563508987427,16024,128,34.81759475273207,1787897436.504838,1787897439.3470993,1787897443.0234015,
doc281_q2,True,4.819384336471558,6.537051677703857,16024,128,74.51966799821054,1787897436.6025717,1787897441.421956,1787897443.1396234,
doc4_q2,True,2.860840320587158,6.531949996948242,16022,128,34.86684171388677,1787897443.0236757,1787897445.884516,1787897449.5556257,
doc135_q2,True,4.8162922859191895,6.535005331039429,16024,128,74.47432854682572,1787897443.1396925,1787897447.9559848,1787897449.6746979,
doc226_q2,True,0.6101555824279785,4.29489541053772,16024,128,34.73786643592244,1787897449.5558102,1787897450.1659658,1787897453.8507056,
doc116_q2,True,2.7954607009887695,4.322994232177734,16024,128,83.79521456420694,1787897449.6747804,1787897452.470241,1787897453.9977746,
doc262_q2,True,2.8981728553771973,6.382465362548828,16024,128,36.7362957434087,1787897453.8509486,1787897456.7491214,1787897460.233414,
doc46_q2,True,4.823922395706177,6.3704833984375,16023,128,82.76427491314213,1787897453.9978426,1787897458.821765,1787897460.368326,
doc117_q0,True,2.853943347930908,6.5162787437438965,16023,128,34.95037623979978,1787897460.2337532,1787897463.0876966,1787897466.750032,
doc86_q2,True,4.78117561340332,6.524948835372925,16023,128,73.40404038056225,1787897460.3683975,1787897465.149573,1787897466.8933463,
doc158_q2,True,2.869309186935425,6.510736465454102,16024,128,35.1510521039624,1787897466.7503574,1787897469.6196666,1787897473.2610939,
doc11_q0,True,4.790753364562988,6.480895757675171,16022,128,75.73326396736564,1787897466.8934276,1787897471.684181,1787897473.3743234,
doc240_q1,True,2.8413569927215576,4.551448583602905,16024,128,74.8497920710968,1787897473.2613552,1787897476.1027122,1787897477.8128037,
doc257_q0,True,2.74169921875,4.443859815597534,16023,128,75.19854485943385,1787897473.3743858,1787897476.116085,1787897477.8182456,
doc153_q1,True,2.8733930587768555,6.43147611618042,16024,128,35.97442722245087,1787897477.8183048,1787897480.6916978,1787897484.249781,
doc215_q1,True,4.918672561645508,6.55182147026062,16024,128,78.37619663753884,1787897477.8131304,1787897482.731803,1787897484.3649518,
doc156_q2,True,2.833653450012207,6.493142366409302,16024,128,34.977561873864296,1787897484.2500675,1787897487.083721,1787897490.7432098,
doc64_q1,True,4.775047063827515,6.50571346282959,16023,128,73.95994980535039,1787897484.3650353,1787897489.1400824,1787897490.8707488,
doc68_q1,True,2.837764024734497,6.49379301071167,16023,128,35.01066334291891,1787897490.7434945,1787897493.5812585,1787897497.2372875,
doc65_q0,True,4.7774152755737305,6.501525163650513,16022,128,74.24120752696454,1787897490.8708217,1787897495.648237,1787897497.3723469,
doc284_q1,True,2.8706231117248535,6.488409757614136,16024,128,35.38074865344541,1787897497.2375798,1787897500.108203,1787897503.7259896,
doc282_q2,True,4.785189867019653,6.457983732223511,16024,128,76.51869286620148,1787897497.3724313,1787897502.1576211,1787897503.830415,
doc44_q2,True,2.8285741806030273,6.287687540054321,16023,128,37.00370201811026,1787897503.7262557,1787897506.5548298,1787897510.0139432,
doc159_q2,True,4.781675577163696,6.304042100906372,16024,128,84.07962077707623,1787897503.8304853,1787897508.612161,1787897510.1345274,
doc284_q2,True,0.6142191886901855,4.514551401138306,16024,128,32.81771731943272,1787897510.0141478,1787897510.628367,1787897514.5286992,
doc316_q1,True,2.8143975734710693,4.504538297653198,16024,128,75.73333875020384,1787897510.1346028,1787897512.9490004,1787897514.639141,
doc156_q0,True,0.5912253856658936,4.265549898147583,16023,128,34.8363351046386,1787897514.5289636,1787897515.120189,1787897518.7945135,
doc112_q0,True,2.765876293182373,4.302446603775024,16023,128,83.30240348756362,1787897514.639217,1787897517.4050932,1787897518.9416635,
doc48_q0,True,2.8565711975097656,6.499638795852661,16022,128,35.13522506643103,1787897518.7948124,1787897521.6513836,1787897525.2944512,
doc121_q2,True,4.767009258270264,6.490591287612915,16024,128,74.2639444023545,1787897518.9417422,1787897523.7087514,1787897525.4323335,
doc93_q0,True,2.860825300216675,6.517045974731445,16022,128,35.00882780194533,1787897525.2946882,1787897528.1555135,1787897531.8117342,
doc179_q1,True,4.79631495475769,6.496959924697876,16024,128,75.26556233809457,1787897525.432414,1787897530.228729,1787897531.929374,
doc195_q1,True,2.839642286300659,6.328883171081543,16024,128,36.68419700064305,1787897531.811979,1787897534.6516213,1787897538.1408622,
doc141_q0,True,4.802144527435303,6.304730415344238,16023,128,85.18647821066017,1787897531.9294424,1787897536.731587,1787897538.2341728,
doc208_q2,True,2.830467462539673,6.461330413818359,16024,128,35.25332729920915,1787897538.1411786,1787897540.971646,1787897544.602509,
doc252_q2,True,4.8100268840789795,6.48644757270813,16024,128,76.35314981985141,1787897538.2342694,1787897543.0442963,1787897544.720717,
doc82_q1,True,2.8322973251342773,6.476370811462402,16023,128,35.12552655159996,1787897544.6026897,1787897547.434987,1787897551.0790606,
doc271_q1,True,4.762811183929443,6.487910032272339,16024,128,74.19864671694316,1787897544.72079,1787897549.483601,1787897551.2087,
doc112_q1,True,0.6212043762207031,4.453054904937744,16024,128,33.40422572350604,1787897551.079242,1787897551.7004464,1787897555.532297,
doc272_q1,True,2.7664639949798584,4.435857534408569,16024,128,76.67455095327811,1787897551.2087657,1787897553.9752297,1787897555.6446233,
doc112_q2,True,0.5720722675323486,4.268611192703247,16024,128,34.62698556436337,1787897555.5325935,1787897556.1046658,1787897559.8012047,
doc269_q0,True,2.76780104637146,4.274883270263672,16023,128,84.93232683046675,1787897555.644699,1787897558.4125001,1787897559.9195824,
doc225_q1,True,2.8122994899749756,6.4404942989349365,16024,128,35.27925228378015,1787897559.8015268,1787897562.6138263,1787897566.242021,
doc300_q2,True,4.748022556304932,6.431895017623901,16024,128,76.01525824570952,1787897559.9196537,1787897564.6676762,1787897566.3515487,
doc110_q2,True,2.808763265609741,4.524126052856445,16024,128,74.61978361175152,1787897566.2438877,1787897569.052651,1787897570.7680137,
doc252_q0,True,2.7167601585388184,4.425333738327026,16023,128,74.91629363475623,1787897566.3516185,1787897569.0683787,1787897570.7769523,
doc271_q0,True,0.9222097396850586,4.546954154968262,16023,128,35.31283459884972,1787897570.777013,1787897571.6992228,1787897575.3239672,
doc318_q2,True,2.9804904460906982,4.654254674911499,16024,128,76.47433120863055,1787897570.7682102,1787897573.7487006,1787897575.4224648,
doc146_q0,True,2.8060567378997803,6.407464981079102,16023,128,35.5416524195551,1787897575.3241663,1787897578.130223,1787897581.7316313,
doc143_q1,True,4.743174314498901,6.419010877609253,16024,128,76.37976328815269,1787897575.4225566,1787897580.165731,1787897581.8415675,
doc6_q2,True,2.8270270824432373,6.462779521942139,16022,128,35.2059173802388,1787897581.7319028,1787897584.55893,1787897588.1946824,
doc79_q1,True,4.77841329574585,6.483297109603882,16023,128,75.07842995490995,1787897581.8416307,1787897586.620044,1787897588.3249278,
doc185_q1,True,2.839876413345337,6.484970569610596,16024,128,35.1156909842757,1787897588.19499,1787897591.0348663,1787897594.6799605,
doc19_q2,True,4.762289047241211,6.494291543960571,16023,128,73.90289577667976,1787897588.3250022,1787897593.0872912,1787897594.8192937,
doc217_q0,True,2.8793115615844727,6.368388652801514,16023,128,36.68591912807284,1787897594.6803043,1787897597.5596159,1787897601.048693,
doc322_q0,True,4.809445142745972,6.365832567214966,16023,128,82.24173363754262,1787897594.819358,1787897599.6288033,1787897601.1851907,
doc83_q2,True,2.8742728233337402,6.558867692947388,16023,128,34.73923308518898,1787897601.0489812,1787897603.923254,1787897607.607849,
doc254_q1,True,4.810092210769653,6.5347371101379395,16024,128,74.21817676606045,1787897601.18526,1787897605.9953523,1787897607.7199972,
doc216_q0,True,2.8594000339508057,6.303229093551636,16023,128,37.16793074939565,1787897607.6081696,1787897610.4675696,1787897613.9113986,
doc67_q0,True,4.7807395458221436,6.299386739730835,16022,128,84.28554078485723,1787897607.720069,1787897612.5008085,1787897614.0194557,
doc274_q0,True,2.8383569717407227,6.315419912338257,16023,128,36.81267845499603,1787897613.9115882,1787897616.7499452,1787897620.227008,
doc84_q1,True,4.800473213195801,6.342415809631348,16023,128,83.01216938678067,1787897614.0195332,1787897618.8200064,1787897620.361949,
doc323_q0,True,2.858046054840088,6.500401496887207,16023,128,35.14209473418661,1787897620.2274227,1787897623.0854688,1787897626.7278242,
doc172_q2,True,4.7806103229522705,6.5020811557769775,16024,128,74.3550210432371,1787897620.362034,1787897625.1426444,1787897626.8641152,
doc308_q2,True,2.8864312171936035,6.530660390853882,16024,128,35.12402593260519,1787897626.7280717,1787897629.614503,1787897633.258732,
doc189_q2,True,4.8047544956207275,6.5454981327056885,16024,128,73.53179254720588,1787897626.8641992,1787897631.6689537,1787897633.4096973,
doc234_q0,True,2.887927770614624,6.531460523605347,16023,128,35.13073949861812,1787897633.259017,1787897636.1469448,1787897639.7904775,
doc57_q0,True,4.796090602874756,6.479413032531738,16022,128,76.04009650491207,1787897633.4097645,1787897638.2058551,1787897639.8891776,
doc142_q2,True,2.823009490966797,6.4653544425964355,16024,128,35.142195947896404,1787897639.7907948,1787897642.6138043,1787897646.2561493,
doc134_q2,True,4.778699636459351,6.483973264694214,16024,128,75.06126751780792,1787897639.889263,1787897644.6679626,1787897646.3732362,
doc6_q1,True,0.611635684967041,4.475038528442383,16022,128,33.13141424435486,1787897646.25647,1787897646.8681056,1787897650.7315085,
doc49_q2,True,2.7671008110046387,4.482918739318848,16023,128,74.59998982861777,1787897646.373321,1787897649.1404219,1787897650.8562398,
doc224_q0,True,2.832761764526367,6.474764823913574,16023,128,35.14549491387218,1787897650.7317197,1787897653.5644815,1787897657.2064846,
doc244_q1,True,4.779316186904907,6.470089435577393,16024,128,75.70500662965866,1787897650.8563159,1787897655.635632,1787897657.3264053,
doc52_q2,True,2.8546323776245117,6.516539096832275,16023,128,34.95446766259852,1787897657.206763,1787897660.0613954,1787897663.7233021,
doc3_q2,True,4.78923487663269,6.545353174209595,16022,128,72.88802820209474,1787897657.326484,1787897662.1157188,1787897663.8718371,
doc276_q0,True,2.8722734451293945,6.540606498718262,16023,128,34.893233010773876,1787897663.723552,1787897666.5958254,1787897670.2641585,
doc62_q1,True,4.7889509201049805,6.501868009567261,16023,128,74.72632551070048,1787897663.8719099,1787897668.6608608,1787897670.3737779,
doc147_q1,True,2.8511881828308105,6.504070043563843,16024,128,35.04082663497744,1787897670.2644038,1787897673.115592,1787897676.7684739,
doc167_q0,True,4.790389776229858,6.495845317840576,16023,128,75.0532610654338,1787897670.373862,1787897675.1642518,1787897676.8697073,
doc320_q2,True,2.803926706314087,6.288859605789185,16024,128,36.7295450708045,1787897676.7687654,1787897679.5726922,1787897683.057625,
doc94_q2,True,4.79086709022522,6.320302963256836,16023,128,83.69098845986987,1787897676.8697839,1787897681.660651,1787897683.1900868,
doc220_q1,True,2.8463165760040283,6.510979890823364,16024,128,34.928174569922334,1787897683.0579545,1787897685.9042711,1787897689.5689344,
doc175_q0,True,4.774989128112793,6.519214153289795,16023,128,73.38502667510501,1787897683.1901672,1787897687.9651563,1787897689.7093813,
doc234_q2,True,0.6183760166168213,4.495908498764038,16024,128,33.01068413722711,1787897689.569216,1787897690.187592,1787897694.0651245,
doc297_q1,True,2.775486707687378,4.480100870132446,16024,128,75.09030654561678,1787897689.7094617,1787897692.4849484,1787897694.1895626,
doc73_q0,True,2.8339903354644775,6.306013107299805,16022,128,36.8661176528916,1787897694.0653658,1787897696.8993561,1787897700.371379,
doc11_q2,True,4.787834644317627,6.320228099822998,16023,128,83.52946140571099,1787897694.189629,1787897698.9774637,1787897700.5098572,
doc47_q2,True,2.87996768951416,6.534053564071655,16023,128,35.029280754246265,1787897700.3717208,1787897703.2516885,1787897706.9057744,
doc296_q2,True,4.806438446044922,6.511034250259399,16024,128,75.09111525649082,1787897700.5099266,1787897705.316365,1787897707.0209608,
doc273_q0,True,2.8085124492645264,6.501077890396118,16023,128,34.664246860517174,1787897706.9067957,1787897709.7153082,1787897713.4078736,
doc34_q2,True,4.790937185287476,6.497420787811279,16023,128,75.008045673978,1787897707.021039,1787897711.8119762,1787897713.5184598,
doc214_q0,True,2.8271842002868652,6.493837356567383,16023,128,34.90921953737349,1787897713.4081779,1787897716.235362,1787897719.9020152,
doc37_q1,True,4.783619403839111,6.523033380508423,16023,128,73.58800246339213,1787897713.518521,1787897718.3021405,1787897720.0415545,
doc53_q1,True,2.8554108142852783,6.503035545349121,16023,128,35.09132913534895,1787897719.9022505,1787897722.7576613,1787897726.405286,
doc166_q0,True,4.771280527114868,6.461261749267578,16023,128,75.74048653449101,1787897720.0416386,1787897724.8129191,1787897726.5029004,
doc47_q1,True,0.5757796764373779,4.422802209854126,16023,128,33.27248512015247,1787897726.4055183,1787897726.981298,1787897730.8283205,
doc202_q2,True,2.7691822052001953,4.462388753890991,16024,128,75.59621128265236,1787897726.5029721,1787897729.2721543,1787897730.9653609,
doc324_q1,True,2.854598045349121,6.520979881286621,16024,128,34.91180289662061,1787897730.8286793,1787897733.6832774,1787897737.3496592,
doc138_q1,True,4.798612833023071,6.492098808288574,16024,128,75.58373784579604,1787897730.9654357,1787897735.7640486,1787897737.4575346,
doc280_q2,True,2.840083122253418,4.494916677474976,16024,128,77.3491688007636,1787897737.3498614,1787897740.1899445,1787897741.844778,
doc273_q2,True,2.7394285202026367,4.392474889755249,16024,128,77.43279460130479,1787897737.4576032,1787897740.1970317,1787897741.850078,
doc235_q2,True,2.8895602226257324,6.52685284614563,16024,128,35.191009701092256,1787897741.8501277,1787897744.739688,1787897748.3769805,
doc103_q0,True,4.9441022872924805,6.630165338516235,16023,128,75.9164966619112,1787897741.8450317,1787897746.789134,1787897748.475197,
doc304_q2,True,2.8039214611053467,6.274623155593872,16024,128,36.8801502598924,1787897748.3772569,1787897751.1811783,1787897754.65188,
doc223_q2,True,4.7792816162109375,6.270571947097778,16024,128,85.8317105321007,1787897748.475274,1787897753.2545557,1787897754.745846,
doc81_q0,True,2.800394058227539,4.512179136276245,16022,128,74.77574237643749,1787897754.652129,1787897757.452523,1787897759.164308,
doc296_q0,True,2.7228176593780518,4.427160978317261,16023,128,75.10223942419523,1787897754.7459204,1787897757.468738,1787897759.1730814,
doc139_q2,True,2.9286258220672607,6.394822359085083,16024,128,36.92808490026538,1787897759.1646268,1787897762.0932527,1787897765.5594492,
doc233_q0,True,4.974129915237427,6.517933368682861,16023,128,82.91210886614599,1787897759.1731725,1787897764.1473024,1787897765.6911058,
doc25_q2,True,2.8516712188720703,6.313258647918701,16023,128,36.97725469128277,1787897765.5597436,1787897768.4114149,1787897771.8730023,
doc46_q0,True,4.769030570983887,6.2944016456604,16022,128,83.91400763066459,1787897765.6911883,1787897770.460219,1787897771.98559,
doc71_q0,True,2.8276681900024414,6.489506959915161,16022,128,34.95511627975114,1787897771.8732922,1787897774.7009604,1787897778.3627992,
doc69_q2,True,4.787298202514648,6.509131908416748,16023,128,74.33935086834562,1787897771.9856548,1787897776.772953,1787897778.4947867,
doc196_q0,True,2.9055111408233643,6.512216091156006,16023,128,35.48945693165024,1787897778.3630705,1787897781.2685816,1787897784.8752866,
doc265_q1,True,4.805295467376709,6.512299060821533,16024,128,74.98519656990831,1787897778.4948683,1787897783.3001637,1787897785.0071673,
doc44_q1,True,2.818608045578003,6.459616661071777,16023,128,35.155093963610774,1787897784.875567,1787897787.694175,1787897791.3351836,
doc230_q2,True,4.740269899368286,6.441457509994507,16024,128,75.2415543120974,1787897785.007246,1787897789.747516,1787897791.4487035,
doc307_q1,True,2.8356552124023438,6.482532262802124,16024,128,35.09852353974157,1787897791.3353965,1787897794.1710517,1787897797.8179288,
doc317_q1,True,4.7736475467681885,6.469208002090454,16024,128,75.4912628436311,1787897791.4487894,1787897796.222437,1787897797.9179974,
doc197_q2,True,2.8327908515930176,6.490381956100464,16024,128,34.99571065837805,1787897797.8182273,1787897800.6510181,1787897804.3086092,
doc300_q0,True,4.798360109329224,6.508655071258545,16023,128,74.8408916878337,1787897797.9180782,1787897802.7164383,1787897804.4267333,
doc239_q1,True,2.8781347274780273,6.539709806442261,16024,128,34.9576335974539,1787897804.3089235,1787897807.1870582,1787897810.8486333,
doc80_q0,True,4.816330909729004,6.524571418762207,16022,128,74.93090072687889,1787897804.426806,1787897809.243137,1787897810.9513774,
doc61_q1,True,2.827641725540161,6.489921808242798,16023,128,34.95090411150105,1787897810.8488643,1787897813.676506,1787897817.3387861,
doc127_q0,True,4.796592712402344,6.51131010055542,16023,128,74.64786960483846,1787897810.951454,1787897815.7480466,1787897817.462764,
doc223_q1,True,0.6180176734924316,4.488942384719849,16024,128,33.06703424862349,1787897817.3389769,1787897817.9569945,1787897821.8279192,
doc144_q1,True,2.784714698791504,4.510017395019531,16024,128,74.18988000183515,1787897817.462845,1787897820.2475598,1787897821.9728625,
doc95_q2,True,2.8405849933624268,4.554636478424072,16023,128,74.67687004477378,1787897821.8281634,1787897824.6687484,1787897826.3827999,
doc44_q0,True,2.7115108966827393,4.418303728103638,16022,128,74.99445606028266,1787897821.9729297,1787897824.6844406,1787897826.3912334,
doc270_q0,True,2.8922677040100098,6.542269945144653,16023,128,35.06847161831051,1787897826.3912923,1787897829.28356,1787897832.9335623,
doc174_q2,True,4.960005521774292,6.6671812534332275,16024,128,74.97763565067606,1787897826.3830388,1787897831.3430443,1787897833.05022,
doc292_q1,True,2.8319194316864014,6.492428302764893,16024,128,34.967815816899666,1787897832.93377,1787897835.7656894,1787897839.4261982,
doc26_q1,True,4.779989004135132,6.509553909301758,16023,128,74.00705207282667,1787897833.050303,1787897837.830292,1787897839.559857,
doc215_q2,True,2.636957883834839,3.95793080329895,16024,128,96.89827710618526,1787897839.4263904,1787897842.0633483,1787897843.3843212,
doc41_q1,True,7.842942476272583,11.493080615997314,16023,128,35.06716598119021,1787897839.5599346,1787897847.402877,1787897851.0530152,
doc99_q0,True,6.06771445274353,7.779975414276123,16022,128,74.75496018167178,1787897843.3844028,1787897849.4521172,1787897851.1643782,
doc63_q1,True,2.813875198364258,6.458400726318359,16023,128,35.12116982532273,1787897851.0532782,1787897853.8671534,1787897857.511679,
doc94_q0,True,4.752373695373535,6.456830978393555,16022,128,75.09721790927193,1787897851.164454,1787897855.9168277,1787897857.621285,
doc316_q2,True,2.8202226161956787,6.455501079559326,16024,128,35.21050761034803,1787897857.5119784,1787897860.332201,1787897863.9674795,
doc18_q1,True,4.7516865730285645,6.442204713821411,16023,128,75.716430904414,1787897857.621355,1787897862.3730416,1787897864.0635598,
doc129_q2,True,2.7967123985290527,6.2487568855285645,16024,128,37.07947579530081,1787897863.9677622,1787897866.7644746,1787897870.216519,
doc220_q0,True,4.755404710769653,6.2871994972229,16023,128,83.56210709945955,1787897864.0636306,1787897868.8190353,1787897870.35083,
doc159_q0,True,2.83813214302063,6.463147878646851,16023,128,35.31019155090316,1787897870.2167566,1787897873.0548887,1787897876.6799045,
doc290_q2,True,4.744967222213745,6.443774938583374,16024,128,75.34696173474973,1787897870.3509107,1787897875.095878,1787897876.7946856,
doc22_q1,True,2.827800750732422,6.472358465194702,16023,128,35.12085965659764,1787897876.6802564,1787897879.508057,1787897883.1526148,
doc309_q2,True,4.769927501678467,6.47182297706604,16024,128,75.21025929682934,1787897876.7947524,1787897881.5646799,1787897883.2665753,
doc62_q2,True,2.842226982116699,6.295287370681763,16023,128,37.068566893262776,1787897883.152891,1787897885.995118,1787897889.4481783,
doc163_q0,True,4.776876449584961,6.321055173873901,16023,128,82.89195932222232,1787897883.266652,1787897888.0435286,1787897889.5877073,
doc173_q2,True,2.875932455062866,6.518442392349243,16024,128,35.140604199794815,1787897889.4484487,1787897892.324381,1787897895.966891,
doc125_q2,True,4.785574436187744,6.479443788528442,16024,128,75.56663081666913,1787897889.5877826,1787897894.373357,1787897896.0672264,
doc6_q0,True,2.8487002849578857,6.508671045303345,16021,128,34.97295699376524,1787897895.9670837,1787897898.815784,1787897902.4757547,
doc238_q2,True,4.793483018875122,6.549742221832275,16024,128,72.88218036635834,1787897896.0672994,1787897900.8607824,1787897902.6170416,
doc176_q2,True,2.839198350906372,6.289445638656616,16024,128,37.09879012279819,1787897902.4759464,1787897905.3151448,1787897908.765392,
doc284_q0,True,4.748583793640137,6.250593185424805,16023,128,85.2191741943185,1787897902.617111,1787897907.3656948,1787897908.8677042,
doc277_q1,True,2.829761505126953,6.487033843994141,16024,128,34.99876086330695,1787897908.7656748,1787897911.5954363,1787897915.2527087,
doc133_q1,True,4.8007001876831055,6.497963190078735,16024,128,75.41553655463666,1787897908.8677936,1787897913.6684937,1787897915.3657568,
doc225_q0,True,2.8442611694335938,6.496301651000977,16023,128,35.04889955246743,1787897915.2529314,1787897918.0971925,1787897921.749233,
doc103_q1,True,4.790620565414429,6.480041265487671,16024,128,75.7656159856753,1787897915.365835,1787897920.1564555,1787897921.8458762,
doc312_q2,True,2.821932792663574,6.292986631393433,16024,128,36.87640870671089,1787897921.7495055,1787897924.5714383,1787897928.0424922,
doc66_q2,True,4.798448801040649,6.3109214305877686,16023,128,84.62963064549945,1787897921.8459466,1787897926.6443954,1787897928.156868,
doc13_q2,True,2.8728458881378174,6.50168776512146,16023,128,35.272961550585904,1787897928.0428085,1787897930.9156544,1787897934.5444963,
doc81_q2,True,4.796706676483154,6.500258922576904,16023,128,75.13711439934076,1787897928.1569364,1787897932.953643,1787897934.6571953,
doc203_q0,True,2.8106882572174072,6.4606828689575195,16023,128,35.06854492011888,1787897934.5447354,1787897937.3554237,1787897941.0054183,
doc248_q1,True,4.747788906097412,6.461079835891724,16024,128,74.71002021551996,1787897934.6572745,1787897939.4050634,1787897941.1183543,
doc27_q0,True,2.8264951705932617,4.506862163543701,16022,128,76.17383615424016,1787897941.0057468,1787897943.832242,1787897945.512609,
doc290_q1,True,2.7266452312469482,4.4035398960113525,16024,128,76.33156851744376,1787897941.118434,1787897943.8450792,1787897945.5219738,
doc238_q0,True,0.9392490386962891,4.5606369972229,16023,128,35.345564039506485,1787897945.5220659,1787897946.461315,1787897950.0827029,
doc191_q1,True,2.9828641414642334,4.707905054092407,16024,128,74.20113868776974,1787897945.5129118,1787897948.495776,1787897950.2208169,
doc223_q0,True,0.6258823871612549,2.3359436988830566,16023,128,74.85111739714246,1787897950.082981,1787897950.7088635,1787897952.4189248,
doc95_q0,True,0.56032395362854,2.218820571899414,16022,128,77.17833041676688,1787897950.220891,1787897950.781215,1787897952.4397116,
doc32_q0,True,2.916341543197632,6.355128526687622,16022,128,37.2224277381945,1787897952.4398124,1787897955.356154,1787897958.794941,
doc30_q0,True,4.985261917114258,6.512278318405151,16022,128,83.82359213155318,1787897952.419234,1787897957.404496,1787897958.9315124,
doc106_q1,True,2.8539934158325195,6.473187208175659,16024,128,35.36699258017079,1787897958.7952302,1787897961.6492236,1787897965.2684174,
doc278_q1,True,4.7614805698394775,6.442339897155762,16024,128,76.15152435413441,1787897958.9315956,1787897963.6930761,1787897965.3739355,
doc89_q0,True,2.790959596633911,6.259148120880127,16022,128,36.906874901738455,1787897965.2686465,1787897968.059606,1787897971.5277946,
doc232_q1,True,4.733669281005859,6.2947471141815186,16024,128,81.99463042762768,1787897965.3740168,1787897970.107686,1787897971.6687639,
doc261_q2,True,2.8368937969207764,4.301414489746094,16024,128,87.40060869543983,1787897971.5281336,1787897974.3650274,1787897975.8295481,
doc106_q2,True,2.7127957344055176,4.16991662979126,16024,128,87.84446122853429,1787897971.6688383,1787897974.381634,1787897975.838755,
doc40_q2,True,2.937206745147705,6.388460397720337,16023,128,37.087972338569294,1787897975.8298132,1787897978.76702,1787897982.2182736,
doc104_q0,True,4.977031946182251,6.494756698608398,16023,128,84.33676778044673,1787897975.838805,1787897980.815837,1787897982.3335617,
doc102_q2,True,2.8504035472869873,6.473403453826904,16024,128,35.32983806291184,1787897982.2185173,1787897985.0689209,1787897988.6919208,
doc142_q0,True,4.761934041976929,6.475075960159302,16023,128,74.71651860331966,1787897982.3336437,1787897987.0955777,1787897988.8087196,
doc228_q0,True,2.8628387451171875,6.5075364112854,16023,128,35.11951106072688,1787897988.6922042,1787897991.555043,1787897995.1997406,
doc250_q0,True,4.812992095947266,6.52470588684082,16023,128,74.77885653604567,1787897988.8088021,1787897993.6217942,1787897995.333508,
doc281_q0,True,2.8760578632354736,6.5226686000823975,16023,128,35.101086800034054,1787897995.1999898,1787897998.0760477,1787898001.7226584,
doc107_q2,True,4.796834468841553,6.5050883293151855,16024,128,74.93031507887858,1787897995.333589,1787898000.1304235,1787898001.8386774,
doc25_q0,True,2.8321921825408936,6.287850856781006,16022,128,37.04069529614257,1787898001.7228987,1787898004.555091,1787898008.0107496,
doc114_q0,True,4.773699045181274,6.309159994125366,16023,128,83.36258899193967,1787898001.8387406,1787898006.6124396,1787898008.1479006,
doc2_q2,True,2.657799005508423,3.9628350734710693,16022,128,98.08158038101342,1787898008.0111756,1787898010.6689746,1787898011.9740107,
