wall,mono,gpu_temp_c,gpu_util,mem_util,sm_mhz,power_w,pstate,throttle,mem_avail_kb,mem_free_kb,committed_kb,dirty_kb,writeback_kb,psi_cpu_avg10,psi_mem_avg10,psi_io_avg10,load1,nvme_temp_c,tz0_c,tz1_c,tz2_c,tz3_c,tz4_c,tz5_c,tz6_c
# start 2026-08-28 09:27:17 PDT boot_id=a5a10461-494e-4155-aa2d-26b2c50c8656
2026-08-28 09:27:17,1477.7,53,0,0,2411,12.56,P0,0x0000000000000000,72088836,39898076,48277828,39972,0,0.04,0.00,0.00,1.11,50,63,56,57,56,63,55,58
2026-08-28 09:27:18,1478.7,53,0,0,2411,12.65,P0,0x0000000000000000,72091768,39900944,48286020,33252,0,0.04,0.00,0.00,1.11,50,58,55,56,55,58,55,56
2026-08-28 09:27:19,1479.7,53,0,0,2411,12.65,P0,0x0000000000000000,72089828,39898952,48284924,34012,0,0.57,0.00,0.00,1.11,50,56,54,55,55,56,55,55
2026-08-28 09:27:20,1480.7,53,0,0,2411,12.63,P0,0x0000000000000000,72096496,39905548,48284932,35164,12,0.57,0.00,0.00,1.02,50,55,54,55,55,55,55,55
2026-08-28 09:27:21,1481.7,53,0,0,2411,12.63,P0,0x0000000000000000,72085540,39894568,48283148,36536,0,0.47,0.00,0.00,1.02,50,55,54,54,55,55,55,55
2026-08-28 09:27:22,1482.7,53,0,0,2411,12.60,P0,0x0000000000000000,72077796,39886788,48284588,37060,20,0.47,0.00,0.00,1.02,50,55,54,55,54,55,55,55
2026-08-28 09:27:23,1483.7,53,0,0,2411,12.61,P0,0x0000000000000000,72089108,39898016,48284588,34028,0,0.38,0.00,0.00,1.02,50,55,54,54,54,55,55,55
2026-08-28 09:27:24,1484.7,53,0,0,2411,12.61,P0,0x0000000000000000,72090344,39899224,48285204,37112,4,0.38,0.00,0.00,1.02,50,55,54,54,54,55,55,55
2026-08-28 09:27:25,1485.7,53,0,0,2411,12.62,P0,0x0000000000000000,72081864,39890720,48285228,33688,0,0.31,0.00,0.00,1.02,50,55,54,55,54,55,55,55
2026-08-28 09:27:26,1486.7,53,0,0,2411,12.60,P0,0x0000000000000000,72100844,39909664,48280332,34200,0,0.31,0.00,0.00,1.02,50,56,55,55,55,55,55,56
2026-08-28 09:27:27,1487.7,53,0,0,2411,12.59,P0,0x0000000000000000,72110284,39917800,48277040,33872,0,0.25,0.00,0.00,1.02,50,55,54,55,55,55,55,55
2026-08-28 09:27:28,1488.7,53,0,0,2411,12.58,P0,0x0000000000000000,72098504,39905920,48276996,37924,0,0.25,0.00,0.00,1.02,50,55,54,54,54,55,55,55
2026-08-28 09:27:29,1489.7,53,0,0,2411,12.61,P0,0x0000000000000000,72088492,39895836,48272804,36128,0,0.39,0.00,0.00,1.02,50,56,54,55,55,56,55,55
2026-08-28 09:27:30,1490.7,53,0,0,2411,12.57,P0,0x0000000000000000,72119004,39926320,48272812,35800,0,0.39,0.00,0.00,0.94,50,55,54,54,55,55,55,55
2026-08-28 09:27:31,1491.7,53,0,0,2411,12.60,P0,0x0000000000000000,72124440,39931732,48272916,37532,0,0.32,0.00,0.00,0.94,50,55,54,54,54,55,55,55
2026-08-28 09:27:32,1492.7,53,0,0,2411,12.67,P0,0x0000000000000000,72121756,39929008,48275624,35140,0,0.32,0.00,0.00,0.94,50,55,54,54,54,55,55,55
2026-08-28 09:27:33,1493.7,53,0,0,2411,12.67,P0,0x0000000000000000,72116972,39924040,48278744,34368,0,0.26,0.00,0.00,0.94,50,55,54,54,54,55,55,55
2026-08-28 09:27:34,1494.7,53,0,0,2411,12.69,P0,0x0000000000000000,72118400,39925432,48279100,35268,0,0.26,0.00,0.00,0.94,50,55,54,55,55,55,55,55
2026-08-28 09:27:35,1495.7,53,0,0,2411,12.65,P0,0x0000000000000000,72124360,39931384,48282116,37708,0,0.39,0.00,0.00,0.86,50,55,54,55,55,55,55,55
2026-08-28 09:27:36,1496.7,53,0,0,2411,12.64,P0,0x0000000000000000,72132976,39939944,48279020,34436,0,0.39,0.00,0.00,0.86,50,55,54,54,54,55,55,55
2026-08-28 09:27:37,1497.7,53,0,0,2411,12.65,P0,0x0000000000000000,72139056,39946004,48279284,33872,0,0.32,0.00,0.00,0.86,50,55,54,54,54,55,55,55
2026-08-28 09:27:38,1498.7,53,0,0,2411,12.61,P0,0x0000000000000000,72128064,39935000,48279284,35872,0,0.32,0.00,0.00,0.86,50,55,54,54,54,55,55,55
2026-08-28 09:27:39,1499.7,53,0,0,2411,12.64,P0,0x0000000000000000,72117588,39924372,48276536,36500,0,0.26,0.00,0.00,0.86,50,56,54,54,54,56,55,55
2026-08-28 09:27:40,1500.7,53,0,0,2411,12.62,P0,0x0000000000000000,72108748,39915488,48276316,35240,0,0.26,0.00,0.00,0.79,50,57,54,57,54,55,55,55
2026-08-28 09:27:41,1501.7,53,0,0,2411,12.59,P0,0x0000000000000000,72061568,39867640,48367224,35096,0,0.21,0.00,0.00,0.79,50,56,55,55,55,56,55,55
2026-08-28 09:27:42,1502.7,53,0,0,2411,12.58,P0,0x0000000000000000,72066100,39872148,48280660,34684,0,0.21,0.00,0.00,0.79,50,56,55,55,55,56,55,55
2026-08-28 09:27:43,1503.7,53,0,0,2411,12.54,P0,0x0000000000000000,72068912,39874888,48277340,34080,12,0.17,0.00,0.00,0.79,50,55,54,55,54,55,55,55
2026-08-28 09:27:44,1504.7,53,0,0,2411,12.53,P0,0x0000000000000000,72048648,39854620,48277436,26200,184,0.17,0.00,0.00,0.79,50,55,54,54,54,55,55,55
2026-08-28 09:27:45,1505.7,53,0,0,2411,12.54,P0,0x0000000000000000,72051396,39857268,48277452,24804,0,0.14,0.00,0.00,0.73,50,55,54,54,55,55,55,55
2026-08-28 09:27:46,1506.7,53,0,0,2411,12.53,P0,0x0000000000000000,72056648,39862416,48277452,27168,4,0.14,0.00,0.00,0.73,50,55,54,54,54,55,55,55
2026-08-28 09:27:47,1507.7,53,0,0,2411,12.50,P0,0x0000000000000000,72057468,39863204,48277588,28688,0,0.11,0.00,0.00,0.73,50,55,54,54,54,55,55,55
2026-08-28 09:27:48,1508.7,53,0,0,2411,12.59,P0,0x0000000000000000,72062444,39868140,48277588,26480,4,0.11,0.00,0.00,0.73,50,55,54,54,54,55,55,55
2026-08-28 09:27:49,1509.7,53,0,0,2411,12.62,P0,0x0000000000000000,72081700,39887312,48283232,5092,0,0.45,0.00,0.00,0.73,50,55,54,54,54,55,55,54
2026-08-28 09:27:50,1510.7,53,0,0,2411,12.57,P0,0x0000000000000000,72081232,39886672,48285112,8156,0,0.45,0.00,0.00,0.67,50,56,54,55,55,56,55,55
2026-08-28 09:27:51,1511.7,53,0,0,2411,12.56,P0,0x0000000000000000,72054132,39859492,48285460,2564,384,0.37,0.00,0.00,0.67,50,56,54,55,55,56,55,55
2026-08-28 09:27:52,1512.7,53,0,0,2411,12.58,P0,0x0000000000000000,72062620,39867956,48285480,2660,0,0.37,0.00,0.00,0.67,50,55,54,54,54,55,55,55
2026-08-28 09:27:53,1513.7,53,0,0,2411,12.57,P0,0x0000000000000000,72044816,39850084,48285484,2940,0,0.30,0.00,0.00,0.67,50,55,54,54,54,55,55,55
2026-08-28 09:27:54,1514.7,53,0,0,2411,12.55,P0,0x0000000000000000,72052000,39857140,48282384,3596,4,0.30,0.00,0.00,0.67,50,55,54,54,54,55,55,55
2026-08-28 09:27:55,1515.7,53,0,0,2411,12.58,P0,0x0000000000000000,72039580,39844620,48282384,5924,0,0.25,0.00,0.00,0.62,50,55,54,54,55,55,55,55
2026-08-28 09:27:56,1516.7,53,0,0,2411,12.61,P0,0x0000000000000000,72056132,39861104,48272504,3996,0,0.25,0.00,0.00,0.62,50,55,54,54,54,55,55,55
2026-08-28 09:27:57,1517.7,53,0,0,2411,12.60,P0,0x0000000000000000,72050568,39855512,48272504,5892,0,0.20,0.00,0.00,0.62,50,55,54,54,54,55,55,55
2026-08-28 09:27:58,1518.7,53,0,0,2411,12.61,P0,0x0000000000000000,72057768,39862632,48272504,3560,0,0.20,0.00,0.00,0.62,50,55,54,54,54,55,55,54
2026-08-28 09:27:59,1519.7,53,0,0,2411,12.63,P0,0x0000000000000000,72016372,39821176,48284888,4052,0,0.35,0.00,0.00,0.62,50,56,54,55,55,56,55,55
2026-08-28 09:28:00,1520.7,53,0,0,2411,12.69,P0,0x0000000000000000,72046140,39850912,48285332,4860,16,0.35,0.00,0.00,0.89,50,55,54,54,54,55,55,55
2026-08-28 09:28:01,1521.7,53,0,0,2411,12.66,P0,0x0000000000000000,72043016,39847740,48285324,3752,0,0.28,0.00,0.00,0.89,50,55,54,54,54,55,55,55
2026-08-28 09:28:02,1522.7,53,0,0,2411,12.62,P0,0x0000000000000000,72037860,39842528,48285332,2792,0,0.28,0.00,0.00,0.89,50,55,54,54,54,54,55,54
2026-08-28 09:28:03,1523.7,53,0,0,2411,12.62,P0,0x0000000000000000,72061912,39866392,48281972,2496,36,0.23,0.00,0.00,0.89,50,55,54,54,55,55,55,55
2026-08-28 09:28:04,1524.7,53,0,0,2411,12.62,P0,0x0000000000000000,72023484,39827944,48286068,2828,32,0.23,0.00,0.00,0.89,50,55,54,54,55,55,55,55
2026-08-28 09:28:05,1525.7,53,0,0,2411,12.61,P0,0x0000000000000000,72038268,39842616,48286068,1216,16,0.37,0.00,0.00,0.82,50,55,54,54,54,55,55,55
2026-08-28 09:28:06,1526.7,53,0,0,2411,12.60,P0,0x0000000000000000,72068072,39872376,48286076,7464,4,0.37,0.00,0.00,0.82,50,55,54,54,54,55,55,55
2026-08-28 09:28:07,1527.7,53,0,0,2411,12.62,P0,0x0000000000000000,72039912,39844180,48294524,4412,16,0.30,0.00,0.00,0.82,50,57,55,55,55,57,55,55
2026-08-28 09:28:08,1528.7,53,0,0,2411,12.63,P0,0x0000000000000000,72030504,39834760,48294528,3680,8,0.30,0.00,0.00,0.82,50,55,54,55,55,55,55,55
2026-08-28 09:28:09,1529.7,53,0,0,2411,12.61,P0,0x0000000000000000,72030448,39834572,48290596,3808,128,0.25,0.00,0.00,0.82,50,55,55,55,55,55,55,55
2026-08-28 09:28:10,1530.7,53,0,0,2411,12.65,P0,0x0000000000000000,72013028,39817100,48289764,4656,0,0.25,0.00,0.00,0.75,50,56,54,56,55,55,55,55
2026-08-28 09:28:11,1531.7,53,0,0,2411,12.61,P0,0x0000000000000000,72006144,39810204,48289328,4252,0,0.20,0.00,0.00,0.75,50,55,54,55,54,55,55,54
2026-08-28 09:28:12,1532.7,53,0,0,2411,12.64,P0,0x0000000000000000,72006184,39810208,48289584,3616,16,0.20,0.00,0.00,0.75,50,55,54,54,54,55,55,55
2026-08-28 09:28:13,1533.7,53,0,0,2411,12.57,P0,0x0000000000000000,72002744,39806684,48289616,7648,0,1.25,0.00,0.00,0.75,50,55,54,54,54,55,55,55
2026-08-28 09:28:14,1534.7,53,0,0,2411,12.58,P0,0x0000000000000000,72004144,39808064,48289616,4072,4,1.25,0.00,0.00,0.75,50,55,54,54,54,55,55,55
2026-08-28 09:28:15,1535.7,53,0,0,2411,12.59,P0,0x0000000000000000,72028456,39832280,48289620,5684,4,1.02,0.00,0.00,0.85,50,55,54,55,55,55,55,55
2026-08-28 09:28:16,1536.7,53,0,0,2411,12.59,P0,0x0000000000000000,72017752,39821572,48290900,7688,0,1.02,0.00,0.00,0.85,50,55,54,55,55,55,55,55
2026-08-28 09:28:17,1537.7,53,0,0,2411,12.60,P0,0x0000000000000000,72011824,39815628,48289892,1444,84,0.84,0.00,0.00,0.85,50,55,54,55,54,55,55,55
2026-08-28 09:28:18,1538.7,53,0,0,2411,12.61,P0,0x0000000000000000,72024976,39828764,48289892,3228,0,0.84,0.00,0.00,0.85,50,55,54,54,54,55,55,55
2026-08-28 09:28:19,1539.7,53,0,0,2411,12.58,P0,0x0000000000000000,72042636,39846396,48290228,3280,0,0.68,0.00,0.00,0.85,50,55,54,54,55,55,55,55
2026-08-28 09:28:20,1540.7,53,0,0,2411,12.59,P0,0x0000000000000000,72041716,39845404,48290228,4736,136,0.68,0.00,0.00,0.86,50,55,54,54,54,55,55,55
2026-08-28 09:28:21,1541.7,53,0,0,2411,12.56,P0,0x0000000000000000,72032096,39841172,48290228,4152,4,0.56,0.00,0.00,0.86,50,55,54,54,54,55,55,55
2026-08-28 09:28:22,1542.7,53,0,0,2411,12.53,P0,0x0000000000000000,72035448,39844436,48290236,3012,4,0.56,0.00,0.00,0.86,50,55,54,54,54,55,55,55
2026-08-28 09:28:23,1543.7,53,0,0,2411,12.54,P0,0x0000000000000000,72063928,39872884,48290228,5936,0,0.46,0.00,0.00,0.86,50,56,55,55,55,56,55,55
2026-08-28 09:28:24,1544.7,53,0,0,2411,12.57,P0,0x0000000000000000,72049344,39858256,48290228,508,192,0.46,0.00,0.00,0.86,50,55,54,55,55,55,55,55
2026-08-28 09:28:25,1545.7,53,0,0,2411,12.55,P0,0x0000000000000000,72049536,39858436,48290220,2716,0,0.37,0.00,0.00,0.79,50,55,54,55,54,55,55,55
2026-08-28 09:28:26,1546.7,53,0,0,2411,12.57,P0,0x0000000000000000,72091232,39900104,48290204,1424,0,0.37,0.00,0.00,0.79,50,55,54,55,54,55,55,55
2026-08-28 09:28:27,1547.7,53,0,0,2411,12.53,P0,0x0000000000000000,72072316,39881140,48290212,3876,0,0.30,0.00,0.00,0.79,50,55,54,54,55,55,55,55
2026-08-28 09:28:28,1548.7,53,0,0,2411,12.52,P0,0x0000000000000000,72041160,39849956,48290244,736,0,0.30,0.00,0.00,0.79,50,55,54,54,55,55,55,55
2026-08-28 09:28:29,1549.7,53,0,0,2411,12.56,P0,0x0000000000000000,72040932,39849696,48291588,5084,0,0.25,0.00,0.00,0.79,50,55,54,54,55,55,55,55
2026-08-28 09:28:30,1550.7,53,0,0,2411,12.52,P0,0x0000000000000000,72057196,39865880,48291600,2412,8,0.25,0.00,0.00,0.73,50,55,54,54,54,55,55,55
2026-08-28 09:28:31,1551.7,53,0,0,2411,12.52,P0,0x0000000000000000,72046980,39855648,48291600,3852,0,0.20,0.00,0.00,0.73,50,55,54,54,55,55,55,55
2026-08-28 09:28:32,1552.7,53,0,0,2411,12.53,P0,0x0000000000000000,72059700,39868260,48291608,5224,0,0.20,0.00,0.00,0.73,50,55,54,55,55,55,55,55
2026-08-28 09:28:33,1553.7,53,0,0,2411,12.56,P0,0x0000000000000000,72063700,39872096,48294200,2944,0,0.16,0.00,0.00,0.73,50,55,54,54,54,55,55,54
2026-08-28 09:28:34,1554.7,53,0,0,2411,12.56,P0,0x0000000000000000,72067000,39875376,48294368,2944,0,0.16,0.00,0.00,0.73,50,55,54,54,54,55,55,55
2026-08-28 09:28:35,1555.7,53,0,0,2411,12.60,P0,0x0000000000000000,72088600,39896920,48294792,3928,0,0.13,0.00,0.00,0.67,50,55,54,54,54,55,55,55
2026-08-28 09:28:36,1556.7,53,0,0,2411,12.61,P0,0x0000000000000000,72079876,39888148,48297544,4332,0,0.13,0.00,0.00,0.67,50,55,54,54,54,55,55,55
2026-08-28 09:28:37,1557.7,53,0,0,2411,12.64,P0,0x0000000000000000,72086460,39894704,48294460,3640,0,0.11,0.00,0.00,0.67,50,55,54,54,54,55,55,55
2026-08-28 09:28:38,1558.7,53,0,0,2411,12.66,P0,0x0000000000000000,72081044,39889196,48294812,3780,64,0.11,0.00,0.00,0.67,50,55,54,54,54,54,55,55
2026-08-28 09:28:39,1559.7,53,0,0,2411,12.62,P0,0x0000000000000000,72057204,39865248,48294852,2728,0,0.09,0.00,0.00,0.67,50,55,54,54,54,55,55,54
2026-08-28 09:28:40,1560.7,53,0,0,2411,12.58,P0,0x0000000000000000,72060612,39868636,48294160,2728,4,0.09,0.00,0.00,0.70,50,57,54,55,55,57,55,55
2026-08-28 09:28:41,1561.7,53,0,0,2411,12.55,P0,0x0000000000000000,72076052,39884036,48380732,5236,92,0.07,0.00,0.00,0.70,50,56,54,54,55,56,55,55
2026-08-28 09:28:42,1562.7,53,0,0,2411,12.52,P0,0x0000000000000000,72106548,39914488,48291060,3344,4,0.07,0.00,0.00,0.70,50,55,54,54,55,55,55,55
2026-08-28 09:28:43,1563.7,53,0,0,2411,12.53,P0,0x0000000000000000,72108908,39916828,48291284,1152,0,0.06,0.00,0.00,0.70,50,55,54,54,54,55,55,55
2026-08-28 09:28:44,1564.7,53,0,0,2411,12.59,P0,0x0000000000000000,72107504,39915372,48291204,3056,0,0.06,0.00,0.00,0.70,50,55,54,54,54,55,55,55
2026-08-28 09:28:45,1565.7,53,0,0,2411,12.56,P0,0x0000000000000000,72093460,39901328,48291204,6004,0,0.59,0.00,0.00,0.64,50,55,54,55,54,55,55,55
2026-08-28 09:28:46,1566.7,53,0,0,2411,12.54,P0,0x0000000000000000,72094820,39902660,48291208,4908,0,0.59,0.00,0.00,0.64,50,55,54,54,54,55,55,55
2026-08-28 09:28:47,1567.7,53,0,0,2411,12.60,P0,0x0000000000000000,72089644,39897456,48291360,1172,4,0.48,0.00,0.00,0.64,50,55,54,54,54,55,55,55
2026-08-28 09:28:48,1568.7,53,0,0,2411,12.58,P0,0x0000000000000000,72084316,39892120,48291376,5784,0,0.48,0.00,0.00,0.64,50,55,54,54,55,55,55,55
2026-08-28 09:28:49,1569.7,53,0,0,2411,12.58,P0,0x0000000000000000,72078576,39886320,48296072,3196,64,0.39,0.00,0.00,0.64,50,55,54,55,54,55,55,55
2026-08-28 09:28:50,1570.7,53,0,0,2411,12.57,P0,0x0000000000000000,72093784,39901480,48296072,3696,0,0.39,0.00,0.00,0.59,50,55,54,54,54,55,55,55
2026-08-28 09:28:51,1571.7,53,0,0,2411,12.62,P0,0x0000000000000000,72099872,39907328,48296072,4888,0,0.32,0.00,0.00,0.59,50,55,54,54,54,55,55,55
2026-08-28 09:28:52,1572.7,53,0,0,2411,12.62,P0,0x0000000000000000,72059804,39867052,48296072,6420,260,0.32,0.00,0.00,0.59,50,55,54,54,54,55,55,54
2026-08-28 09:28:53,1573.7,53,0,0,2411,12.57,P0,0x0000000000000000,72045232,39852500,48296160,2916,0,0.26,0.00,0.36,0.59,50,55,54,54,54,54,55,54
2026-08-28 09:28:54,1574.7,53,0,0,2411,12.59,P0,0x0000000000000000,72051132,39858368,48296160,2484,0,0.26,0.00,0.36,0.59,50,55,54,54,54,55,55,54
2026-08-28 09:28:55,1575.7,53,0,0,2411,12.58,P0,0x0000000000000000,72052208,39859284,48296168,5456,0,0.21,0.00,0.29,0.54,50,56,54,54,54,56,55,55
2026-08-28 09:28:56,1576.7,53,0,0,2411,12.56,P0,0x0000000000000000,72055916,39862968,48296168,2672,384,0.21,0.00,0.29,0.54,50,56,54,55,55,56,55,55
2026-08-28 09:28:57,1577.7,53,0,0,2411,12.58,P0,0x0000000000000000,72058144,39865328,48296184,4024,20,0.17,0.00,0.24,0.54,50,55,54,54,54,55,55,55
2026-08-28 09:28:58,1578.7,53,0,0,2411,12.58,P0,0x0000000000000000,72051068,39858208,48296184,5852,0,0.17,0.00,0.24,0.54,50,55,54,54,54,55,55,54
2026-08-28 09:28:59,1579.7,53,0,0,2411,12.60,P0,0x0000000000000000,72079216,39886280,48297040,3236,0,0.14,0.00,0.19,0.54,50,55,54,54,54,55,55,55
2026-08-28 09:29:00,1580.7,53,0,0,2411,12.58,P0,0x0000000000000000,72080456,39887496,48297044,3260,4,0.14,0.00,0.19,0.50,50,55,54,54,54,55,55,55
2026-08-28 09:29:01,1581.7,53,0,0,2411,12.57,P0,0x0000000000000000,72075744,39882760,48297044,5588,0,0.11,0.00,0.16,0.50,50,55,54,54,55,55,55,55
2026-08-28 09:29:02,1582.7,53,0,0,2411,12.52,P0,0x0000000000000000,72066224,39873196,48297044,7144,4,0.11,0.00,0.16,0.50,50,55,54,54,54,55,55,55
2026-08-28 09:29:03,1583.7,53,0,0,2411,12.54,P0,0x0000000000000000,72051072,39858216,48296980,3560,0,0.09,0.00,0.13,0.50,50,55,54,54,54,55,55,55
2026-08-28 09:29:04,1584.7,53,0,0,2411,12.61,P0,0x0000000000000000,72071236,39878352,48300100,3144,0,0.09,0.00,0.13,0.50,50,55,54,54,55,55,55,55
2026-08-28 09:29:05,1585.7,53,0,0,2411,12.58,P0,0x0000000000000000,72061860,39868972,48300348,6616,0,0.07,0.00,0.10,0.46,50,56,54,54,55,56,55,55
2026-08-28 09:29:06,1586.7,53,0,0,2411,12.57,P0,0x0000000000000000,72053632,39860728,48300348,4124,0,0.07,0.00,0.10,0.46,50,55,54,54,54,55,55,55
2026-08-28 09:29:07,1587.7,53,0,0,2411,12.56,P0,0x0000000000000000,72078824,39885884,48300388,1368,0,0.06,0.00,0.08,0.46,50,55,54,54,54,55,55,55
2026-08-28 09:29:08,1588.7,53,0,0,2411,12.52,P0,0x0000000000000000,72080708,39887720,48300388,6280,8,0.06,0.00,0.08,0.46,50,55,54,54,54,55,55,54
2026-08-28 09:29:09,1589.7,53,0,0,2411,12.54,P0,0x0000000000000000,72069472,39876384,48304740,2848,4,0.05,0.00,0.07,0.46,50,55,54,54,54,55,55,55
2026-08-28 09:29:10,1590.7,53,0,0,2411,12.57,P0,0x0000000000000000,72062780,39869688,48312916,2864,0,0.05,0.00,0.07,0.50,50,56,54,56,54,55,55,55
2026-08-28 09:29:11,1591.7,53,0,0,2411,12.59,P0,0x0000000000000000,72065524,39872380,48312928,6736,0,0.04,0.00,0.05,0.50,50,55,54,55,54,55,55,54
2026-08-28 09:29:12,1592.7,53,0,0,2411,12.58,P0,0x0000000000000000,72074708,39881528,48312924,5252,0,0.04,0.00,0.05,0.50,50,55,54,54,54,55,55,55
2026-08-28 09:29:13,1593.7,53,0,0,2411,12.59,P0,0x0000000000000000,72059724,39866520,48316784,3796,416,0.03,0.00,0.04,0.50,50,56,54,54,55,56,55,55
2026-08-28 09:29:14,1594.7,53,0,0,2411,12.59,P0,0x0000000000000000,72026424,39833168,48314084,10440,12,0.03,0.00,0.04,0.50,50,55,55,55,55,55,55,55
2026-08-28 09:29:15,1595.7,53,0,0,2411,12.58,P0,0x0000000000000000,72042672,39849388,48314084,4340,4,0.57,0.00,0.03,0.46,50,55,54,55,55,55,55,55
2026-08-28 09:29:16,1596.7,53,0,0,2411,12.57,P0,0x0000000000000000,72039484,39846180,48314100,3444,0,0.57,0.00,0.03,0.46,50,55,54,54,54,55,55,55
2026-08-28 09:29:17,1597.7,53,0,0,2411,12.60,P0,0x0000000000000000,72018552,39825100,48314236,5356,0,0.46,0.00,0.03,0.46,50,55,54,54,54,55,55,55
2026-08-28 09:29:18,1598.7,53,0,0,2411,12.61,P0,0x0000000000000000,72033420,39839940,48313628,7216,0,0.46,0.00,0.03,0.46,50,55,54,54,54,55,55,55
2026-08-28 09:29:19,1599.7,53,0,0,2411,12.61,P0,0x0000000000000000,72047428,39853900,48305584,4456,0,0.38,0.00,0.02,0.46,50,55,54,55,54,55,55,55
2026-08-28 09:29:20,1600.7,53,0,0,2411,12.56,P0,0x0000000000000000,72073004,39879456,48304868,1544,4,0.38,0.00,0.02,0.51,50,55,54,54,54,55,55,55
2026-08-28 09:29:21,1601.7,53,0,0,2411,12.62,P0,0x0000000000000000,72042964,39849336,48304868,6916,0,0.31,0.00,0.02,0.51,50,55,54,54,55,55,55,55
2026-08-28 09:29:22,1602.7,53,0,0,2411,12.57,P0,0x0000000000000000,72045524,39851876,48307620,5876,0,0.31,0.00,0.02,0.51,50,55,54,54,54,55,55,55
2026-08-28 09:29:23,1603.7,53,0,0,2411,12.59,P0,0x0000000000000000,72084880,39891184,48307960,2336,0,0.25,0.00,0.01,0.51,50,55,54,54,54,55,55,55
2026-08-28 09:29:24,1604.7,53,0,0,2411,12.61,P0,0x0000000000000000,72091720,39898008,48307900,6644,0,0.25,0.00,0.01,0.51,50,55,54,54,54,55,55,55
2026-08-28 09:29:25,1605.7,53,0,0,2411,12.61,P0,0x0000000000000000,72084688,39890952,48307932,3332,0,0.20,0.00,0.01,0.55,50,55,54,54,54,55,55,55
2026-08-28 09:29:26,1606.7,53,0,0,2411,12.56,P0,0x0000000000000000,72056408,39862640,48304832,2368,4,0.20,0.00,0.01,0.55,50,55,54,54,54,55,55,55
2026-08-28 09:29:27,1607.7,53,0,0,2411,12.55,P0,0x0000000000000000,72020256,39826428,48304840,2668,132,0.17,0.00,0.01,0.55,50,55,54,54,54,55,55,55
2026-08-28 09:29:28,1608.7,53,0,0,2411,12.58,P0,0x0000000000000000,72017372,39823532,48304840,4348,264,0.17,0.00,0.01,0.55,50,55,54,54,54,55,55,55
2026-08-28 09:29:29,1609.7,53,0,0,2411,12.63,P0,0x0000000000000000,71995708,39801800,48314408,2436,0,0.14,0.00,0.00,0.55,50,55,55,55,55,55,55,55
2026-08-28 09:29:30,1610.7,53,0,0,2411,12.63,P0,0x0000000000000000,72015148,39821220,48311056,2128,4,0.14,0.00,0.00,0.50,50,55,54,54,54,55,55,55
2026-08-28 09:29:31,1611.7,53,0,0,2411,12.65,P0,0x0000000000000000,72051080,39857128,48314156,5416,0,0.11,0.00,0.00,0.50,50,55,54,54,54,55,55,55
2026-08-28 09:29:32,1612.7,53,0,0,2411,12.66,P0,0x0000000000000000,72066828,39872868,48314160,3848,0,0.11,0.00,0.00,0.50,50,55,54,54,54,55,55,54
2026-08-28 09:29:33,1613.7,53,0,0,2411,12.64,P0,0x0000000000000000,72064956,39870804,48314160,3128,0,0.09,0.00,0.00,0.50,50,55,54,54,54,55,55,55
2026-08-28 09:29:34,1614.7,53,0,0,2411,12.61,P0,0x0000000000000000,72070120,39875944,48314160,5592,388,0.09,0.00,0.00,0.50,50,55,54,54,54,55,55,55
2026-08-28 09:29:35,1615.7,53,0,0,2411,12.62,P0,0x0000000000000000,72075224,39881016,48314176,592,4,0.07,0.00,0.00,0.54,50,55,54,54,54,55,55,55
2026-08-28 09:29:36,1616.7,53,0,0,2411,12.59,P0,0x0000000000000000,72089976,39895732,48314176,2008,0,0.07,0.00,0.00,0.54,50,55,54,54,54,55,55,55
2026-08-28 09:29:37,1617.7,53,0,0,2411,12.63,P0,0x0000000000000000,72078300,39884040,48319932,7624,0,0.06,0.00,0.00,0.54,50,55,54,55,55,55,55,55
2026-08-28 09:29:38,1618.7,53,0,0,2411,12.64,P0,0x0000000000000000,72079868,39885376,48314224,3160,0,0.06,0.00,0.00,0.54,50,55,54,55,55,55,55,55
2026-08-28 09:29:39,1619.7,53,0,0,2411,12.66,P0,0x0000000000000000,72063988,39869348,48307756,224,0,0.05,0.00,0.00,0.54,50,55,54,55,55,55,55,55
2026-08-28 09:29:40,1620.7,53,0,0,2411,12.60,P0,0x0000000000000000,72044808,39850104,48308048,6624,0,0.05,0.00,0.00,0.50,50,56,54,56,54,55,55,55
2026-08-28 09:29:41,1621.7,53,0,0,2411,12.70,P0,0x0000000000000000,72049504,39854772,48307952,6776,0,0.04,0.00,0.00,0.50,50,55,54,55,54,55,55,55
2026-08-28 09:29:42,1622.7,53,0,0,2411,12.65,P0,0x0000000000000000,72039176,39844416,48304868,2332,0,0.04,0.00,0.00,0.50,50,55,54,54,54,55,55,55
2026-08-28 09:29:43,1623.7,53,0,0,2411,12.69,P0,0x0000000000000000,72033032,39838228,48308276,4936,0,0.93,0.00,0.00,0.50,50,55,54,54,54,55,55,55
2026-08-28 09:29:44,1624.7,53,0,0,2411,12.65,P0,0x0000000000000000,72048864,39854032,48427460,6948,8,0.93,0.00,0.00,0.50,50,55,54,54,54,55,55,55
2026-08-28 09:29:45,1625.7,53,0,0,2411,12.65,P0,0x0000000000000000,72045240,39850304,48311480,5472,0,0.76,0.00,0.00,0.46,50,56,54,55,55,56,55,56
2026-08-28 09:29:46,1626.7,53,0,0,2411,12.65,P0,0x0000000000000000,72051908,39856956,48311500,6332,0,0.76,0.00,0.00,0.46,50,56,54,55,55,56,55,56
2026-08-28 09:29:47,1627.7,53,0,0,2411,12.62,P0,0x0000000000000000,72044948,39849960,48311640,6304,8,0.62,0.00,0.00,0.46,50,55,54,54,54,55,55,55
2026-08-28 09:29:48,1628.7,53,0,0,2411,12.64,P0,0x0000000000000000,72043224,39848228,48308548,3452,0,0.62,0.00,0.00,0.46,50,55,54,54,54,55,55,55
2026-08-28 09:29:49,1629.7,53,0,0,2411,12.59,P0,0x0000000000000000,72064584,39869536,48313340,2596,12,0.51,0.00,0.00,0.46,50,55,54,54,54,55,55,55
2026-08-28 09:29:50,1630.7,53,0,0,2411,12.59,P0,0x0000000000000000,72043712,39848576,48313340,4572,4,0.51,0.00,0.00,0.66,50,55,54,54,54,55,55,55
2026-08-28 09:29:51,1631.7,53,0,0,2411,12.59,P0,0x0000000000000000,72040728,39845560,48313332,3416,0,0.42,0.00,0.00,0.66,50,55,54,54,54,55,55,55
2026-08-28 09:29:52,1632.7,53,0,0,2411,12.63,P0,0x0000000000000000,72029656,39833144,48433024,4536,0,0.42,0.00,0.00,0.66,50,55,54,54,54,55,55,55
2026-08-28 09:29:53,1633.7,53,0,0,2411,12.61,P0,0x0000000000000000,72049932,39853264,48316428,1524,0,0.34,0.00,0.00,0.66,50,55,54,55,55,55,55,55
2026-08-28 09:29:54,1634.7,53,0,0,2411,12.60,P0,0x0000000000000000,72040680,39843844,48316428,3516,0,0.34,0.00,0.00,0.66,50,56,54,55,55,56,55,55
2026-08-28 09:29:55,1635.7,53,0,0,2411,12.60,P0,0x0000000000000000,72038536,39841664,48313356,3952,12,0.28,0.00,0.00,0.69,50,55,54,55,55,55,55,55
2026-08-28 09:29:56,1636.7,53,0,0,2411,12.62,P0,0x0000000000000000,72056692,39859800,48313356,3804,0,0.28,0.00,0.00,0.69,50,55,54,54,54,55,55,55
2026-08-28 09:29:57,1637.7,53,0,0,2411,12.63,P0,0x0000000000000000,72062800,39865860,48316108,648,0,0.41,0.00,0.00,0.69,50,55,54,54,54,55,55,55
2026-08-28 09:29:58,1638.7,53,0,0,2411,12.65,P0,0x0000000000000000,72059228,39862196,48315848,5408,0,0.41,0.00,0.00,0.69,50,55,54,54,55,55,55,55
2026-08-28 09:29:59,1639.7,53,0,0,2411,12.59,P0,0x0000000000000000,72061368,39864256,48315012,3588,4,1.42,0.00,0.00,0.69,50,55,54,54,54,55,55,55
2026-08-28 09:30:00,1640.7,53,0,0,2411,12.62,P0,0x0000000000000000,72070256,39873092,48315020,448,4,1.42,0.00,0.00,0.79,50,55,54,54,54,55,55,55
2026-08-28 09:30:01,1641.7,53,0,0,2411,12.64,P0,0x0000000000000000,72051820,39854608,48315020,5320,0,1.16,0.00,0.00,0.79,50,55,54,54,54,55,55,55
2026-08-28 09:30:02,1642.7,53,0,0,2411,12.67,P0,0x0000000000000000,72045692,39848404,48428004,4420,0,1.16,0.00,0.00,0.79,50,55,55,55,55,55,55,55
2026-08-28 09:30:03,1643.7,53,0,0,2411,12.68,P0,0x0000000000000000,72057180,39859544,48311920,6984,4,0.95,0.00,0.00,0.79,50,55,54,55,55,55,55,55
2026-08-28 09:30:04,1644.7,53,0,0,2411,12.66,P0,0x0000000000000000,72055360,39857700,48311924,2408,376,0.95,0.00,0.00,0.79,50,55,54,54,54,55,55,55
2026-08-28 09:30:05,1645.7,53,0,0,2411,12.66,P0,0x0000000000000000,72034540,39836788,48311692,2656,0,0.78,0.00,0.00,0.73,50,56,54,54,54,56,55,56
2026-08-28 09:30:06,1646.7,53,0,0,2411,12.66,P0,0x0000000000000000,72069784,39861428,48302044,7064,0,0.78,0.00,0.00,0.73,50,56,54,55,55,56,55,55
2026-08-28 09:30:07,1647.7,53,0,0,2411,12.67,P0,0x0000000000000000,72073892,39865272,48302044,3432,0,0.63,0.00,0.00,0.73,50,55,54,54,54,55,55,55
2026-08-28 09:30:08,1648.7,53,0,0,2411,12.66,P0,0x0000000000000000,72092212,39883560,48302044,2460,0,0.63,0.00,0.00,0.73,50,55,54,54,54,55,55,54
2026-08-28 09:30:09,1649.7,53,0,0,2411,12.65,P0,0x0000000000000000,72065052,39856280,48306980,3528,136,0.52,0.00,0.00,0.73,50,55,54,55,55,55,55,55
2026-08-28 09:30:10,1650.7,53,0,0,2411,12.62,P0,0x0000000000000000,72052860,39844060,48423408,7580,160,0.52,0.00,0.00,0.83,50,58,55,58,55,56,55,55
2026-08-28 09:30:11,1651.7,53,0,0,2411,12.61,P0,0x0000000000000000,72046512,39836860,48306640,4660,0,0.42,0.00,0.00,0.83,50,56,55,56,55,55,55,55
2026-08-28 09:30:12,1652.7,53,0,0,2411,12.63,P0,0x0000000000000000,72071260,39861556,48503744,6352,0,0.42,0.00,0.00,0.83,50,55,54,55,55,55,55,55
2026-08-28 09:30:13,1653.7,53,0,0,2411,12.63,P0,0x0000000000000000,72068596,39858776,48306644,3404,0,1.80,0.00,0.00,0.83,50,56,54,54,55,55,55,56
2026-08-28 09:30:14,1654.7,53,0,0,2411,12.62,P0,0x0000000000000000,72083276,39873284,48306644,2324,0,1.80,0.00,0.00,0.83,50,55,54,54,54,55,55,55
2026-08-28 09:30:15,1655.7,53,0,0,2411,12.63,P0,0x0000000000000000,72073056,39863024,48303544,2684,0,1.47,0.00,0.00,0.77,50,55,55,55,55,55,55,55
2026-08-28 09:30:16,1656.7,53,0,0,2411,12.69,P0,0x0000000000000000,72082916,39872868,48303392,2176,0,1.47,0.00,0.00,0.77,50,55,54,54,54,55,55,55
2026-08-28 09:30:17,1657.7,53,0,0,2411,12.70,P0,0x0000000000000000,72066664,39856592,48303688,2324,0,1.20,0.00,0.00,0.77,50,55,54,54,54,55,55,55
2026-08-28 09:30:18,1658.7,53,0,0,2411,12.72,P0,0x0000000000000000,72078080,39867992,48303688,4020,0,1.20,0.00,0.00,0.77,50,55,54,54,55,55,55,55
2026-08-28 09:30:19,1659.7,53,0,0,2411,12.68,P0,0x0000000000000000,72079560,39869376,48308424,6996,0,0.98,0.00,0.00,0.77,50,56,55,55,55,56,55,55
2026-08-28 09:30:20,1660.7,53,0,0,2411,12.66,P0,0x0000000000000000,72062516,39852312,48308428,2448,0,0.98,0.00,0.00,0.70,50,55,54,55,55,55,55,55
2026-08-28 09:30:21,1661.7,53,0,0,2411,12.63,P0,0x0000000000000000,72043072,39832848,48308412,2292,0,0.80,0.00,0.00,0.70,50,55,54,54,54,55,55,55
2026-08-28 09:30:22,1662.7,53,0,0,2411,12.61,P0,0x0000000000000000,72065320,39855040,48308444,2168,0,0.80,0.00,0.00,0.70,50,55,54,54,54,55,55,55
2026-08-28 09:30:23,1663.7,53,0,0,2411,12.64,P0,0x0000000000000000,72070524,39860188,48308532,2420,4,0.66,0.00,0.00,0.70,50,55,54,54,54,55,55,55
2026-08-28 09:30:24,1664.7,53,0,0,2411,12.68,P0,0x0000000000000000,72080500,39870152,48309092,3800,0,0.66,0.00,0.00,0.70,50,55,54,54,54,55,55,54
2026-08-28 09:30:25,1665.7,53,0,0,2411,12.64,P0,0x0000000000000000,72069264,39858868,48312628,2564,0,0.54,0.00,0.00,0.73,50,56,54,54,54,56,55,55
2026-08-28 09:30:26,1666.7,53,0,0,2411,12.61,P0,0x0000000000000000,72081460,39871036,48302524,6752,4,0.54,0.00,0.00,0.73,50,55,54,54,54,55,55,55
2026-08-28 09:30:27,1667.7,53,0,0,2411,12.62,P0,0x0000000000000000,72078532,39868060,48302588,2592,4,0.44,0.00,0.00,0.73,50,55,55,55,55,55,55,55
2026-08-28 09:30:28,1668.7,53,0,0,2411,12.60,P0,0x0000000000000000,72043372,39832856,48305340,2008,0,0.44,0.00,0.00,0.73,50,55,54,55,55,55,55,55
2026-08-28 09:30:29,1669.7,53,0,0,2411,12.63,P0,0x0000000000000000,71995872,39785260,48312204,10180,0,0.36,0.00,0.00,0.73,50,56,55,56,55,56,55,55
2026-08-28 09:30:30,1670.7,53,0,0,2411,12.66,P0,0x0000000000000000,71775660,39564824,48506712,2160,4,0.36,0.00,0.00,0.75,50,60,55,56,56,60,55,57
2026-08-28 09:30:31,1671.7,53,0,0,2411,12.69,P0,0x0000000000000000,71746640,39535556,48506728,2168,0,0.29,0.00,0.00,0.75,50,57,55,55,55,57,55,56
2026-08-28 09:30:32,1672.7,53,0,0,2411,12.72,P0,0x0000000000000000,71747756,39536652,48506728,5788,0,0.29,0.00,0.00,0.75,50,56,54,55,55,56,55,55
2026-08-28 09:30:33,1673.7,53,0,0,2411,12.71,P0,0x0000000000000000,71739548,39528160,48606460,5268,0,0.78,0.00,0.00,0.75,50,55,54,55,55,55,55,55
2026-08-28 09:30:34,1674.7,53,0,0,2411,12.70,P0,0x0000000000000000,71718016,39504684,48552300,5588,0,0.78,0.00,0.00,0.75,50,56,55,55,55,56,55,55
2026-08-28 09:30:35,1675.7,53,0,0,2411,12.72,P0,0x0000000000000000,71710584,39497208,48552292,6588,0,0.64,0.00,0.00,0.85,50,56,55,56,55,56,55,56
2026-08-28 09:30:36,1676.7,53,0,0,2411,12.75,P0,0x0000000000000000,71720112,39506688,48552320,4776,0,0.64,0.00,0.00,0.85,50,55,55,55,55,55,55,55
2026-08-28 09:30:37,1677.7,53,0,0,2411,12.73,P0,0x0000000000000000,71725928,39512464,48540520,4932,0,0.52,0.00,0.00,0.85,50,55,55,55,55,55,55,55
2026-08-28 09:30:38,1678.7,53,0,0,2411,12.68,P0,0x0000000000000000,71740644,39527156,48540916,4488,0,0.52,0.00,0.00,0.85,50,55,54,54,54,55,55,55
2026-08-28 09:30:39,1679.7,53,0,0,2411,12.62,P0,0x0000000000000000,71758976,39545364,48534004,8940,0,0.43,0.00,0.00,0.85,50,55,54,55,55,55,55,55
2026-08-28 09:30:40,1680.7,53,0,0,2411,12.65,P0,0x0000000000000000,71761436,39547796,48534268,6072,0,0.43,0.00,0.00,0.78,50,57,54,54,55,57,55,55
2026-08-28 09:30:41,1681.7,53,0,0,2411,12.70,P0,0x0000000000000000,71599800,39385640,48688600,2872,0,0.35,0.00,0.00,0.78,50,56,55,56,54,55,55,55
2026-08-28 09:30:42,1682.7,53,0,0,2411,12.69,P0,0x0000000000000000,71585016,39370724,48688604,8228,0,0.35,0.00,0.00,0.78,50,55,54,54,55,55,55,55
2026-08-28 09:30:43,1683.7,53,0,0,2411,12.73,P0,0x0000000000000000,71575136,39360780,48701092,4556,0,0.28,0.00,0.00,0.78,50,56,55,55,55,56,55,55
2026-08-28 09:30:44,1684.7,53,0,0,2411,12.73,P0,0x0000000000000000,71557460,39343084,48710820,7676,268,0.28,0.00,0.00,0.78,50,56,55,55,55,56,55,55
2026-08-28 09:30:45,1685.7,53,0,0,2411,12.73,P0,0x0000000000000000,71542208,39327804,48704128,9992,0,0.23,0.00,0.00,0.88,50,56,55,55,55,56,55,55
2026-08-28 09:30:46,1686.7,53,0,0,2411,12.72,P0,0x0000000000000000,71530884,39316428,48704384,5280,160,0.23,0.00,0.00,0.88,50,55,54,55,55,55,55,55
2026-08-28 09:30:47,1687.7,53,0,0,2411,12.73,P0,0x0000000000000000,71515776,39301232,48710884,4604,4,0.19,0.00,0.00,0.88,50,55,54,54,55,55,55,55
2026-08-28 09:30:48,1688.7,53,0,0,2411,12.70,P0,0x0000000000000000,71528496,39313940,48701428,8920,0,0.19,0.00,0.00,0.88,50,55,54,54,54,55,55,55
2026-08-28 09:30:49,1689.7,53,0,0,2411,12.65,P0,0x0000000000000000,71600356,39385664,48701792,5080,0,0.15,0.00,0.00,0.88,50,55,55,55,55,55,55,55
2026-08-28 09:30:50,1690.7,53,0,0,2411,12.68,P0,0x0000000000000000,71596396,39381664,48701796,5764,132,0.15,0.00,0.00,0.89,50,55,54,55,55,55,55,55
2026-08-28 09:30:51,1691.7,53,0,0,2411,12.61,P0,0x0000000000000000,71616084,39401340,48701812,4416,0,0.12,0.00,0.00,0.89,50,56,54,55,55,56,55,55
2026-08-28 09:30:52,1692.7,53,0,0,2411,12.62,P0,0x0000000000000000,71626420,39411640,48701844,8668,0,0.12,0.00,0.00,0.89,50,55,54,55,55,55,55,55
2026-08-28 09:30:53,1693.7,53,0,0,2411,12.64,P0,0x0000000000000000,71619144,39404192,48701908,4636,0,0.64,0.00,0.00,0.89,50,55,54,54,55,55,55,55
2026-08-28 09:30:54,1694.7,53,0,0,2411,12.72,P0,0x0000000000000000,71638452,39423472,48705004,2676,64,0.64,0.00,0.00,0.89,50,55,54,54,54,55,55,55
2026-08-28 09:30:55,1695.7,53,0,0,2411,12.75,P0,0x0000000000000000,71632596,39417552,48737644,9456,0,0.53,0.00,0.00,0.90,50,56,54,54,55,56,55,55
2026-08-28 09:30:56,1696.7,53,0,0,2411,12.69,P0,0x0000000000000000,71645112,39423052,48709240,9188,0,0.53,0.00,0.00,0.90,50,55,54,54,55,55,55,55
2026-08-28 09:30:57,1697.7,53,0,0,2411,12.70,P0,0x0000000000000000,71617744,39395160,48709240,5452,4,0.43,0.00,0.00,0.90,50,55,54,54,54,55,55,55
2026-08-28 09:30:58,1698.7,53,0,0,2411,12.66,P0,0x0000000000000000,71595980,39373364,48706144,8376,4,0.43,0.00,0.00,0.90,50,55,54,54,54,55,55,55
2026-08-28 09:30:59,1699.7,53,0,0,2411,12.61,P0,0x0000000000000000,71601052,39378352,48707640,1724,0,0.35,0.00,0.00,0.90,50,56,55,54,55,56,55,56
2026-08-28 09:31:00,1700.7,53,0,0,2411,12.66,P0,0x0000000000000000,71609548,39386844,48707640,3980,0,0.35,0.00,0.00,0.83,50,56,55,55,55,55,55,56
2026-08-28 09:31:01,1701.7,53,0,0,2411,12.64,P0,0x0000000000000000,71609884,39387120,48707656,7960,268,0.29,0.00,0.00,0.83,50,55,54,55,55,55,55,55
2026-08-28 09:31:02,1702.7,53,0,0,2411,12.67,P0,0x0000000000000000,71607724,39384956,48710412,3400,0,0.29,0.00,0.00,0.83,50,55,54,54,54,55,55,55
2026-08-28 09:31:03,1703.7,53,0,0,2411,12.65,P0,0x0000000000000000,71594288,39371284,48710356,3964,0,0.23,0.00,0.00,0.83,50,55,54,54,55,55,55,55
2026-08-28 09:31:04,1704.7,53,0,0,2411,12.61,P0,0x0000000000000000,71635316,39412292,48702676,5136,0,0.23,0.00,0.00,0.83,50,55,54,54,54,55,55,55
2026-08-28 09:31:05,1705.7,53,0,0,2411,12.64,P0,0x0000000000000000,71637668,39414576,48702680,8244,200,0.19,0.00,0.00,0.84,50,56,54,54,54,56,55,55
2026-08-28 09:31:06,1706.7,53,0,0,2411,12.61,P0,0x0000000000000000,71628928,39404280,48699588,5108,4,0.19,0.00,0.00,0.84,50,55,54,54,54,55,55,55
2026-08-28 09:31:07,1707.7,53,0,0,2411,12.61,P0,0x0000000000000000,71626080,39401264,48699596,2120,372,0.15,0.00,0.00,0.84,50,55,54,54,54,55,55,55
2026-08-28 09:31:08,1708.7,53,0,0,2411,12.65,P0,0x0000000000000000,71651612,39426748,48699604,7696,0,0.15,0.00,0.00,0.84,50,55,55,55,55,55,55,55
2026-08-28 09:31:09,1709.7,53,0,0,2411,12.64,P0,0x0000000000000000,71635648,39410676,48710228,4160,292,0.12,0.00,0.00,0.84,50,56,54,55,55,55,55,56
2026-08-28 09:31:10,1710.7,53,0,0,2411,12.60,P0,0x0000000000000000,71619816,39394780,48714924,1080,0,0.12,0.00,0.00,0.77,50,57,54,57,54,55,55,57
2026-08-28 09:31:11,1711.7,53,0,0,2411,12.66,P0,0x0000000000000000,71616044,39390984,48715180,8564,0,0.10,0.00,0.00,0.77,50,55,54,55,54,55,55,55
2026-08-28 09:31:12,1712.7,53,0,0,2411,12.65,P0,0x0000000000000000,71623908,39398816,48715180,3832,68,0.10,0.00,0.00,0.77,50,55,54,54,54,55,55,55
2026-08-28 09:31:13,1713.7,53,0,0,2411,12.65,P0,0x0000000000000000,71613788,39388684,48714836,2520,12,0.08,0.00,0.00,0.77,50,55,54,54,54,55,55,55
2026-08-28 09:31:14,1714.7,53,0,0,2411,12.64,P0,0x0000000000000000,71589724,39364492,48823452,2804,392,0.08,0.00,0.00,0.77,50,55,54,54,54,55,55,55
2026-08-28 09:31:15,1715.7,53,0,0,2411,12.63,P0,0x0000000000000000,71531240,39296884,48770132,15064,0,0.07,0.00,0.00,0.79,50,59,55,56,55,59,55,56
2026-08-28 09:31:16,1716.7,53,0,0,2411,12.63,P0,0x0000000000000000,71506724,39258824,48808552,23636,0,0.07,0.00,0.00,0.79,50,64,55,55,56,64,55,56
2026-08-28 09:31:17,1717.7,53,0,0,2411,12.65,P0,0x0000000000000000,71452260,39195960,49640792,33600,0,0.05,0.00,0.36,0.79,50,62,55,56,56,62,55,56
2026-08-28 09:31:18,1718.7,53,0,0,2411,12.66,P0,0x0000000000000000,71391128,39123772,49819136,40036,0,0.05,0.00,0.36,0.79,50,59,55,59,55,58,55,56
2026-08-28 09:31:19,1719.7,53,0,0,2411,12.67,P0,0x0000000000000000,71348988,39071824,49850268,48496,0,0.77,0.00,0.65,0.79,50,62,55,62,55,57,55,59
2026-08-28 09:31:20,1720.7,53,0,0,2411,12.71,P0,0x0000000000000000,71303192,39016904,49939504,57668,0,0.77,0.00,0.65,0.81,50,59,55,59,55,56,55,58
2026-08-28 09:31:21,1721.7,53,0,0,2411,12.84,P0,0x0000000000000000,71241132,38947984,49973092,58660,12,0.63,0.00,1.62,0.81,50,59,55,59,55,58,55,58
2026-08-28 09:31:22,1722.7,53,0,0,2411,12.83,P0,0x0000000000000000,71232468,38939192,49973184,61624,0,0.63,0.00,1.62,0.81,50,56,55,56,55,56,55,56
2026-08-28 09:31:23,1723.7,53,0,0,2411,12.82,P0,0x0000000000000000,71540208,39253048,48717320,88,0,0.51,0.00,1.51,0.81,50,58,55,55,55,58,55,56
2026-08-28 09:31:24,1724.7,53,0,0,2411,12.77,P0,0x0000000000000000,71555224,39326524,48714172,3616,0,0.51,0.00,1.51,0.81,50,57,55,55,55,57,55,56
2026-08-28 09:31:25,1725.7,53,0,0,2411,12.82,P0,0x0000000000000000,71565440,39336832,48714172,5796,0,0.42,0.00,1.23,0.74,50,56,55,55,55,56,55,55
2026-08-28 09:31:26,1726.7,53,0,0,2411,12.76,P0,0x0000000000000000,71571296,39341220,48714172,7532,0,0.42,0.00,1.23,0.74,50,56,55,55,55,55,55,56
2026-08-28 09:31:27,1727.7,53,0,0,2411,12.77,P0,0x0000000000000000,71569460,39339300,48714180,10516,0,0.52,0.00,1.01,0.74,50,55,55,55,55,55,55,55
2026-08-28 09:31:28,1728.7,53,0,0,2411,12.81,P0,0x0000000000000000,71552864,39322628,48714180,7132,0,0.52,0.00,1.01,0.74,50,55,54,55,55,55,55,55
2026-08-28 09:31:29,1729.7,53,0,0,2411,12.83,P0,0x0000000000000000,71539284,39308972,48721764,7144,4,0.43,0.00,0.83,0.74,50,56,55,55,55,55,55,56
2026-08-28 09:31:30,1730.7,53,0,0,2411,12.80,P0,0x0000000000000000,71550660,39320188,48722136,10660,4,0.43,0.00,0.83,0.68,50,57,55,55,55,57,55,55
2026-08-28 09:31:31,1731.7,53,0,0,2411,12.83,P0,0x0000000000000000,71554964,39324460,48724888,11892,0,0.35,0.00,0.67,0.68,50,56,55,55,55,56,55,55
2026-08-28 09:31:32,1732.7,53,0,0,2411,12.83,P0,0x0000000000000000,71563608,39333088,48725300,8836,388,0.35,0.00,0.67,0.68,50,55,54,55,55,55,55,55
2026-08-28 09:31:33,1733.7,53,0,0,2411,12.84,P0,0x0000000000000000,71570996,39340272,48722284,7448,0,1.01,0.00,0.55,0.68,50,55,54,55,55,55,55,55
2026-08-28 09:31:34,1734.7,53,0,0,2411,12.84,P0,0x0000000000000000,71584440,39353744,48727796,2456,0,1.01,0.00,0.55,0.68,50,55,54,55,55,55,55,55
2026-08-28 09:31:35,1735.7,53,0,0,2411,12.83,P0,0x0000000000000000,71586508,39355792,48728144,3688,0,0.83,0.00,0.45,0.79,50,56,54,55,55,56,55,55
2026-08-28 09:31:36,1736.7,53,0,0,2411,12.85,P0,0x0000000000000000,71570500,39339704,48728144,7340,0,0.83,0.00,0.45,0.79,50,56,55,55,55,56,55,56
2026-08-28 09:31:37,1737.7,53,0,0,2411,12.87,P0,0x0000000000000000,71564564,39333732,48728488,8344,0,0.67,0.00,0.37,0.79,50,55,54,55,55,55,55,55
2026-08-28 09:31:38,1738.7,53,0,0,2411,12.84,P0,0x0000000000000000,71558112,39327244,48731248,4932,4,0.67,0.00,0.37,0.79,50,55,54,55,55,55,55,55
2026-08-28 09:31:39,1739.7,53,0,0,2411,12.77,P0,0x0000000000000000,71565840,39334808,48731464,5448,8,0.55,0.00,0.30,0.79,50,56,55,55,55,56,55,55
2026-08-28 09:31:40,1740.7,53,0,0,2411,12.76,P0,0x0000000000000000,71580100,39349056,48728504,3908,0,0.55,0.00,0.30,0.97,50,57,54,55,55,57,55,56
2026-08-28 09:31:41,1741.7,53,0,0,2411,12.75,P0,0x0000000000000000,71570504,39339408,48725684,4176,0,0.45,0.00,0.24,0.97,50,56,55,55,55,56,55,56
2026-08-28 09:31:42,1742.7,53,0,0,2411,12.77,P0,0x0000000000000000,71571116,39340008,48725684,5208,0,0.45,0.00,0.24,0.97,50,55,54,55,55,55,55,55
2026-08-28 09:31:43,1743.7,53,0,0,2411,12.77,P0,0x0000000000000000,71572840,39341692,48722808,8392,8,0.37,0.00,0.20,0.97,50,55,54,55,55,55,55,55
2026-08-28 09:31:44,1744.7,53,0,0,2411,12.77,P0,0x0000000000000000,71571416,39340256,48722516,5332,0,0.37,0.00,0.20,0.97,50,55,55,54,54,55,55,55
2026-08-28 09:31:45,1745.7,53,0,0,2411,12.77,P0,0x0000000000000000,71567084,39335904,48722516,2292,4,0.30,0.00,0.16,1.05,50,55,54,55,55,55,55,55
2026-08-28 09:31:46,1746.7,53,0,0,2411,12.78,P0,0x0000000000000000,71582680,39351460,48722864,8484,0,0.30,0.00,0.16,1.05,50,55,54,55,55,55,55,55
2026-08-28 09:31:47,1747.7,53,0,0,2411,12.77,P0,0x0000000000000000,71585344,39354088,48723000,2112,0,0.43,0.00,0.13,1.05,50,55,54,54,55,55,55,55
2026-08-28 09:31:48,1748.7,53,0,0,2411,12.72,P0,0x0000000000000000,71598408,39367140,48714792,4704,0,0.43,0.00,0.13,1.05,50,55,54,54,54,55,55,55
2026-08-28 09:31:49,1749.7,53,0,0,2411,12.74,P0,0x0000000000000000,71594992,39363496,48713912,8228,0,0.35,0.00,0.11,1.05,50,56,55,55,55,56,55,55
2026-08-28 09:31:50,1750.7,53,0,0,2411,12.76,P0,0x0000000000000000,71607208,39375696,48710628,5128,0,0.35,0.00,0.11,1.37,50,55,55,55,55,55,55,55
2026-08-28 09:31:51,1751.7,53,0,0,2411,12.78,P0,0x0000000000000000,71612152,39380584,48710564,5224,0,0.28,0.00,0.09,1.37,50,55,54,55,54,55,55,55
2026-08-28 09:31:52,1752.7,53,0,0,2411,12.75,P0,0x0000000000000000,71606988,39375416,48710564,3864,328,0.28,0.00,0.09,1.37,50,55,54,55,54,55,55,55
2026-08-28 09:31:53,1753.7,53,0,0,2411,12.73,P0,0x0000000000000000,71735472,39503756,48710564,4824,12,0.77,0.00,0.07,1.37,50,55,55,55,55,55,55,55
2026-08-28 09:31:54,1754.7,53,0,0,2411,12.78,P0,0x0000000000000000,71743388,39511660,48713664,3976,0,0.77,0.00,0.07,1.37,50,55,54,55,54,55,55,55
2026-08-28 09:31:55,1755.7,53,0,0,2411,12.77,P0,0x0000000000000000,71762048,39530292,48713664,2148,0,0.81,0.00,0.06,1.26,50,55,54,55,54,55,55,55
2026-08-28 09:31:56,1756.7,53,0,0,2411,12.79,P0,0x0000000000000000,71783044,39551244,48710568,8168,0,0.81,0.00,0.06,1.26,50,55,54,54,54,55,55,55
2026-08-28 09:31:57,1757.7,53,0,0,2411,12.77,P0,0x0000000000000000,71777424,39545568,48710568,5268,0,0.67,0.00,0.04,1.26,50,55,55,55,55,55,55,55
2026-08-28 09:31:58,1758.7,53,0,0,2411,12.77,P0,0x0000000000000000,71779356,39547408,48710568,2212,0,0.67,0.00,0.04,1.26,50,55,54,55,55,55,55,55
2026-08-28 09:31:59,1759.7,53,0,0,2411,12.72,P0,0x0000000000000000,71774480,39542444,48719880,6776,0,0.54,0.00,0.04,1.26,50,56,55,55,55,55,55,56
2026-08-28 09:32:00,1760.7,53,0,0,2411,12.73,P0,0x0000000000000000,71764020,39531968,48719676,844,4,0.54,0.00,0.04,1.16,50,55,54,55,55,55,55,55
2026-08-28 09:32:01,1761.7,53,0,0,2411,12.70,P0,0x0000000000000000,71745696,39513628,48719668,2752,0,0.44,0.00,0.03,1.16,50,55,54,55,54,55,55,55
2026-08-28 09:32:02,1762.7,53,0,0,2411,12.79,P0,0x0000000000000000,71717748,39485632,48719672,2944,0,0.44,0.00,0.03,1.16,50,55,54,55,54,55,55,55
2026-08-28 09:32:03,1763.7,53,0,0,2411,12.74,P0,0x0000000000000000,71711600,39479468,48719672,2956,0,0.36,0.00,0.02,1.16,50,55,54,55,54,55,55,55
2026-08-28 09:32:04,1764.7,53,0,0,2411,12.78,P0,0x0000000000000000,71704232,39471920,48719676,2752,0,0.36,0.00,0.02,1.16,50,55,55,54,54,55,55,55
2026-08-28 09:32:05,1765.7,53,0,0,2411,12.78,P0,0x0000000000000000,71683180,39450848,48719684,580,0,0.30,0.00,0.02,1.06,50,56,55,55,55,56,55,55
2026-08-28 09:32:06,1766.7,53,0,0,2411,12.76,P0,0x0000000000000000,71700308,39467908,48719684,6796,0,0.30,0.00,0.02,1.06,50,55,55,55,55,55,55,55
2026-08-28 09:32:07,1767.7,53,0,0,2411,12.80,P0,0x0000000000000000,71707340,39474768,48719692,3716,0,0.42,0.00,0.01,1.06,50,55,54,55,54,55,55,55
2026-08-28 09:32:08,1768.7,53,0,0,2411,12.77,P0,0x0000000000000000,71699956,39467372,48719700,2664,0,0.42,0.00,0.01,1.06,50,55,54,54,54,55,55,55
2026-08-28 09:32:09,1769.7,53,0,0,2411,12.75,P0,0x0000000000000000,71703964,39471216,48726732,816,9520,0.35,0.00,0.01,1.06,50,56,55,55,55,56,55,55
2026-08-28 09:32:10,1770.7,53,0,0,2411,12.75,P0,0x0000000000000000,71713028,39480252,48729920,6912,0,0.35,0.00,0.01,0.98,50,56,55,56,55,56,55,55
2026-08-28 09:32:11,1771.7,53,0,0,2411,12.84,P0,0x0000000000000000,71690984,39458056,48763864,3468,0,0.28,0.00,0.01,0.98,50,55,55,55,55,55,55,55
2026-08-28 09:32:12,1772.7,53,0,0,2411,12.82,P0,0x0000000000000000,71691584,39458604,48763872,6584,0,0.28,0.00,0.01,0.98,50,55,54,54,55,55,55,55
2026-08-28 09:32:13,1773.7,53,0,0,2411,12.78,P0,0x0000000000000000,71711900,39478836,48766624,2564,0,0.23,0.00,0.00,0.98,50,55,54,54,54,55,55,55
2026-08-28 09:32:14,1774.7,53,0,0,2411,12.82,P0,0x0000000000000000,71711028,39477856,48766976,3808,0,0.23,0.00,0.00,0.98,50,55,55,55,55,55,55,55
2026-08-28 09:32:15,1775.7,53,0,0,2411,12.86,P0,0x0000000000000000,71710916,39477656,48761636,9620,0,0.19,0.00,0.00,0.90,50,55,54,55,55,55,55,55
2026-08-28 09:32:16,1776.7,53,0,0,2411,12.81,P0,0x0000000000000000,71716040,39482704,48761612,3868,0,0.19,0.00,0.00,0.90,50,55,55,55,55,55,55,55
2026-08-28 09:32:17,1777.7,53,0,0,2411,12.80,P0,0x0000000000000000,71711908,39478500,48764528,3896,4,0.15,0.00,0.00,0.90,50,55,54,54,55,55,55,55
2026-08-28 09:32:18,1778.7,53,0,0,2411,12.77,P0,0x0000000000000000,71724464,39491004,48761776,5368,4,0.15,0.00,0.00,0.90,50,55,54,54,55,55,55,55
2026-08-28 09:32:19,1779.7,53,0,0,2411,12.78,P0,0x0000000000000000,71723380,39489788,48766504,6476,136,0.85,0.00,0.00,0.90,50,55,54,54,55,55,55,55
2026-08-28 09:32:20,1780.7,53,0,0,2411,12.82,P0,0x0000000000000000,71733872,39500184,48766504,4008,0,0.85,0.00,0.00,1.23,50,55,54,54,55,55,55,55
2026-08-28 09:32:21,1781.7,53,0,0,2411,12.80,P0,0x0000000000000000,71723684,39489944,48766504,3148,0,0.69,0.00,0.00,1.23,50,55,54,54,54,55,55,55
2026-08-28 09:32:22,1782.7,53,0,0,2411,12.84,P0,0x0000000000000000,71737128,39503328,48763424,7756,0,0.69,0.00,0.00,1.23,50,55,55,54,55,55,55,55
2026-08-28 09:32:23,1783.7,53,0,0,2411,12.81,P0,0x0000000000000000,71723352,39489464,48763424,4260,0,0.57,0.00,0.00,1.23,50,55,55,54,54,55,55,55
2026-08-28 09:32:24,1784.7,53,0,0,2411,12.85,P0,0x0000000000000000,71726804,39492856,48763440,3272,8,0.57,0.00,0.00,1.23,50,55,54,54,54,55,55,55
2026-08-28 09:32:25,1785.7,53,0,0,2411,12.81,P0,0x0000000000000000,71711704,39476504,48763440,2172,0,0.46,0.00,0.00,1.37,50,55,54,54,54,55,55,55
2026-08-28 09:32:26,1786.7,53,0,0,2411,12.81,P0,0x0000000000000000,71705164,39469852,48763448,4940,0,0.46,0.00,0.00,1.37,50,55,54,54,55,55,55,55
2026-08-28 09:32:27,1787.7,53,0,0,2411,12.80,P0,0x0000000000000000,71713332,39477940,48763464,4120,0,0.38,0.00,0.00,1.37,50,55,54,55,54,55,55,55
2026-08-28 09:32:28,1788.7,53,0,0,2411,12.80,P0,0x0000000000000000,71715184,39479708,48763464,8756,0,0.38,0.00,0.00,1.37,50,55,54,55,54,55,55,55
2026-08-28 09:32:29,1789.7,53,0,0,2411,12.78,P0,0x0000000000000000,71726816,39491260,48751416,4324,0,0.31,0.00,0.00,1.37,50,55,54,55,54,55,55,55
2026-08-28 09:32:30,1790.7,53,0,0,2411,12.73,P0,0x0000000000000000,71722676,39487056,48753912,6156,0,0.31,0.00,0.00,1.50,50,56,55,55,55,55,55,56
2026-08-28 09:32:31,1791.7,53,0,0,2411,12.71,P0,0x0000000000000000,71730472,39494808,48754260,5276,0,0.25,0.00,0.00,1.50,50,55,54,55,55,55,55,55
2026-08-28 09:32:32,1792.7,53,0,0,2411,12.73,P0,0x0000000000000000,71719876,39484188,48754268,7676,0,0.25,0.00,0.00,1.50,50,55,54,54,55,55,55,55
2026-08-28 09:32:33,1793.7,53,0,0,2411,12.75,P0,0x0000000000000000,71698720,39462844,48757020,5812,0,0.20,0.00,0.00,1.50,50,55,54,54,55,55,55,55
2026-08-28 09:32:34,1794.7,53,0,0,2411,12.79,P0,0x0000000000000000,71724308,39488240,48754268,4324,0,0.20,0.00,0.00,1.50,50,55,54,54,54,55,55,55
2026-08-28 09:32:35,1795.7,53,0,0,2411,12.77,P0,0x0000000000000000,71711900,39475792,48754268,3532,4,0.17,0.00,0.00,1.38,50,55,54,54,55,55,55,55
2026-08-28 09:32:36,1796.7,53,0,0,2411,12.75,P0,0x0000000000000000,71719416,39483304,48758348,3280,0,0.17,0.00,0.00,1.38,50,55,54,54,55,55,55,55
2026-08-28 09:32:37,1797.7,53,0,0,2411,12.73,P0,0x0000000000000000,71719848,39483568,48758364,4040,4,0.32,0.00,0.00,1.38,50,55,54,54,55,55,55,55
2026-08-28 09:32:38,1798.7,53,0,0,2411,12.77,P0,0x0000000000000000,71714248,39477944,48758368,7616,0,0.32,0.00,0.00,1.38,50,55,55,55,55,55,55,55
2026-08-28 09:32:39,1799.7,53,0,0,2411,12.76,P0,0x0000000000000000,71726356,39489860,48760056,1724,0,0.26,0.00,0.00,1.38,50,55,54,55,55,55,55,55
2026-08-28 09:32:40,1800.7,53,0,0,2411,12.77,P0,0x0000000000000000,71722060,39485564,48760056,3800,0,0.26,0.00,0.00,1.27,50,56,54,56,54,55,55,55
2026-08-28 09:32:41,1801.7,53,0,0,2411,12.81,P0,0x0000000000000000,71731992,39495320,48760072,7560,8,0.21,0.00,0.00,1.27,50,55,54,55,54,55,55,55
2026-08-28 09:32:42,1802.7,53,0,0,2411,12.76,P0,0x0000000000000000,71731384,39494640,48760072,7568,0,0.21,0.00,0.00,1.27,50,55,54,54,54,55,55,55
2026-08-28 09:32:43,1803.7,53,0,0,2411,12.77,P0,0x0000000000000000,71734636,39497732,48760072,4996,0,0.90,0.00,0.00,1.27,50,55,54,54,54,55,55,55
2026-08-28 09:32:44,1804.7,53,0,0,2411,12.83,P0,0x0000000000000000,71730772,39493792,48760012,4140,0,0.90,0.00,0.00,1.27,50,55,54,54,54,55,55,55
2026-08-28 09:32:45,1805.7,53,0,0,2411,12.86,P0,0x0000000000000000,71714812,39477804,48760004,8180,4,0.73,0.00,0.00,1.17,51,55,54,54,55,55,55,55
2026-08-28 09:32:46,1806.7,53,0,0,2411,12.83,P0,0x0000000000000000,71705236,39467960,48760028,1840,0,0.73,0.00,0.00,1.17,51,55,55,55,55,55,55,55
2026-08-28 09:32:47,1807.7,53,0,0,2411,12.88,P0,0x0000000000000000,71691868,39454560,48760164,1840,0,0.78,0.00,0.00,1.17,51,55,54,55,55,55,55,55
2026-08-28 09:32:48,1808.7,53,0,0,2411,12.82,P0,0x0000000000000000,71699420,39462084,48760172,8496,0,0.78,0.00,0.00,1.17,51,55,54,54,54,55,55,55
2026-08-28 09:32:49,1809.7,53,0,0,2411,12.88,P0,0x0000000000000000,71717120,39479716,48767332,4764,4,0.64,0.00,0.00,1.17,50,55,54,54,55,55,55,55
2026-08-28 09:32:50,1810.7,53,0,0,2411,12.83,P0,0x0000000000000000,71715196,39477668,48767688,3740,0,0.64,0.00,0.00,1.39,50,55,54,54,55,55,55,55
2026-08-28 09:32:51,1811.7,53,0,0,2411,12.77,P0,0x0000000000000000,71713892,39476356,48768036,8032,0,0.52,0.00,0.00,1.39,51,55,54,54,54,55,55,55
2026-08-28 09:32:52,1812.7,53,0,0,2411,12.81,P0,0x0000000000000000,71729512,39491880,48757932,6104,0,0.52,0.00,0.00,1.39,51,55,54,55,54,55,55,55
2026-08-28 09:32:53,1813.7,53,0,0,2411,12.74,P0,0x0000000000000000,71717944,39480124,48757968,5316,72,0.43,0.00,0.18,1.39,51,55,54,54,54,55,55,55
2026-08-28 09:32:54,1814.7,53,0,0,2411,12.77,P0,0x0000000000000000,71721380,39483496,48757968,3724,0,0.43,0.00,0.18,1.39,51,55,54,55,54,55,55,55
2026-08-28 09:32:55,1815.7,53,0,0,2411,12.76,P0,0x0000000000000000,71737868,39499960,48754868,4544,0,0.35,0.00,0.14,1.28,51,56,55,55,55,55,55,56
2026-08-28 09:32:56,1816.7,53,0,0,2411,12.79,P0,0x0000000000000000,71769544,39531512,48745108,1056,0,0.35,0.00,0.14,1.28,51,55,54,55,55,55,55,55
2026-08-28 09:32:57,1817.7,53,0,0,2411,12.76,P0,0x0000000000000000,71765512,39527380,48744904,4476,4,0.28,0.00,0.12,1.28,51,55,54,55,55,55,55,55
2026-08-28 09:32:58,1818.7,53,0,0,2411,12.73,P0,0x0000000000000000,71747576,39509320,48744908,2440,0,0.28,0.00,0.12,1.28,51,56,54,55,55,56,55,55
2026-08-28 09:32:59,1819.7,53,0,0,2411,12.75,P0,0x0000000000000000,71747076,39508732,48754052,4436,0,0.23,0.00,0.09,1.28,51,55,55,55,55,55,55,55
2026-08-28 09:33:00,1820.7,53,0,0,2411,12.80,P0,0x0000000000000000,71758556,39520208,48754056,2652,0,0.23,0.00,0.09,1.18,51,55,54,54,54,55,55,55
2026-08-28 09:33:01,1821.7,53,0,0,2411,12.78,P0,0x0000000000000000,71763064,39524612,48754064,5736,16,0.19,0.00,0.08,1.18,51,55,54,55,54,55,55,55
2026-08-28 09:33:02,1822.7,53,0,0,2411,12.84,P0,0x0000000000000000,71798980,39560432,48754064,588,0,0.19,0.00,0.08,1.18,51,55,54,55,55,55,55,55
2026-08-28 09:33:03,1823.7,53,0,0,2411,12.84,P0,0x0000000000000000,71814296,39575504,48754196,3364,0,0.70,0.00,0.06,1.18,51,56,55,55,55,56,55,55
2026-08-28 09:33:04,1824.7,53,0,0,2411,12.82,P0,0x0000000000000000,71801080,39562216,48754196,6764,0,0.70,0.00,0.06,1.18,51,55,54,55,55,55,55,55
2026-08-28 09:33:05,1825.7,53,0,0,2411,12.85,P0,0x0000000000000000,71794256,39555264,48754204,868,0,0.57,0.00,0.05,1.25,51,56,54,55,54,56,55,55
2026-08-28 09:33:06,1826.7,53,0,0,2411,12.82,P0,0x0000000000000000,71767432,39526712,48768188,5660,0,0.57,0.00,0.05,1.25,51,55,55,55,55,55,55,55
2026-08-28 09:33:07,1827.7,53,0,0,2411,12.82,P0,0x0000000000000000,71702944,39462148,48760092,6884,0,0.46,0.00,0.04,1.25,51,57,55,55,55,57,55,56
2026-08-28 09:33:08,1828.7,53,0,0,2411,12.84,P0,0x0000000000000000,71713028,39472032,48756992,2336,4,0.46,0.00,0.04,1.25,51,55,54,54,55,55,55,55
2026-08-28 09:33:09,1829.7,53,0,0,2411,12.85,P0,0x0000000000000000,71722404,39481292,48760092,2784,0,0.38,0.00,0.03,1.25,51,56,54,54,55,56,55,55
2026-08-28 09:33:10,1830.7,53,0,0,2411,12.86,P0,0x0000000000000000,71723548,39482332,48760100,4092,0,0.38,0.00,0.03,1.22,51,57,54,54,55,57,55,55
2026-08-28 09:33:11,1831.7,53,0,0,2411,12.88,P0,0x0000000000000000,71735212,39493840,48762776,6636,132,0.31,0.00,0.02,1.22,51,57,55,55,55,57,55,55
2026-08-28 09:33:12,1832.7,53,0,0,2411,12.87,P0,0x0000000000000000,71743752,39502352,48763132,3016,0,0.31,0.00,0.02,1.22,51,55,54,54,55,55,55,55
2026-08-28 09:33:13,1833.7,53,0,0,2411,12.86,P0,0x0000000000000000,71761884,39520384,48762784,4196,0,0.25,0.00,0.02,1.22,51,55,54,54,54,55,55,55
2026-08-28 09:33:14,1834.7,53,0,0,2411,12.91,P0,0x0000000000000000,71753640,39512044,48762764,6420,0,0.25,0.00,0.02,1.22,51,55,54,55,54,55,55,55
2026-08-28 09:33:15,1835.7,53,0,0,2411,12.91,P0,0x0000000000000000,71743080,39500336,48763144,4160,0,0.21,0.00,0.01,1.13,51,56,54,55,54,56,55,55
2026-08-28 09:33:16,1836.7,53,0,0,2411,12.90,P0,0x0000000000000000,71743512,39500668,48763168,1892,0,0.21,0.00,0.01,1.13,51,55,54,55,54,55,55,55
2026-08-28 09:33:17,1837.7,53,0,0,2411,12.89,P0,0x0000000000000000,71757968,39515072,48762960,7816,0,0.17,0.00,0.01,1.13,51,55,54,55,55,55,55,55
2026-08-28 09:33:18,1838.7,53,0,0,2411,12.86,P0,0x0000000000000000,71723496,39480496,48760392,7892,4,0.17,0.00,0.01,1.13,51,56,54,55,55,56,55,55
2026-08-28 09:33:19,1839.7,53,0,0,2411,12.85,P0,0x0000000000000000,71730976,39487840,48767184,5700,0,0.14,0.00,0.01,1.13,51,56,55,55,55,56,55,55
2026-08-28 09:33:20,1840.7,53,0,0,2411,12.90,P0,0x0000000000000000,71738448,39495252,48757636,7472,0,0.14,0.00,0.01,1.28,51,56,55,55,55,56,55,56
2026-08-28 09:33:21,1841.7,53,0,0,2411,12.85,P0,0x0000000000000000,71746692,39509708,48757636,6588,12,0.29,0.00,0.00,1.28,51,55,55,55,55,55,55,55
2026-08-28 09:33:22,1842.7,53,0,0,2411,12.85,P0,0x0000000000000000,71734884,39497676,48757636,7180,0,0.29,0.00,0.00,1.28,51,55,54,55,54,55,55,55
2026-08-28 09:33:23,1843.7,53,0,0,2411,12.85,P0,0x0000000000000000,71720960,39483740,48757644,7724,0,0.24,0.00,0.00,1.28,51,55,54,54,54,55,55,55
2026-08-28 09:33:24,1844.7,53,0,0,2411,12.86,P0,0x0000000000000000,71730748,39493424,48757644,6936,0,0.24,0.00,0.00,1.28,51,55,54,54,54,55,55,55
2026-08-28 09:33:25,1845.7,53,0,0,2411,12.79,P0,0x0000000000000000,71732424,39495020,48760412,3728,0,0.19,0.00,0.00,1.17,51,55,54,55,54,55,55,55
2026-08-28 09:33:26,1846.7,53,0,0,2411,12.84,P0,0x0000000000000000,71730076,39492660,48760752,1144,4,0.19,0.00,0.00,1.17,51,55,54,55,54,55,55,55
2026-08-28 09:33:27,1847.7,53,0,0,2411,12.82,P0,0x0000000000000000,71740552,39502928,48755856,6884,0,0.16,0.00,0.18,1.17,51,55,55,55,55,55,55,55
2026-08-28 09:33:28,1848.7,53,0,0,2411,12.84,P0,0x0000000000000000,71732276,39494584,48755956,5300,8,0.16,0.00,0.18,1.17,51,56,55,55,55,56,55,55
2026-08-28 09:33:29,1849.7,53,0,0,2411,12.84,P0,0x0000000000000000,71734832,39496956,48751304,3140,0,1.21,0.00,0.15,1.17,51,55,55,55,55,55,55,55
2026-08-28 09:33:30,1850.7,53,0,0,2411,12.90,P0,0x0000000000000000,71755168,39517160,48751296,7168,0,1.21,0.00,0.15,1.24,51,55,54,54,54,55,55,55
2026-08-28 09:33:31,1851.7,53,0,0,2411,12.87,P0,0x0000000000000000,71758064,39520032,48751304,2860,0,0.99,0.00,0.12,1.24,51,55,54,54,54,55,55,55
2026-08-28 09:33:32,1852.7,53,0,0,2411,12.85,P0,0x0000000000000000,71734568,39496472,48751308,2700,0,0.99,0.00,0.12,1.24,51,55,54,54,54,55,55,55
2026-08-28 09:33:33,1853.7,53,0,0,2411,12.84,P0,0x0000000000000000,71714488,39476076,48751316,2936,0,0.81,0.00,0.10,1.24,51,55,54,54,54,55,55,55
2026-08-28 09:33:34,1854.7,53,0,0,2411,12.84,P0,0x0000000000000000,71713508,39473948,48800992,4340,0,0.81,0.00,0.10,1.24,51,56,54,56,55,55,55,55
2026-08-28 09:33:35,1855.7,53,0,0,2411,16.06,P0,0x0000000000000000,71376788,39130920,50351240,7800,0,0.66,0.00,0.08,1.22,51,58,55,58,55,56,56,56
2026-08-28 09:33:36,1856.7,53,0,0,2411,12.96,P0,0x0000000000000000,71314592,39053640,50412416,22676,0,0.66,0.00,0.08,1.22,51,59,55,59,55,58,55,57
2026-08-28 09:33:37,1857.7,53,0,0,2411,12.88,P0,0x0000000000000000,71275904,39002224,50450876,31368,0,1.09,0.00,0.24,1.22,51,62,55,62,55,57,55,57
2026-08-28 09:33:38,1858.7,53,0,0,2411,12.92,P0,0x0000000000000000,71233792,38948756,50497496,42656,0,1.09,0.00,0.24,1.22,51,60,56,60,55,56,56,59
2026-08-28 09:33:39,1859.7,54,0,0,2411,12.95,P0,0x0000000000000000,71206204,38907668,50522524,48856,0,0.89,0.00,0.56,1.22,51,65,56,65,56,57,56,56
2026-08-28 09:33:40,1860.7,54,0,0,2411,12.94,P0,0x0000000000000000,71228268,38914456,50542516,62816,4,0.89,0.00,0.56,1.28,51,61,56,61,56,58,56,58
2026-08-28 09:33:41,1861.7,54,0,0,2411,12.96,P0,0x0000000000000000,71191276,38862000,50560764,59260,0,0.73,0.00,0.64,1.28,51,65,56,65,55,56,56,61
2026-08-28 09:33:42,1862.7,54,0,0,2411,12.90,P0,0x0000000000000000,71178748,38835924,50587664,72672,0,0.73,0.00,0.64,1.28,51,62,55,59,56,62,56,57
2026-08-28 09:33:43,1863.7,54,0,0,2411,12.91,P0,0x0000000000000000,71113640,38757804,50623720,82964,0,0.59,0.00,0.70,1.28,51,64,55,56,56,64,56,56
2026-08-28 09:33:44,1864.7,54,0,0,2411,12.98,P0,0x0000000000000000,71072152,38708496,51489716,89400,0,0.59,0.00,0.70,1.28,51,64,56,56,56,64,56,57
2026-08-28 09:33:45,1865.7,54,0,0,2411,12.92,P0,0x0000000000000000,71035268,38662924,51535228,100488,0,1.03,0.00,0.94,1.26,51,61,56,56,56,61,56,57
2026-08-28 09:33:46,1866.7,54,0,0,2411,12.99,P0,0x0000000000000000,70937072,38556964,51613480,107736,0,1.03,0.00,0.94,1.26,51,60,56,60,56,58,56,57
2026-08-28 09:33:47,1867.7,54,0,0,2411,12.98,P0,0x0000000000000000,70923180,38528660,51643584,16008,0,0.84,0.00,1.13,1.26,51,60,56,60,56,57,56,59
2026-08-28 09:33:48,1868.7,54,0,0,2411,12.94,P0,0x0000000000000000,70755124,38351916,51798664,23240,0,0.84,0.00,1.13,1.26,51,66,56,66,56,56,56,62
2026-08-28 09:33:49,1869.7,54,0,0,2411,12.90,P0,0x0000000000000000,70710780,38307276,51914676,23164,0,0.69,0.00,1.11,1.26,51,67,56,67,56,56,56,62
2026-08-28 09:33:50,1870.7,54,0,0,2411,12.95,P0,0x0000000000000000,70712064,38308488,51915020,23076,0,0.69,0.00,1.11,1.48,51,68,56,68,56,56,56,63
2026-08-28 09:33:51,1871.7,54,0,0,2411,12.93,P0,0x0000000000000000,70726592,38322972,51915020,24388,0,0.56,0.00,0.90,1.48,51,68,56,68,56,56,56,63
2026-08-28 09:33:52,1872.7,54,0,0,2411,12.93,P0,0x0000000000000000,70706224,38302356,51915020,23740,0,0.56,0.00,0.90,1.48,51,68,57,68,56,57,56,62
2026-08-28 09:33:53,1873.7,54,0,0,2411,12.97,P0,0x0000000000000000,70717152,38313368,51911924,27036,0,0.46,0.00,0.74,1.48,51,68,56,68,56,57,56,63
2026-08-28 09:33:54,1874.7,54,0,0,2411,12.98,P0,0x0000000000000000,70713868,38309860,51914200,22156,0,0.46,0.00,0.74,1.48,51,68,56,68,56,57,56,63
2026-08-28 09:33:55,1875.7,54,0,0,2411,12.95,P0,0x0000000000000000,70699008,38294588,51913960,25288,0,0.37,0.00,0.60,1.60,51,68,57,68,57,58,56,63
2026-08-28 09:33:56,1876.7,65,96,0,2411,22.30,P0,0x0000000000000000,70614604,38182412,52045348,49504,0,0.37,0.00,0.60,1.60,51,63,57,62,57,63,63,60
2026-08-28 09:33:57,1877.7,67,96,0,2463,74.29,P0,0x0000000000000000,70602764,38094764,52045200,124132,0,0.31,0.00,0.49,1.60,51,74,58,64,58,62,74,59
2026-08-28 09:33:58,1878.7,67,96,0,2431,61.12,P0,0x0000000000000000,70610488,38075984,52079992,149256,0,0.31,0.00,0.49,1.60,51,75,59,62,59,64,75,61
2026-08-28 09:33:59,1879.7,69,96,0,2463,75.40,P0,0x0000000000000000,70601132,37990732,52089400,222748,4,2.06,0.00,0.40,1.60,51,79,60,64,60,63,79,61
2026-08-28 09:34:00,1880.7,70,94,0,2450,76.82,P0,0x0000000000000000,70559496,37873276,52089972,296740,0,2.06,0.00,0.40,1.72,51,82,60,65,60,65,82,62
2026-08-28 09:34:01,1881.7,67,94,0,2444,78.33,P0,0x0000000000000000,70593624,37856900,52095328,348644,0,1.87,0.00,0.33,1.72,51,83,61,63,61,67,83,62
2026-08-28 09:34:02,1882.7,69,94,0,2463,72.77,P0,0x0000000000000000,70590772,37853732,52096228,29112,0,1.87,0.00,0.33,1.72,51,82,62,64,62,71,82,63
2026-08-28 09:34:03,1883.7,71,94,0,2450,77.75,P0,0x0000000000000000,70624128,37886780,52097108,26756,0,1.53,0.00,0.27,1.72,51,83,62,67,62,66,83,64
2026-08-28 09:34:04,1884.7,70,94,0,2450,76.35,P0,0x0000000000000000,70638024,37900432,52096324,27564,4,1.53,0.00,0.27,1.72,51,83,62,70,63,65,83,67
2026-08-28 09:34:05,1885.7,72,96,0,2444,75.75,P0,0x0000000000000000,70668140,37930376,52096448,27064,0,1.25,0.00,0.22,1.74,51,84,63,71,64,66,84,66
2026-08-28 09:34:06,1886.7,73,96,0,2444,79.01,P0,0x0000000000000000,70644976,37907024,52096576,33640,0,1.25,0.00,0.22,1.74,51,84,63,74,64,66,84,65
2026-08-28 09:34:07,1887.7,76,96,0,2437,79.81,P0,0x0000000000000000,70635944,37822364,52097388,103772,0,1.02,0.00,0.18,1.74,51,84,64,75,65,66,84,66
2026-08-28 09:34:08,1888.7,72,96,0,2444,71.84,P0,0x0000000000000000,70640756,37827016,52097232,101984,0,1.02,0.00,0.18,1.74,51,85,64,76,65,67,85,66
2026-08-28 09:34:09,1889.7,71,73,0,2437,72.47,P0,0x0000000000000000,70643748,37829688,52093628,106972,0,0.84,0.00,0.14,1.74,51,84,65,76,66,68,84,67
2026-08-28 09:34:10,1890.7,74,94,0,2444,76.44,P0,0x0000000000000000,70695180,37881340,52093968,87120,0,0.84,0.00,0.14,1.76,51,86,66,72,66,68,86,67
2026-08-28 09:34:11,1891.7,74,96,0,2444,74.30,P0,0x0000000000000000,70677600,37863640,52092212,91264,0,0.68,0.00,0.12,1.76,51,86,66,75,66,69,86,67
2026-08-28 09:34:12,1892.7,75,96,0,2444,77.20,P0,0x0000000000000000,70696664,37882668,52095304,93520,32,0.68,0.00,0.12,1.76,51,86,66,76,66,68,86,68
2026-08-28 09:34:13,1893.8,75,96,0,2444,79.59,P0,0x0000000000000000,70696068,37856644,52095336,112080,4,0.56,0.00,0.10,1.76,51,88,66,73,66,70,88,68
2026-08-28 09:34:14,1894.7,74,96,0,2450,72.04,P0,0x0000000000000000,70690764,37851292,52100824,112092,24,0.56,0.00,0.10,1.76,51,87,66,68,67,75,87,68
2026-08-28 09:34:15,1895.7,74,75,0,2444,73.79,P0,0x0000000000000000,70694584,37855072,52103600,114820,4,0.46,0.00,0.08,1.70,51,87,66,68,67,77,87,69
2026-08-28 09:34:16,1896.7,77,95,0,2437,77.25,P0,0x0000000000000000,70695848,37856260,52101916,120112,0,0.46,0.00,0.08,1.70,51,88,67,67,67,79,88,69
2026-08-28 09:34:17,1897.7,76,96,0,2437,79.35,P0,0x0000000000000000,70701232,37836424,52102948,139800,0,0.37,0.00,0.06,1.70,51,89,67,68,68,80,89,70
2026-08-28 09:34:18,1898.7,79,96,0,2444,78.94,P0,0x0000000000000000,70704624,37789460,52102964,180668,0,0.37,0.00,0.06,1.70,51,88,67,68,68,80,88,70
2026-08-28 09:34:19,1899.7,76,96,0,2444,75.84,P0,0x0000000000000000,70677052,37761720,52104992,179896,4,0.30,0.00,0.05,1.70,51,88,68,70,69,81,88,70
2026-08-28 09:34:20,1900.7,76,96,0,2444,79.54,P0,0x0000000000000000,70688080,37772712,52101496,181176,0,0.30,0.00,0.05,1.88,51,90,68,69,69,81,90,70
2026-08-28 09:34:21,1901.7,75,96,0,2437,75.01,P0,0x0000000000000000,70702156,37786784,52098740,182500,0,0.25,0.00,0.04,1.88,51,89,68,69,69,81,89,70
2026-08-28 09:34:22,1902.7,77,96,0,2444,78.67,P0,0x0000000000000000,70680576,37765080,52098724,184052,256,0.25,0.00,0.04,1.88,51,90,68,69,69,81,90,71
2026-08-28 09:34:23,1903.7,78,96,0,2424,79.09,P0,0x0000000000000000,70690816,37775228,52098748,176640,0,1.11,0.00,0.03,1.88,51,91,68,69,70,81,91,71
2026-08-28 09:34:24,1904.7,75,94,0,2431,80.53,P0,0x0000000000000000,70693308,37752512,52099772,202988,0,1.11,0.00,0.03,1.88,51,91,69,70,70,82,91,71
2026-08-28 09:34:25,1905.7,78,87,0,2437,72.23,P0,0x0000000000000000,70705356,37714392,52096692,253624,0,0.91,0.00,0.02,1.81,51,90,70,71,70,78,90,71
2026-08-28 09:34:26,1906.7,77,94,0,2444,78.40,P0,0x0000000000000000,70708100,37716852,52096708,248024,0,0.91,0.00,0.02,1.81,51,90,70,71,71,80,90,72
2026-08-28 09:34:27,1907.7,78,94,0,2444,80.55,P0,0x0000000000000000,70715524,37724192,52090852,255452,0,0.92,0.00,0.02,1.81,51,91,71,72,71,82,91,73
2026-08-28 09:34:28,1908.8,79,96,0,2437,81.73,P0,0x0000000000000000,70703992,37712612,52090852,250336,0,0.92,0.00,0.02,1.81,51,89,70,71,71,77,89,75
2026-08-28 09:34:29,1909.8,73,96,0,2463,50.78,P0,0x0000000000000000,70720264,37728752,52100424,254200,0,0.75,0.00,0.01,1.81,51,83,70,71,71,73,83,74
2026-08-28 09:34:30,1910.8,73,96,0,2463,48.75,P0,0x0000000000000000,70739436,37747848,52100424,247680,0,0.75,0.00,0.01,1.67,52,81,70,71,71,71,81,74
2026-08-28 09:34:31,1911.8,72,96,0,2463,48.66,P0,0x0000000000000000,70762380,37770724,52100428,250980,0,0.62,0.00,0.01,1.67,52,80,70,71,71,71,80,74
2026-08-28 09:34:32,1912.8,72,96,0,2463,48.55,P0,0x0000000000000000,70764696,37772988,52091000,247244,0,0.62,0.00,0.01,1.67,52,80,70,71,71,71,80,74
2026-08-28 09:34:33,1913.8,72,96,0,2463,48.47,P0,0x0000000000000000,70760956,37768988,52096944,8372,8,0.50,0.00,0.01,1.67,52,79,70,71,71,71,79,74
2026-08-28 09:34:34,1914.8,72,96,0,2463,48.31,P0,0x0000000000000000,70747116,37755068,52094232,11012,0,0.50,0.00,0.01,1.67,52,79,71,71,71,72,79,74
2026-08-28 09:34:35,1915.8,72,96,0,2463,48.34,P0,0x0000000000000000,70749148,37757060,52094232,7656,0,0.41,0.00,0.00,1.69,52,79,70,71,71,71,79,74
2026-08-28 09:34:36,1916.8,72,96,0,2463,48.57,P0,0x0000000000000000,70754780,37762600,52094232,4900,0,0.41,0.00,0.00,1.69,52,79,70,71,71,71,79,74
2026-08-28 09:34:37,1917.8,72,96,0,2463,48.54,P0,0x0000000000000000,70745456,37753200,52095812,4204,0,0.52,0.00,0.00,1.69,52,79,70,71,71,70,79,74
2026-08-28 09:34:38,1918.8,72,96,0,2457,48.43,P0,0x0000000000000000,70721120,37728836,52089400,4084,0,0.52,0.00,0.00,1.69,52,79,70,71,71,71,79,74
2026-08-28 09:34:39,1919.8,72,96,0,2463,48.38,P0,0x0000000000000000,70706376,37713912,52088456,4040,0,0.42,0.00,0.00,1.69,52,79,70,71,71,71,79,74
2026-08-28 09:34:40,1920.8,72,96,0,2457,48.37,P0,0x0000000000000000,70733876,37741224,52088464,3320,0,0.42,0.00,0.00,1.64,52,79,70,71,71,73,79,74
2026-08-28 09:34:41,1921.8,72,96,0,2463,48.45,P0,0x0000000000000000,70759876,37767148,52088336,4772,0,0.34,0.00,0.00,1.64,52,79,70,70,71,72,79,74
2026-08-28 09:34:42,1922.7,75,96,0,2444,67.50,P0,0x0000000000000000,70760488,37717396,52088340,49472,0,0.34,0.00,0.00,1.64,52,85,70,70,71,79,85,73
2026-08-28 09:34:43,1923.7,78,96,0,2437,79.37,P0,0x0000000000000000,70771012,37652584,52088608,123100,0,0.28,0.00,0.00,1.64,52,90,70,71,71,81,90,73
2026-08-28 09:34:44,1924.7,78,96,0,2431,80.44,P0,0x0000000000000000,70767052,37573112,52088572,198820,4,0.28,0.00,0.00,1.64,52,91,70,71,71,82,91,73
2026-08-28 09:34:45,1925.8,73,96,0,2457,67.80,P0,0x0000000000000000,70756432,37537104,52088572,226740,0,0.23,0.00,0.00,1.51,52,86,71,71,72,77,86,73
2026-08-28 09:34:46,1926.8,73,96,0,2463,48.84,P0,0x0000000000000000,70756736,37537364,52094076,224684,0,0.23,0.00,0.00,1.51,52,83,71,72,72,73,83,75
2026-08-28 09:34:47,1927.8,73,96,0,2463,48.80,P0,0x0000000000000000,70731376,37511868,52094568,220944,0,0.19,0.00,0.00,1.51,53,81,71,72,72,72,81,75
2026-08-28 09:34:48,1928.7,79,94,0,2450,59.38,P0,0x0000000000000000,70732292,37487436,52097680,251916,0,0.19,0.00,0.00,1.51,53,85,71,71,72,78,85,74
2026-08-28 09:34:49,1929.7,77,94,0,2437,78.53,P0,0x0000000000000000,70725472,37405072,52102788,319552,0,1.96,0.00,0.00,1.51,53,89,71,71,72,82,89,74
2026-08-28 09:34:50,1930.8,77,96,0,2424,79.10,P0,0x0000000000000020,70714332,37318324,52102788,396272,0,1.96,0.00,0.00,1.87,53,91,71,73,72,81,91,73
2026-08-28 09:34:51,1931.7,79,96,0,2418,78.69,P0,0x0000000000000000,70702748,37256388,52224952,449756,4,1.61,0.00,0.00,1.87,53,92,72,75,72,75,92,73
2026-08-28 09:34:52,1932.7,78,96,0,2444,79.01,P0,0x0000000000000000,70708968,37261300,52096244,3648,0,1.61,0.00,0.00,1.87,53,92,72,81,72,73,92,74
2026-08-28 09:34:53,1933.7,78,96,0,2437,78.91,P0,0x0000000000000020,70695732,37247872,52182476,6616,0,1.31,0.00,0.00,1.87,53,92,72,79,72,73,92,76
2026-08-28 09:34:54,1934.7,78,96,0,2424,80.65,P0,0x0000000000000000,70676168,37203264,52096612,30004,0,1.31,0.00,0.00,1.87,53,93,72,83,72,73,93,78
2026-08-28 09:34:55,1935.8,74,96,0,2463,58.15,P0,0x0000000000000000,70689428,37216224,52096212,31112,0,1.08,0.00,0.00,1.80,53,86,72,76,72,73,86,75
2026-08-28 09:34:56,1936.7,79,96,0,2457,56.96,P0,0x0000000000000000,70665660,37167228,52098272,53428,0,1.08,0.00,0.00,1.80,53,86,72,78,72,73,86,75
2026-08-28 09:34:57,1937.8,81,96,0,2424,78.35,P0,0x0000000000000000,70706872,37132928,52098272,125212,4,1.06,0.00,0.00,1.80,53,91,72,82,72,73,91,78
2026-08-28 09:34:58,1938.7,80,96,0,2424,79.93,P0,0x0000000000000000,70694072,37044596,52095180,198588,0,1.06,0.00,0.00,1.80,53,92,72,84,72,73,92,78
2026-08-28 09:34:59,1939.8,74,75,0,2424,77.30,P0,0x0000000000000000,70682920,36983028,52096264,247684,0,0.87,0.00,0.00,1.80,53,91,72,81,73,74,91,78
2026-08-28 09:35:00,1940.8,75,96,0,2463,57.92,P0,0x0000000000000000,70683528,36983548,52096280,248016,0,0.87,0.00,0.00,1.65,53,86,72,75,73,73,86,76
2026-08-28 09:35:01,1941.8,74,96,0,2463,49.47,P0,0x0000000000000000,70681464,36981452,52096288,253132,0,0.71,0.00,0.00,1.65,53,83,72,73,73,73,83,76
2026-08-28 09:35:02,1942.7,80,96,0,2444,64.43,P0,0x0000000000000000,70691240,36940772,52097312,296476,0,0.71,0.00,0.00,1.65,53,88,72,73,73,80,88,75
2026-08-28 09:35:03,1943.8,79,96,0,2431,79.19,P0,0x0000000000000020,70680944,36854764,52101108,371612,0,0.58,0.00,0.00,1.65,54,90,72,73,73,82,90,75
2026-08-28 09:35:04,1944.8,79,76,0,2418,76.64,P0,0x0000000000000000,70685720,36809104,52102480,424420,0,0.58,0.00,0.00,1.65,54,92,72,73,73,81,92,75
2026-08-28 09:35:05,1945.8,75,96,0,2463,55.01,P0,0x0000000000000000,70677780,36800684,52275664,422428,0,0.47,0.00,0.00,1.52,54,86,73,74,73,76,86,76
2026-08-28 09:35:06,1946.8,79,96,0,2437,65.60,P0,0x0000000000000000,70673732,36746204,52103532,52244,0,0.47,0.00,0.00,1.52,54,89,73,73,73,78,89,76
2026-08-28 09:35:07,1947.8,80,96,0,2424,76.58,P0,0x0000000000000000,70661032,36682936,52101464,2452,0,0.57,0.00,0.00,1.52,54,90,73,74,73,79,90,75
2026-08-28 09:35:08,1948.8,81,96,0,2457,60.28,P0,0x0000000000000000,70627828,36624376,52103516,28784,4,0.57,0.00,0.00,1.52,54,89,73,78,73,75,89,76
2026-08-28 09:35:09,1949.7,80,96,0,2431,78.49,P0,0x0000000000000000,70635868,36556612,52109272,100936,0,0.46,0.00,0.00,1.52,54,91,74,82,73,76,91,76
2026-08-28 09:35:10,1950.7,80,96,0,2392,77.07,P0,0x0000000000000000,70657848,36503004,52115124,174760,4,0.46,0.00,0.00,1.48,54,92,74,84,74,76,92,75
2026-08-28 09:35:11,1951.8,78,96,0,2223,76.80,P0,0x0000000000000000,70649696,36443992,52115400,227844,0,0.38,0.00,0.00,1.48,54,93,74,84,74,76,93,75
2026-08-28 09:35:12,1952.8,75,96,0,2463,60.55,P0,0x0000000000000000,70654132,36423116,52115504,251276,0,0.38,0.00,0.00,1.48,54,87,73,78,74,74,87,76
2026-08-28 09:35:13,1953.8,81,96,0,2457,57.10,P0,0x0000000000000000,70661876,36405536,52116532,273928,12,0.85,0.00,0.00,1.48,54,88,73,76,74,79,88,76
2026-08-28 09:35:14,1954.8,81,96,0,2418,78.93,P0,0x0000000000000000,70680796,36348656,52113436,350680,0,0.85,0.00,0.00,1.48,54,91,74,75,74,84,91,76
2026-08-28 09:35:15,1955.7,81,96,0,2424,79.27,P0,0x0000000000000000,70669548,36261692,52319528,422168,0,0.70,0.00,0.00,1.52,54,93,74,76,75,86,93,77
2026-08-28 09:35:16,1956.8,76,96,0,2463,58.00,P0,0x0000000000000000,70666224,36258096,52114476,2584,0,0.70,0.00,0.00,1.52,54,87,74,76,74,79,87,77
2026-08-28 09:35:17,1957.8,75,96,0,2463,49.85,P0,0x0000000000000000,70667044,36233516,52116672,31900,8,0.75,0.00,0.00,1.52,54,84,74,75,74,75,84,77
2026-08-28 09:35:18,1958.8,75,96,0,2463,49.58,P0,0x0000000000000000,70660124,36226076,52117700,25212,0,0.75,0.00,0.00,1.52,55,83,74,74,74,74,83,77
2026-08-28 09:35:19,1959.8,75,96,0,2463,49.70,P0,0x0000000000000000,70676376,36242112,52112532,28892,4,1.70,0.00,0.00,1.52,55,83,74,75,74,74,83,77
2026-08-28 09:35:20,1960.8,81,96,0,2437,64.61,P0,0x0000000000000000,70684080,36199364,52112532,80160,0,1.70,0.00,0.00,1.72,55,88,73,74,74,81,88,76
2026-08-28 09:35:21,1961.8,80,96,0,2424,78.56,P0,0x0000000000000020,70669324,36109016,52275980,151532,0,1.39,0.00,0.00,1.72,55,92,73,73,74,85,92,76
2026-08-28 09:35:22,1962.8,80,73,0,2418,79.03,P0,0x0000000000000000,70654436,36043432,52112548,53388,0,1.39,0.00,0.00,1.72,55,92,73,74,74,83,92,76
2026-08-28 09:35:23,1963.8,82,96,0,2450,62.71,P0,0x0000000000000000,70645716,36009424,52112548,78828,0,1.14,0.00,0.00,1.72,55,91,74,75,75,79,91,77
2026-08-28 09:35:24,1964.8,80,96,0,2424,79.18,P0,0x0000000000000000,70652480,35940600,52112556,150068,0,1.14,0.00,0.00,1.72,55,92,74,74,74,81,92,76
2026-08-28 09:35:25,1965.8,83,96,0,2411,75.40,P0,0x0000000000000000,70679860,35917524,52112396,199224,0,0.93,0.00,0.00,1.74,55,92,74,74,74,81,92,76
2026-08-28 09:35:26,1966.8,76,96,0,2463,51.00,P0,0x0000000000000000,70692520,35930048,52112640,199696,0,0.93,0.00,0.00,1.74,55,87,74,74,75,77,87,78
2026-08-28 09:35:27,1967.8,76,96,0,2463,49.87,P0,0x0000000000000000,70694380,35931612,52112896,200392,0,0.76,0.00,0.00,1.74,55,86,74,75,75,76,86,78
2026-08-28 09:35:28,1968.8,81,96,0,2431,77.08,P0,0x0000000000000000,70664104,35825724,52112904,272796,0,0.76,0.00,0.00,1.74,55,90,74,81,74,75,90,77
2026-08-28 09:35:29,1969.8,76,96,0,2418,73.53,P0,0x0000000000000000,70642736,35753812,52122448,321992,0,0.62,0.00,0.00,1.74,55,89,74,77,74,75,89,77
2026-08-28 09:35:30,1970.7,76,96,0,2463,50.01,P0,0x0000000000000000,70627420,35738304,52122448,325832,0,0.62,0.00,0.00,1.68,55,86,74,75,75,75,86,78
2026-08-28 09:35:31,1971.8,82,96,0,2424,72.80,P0,0x0000000000000000,70651096,35686212,52122448,395700,0,0.51,0.00,0.00,1.68,55,91,74,78,74,75,91,77
2026-08-28 09:35:32,1972.8,82,94,0,2418,78.78,P0,0x0000000000000000,70656068,35640784,52125332,446712,0,0.51,0.00,0.00,1.68,55,93,75,83,75,76,93,76
2026-08-28 09:35:33,1973.7,79,96,0,2411,75.60,P0,0x0000000000000020,70623780,35532756,52125564,522960,0,0.41,0.00,0.00,1.68,55,92,74,80,75,80,92,76
2026-08-28 09:35:34,1974.8,83,81,0,2372,75.26,P0,0x0000000000000000,70637028,35495424,52125564,568988,0,0.41,0.00,0.00,1.68,55,93,74,76,75,81,93,76
2026-08-28 09:35:35,1975.8,82,96,0,2450,63.56,P0,0x0000000000000000,70622124,35455216,52133772,593568,0,0.34,0.00,0.00,1.63,56,91,75,80,75,80,91,78
2026-08-28 09:35:36,1976.8,81,96,0,2424,79.51,P0,0x0000000000000000,70627420,35384988,52133764,670184,0,0.34,0.00,0.00,1.63,56,93,76,85,75,76,93,81
2026-08-28 09:35:37,1977.8,80,96,0,2379,77.74,P0,0x0000000000000000,70638840,35320940,52130668,740516,36,0.64,0.00,0.00,1.63,56,94,75,82,75,76,94,79
2026-08-28 09:35:38,1978.8,76,96,0,2405,74.46,P0,0x0000000000000020,70642796,35274492,52130668,789704,0,0.64,0.00,0.00,1.63,56,94,75,82,75,75,94,80
2026-08-28 09:35:39,1979.8,77,96,0,2463,57.90,P0,0x0000000000000000,70655708,35286060,52124192,790624,0,0.52,0.00,0.00,1.63,56,88,75,78,75,75,88,78
2026-08-28 09:35:40,1980.8,76,96,0,2463,50.29,P0,0x0000000000000000,70660556,35290872,52124184,789936,0,0.52,0.00,0.00,1.58,56,86,75,77,76,76,86,79
2026-08-28 09:35:41,1981.8,76,96,0,2463,50.21,P0,0x0000000000000000,70675828,35306048,52124296,789956,0,0.43,0.00,0.00,1.58,56,85,75,75,76,76,85,79
2026-08-28 09:35:42,1982.8,76,96,0,2463,50.09,P0,0x0000000000000000,70643352,35273512,52124304,6020,0,0.43,0.00,0.00,1.58,56,84,75,75,75,75,84,79
2026-08-28 09:35:43,1983.8,81,96,0,2457,56.33,P0,0x0000000000000000,70654948,35259908,52114568,30016,0,0.35,0.00,0.00,1.58,56,87,74,75,75,80,87,78
2026-08-28 09:35:44,1984.8,82,96,0,2418,79.62,P0,0x0000000000000000,70651140,35180540,52114616,103612,0,0.35,0.00,0.00,1.58,56,92,74,75,75,85,92,77
2026-08-28 09:35:45,1985.8,81,94,0,2379,76.95,P0,0x0000000000000000,70656312,35135320,52114632,152784,0,0.28,0.00,0.00,1.61,56,94,74,74,75,87,94,77
2026-08-28 09:35:46,1986.8,78,96,0,2405,75.59,P0,0x0000000000000000,70658180,35086776,52114616,205964,0,0.28,0.00,0.00,1.61,56,91,74,75,75,82,91,77
2026-08-28 09:35:47,1987.8,77,96,0,2463,50.14,P0,0x0000000000000000,70650372,35078908,52114788,202648,0,0.41,0.00,0.00,1.61,56,87,75,75,75,77,87,78
2026-08-28 09:35:48,1988.8,76,96,0,2463,50.25,P0,0x0000000000000000,70649316,35077812,52114792,201604,0,0.41,0.00,0.00,1.61,56,85,75,75,76,77,85,79
2026-08-28 09:35:49,1989.8,80,96,0,2431,69.80,P0,0x0000000000000000,70650156,35028076,52122316,256016,0,1.61,0.00,0.00,1.61,56,90,75,75,76,84,90,78
2026-08-28 09:35:50,1990.8,82,96,0,2424,81.16,P0,0x0000000000000000,70662468,34964876,52122708,322556,0,1.61,0.00,0.00,1.96,56,93,75,75,75,87,93,77
2026-08-28 09:35:51,1991.8,77,96,0,2424,68.31,P0,0x0000000000000000,70638064,34915252,52122784,351444,0,1.31,0.00,0.00,1.96,56,90,75,75,75,80,90,78
2026-08-28 09:35:52,1992.8,77,96,0,2463,50.44,P0,0x0000000000000000,70647080,34924180,52122784,347196,0,1.31,0.00,0.00,1.96,56,86,75,76,76,76,86,79
2026-08-28 09:35:53,1993.8,77,96,0,2463,50.31,P0,0x0000000000000000,70650492,34927412,52122664,347224,0,1.07,0.00,0.00,1.96,57,85,75,76,76,76,85,79
2026-08-28 09:35:54,1994.8,76,96,0,2463,50.21,P0,0x0000000000000000,70660572,34935208,52119504,351368,0,1.07,0.00,0.00,1.96,57,84,75,75,76,76,84,79
2026-08-28 09:35:55,1995.8,76,96,0,2463,50.10,P0,0x0000000000000000,70642776,34917284,52119476,345128,0,0.88,0.00,0.00,1.89,57,84,75,75,76,76,84,79
2026-08-28 09:35:56,1996.8,80,94,0,2444,60.63,P0,0x0000000000000000,70655900,34875948,52119476,402048,8,0.88,0.00,0.00,1.89,57,89,75,78,75,78,89,78
2026-08-28 09:35:57,1997.8,82,96,0,2418,78.66,P0,0x0000000000000000,70660972,34809380,52122232,469904,0,0.72,0.00,0.00,1.89,57,92,75,76,75,83,92,78
2026-08-28 09:35:58,1998.8,82,96,0,2392,74.70,P0,0x0000000000000020,70659044,34731900,52122576,545900,0,0.72,0.00,0.00,1.89,57,94,75,75,75,86,94,79
2026-08-28 09:35:59,1999.8,79,56,0,2262,73.49,P0,0x0000000000000000,70643012,34665432,52127660,596524,0,0.59,0.00,0.00,1.89,57,94,75,75,75,87,94,80
2026-08-28 09:36:00,2000.8,82,96,0,2424,78.98,P0,0x0000000000000000,70654176,34676084,52127712,593704,0,0.59,0.00,0.00,1.81,57,95,75,75,75,88,95,80
2026-08-28 09:36:01,2001.8,82,96,0,2398,77.99,P0,0x0000000000000020,70646580,34592840,52127744,666132,0,0.48,0.00,0.00,1.81,57,95,75,76,75,86,95,80
2026-08-28 09:36:02,2002.8,78,96,0,2405,72.61,P0,0x0000000000000020,70618548,34514428,52133484,721412,0,0.48,0.00,0.00,1.81,57,95,75,79,76,80,95,77
2026-08-28 09:36:03,2003.8,77,96,0,2463,53.55,P0,0x0000000000000000,70631740,34527384,52133492,716272,0,0.57,0.00,0.00,1.81,57,89,75,76,76,77,89,78
2026-08-28 09:36:04,2004.8,77,96,0,2463,50.42,P0,0x0000000000000000,70631600,34527104,52133500,716656,0,0.57,0.00,0.00,1.81,57,86,76,76,76,76,86,79
2026-08-28 09:36:05,2005.8,76,96,0,2463,50.29,P0,0x0000000000000000,70634356,34529740,52127244,719352,0,0.47,0.00,0.00,1.75,57,85,76,77,76,78,85,79
2026-08-28 09:36:06,2006.8,76,96,0,2463,50.30,P0,0x0000000000000000,70637444,34507576,52124464,740932,0,0.47,0.00,0.00,1.75,57,84,75,76,76,76,84,79
2026-08-28 09:36:07,2007.8,76,96,0,2463,49.92,P0,0x0000000000000000,70640352,34510100,52124208,743460,0,0.38,0.00,0.00,1.75,57,84,75,75,76,76,84,79
2026-08-28 09:36:08,2008.8,81,96,0,2431,67.19,P0,0x0000000000000000,70626976,34446060,52133056,793244,0,0.38,0.00,0.00,1.75,57,90,75,79,75,76,90,78
2026-08-28 09:36:09,2009.8,81,96,0,2418,78.82,P0,0x0000000000000000,70636748,34380148,52137816,30408,0,2.67,0.00,0.00,1.75,57,92,75,84,75,76,92,80
2026-08-28 09:36:10,2010.8,78,52,0,2418,75.03,P0,0x0000000000000000,70649148,34342204,52137816,76552,0,2.67,0.00,0.00,1.69,57,91,75,83,75,77,91,80
2026-08-28 09:36:11,2011.8,81,96,0,2424,69.95,P0,0x0000000000000000,70654036,34296728,52137736,127440,0,2.18,0.00,0.00,1.69,58,93,75,77,75,83,93,77
2026-08-28 09:36:12,2012.8,80,96,0,2379,77.36,P0,0x0000000000000020,70617884,34185104,52140492,205080,0,2.18,0.00,0.00,1.69,58,93,75,76,76,86,93,78
2026-08-28 09:36:13,2013.8,78,96,0,2398,73.99,P0,0x0000000000000000,70629488,34146096,52149080,252660,0,1.79,0.00,0.00,1.69,58,93,76,77,76,87,93,78
2026-08-28 09:36:14,2014.8,81,96,0,2431,79.41,P0,0x0000000000000000,70630968,34072024,52143984,322956,0,1.79,0.00,0.00,1.69,58,95,75,80,76,82,95,77
2026-08-28 09:36:15,2015.8,81,96,0,2418,76.24,P0,0x0000000000000000,70622620,34013324,52143984,372380,0,1.46,0.00,0.00,1.63,58,95,75,81,75,78,95,77
2026-08-28 09:36:16,2016.8,82,96,0,2424,79.92,P0,0x0000000000000000,70620852,33935180,52142952,449160,0,1.46,0.00,0.00,1.63,58,94,75,85,75,76,94,77
2026-08-28 09:36:17,2017.8,77,96,0,2450,64.39,P0,0x0000000000000000,70617308,33906380,52143984,472768,0,1.20,0.00,0.00,1.63,58,89,75,78,75,76,89,78
2026-08-28 09:36:18,2018.8,76,96,0,2463,50.34,P0,0x0000000000000000,70626140,33915116,52143900,474308,0,1.20,0.00,0.00,1.63,58,86,75,75,75,75,86,78
2026-08-28 09:36:19,2019.8,80,96,0,2463,54.57,P0,0x0000000000000000,70675496,33939160,52145636,495028,0,0.98,0.00,0.00,1.63,58,87,75,80,75,76,87,78
2026-08-28 09:36:20,2020.8,80,96,0,2424,79.34,P0,0x0000000000000000,70680844,33868988,52145628,568624,0,0.98,0.00,0.00,1.98,58,92,75,84,75,75,92,77
2026-08-28 09:36:21,2021.8,78,94,0,2405,78.02,P0,0x0000000000000020,70674528,33812304,52145740,620064,0,0.80,0.00,0.00,1.98,58,94,75,86,75,76,94,77
2026-08-28 09:36:22,2022.8,77,96,0,2431,69.53,P0,0x0000000000000000,70670204,33782704,52152792,646220,0,0.80,0.00,0.00,1.98,58,91,75,78,75,76,91,77
2026-08-28 09:36:23,2023.8,76,96,0,2463,50.28,P0,0x0000000000000000,70667372,33779748,52152804,641436,0,0.65,0.00,0.00,1.98,58,86,75,75,75,76,86,78
2026-08-28 09:36:24,2024.8,81,96,0,2431,69.62,P0,0x0000000000000000,70662976,33730856,52152804,687096,0,0.65,0.00,0.00,1.98,58,91,74,76,75,80,91,77
2026-08-28 09:36:25,2025.8,80,96,0,2385,78.23,P0,0x0000000000000000,70668172,33660744,52149712,766240,4,0.72,0.00,0.00,1.99,58,92,75,82,75,77,92,77
2026-08-28 09:36:26,2026.8,79,96,0,2392,77.12,P0,0x0000000000000000,70665252,33582032,52149712,836424,0,0.72,0.00,0.00,1.99,58,93,75,84,75,75,93,77
2026-08-28 09:36:27,2027.8,77,86,0,2379,75.52,P0,0x0000000000000000,70660088,33526248,52162584,887432,0,0.58,0.00,0.00,1.99,58,93,75,82,75,75,93,76
2026-08-28 09:36:28,2028.8,76,96,0,2463,56.49,P0,0x0000000000000000,70584912,33417632,52216832,921132,0,0.58,0.00,0.00,1.99,58,87,75,78,75,80,87,78
2026-08-28 09:36:29,2029.8,76,96,0,2463,49.77,P0,0x0000000000000000,70556112,33377944,52242448,926684,0,0.48,0.00,0.18,1.99,58,85,75,77,76,83,85,78
2026-08-28 09:36:30,2030.8,76,96,0,2463,49.72,P0,0x0000000000000000,70520580,33309080,52270204,957580,0,0.48,0.00,0.18,2.15,58,85,75,77,76,85,84,78
2026-08-28 09:36:31,2031.8,76,96,0,2463,49.87,P0,0x0000000000000000,70492628,33250844,52299732,989564,0,0.39,0.00,0.14,2.15,58,83,75,77,75,81,83,78
2026-08-28 09:36:32,2032.8,75,96,0,2463,49.60,P0,0x0000000000000000,70477108,33231276,53105088,986960,0,0.39,0.00,0.14,2.15,58,84,75,76,75,79,84,78
2026-08-28 09:36:33,2033.8,82,96,0,2405,76.65,P0,0x0000000000000000,70438560,33104964,53271056,1070768,0,2.13,0.00,0.30,2.15,58,90,75,82,75,82,90,77
2026-08-28 09:36:34,2034.8,79,94,0,2431,76.24,P0,0x0000000000000000,70418512,33026032,53300992,1129172,0,2.13,0.00,0.30,2.15,59,93,75,85,75,83,93,77
2026-08-28 09:36:35,2035.8,80,96,0,2431,79.85,P0,0x0000000000000000,70385480,32909104,53385224,226324,4,1.74,0.00,0.61,2.30,59,92,76,86,75,83,92,77
2026-08-28 09:36:36,2036.8,79,96,0,2424,75.38,P0,0x0000000000000020,70336332,32777844,53421564,305844,0,1.74,0.00,0.61,2.30,59,94,76,85,75,84,94,76
2026-08-28 09:36:37,2037.8,80,94,0,2385,74.11,P0,0x0000000000000000,70349928,32741068,53421912,356444,0,1.43,0.00,0.68,2.30,59,93,75,86,75,78,93,76
2026-08-28 09:36:38,2038.8,76,96,0,2463,54.78,P0,0x0000000000000000,70362188,32728152,53426572,380708,0,1.43,0.00,0.68,2.30,59,88,75,80,75,77,88,77
2026-08-28 09:36:39,2039.8,76,96,0,2463,49.90,P0,0x0000000000000000,70360208,32725940,53427684,380700,4,1.17,0.00,0.55,2.30,59,85,75,78,75,77,85,78
2026-08-28 09:36:40,2040.8,76,96,0,2463,49.87,P0,0x0000000000000000,70352492,32718172,53424524,234304,0,1.17,0.00,0.55,2.27,59,84,75,78,75,77,84,78
2026-08-28 09:36:41,2041.8,80,94,0,2437,62.83,P0,0x0000000000000000,70681504,33003112,52176760,49228,0,0.95,0.00,0.45,2.27,59,88,75,78,75,78,88,77
2026-08-28 09:36:42,2042.8,79,94,0,2418,78.03,P0,0x0000000000000020,70699272,32970544,52177656,101504,4,0.95,0.00,0.45,2.27,59,92,74,81,74,76,92,77
2026-08-28 09:36:43,2043.8,80,96,0,2418,80.54,P0,0x0000000000000000,70718184,32971144,52177144,176664,0,0.78,0.00,0.37,2.27,59,94,74,85,74,75,94,76
2026-08-28 09:36:44,2044.8,80,96,0,2359,76.43,P0,0x0000000000000000,70707848,32910496,52180900,225772,0,0.78,0.00,0.37,2.27,59,94,74,82,74,75,94,76
2026-08-28 09:36:45,2045.8,81,96,0,2457,62.79,P0,0x0000000000000000,70703924,32881368,52180900,250712,0,0.64,0.00,0.30,2.25,59,92,74,76,75,80,92,77
2026-08-28 09:36:46,2046.8,81,96,0,2418,79.48,P0,0x0000000000000000,70691524,32793424,52181036,321896,0,0.64,0.00,0.30,2.25,59,94,75,76,76,85,94,77
2026-08-28 09:36:47,2047.8,77,96,0,2424,70.34,P0,0x0000000000000000,70694016,32745548,52186632,376716,0,0.52,0.00,0.25,2.25,59,91,75,75,75,80,91,77
2026-08-28 09:36:48,2048.8,76,96,0,2463,50.12,P0,0x0000000000000000,70700348,32751828,52186648,370976,0,0.52,0.00,0.25,2.25,59,86,75,75,75,76,86,78
2026-08-28 09:36:49,2049.8,79,94,0,2437,62.15,P0,0x0000000000000000,70706620,32707668,52189500,424048,0,0.43,0.00,0.20,2.25,59,89,75,75,75,81,89,78
2026-08-28 09:36:50,2050.8,81,94,0,2424,79.39,P0,0x0000000000000000,70692236,32642896,52189124,471080,0,0.43,0.00,0.20,2.39,59,93,75,76,75,85,93,77
2026-08-28 09:36:51,2051.8,82,96,0,2379,78.18,P0,0x0000000000000000,70667940,32542952,52189124,548548,0,0.35,0.00,0.16,2.39,59,94,75,76,76,87,94,78
2026-08-28 09:36:52,2052.8,77,96,0,2379,63.27,P0,0x0000000000000000,70658868,32508672,52192084,567312,132,0.35,0.00,0.16,2.39,59,89,75,75,75,81,89,77
2026-08-28 09:36:53,2053.8,81,96,0,2431,66.83,P0,0x0000000000000000,70652000,32451288,52192084,618468,0,1.01,0.00,0.13,2.39,59,92,75,81,75,77,92,78
2026-08-28 09:36:54,2054.8,82,96,0,2418,79.55,P0,0x0000000000000000,70652120,32375936,52195056,692568,0,1.01,0.00,0.13,2.39,59,92,75,85,76,77,92,77
2026-08-28 09:36:55,2055.8,81,96,0,2424,77.71,P0,0x0000000000000000,70639984,32288276,52195384,767640,0,0.82,0.00,0.11,2.44,59,95,75,87,76,77,95,77
2026-08-28 09:36:56,2056.8,83,94,0,2424,81.19,P0,0x0000000000000000,70628540,32226512,52198152,814080,0,0.82,0.00,0.11,2.44,59,95,75,88,76,76,95,77
2026-08-28 09:36:57,2057.8,81,96,0,2418,78.13,P0,0x0000000000000000,70610780,32133200,52198312,888020,0,0.67,0.00,0.09,2.44,59,95,75,88,76,76,95,77
2026-08-28 09:36:58,2058.8,77,96,0,2431,65.93,P0,0x0000000000000000,70640316,32137544,52203064,907688,0,0.67,0.00,0.09,2.44,59,91,75,81,76,76,91,78
2026-08-28 09:36:59,2059.8,77,96,0,2463,50.56,P0,0x0000000000000000,70645028,32142124,52204988,909972,0,0.55,0.00,0.07,2.44,59,87,76,78,77,77,87,79
2026-08-28 09:37:00,2060.8,77,96,0,2463,50.56,P0,0x0000000000000000,70652964,32150028,52205120,914548,0,0.55,0.00,0.07,2.32,59,86,76,76,76,76,86,79
2026-08-28 09:37:01,2061.8,77,96,0,2463,50.57,P0,0x0000000000000000,70665276,32162276,52204772,910476,0,0.45,0.00,0.06,2.32,59,85,76,76,76,76,85,79
2026-08-28 09:37:02,2062.8,77,96,0,2463,50.46,P0,0x0000000000000000,70625664,32122600,52205124,910492,0,0.45,0.00,0.06,2.32,59,85,76,76,77,77,85,79
2026-08-28 09:37:03,2063.8,77,96,0,2463,50.32,P0,0x0000000000000000,70640432,32137160,52205116,911792,0,0.55,0.00,0.04,2.32,59,85,76,76,77,77,85,79
2026-08-28 09:37:04,2064.8,77,96,0,2463,50.40,P0,0x0000000000000000,70644324,32140976,52205180,914320,0,0.55,0.00,0.04,2.32,59,84,76,76,76,76,84,79
2026-08-28 09:37:05,2065.8,77,96,0,2463,50.38,P0,0x0000000000000000,70663980,32160600,52205276,917076,0,0.45,0.00,0.04,2.30,59,84,76,77,76,77,84,79
2026-08-28 09:37:06,2066.8,77,96,0,2463,50.45,P0,0x0000000000000000,70648368,32144872,52202192,913680,0,0.45,0.00,0.04,2.30,59,84,76,76,76,76,84,79
2026-08-28 09:37:07,2067.8,77,96,0,2463,50.16,P0,0x0000000000000000,70663196,32159612,52202200,178016,0,0.37,0.00,0.03,2.30,59,84,76,76,76,76,84,79
2026-08-28 09:37:08,2068.8,77,96,0,2463,50.36,P0,0x0000000000000000,70671032,32167428,52202044,174464,0,0.37,0.00,0.03,2.30,59,85,76,76,76,76,85,79
2026-08-28 09:37:09,2069.8,82,96,0,2418,75.14,P0,0x0000000000000000,70634408,32055128,52207024,248448,0,0.30,0.00,0.02,2.30,59,91,76,83,76,76,91,79
2026-08-28 09:37:10,2070.8,81,94,0,2398,76.11,P0,0x0000000000000000,70643764,31986936,52223448,326420,0,0.30,0.00,0.02,2.59,59,94,75,86,76,78,94,81
2026-08-28 09:37:11,2071.8,83,96,0,2411,75.92,P0,0x0000000000000000,70635484,31905144,52226092,393736,0,0.24,0.00,0.02,2.59,59,94,76,88,76,77,94,81
2026-08-28 09:37:12,2072.8,77,96,0,2457,59.89,P0,0x0000000000000000,70600100,31844576,52232904,247848,0,0.24,0.00,0.02,2.59,59,90,76,81,76,77,90,79
2026-08-28 09:37:13,2073.8,77,96,0,2463,50.50,P0,0x0000000000000000,70598276,31842684,52232904,251588,0,0.56,0.00,0.01,2.59,59,87,76,77,76,76,87,80
2026-08-28 09:37:14,2074.8,77,96,0,2463,50.43,P0,0x0000000000000000,70613892,31858256,52233008,253344,0,0.56,0.00,0.01,2.59,59,86,76,76,76,76,86,80
2026-08-28 09:37:15,2075.8,77,96,0,2463,50.40,P0,0x0000000000000000,70626448,31870772,52232992,249380,0,0.46,0.00,0.01,2.55,59,85,76,77,76,76,85,79
2026-08-28 09:37:16,2076.8,77,96,0,2463,50.40,P0,0x0000000000000000,70631520,31875792,52229900,248952,0,0.46,0.00,0.01,2.55,59,85,76,76,76,76,85,79
2026-08-28 09:37:17,2077.8,81,96,0,2444,60.96,P0,0x0000000000000000,70624536,31843616,52230140,272460,0,0.37,0.00,0.01,2.55,59,88,75,76,76,81,88,79
2026-08-28 09:37:18,2078.8,81,96,0,2418,78.93,P0,0x0000000000000000,70613620,31757224,52230140,346692,0,0.37,0.00,0.01,2.55,59,93,75,75,76,86,93,78
2026-08-28 09:37:19,2079.8,82,96,0,2418,74.95,P0,0x0000000000000000,70607672,31700864,52240024,395300,0,0.31,0.00,0.00,2.55,59,94,76,76,76,88,94,78
2026-08-28 09:37:20,2080.8,82,96,0,2424,79.96,P0,0x0000000000000020,70602080,31644800,52240040,448548,0,0.31,0.00,0.00,2.74,59,95,76,76,76,89,95,78
2026-08-28 09:37:21,2081.8,78,96,0,2457,63.07,P0,0x0000000000000000,70605264,31622740,52243452,466992,0,0.25,0.00,0.00,2.74,59,90,76,76,76,83,90,79
2026-08-28 09:37:22,2082.8,82,96,0,2411,74.58,P0,0x0000000000000000,70566364,31508320,52243424,542500,0,0.25,0.00,0.00,2.74,59,94,76,76,76,87,94,79
2026-08-28 09:37:23,2083.8,78,94,0,2405,75.47,P0,0x0000000000000068,70548396,31440000,52243424,591628,0,1.11,0.00,0.00,2.74,59,96,76,76,77,83,96,78
2026-08-28 09:37:24,2084.8,82,96,0,2359,74.89,P0,0x0000000000000000,70549428,31365508,52243424,665728,0,1.11,0.00,0.00,2.74,59,94,76,76,77,86,94,78
2026-08-28 09:37:25,2085.8,80,96,0,2359,67.62,P0,0x0000000000000020,70543608,31309356,52243452,715300,0,0.91,0.00,0.00,2.76,60,94,76,76,77,87,94,78
2026-08-28 09:37:26,2086.8,82,92,0,2463,61.39,P0,0x0000000000000000,70520492,31235888,52249308,767288,0,0.91,0.00,0.00,2.76,60,92,76,77,77,82,92,79
2026-08-28 09:37:27,2087.8,82,95,0,2424,79.70,P0,0x0000000000000000,70527600,31192648,52249216,815420,0,0.74,0.00,0.00,2.76,60,94,76,77,77,86,94,79
2026-08-28 09:37:28,2088.8,79,96,0,2385,73.93,P0,0x0000000000000020,70551448,31140988,52249220,883140,0,0.74,0.00,0.00,2.76,60,95,76,77,77,83,95,79
2026-08-28 09:37:29,2089.8,82,95,0,2457,64.25,P0,0x0000000000000000,70567820,31106952,52246872,932288,0,0.61,0.00,0.00,2.76,60,93,77,80,77,80,93,79
2026-08-28 09:37:30,2090.8,81,94,0,2379,76.54,P0,0x0000000000000020,70577048,31042868,52246888,1007876,0,0.61,0.00,0.00,3.02,60,95,77,85,77,78,95,79
2026-08-28 09:37:31,2091.8,85,96,0,2424,74.16,P0,0x0000000000000000,70577776,30991096,52246872,1058536,0,0.50,0.00,0.00,3.02,60,95,77,86,77,78,95,79
2026-08-28 09:37:32,2092.8,81,96,0,2424,72.43,P0,0x0000000000000020,70561096,30909728,52246892,112880,512,0.50,0.00,0.00,3.02,60,95,77,87,77,77,95,79
2026-08-28 09:37:33,2093.8,83,96,0,2229,67.07,P0,0x0000000000000020,70537032,30849472,52250392,154172,0,0.40,0.00,0.00,3.02,60,92,77,82,77,77,92,79
2026-08-28 09:37:34,2094.8,78,96,0,2463,50.89,P0,0x0000000000000000,70513104,30825484,52250392,149868,0,0.40,0.00,0.00,3.02,60,88,77,78,77,77,88,80
2026-08-28 09:37:35,2095.8,82,96,0,2431,68.62,P0,0x0000000000000000,70494484,30756560,52250392,199056,0,0.33,0.00,0.00,2.86,60,92,77,84,77,78,92,79
2026-08-28 09:37:36,2096.8,79,96,0,2405,73.82,P0,0x0000000000000020,70510248,30696856,52250392,277300,0,0.33,0.00,0.00,2.86,60,94,77,86,77,77,94,79
2026-08-28 09:37:37,2097.8,81,94,0,2424,76.26,P0,0x0000000000000020,70536804,30673040,52250408,223788,0,0.27,0.00,0.00,2.86,60,95,77,87,77,77,95,79
2026-08-28 09:37:38,2098.8,78,96,0,2431,66.99,P0,0x0000000000000000,70547112,30658168,52258800,248344,0,0.27,0.00,0.00,2.86,60,91,77,80,77,77,91,79
2026-08-28 09:37:39,2099.8,78,96,0,2463,50.85,P0,0x0000000000000000,70537900,30648796,52263908,252340,0,0.22,0.00,0.00,2.86,60,88,77,78,77,78,88,80
2026-08-28 09:37:40,2100.8,83,96,0,2411,69.52,P0,0x0000000000000000,70538168,30598712,52264932,295540,0,0.22,0.00,0.00,2.71,60,92,76,77,77,84,92,79
2026-08-28 09:37:41,2101.8,83,96,0,2424,80.16,P0,0x0000000000000000,70535768,30520804,52264932,373056,0,0.18,0.00,0.00,2.71,60,95,76,76,76,87,95,79
2026-08-28 09:37:42,2102.8,83,96,0,2249,74.93,P0,0x0000000000000048,70544312,30453840,52264932,444524,0,0.18,0.00,0.00,2.71,60,94,76,76,76,83,94,79
2026-08-28 09:37:43,2103.8,79,96,0,2372,71.20,P0,0x0000000000000000,70547200,30431496,52272428,467228,0,0.14,0.00,0.00,2.71,60,93,76,76,76,81,93,79
2026-08-28 09:37:44,2104.8,78,96,0,2463,50.83,P0,0x0000000000000000,70562172,30446436,52272436,469396,0,0.14,0.00,0.00,2.71,60,88,76,77,77,79,88,80
2026-08-28 09:37:45,2105.8,77,96,0,2463,50.66,P0,0x0000000000000000,70576772,30461004,52272436,468576,0,0.12,0.00,0.00,2.57,60,87,76,77,77,78,87,80
2026-08-28 09:37:46,2106.8,82,96,0,2418,76.00,P0,0x0000000000000000,70547948,30356696,52272448,542148,0,0.12,0.00,0.00,2.57,60,92,76,83,76,76,92,79
2026-08-28 09:37:47,2107.8,83,94,0,2418,79.05,P0,0x0000000000000000,70549888,30308292,52272592,591540,0,0.10,0.00,0.00,2.57,60,94,76,84,76,76,94,80
2026-08-28 09:37:48,2108.8,82,96,0,2216,72.28,P0,0x0000000000000020,70544620,30227544,52275360,663856,0,0.10,0.00,0.00,2.57,60,94,76,87,76,76,94,81
2026-08-28 09:37:49,2109.8,78,96,0,2405,67.87,P0,0x0000000000000000,70540552,30198220,52283620,693936,0,0.08,0.00,0.00,2.57,60,90,76,81,76,77,90,79
2026-08-28 09:37:50,2110.8,77,96,0,2463,50.51,P0,0x0000000000000000,70554652,30212232,52284640,689780,0,0.08,0.00,0.00,2.69,60,87,76,78,77,79,87,80
2026-08-28 09:37:51,2111.8,82,96,0,2424,69.63,P0,0x0000000000000000,70541652,30148932,52284648,740880,0,0.06,0.00,0.00,2.69,60,91,76,83,76,77,91,79
2026-08-28 09:37:52,2112.8,82,96,0,2418,76.27,P0,0x0000000000000068,70542096,30073868,52289532,815076,0,0.06,0.00,0.00,2.69,60,93,77,86,76,78,93,78
2026-08-28 09:37:53,2113.8,83,96,0,2424,73.35,P0,0x0000000000000000,70543072,30074700,52266452,815912,0,1.14,0.00,0.00,2.69,60,94,77,87,76,78,94,78
2026-08-28 09:37:54,2114.8,84,96,0,2398,77.22,P0,0x0000000000000020,70550436,30056820,52266596,837060,0,1.14,0.00,0.00,2.69,60,96,77,87,76,78,96,78
2026-08-28 09:37:55,2115.8,77,96,0,2444,63.22,P0,0x0000000000000000,70545444,30026640,52269764,861464,0,0.93,0.00,0.00,2.87,60,91,76,81,76,77,91,78
2026-08-28 09:37:56,2116.8,77,96,0,2463,50.69,P0,0x0000000000000000,70530812,30011928,52269768,866052,0,0.93,0.00,0.00,2.87,60,87,76,77,76,76,87,79
2026-08-28 09:37:57,2117.8,77,96,0,2463,50.48,P0,0x0000000000000000,70543364,30024424,52269768,862080,0,0.76,0.00,0.00,2.87,60,86,76,76,76,76,86,79
2026-08-28 09:37:58,2118.8,81,94,0,2431,70.44,P0,0x0000000000000000,70525164,29955828,52269768,910156,0,0.76,0.00,0.00,2.87,60,91,76,82,76,76,91,78
2026-08-28 09:37:59,2119.8,82,96,0,2372,76.79,P0,0x0000000000000000,70516696,29871816,52279288,987560,0,0.62,0.00,0.00,2.87,60,94,76,84,76,76,94,78
2026-08-28 09:38:00,2120.8,78,96,0,2437,73.31,P0,0x0000000000000000,70513824,29818584,52282036,1032664,288,0.62,0.00,0.00,4.49,60,92,76,83,76,77,92,78
2026-08-28 09:38:01,2121.8,77,96,0,2463,50.44,P0,0x0000000000000000,70506196,29810916,52282036,1034000,0,0.51,0.00,0.00,4.49,60,88,76,78,76,76,88,79
2026-08-28 09:38:02,2122.8,82,96,0,2418,68.58,P0,0x0000000000000000,70537292,29791684,52282036,1085212,0,0.51,0.00,0.00,4.49,60,91,75,76,76,83,91,78
2026-08-28 09:38:03,2123.8,82,96,0,2418,79.71,P0,0x0000000000000000,70514556,29693232,52281972,1106072,0,0.41,0.00,0.00,4.49,60,93,75,76,76,83,93,78
2026-08-28 09:38:04,2124.8,83,96,0,2405,75.43,P0,0x0000000000000000,70504136,29632480,52284916,1155492,0,0.41,0.00,0.00,4.49,60,93,75,76,76,82,93,77
2026-08-28 09:38:05,2125.8,77,96,0,2463,52.04,P0,0x0000000000000000,70515108,29618176,52285144,1183772,0,0.34,0.00,0.00,4.45,60,88,76,77,76,78,88,79
2026-08-28 09:38:06,2126.8,82,96,0,2444,54.91,P0,0x0000000000000000,70523692,29601572,52285024,1208308,0,0.34,0.00,0.00,4.45,60,89,75,79,76,76,89,78
2026-08-28 09:38:07,2127.8,81,96,0,2392,77.19,P0,0x0000000000000020,70524472,29547912,52285040,1256652,4,0.28,0.00,0.00,4.45,60,92,76,82,76,79,92,79
2026-08-28 09:38:08,2128.8,79,95,0,2457,56.59,P0,0x0000000000000000,70525732,29528084,52290676,1228,0,0.28,0.00,0.00,4.45,60,89,76,79,76,77,89,79
2026-08-28 09:38:09,2129.8,78,94,0,2424,79.14,P0,0x0000000000000020,70511968,29438684,52290704,81096,0,0.22,0.00,0.00,4.45,60,93,76,83,76,77,93,78
2026-08-28 09:38:10,2130.8,82,96,0,2379,76.34,P0,0x0000000000000000,70522220,29373376,52290712,51584,8,0.22,0.00,0.00,4.25,60,94,75,85,76,78,94,77
2026-08-28 09:38:11,2131.8,77,96,0,2431,71.19,P0,0x0000000000000000,70528876,29354832,52296476,73912,0,0.18,0.00,0.00,4.25,60,92,75,80,76,76,92,77
2026-08-28 09:38:12,2132.8,77,96,0,2463,50.46,P0,0x0000000000000000,70545832,29371572,52296476,80700,4,0.18,0.00,0.00,4.25,60,87,75,77,76,76,87,79
2026-08-28 09:38:13,2133.8,82,96,0,2431,63.27,P0,0x0000000000000000,70535304,29310668,52296492,124980,0,0.15,0.00,0.00,4.25,60,90,75,76,76,82,90,78
2026-08-28 09:38:14,2134.8,81,55,0,2424,77.66,P0,0x0000000000000000,70525444,29250436,52302228,174724,0,0.15,0.00,0.00,4.25,60,92,75,76,75,83,92,78
2026-08-28 09:38:15,2135.8,82,96,0,2431,66.91,P0,0x0000000000000000,70520004,29219788,52307472,202900,0,0.12,0.00,0.00,4.31,60,92,75,76,76,83,92,78
2026-08-28 09:38:16,2136.8,81,96,0,2418,79.86,P0,0x0000000000000000,70493224,29117496,52308288,278052,0,0.12,0.00,0.00,4.31,60,94,76,77,76,86,94,78
2026-08-28 09:38:17,2137.8,83,96,0,2392,77.06,P0,0x0000000000000000,70524684,29073460,52302532,345748,0,0.10,0.00,0.00,4.31,60,95,76,77,77,88,95,78
2026-08-28 09:38:18,2138.8,79,96,0,2236,73.19,P0,0x0000000000000020,70508124,29006568,52310668,399032,0,0.10,0.00,0.00,4.31,60,95,76,77,76,87,95,78
2026-08-28 09:38:19,2139.8,77,96,0,2463,54.55,P0,0x0000000000000000,70492028,28990336,52315444,395560,0,1.17,0.00,0.00,4.31,60,89,75,76,76,79,89,79
2026-08-28 09:38:20,2140.8,77,96,0,2463,50.40,P0,0x0000000000000000,70476776,28974976,52312400,395828,0,1.17,0.00,0.00,4.37,60,86,75,76,76,77,86,79
2026-08-28 09:38:21,2141.8,76,96,0,2463,50.41,P0,0x0000000000000000,70459364,28957528,52304092,393112,0,0.95,0.00,0.00,4.37,60,85,75,76,76,76,85,79
2026-08-28 09:38:22,2142.8,76,96,0,2463,50.30,P0,0x0000000000000000,70460932,28959016,52309596,399344,0,0.95,0.00,0.00,4.37,60,84,75,75,76,76,84,79
2026-08-28 09:38:23,2143.8,76,96,0,2463,50.16,P0,0x0000000000000000,70457472,28955500,52310056,395128,0,0.78,0.00,0.00,4.37,60,84,75,75,75,75,84,79
2026-08-28 09:38:24,2144.8,76,96,0,2463,50.11,P0,0x0000000000000000,70473916,28971876,52318600,396736,0,0.78,0.00,0.00,4.37,60,83,75,75,75,76,83,78
2026-08-28 09:38:25,2145.8,82,96,0,2431,73.65,P0,0x0000000000000000,70507708,28905008,52318616,497120,0,0.64,0.00,0.00,4.34,60,90,75,75,76,84,90,78
2026-08-28 09:38:26,2146.8,82,96,0,2424,80.52,P0,0x0000000000000000,70515956,28862932,52307540,543220,0,0.64,0.00,0.00,4.34,60,93,74,74,76,87,93,77
2026-08-28 09:38:27,2147.8,82,96,0,2262,78.00,P0,0x0000000000000000,70518016,28789448,52314152,614068,0,0.52,0.00,0.00,4.34,60,92,74,74,76,86,92,77
2026-08-28 09:38:28,2148.8,76,96,0,2457,58.95,P0,0x0000000000000000,70515088,28786332,52314160,619780,0,0.52,0.00,0.00,4.34,60,89,75,75,76,80,89,78
2026-08-28 09:38:29,2149.8,81,96,0,2431,67.14,P0,0x0000000000000000,70505600,28726432,52320688,665088,0,0.61,0.00,0.00,4.34,60,91,75,77,75,80,91,78
2026-08-28 09:38:30,2150.8,81,96,0,2392,78.11,P0,0x0000000000000000,70494416,28639768,52320688,738276,0,0.61,0.00,0.00,4.15,60,94,74,75,75,85,94,77
2026-08-28 09:38:31,2151.8,81,96,0,2398,76.51,P0,0x0000000000000000,70490104,28585112,52320680,790876,0,0.50,0.00,0.00,4.15,60,94,74,75,75,84,94,77
2026-08-28 09:38:32,2152.8,80,96,0,2060,72.86,P0,0x0000000000000004,70485152,28504644,52322748,861880,0,0.50,0.00,0.00,4.15,60,93,75,75,75,82,93,77
2026-08-28 09:38:33,2153.8,76,96,0,2463,58.85,P0,0x0000000000000000,70478828,28498000,52325508,859056,0,0.41,0.00,0.00,4.15,60,88,75,75,75,77,88,78
2026-08-28 09:38:34,2154.8,76,96,0,2463,50.10,P0,0x0000000000000000,70491936,28485864,52325856,883612,4,0.41,0.00,0.00,4.15,60,86,75,75,75,76,86,78
2026-08-28 09:38:35,2155.8,82,96,0,2424,69.70,P0,0x0000000000000000,70496472,28440044,52328632,939168,0,0.33,0.00,0.00,4.14,60,91,74,76,75,83,91,77
2026-08-28 09:38:36,2156.8,82,96,0,2418,80.34,P0,0x0000000000000000,70497868,28365928,52331384,52132,0,0.33,0.00,0.00,4.14,61,94,74,75,75,85,94,77
2026-08-28 09:38:37,2157.8,84,96,0,2424,77.81,P0,0x0000000000000000,70475756,28268268,52331748,125540,0,0.27,0.00,0.00,4.14,61,94,74,75,75,86,94,77
2026-08-28 09:38:38,2158.8,77,96,0,2450,65.86,P0,0x0000000000000000,70465060,28232296,52337704,149448,1964,0.27,0.00,0.00,4.14,61,90,74,75,75,81,90,77
2026-08-28 09:38:39,2159.8,76,96,0,2463,50.13,P0,0x0000000000000000,70471640,28238712,52334592,152080,0,0.22,0.00,0.00,4.14,61,87,75,75,76,78,87,78
2026-08-28 09:38:40,2160.8,76,96,0,2463,50.11,P0,0x0000000000000000,70461292,28228260,52334592,150756,4,0.22,0.00,0.00,4.37,61,85,75,77,75,77,85,78
2026-08-28 09:38:41,2161.8,76,96,0,2463,50.13,P0,0x0000000000000000,70475964,28242856,52331580,153408,0,0.18,0.00,0.00,4.37,61,84,75,76,75,76,84,78
2026-08-28 09:38:42,2162.8,76,96,0,2463,50.05,P0,0x0000000000000000,70485244,28252096,52332596,150500,0,0.18,0.00,0.00,4.37,61,84,74,75,75,75,84,78
2026-08-28 09:38:43,2163.8,81,96,0,2431,63.24,P0,0x0000000000000000,70478472,28194912,52332484,199264,0,1.41,0.00,0.00,4.37,61,88,74,75,75,80,88,77
2026-08-28 09:38:44,2164.8,81,95,0,2424,79.56,P0,0x0000000000000000,70473700,28139820,52332376,252256,0,1.41,0.00,0.00,4.37,61,93,74,74,75,84,93,77
2026-08-28 09:38:45,2165.8,77,96,0,2437,74.96,P0,0x0000000000000000,70474012,28089736,52336052,297028,0,1.16,0.00,0.00,4.18,61,91,74,75,75,82,91,77
2026-08-28 09:38:46,2166.8,82,96,0,2418,75.72,P0,0x0000000000000000,70464304,27979368,52336056,395368,8,1.16,0.00,0.00,4.18,61,93,74,74,75,85,93,76
2026-08-28 09:38:47,2167.8,79,96,0,2392,78.92,P0,0x0000000000000020,70471808,27936540,52335816,446192,0,0.95,0.00,0.00,4.18,61,95,74,74,75,86,95,77
2026-08-28 09:38:48,2168.8,80,95,0,2392,77.63,P0,0x0000000000000000,70467020,27856220,52335820,517724,0,0.95,0.00,0.00,4.18,61,95,74,75,75,87,95,77
2026-08-28 09:38:49,2169.8,79,96,0,2314,71.95,P0,0x0000000000000020,70479140,27792776,52332544,590308,0,0.77,0.00,0.00,4.18,61,95,74,75,75,87,95,77
2026-08-28 09:38:50,2170.8,76,96,0,2463,55.31,P0,0x0000000000000000,70470452,27783960,52337132,592228,0,0.77,0.00,0.00,4.08,61,88,75,75,75,80,88,78
2026-08-28 09:38:51,2171.8,76,96,0,2463,50.12,P0,0x0000000000000000,70446392,27759864,52336976,595372,0,0.63,0.00,0.00,4.08,61,86,75,75,75,78,86,78
2026-08-28 09:38:52,2172.8,82,96,0,2424,76.90,P0,0x0000000000000000,70438644,27676464,52337164,666840,0,0.63,0.00,0.00,4.08,61,91,74,75,75,83,91,77
2026-08-28 09:38:53,2173.8,82,96,0,2418,78.80,P0,0x0000000000000048,70428652,27591180,52340188,738908,0,0.52,0.00,0.00,4.08,61,93,74,75,75,82,93,77
2026-08-28 09:38:54,2174.8,76,96,0,2463,62.67,P0,0x0000000000000000,70462140,27624404,52342888,742984,0,0.52,0.00,0.00,4.08,61,89,74,75,75,77,89,77
2026-08-28 09:38:55,2175.8,76,96,0,2463,50.22,P0,0x0000000000000000,70462120,27624332,52342888,738956,0,0.60,0.00,0.00,4.00,61,86,75,75,75,77,86,78
2026-08-28 09:38:56,2176.8,76,96,0,2463,50.18,P0,0x0000000000000000,70461296,27623424,52342896,739084,0,0.60,0.00,0.00,4.00,61,84,74,75,75,77,84,78
2026-08-28 09:38:57,2177.8,82,96,0,2431,75.38,P0,0x0000000000000000,70466344,27552788,52342896,813488,0,0.49,0.00,0.00,4.00,61,90,74,75,75,84,90,78
2026-08-28 09:38:58,2178.8,82,96,0,2424,80.37,P0,0x0000000000000000,70528060,27564144,52342908,864348,0,0.49,0.00,0.00,4.00,61,94,74,75,74,87,94,79
2026-08-28 09:38:59,2179.8,76,96,0,2463,58.40,P0,0x0000000000000000,70522844,27533696,52356248,884332,0,0.40,0.00,0.00,4.00,61,88,74,75,75,80,88,77
2026-08-28 09:39:00,2180.8,76,96,0,2463,50.25,P0,0x0000000000000000,70523240,27534012,52356256,884340,0,0.40,0.00,0.00,3.83,61,85,74,75,75,77,85,78
2026-08-28 09:39:01,2181.8,81,96,0,2457,53.62,P0,0x0000000000000000,70518036,27503640,52356272,912708,0,0.33,0.00,0.00,3.83,61,87,75,78,75,75,87,78
2026-08-28 09:39:02,2182.8,81,94,0,2431,79.10,P0,0x0000000000000000,70509800,27445060,52356260,27236,0,0.33,0.00,0.00,3.83,61,91,75,84,75,75,91,81
2026-08-28 09:39:03,2183.8,80,94,0,2411,79.47,P0,0x0000000000000000,70484372,27343912,52356268,102676,0,0.27,0.00,0.00,3.83,61,93,75,87,75,75,93,82
2026-08-28 09:39:04,2184.8,82,96,0,2405,80.28,P0,0x0000000000000000,70466120,27250100,52356272,178176,0,0.27,0.00,0.00,3.83,61,94,76,88,75,75,94,83
2026-08-28 09:39:05,2185.8,77,96,0,2437,69.96,P0,0x0000000000000000,70452224,27211028,52362680,199608,0,0.22,0.00,0.00,3.77,61,91,76,82,75,76,91,79
2026-08-28 09:39:06,2186.8,76,94,0,2463,50.97,P0,0x0000000000000000,70455180,27213912,52363288,201132,0,0.22,0.00,0.00,3.77,61,88,75,81,75,75,88,78
2026-08-28 09:39:07,2187.8,81,96,0,2424,79.00,P0,0x0000000000000000,70455600,27138848,52363288,275600,0,0.18,0.00,0.00,3.77,61,92,76,86,75,75,92,81
2026-08-28 09:39:08,2188.8,83,96,0,2424,78.97,P0,0x0000000000000000,70481632,27089396,52366224,348816,0,0.18,0.00,0.00,3.77,61,94,76,87,75,75,94,83
2026-08-28 09:39:09,2189.8,82,96,0,2424,77.53,P0,0x0000000000000000,70454820,27012120,52359124,395864,4,0.14,0.00,0.00,3.77,61,94,76,88,75,75,94,83
2026-08-28 09:39:10,2190.8,77,96,0,2437,74.56,P0,0x0000000000000000,70432836,26939732,52361876,444692,0,0.14,0.00,0.00,3.71,61,92,76,84,75,75,92,81
2026-08-28 09:39:11,2191.8,76,96,0,2463,50.37,P0,0x0000000000000000,70438060,26944892,52361884,444696,0,0.12,0.00,0.00,3.71,61,87,75,78,75,75,87,78
2026-08-28 09:39:12,2192.8,76,96,0,2463,50.10,P0,0x0000000000000000,70436536,26943312,52362140,444692,0,0.12,0.00,0.00,3.71,61,85,75,77,75,76,85,78
2026-08-28 09:39:13,2193.8,80,94,0,2431,70.14,P0,0x0000000000000000,70421604,26877980,52366244,493644,0,2.09,0.00,0.00,3.71,61,90,75,76,75,79,90,77
2026-08-28 09:39:14,2194.8,82,96,0,2392,79.03,P0,0x0000000000000000,70419804,26800672,52366244,565952,132,2.09,0.00,0.00,3.71,61,93,75,81,75,76,93,77
2026-08-28 09:39:15,2195.8,77,96,0,2437,75.61,P0,0x0000000000000000,70422136,26752672,52368972,616932,0,1.71,0.00,0.00,3.57,61,92,75,80,75,76,92,77
2026-08-28 09:39:16,2196.8,81,94,0,2431,61.84,P0,0x0000000000000000,70447340,26752624,52377188,644064,0,1.71,0.00,0.00,3.57,61,91,75,76,75,82,91,77
2026-08-28 09:39:17,2197.8,84,94,0,2431,79.58,P0,0x0000000000000000,70426564,26740864,52377408,714232,0,1.40,0.00,0.00,3.57,61,93,74,82,75,77,93,77
2026-08-28 09:39:18,2198.8,79,96,0,2249,74.34,P0,0x0000000000000020,70443432,26751388,52377944,788328,0,1.40,0.00,0.00,3.57,61,93,74,85,75,76,93,77
2026-08-28 09:39:19,2199.8,82,83,0,2418,75.50,P0,0x0000000000000000,70437144,26744996,52388072,838284,4,1.14,0.00,0.00,3.57,61,93,74,86,75,75,93,76
2026-08-28 09:39:20,2200.8,82,96,0,2424,78.97,P0,0x0000000000000000,70414456,26722208,52388080,865644,0,1.14,0.00,0.00,3.36,61,94,75,81,75,75,94,77
2026-08-28 09:39:21,2201.8,74,54,0,2424,77.10,P0,0x0000000000000000,70443636,26751356,52392720,933028,0,0.93,0.00,0.00,3.36,61,92,75,82,75,76,92,80
2026-08-28 09:39:22,2202.8,77,96,0,2463,52.29,P0,0x0000000000000000,70435160,26742752,52392920,935408,0,0.93,0.00,0.00,3.36,61,87,75,78,76,76,87,78
2026-08-28 09:39:23,2203.8,76,96,0,2463,50.11,P0,0x0000000000000000,70428948,26736504,52392936,960136,0,0.76,0.00,0.00,3.36,61,85,75,76,75,76,85,79
2026-08-28 09:39:24,2204.8,76,96,0,2463,50.21,P0,0x0000000000000000,70418824,26726324,52392940,958064,0,0.76,0.00,0.00,3.36,61,84,75,75,75,75,84,78
2026-08-28 09:39:25,2205.8,76,96,0,2463,50.00,P0,0x0000000000000000,70435348,26742768,52395692,959448,0,0.62,0.00,0.00,3.25,61,84,74,75,75,76,84,78
2026-08-28 09:39:26,2206.8,76,96,0,2463,50.05,P0,0x0000000000000000,70433764,26741088,52395728,963684,0,0.62,0.00,0.00,3.25,61,83,74,75,75,75,83,78
2026-08-28 09:39:27,2207.8,76,96,0,2463,49.94,P0,0x0000000000000000,70428404,26735632,52395816,960560,0,0.51,0.00,0.00,3.25,61,83,74,75,75,75,83,78
2026-08-28 09:39:28,2208.8,75,96,0,2463,49.72,P0,0x0000000000000000,70427084,26734240,52398568,52608,0,0.51,0.00,0.00,3.25,61,83,74,75,75,75,83,78
2026-08-28 09:39:29,2209.8,75,96,0,2463,49.61,P0,0x0000000000000000,70417440,26724500,52397748,56816,0,0.42,0.00,0.00,3.25,61,83,74,75,75,76,83,78
2026-08-28 09:39:30,2210.8,75,96,0,2463,48.10,P0,0x0000000000000000,70397416,26704436,52397748,53744,0,0.42,0.00,0.00,3.23,61,83,74,75,75,76,83,78
2026-08-28 09:39:31,2211.8,75,96,0,2463,48.02,P0,0x0000000000000000,70394628,26701568,52394652,52204,0,0.34,0.00,0.00,3.23,61,82,74,74,75,75,82,77
2026-08-28 09:39:32,2212.8,75,96,0,2463,48.05,P0,0x0000000000000000,70394360,26701240,52394652,51564,0,0.34,0.00,0.00,3.23,61,82,74,74,74,74,82,77
2026-08-28 09:39:33,2213.8,75,96,0,2463,47.95,P0,0x0000000000000000,70407088,26713744,52394676,6628,0,0.28,0.00,0.00,3.23,61,82,74,74,74,74,82,77
2026-08-28 09:39:34,2214.8,75,96,0,2463,48.00,P0,0x0000000000000000,70404708,26711312,52391592,5524,0,0.28,0.00,0.00,3.23,61,82,73,74,74,74,82,77
2026-08-28 09:39:35,2215.8,75,96,0,2463,47.81,P0,0x0000000000000000,70412276,26718804,52391592,2564,4,0.23,0.00,0.00,3.05,61,82,74,76,74,75,82,77
2026-08-28 09:39:36,2216.8,75,96,0,2463,47.93,P0,0x0000000000000000,70423960,26730456,52391596,3092,0,0.23,0.00,0.00,3.05,61,82,73,74,74,75,82,77
2026-08-28 09:39:37,2217.8,74,96,0,2463,47.48,P0,0x0000000000000000,70440172,26746584,52391596,2460,0,0.18,0.00,0.00,3.05,61,81,73,74,74,75,81,77
2026-08-28 09:39:38,2218.8,73,96,0,2463,43.41,P0,0x0000000000000000,70449492,26755884,52391596,2484,0,0.18,0.00,0.00,3.05,61,80,73,74,74,76,80,77
2026-08-28 09:39:39,2219.8,73,96,0,2463,42.08,P0,0x0000000000000000,70442376,26748528,52390680,6996,0,0.15,0.00,0.00,3.05,61,80,73,74,74,76,80,77
2026-08-28 09:39:40,2220.8,73,96,0,2463,41.61,P0,0x0000000000000000,70433076,26739160,52390680,3320,0,0.15,0.00,0.00,3.21,61,79,73,74,74,76,79,76
2026-08-28 09:39:41,2221.8,73,96,0,2463,41.43,P0,0x0000000000000000,70414892,26720716,52390768,2572,0,0.12,0.00,0.00,3.21,61,79,73,74,74,75,79,76
2026-08-28 09:39:42,2222.8,69,0,0,2392,33.80,P0,0x0000000000000000,71198540,27503048,50667268,5280,0,0.12,0.00,0.00,3.21,61,77,73,75,73,75,77,75
2026-08-28 09:39:43,2223.8,69,0,0,2392,15.86,P0,0x0000000000000000,70995676,27300032,50858656,2680,0,2.09,0.00,0.00,3.21,61,82,72,72,72,82,74,73
2026-08-28 09:39:44,2224.8,68,0,0,2392,15.69,P0,0x0000000000000000,70923464,27227748,50931740,5048,0,2.09,0.00,0.00,3.21,61,86,71,71,72,86,72,72
2026-08-28 09:39:45,2225.8,68,0,0,2392,15.59,P0,0x0000000000000000,70872748,27176992,50985088,1700,0,1.89,0.00,0.00,3.03,61,88,71,71,71,88,72,72
2026-08-28 09:39:46,2226.8,67,0,0,2392,15.49,P0,0x0000000000000000,70749892,27053932,51902852,7844,0,1.89,0.00,0.00,3.03,61,87,70,71,71,87,71,72
2026-08-28 09:39:47,2227.8,67,0,0,2392,15.48,P0,0x0000000000000000,70689644,26993540,51998384,2504,0,2.27,0.00,0.00,3.03,61,81,70,71,71,81,71,72
2026-08-28 09:39:48,2228.8,67,0,0,2392,15.36,P0,0x0000000000000000,70446864,26750740,52257148,6892,0,2.27,0.00,0.00,3.03,61,79,70,79,70,74,70,74
2026-08-28 09:39:49,2229.8,66,0,0,2392,15.31,P0,0x0000000000000000,70428828,26732372,52278276,5632,0,1.86,0.00,0.00,3.03,61,81,70,81,70,71,70,76
2026-08-28 09:39:50,2230.8,66,0,0,2392,15.21,P0,0x0000000000000000,70420232,26723680,52278276,2488,0,1.86,0.00,0.00,2.87,61,82,70,82,69,71,69,77
2026-08-28 09:39:51,2231.8,66,0,0,2392,15.11,P0,0x0000000000000000,70407320,26710708,52278156,2192,0,1.52,0.00,0.00,2.87,61,82,69,82,69,70,69,76
2026-08-28 09:39:52,2232.8,66,0,0,2392,15.06,P0,0x0000000000000000,70407056,26710396,52279468,5988,0,1.52,0.00,0.00,2.87,61,82,69,82,68,69,69,76
2026-08-28 09:39:53,2233.8,65,0,0,2392,15.04,P0,0x0000000000000000,70388244,26691424,52280996,2504,0,1.25,0.00,0.00,2.87,61,82,69,82,68,69,68,76
2026-08-28 09:39:54,2234.8,65,0,0,2392,15.00,P0,0x0000000000000000,70413468,26716580,52281344,4704,0,1.25,0.00,0.00,2.87,61,81,68,81,68,69,68,76
2026-08-28 09:39:55,2235.8,65,0,0,2392,14.98,P0,0x0000000000000000,70393700,26696684,52317596,7424,4,1.02,0.00,0.00,2.72,61,81,69,81,68,70,68,76
2026-08-28 09:39:56,2236.8,65,0,0,2392,14.91,P0,0x0000000000000000,70395620,26698472,52281344,2648,0,1.02,0.00,0.00,2.72,61,82,68,82,68,69,68,75
2026-08-28 09:39:57,2237.8,65,0,0,2392,14.87,P0,0x0000000000000000,70390168,26692940,52279464,2404,0,0.83,0.00,0.00,2.72,61,75,67,75,68,69,68,72
2026-08-28 09:39:58,2238.8,77,96,0,2444,57.08,P0,0x0000000000000000,70391120,26694668,52406700,55236,0,0.83,0.00,0.00,2.72,61,79,68,75,68,69,79,73
2026-08-28 09:39:59,2239.8,78,96,0,2444,80.38,P0,0x0000000000000000,70392540,26691724,52408180,104304,0,0.68,0.00,0.00,2.72,61,87,69,77,69,70,87,70
2026-08-28 09:40:00,2240.8,78,96,0,2444,80.35,P0,0x0000000000000000,70398668,26697812,52404688,2968,0,0.68,0.00,0.00,2.58,61,88,70,76,70,70,88,71
2026-08-28 09:40:01,2241.8,78,96,0,2437,80.21,P0,0x0000000000000000,70407292,26706348,52404704,2688,0,0.56,0.00,0.00,2.58,61,90,70,79,70,71,90,72
2026-08-28 09:40:02,2242.8,80,96,0,2431,81.65,P0,0x0000000000000000,70422360,26725540,52416004,3816,0,0.56,0.00,0.00,2.58,61,91,70,79,71,71,91,73
2026-08-28 09:40:03,2243.8,79,96,0,2437,79.80,P0,0x0000000000000000,70409660,26712616,52443764,26984,0,1.54,0.00,0.00,2.58,61,91,72,77,71,73,91,74
2026-08-28 09:40:04,2244.8,81,96,0,2437,80.39,P0,0x0000000000000000,70393460,26696352,52443764,77440,0,1.54,0.00,0.00,2.58,61,92,72,81,72,73,92,73
2026-08-28 09:40:05,2245.8,77,73,0,2405,77.65,P0,0x0000000000000000,70415076,26717876,52448928,129968,0,1.26,0.00,0.00,2.54,61,91,73,82,72,74,91,74
2026-08-28 09:40:06,2246.8,79,94,0,2418,80.48,P0,0x0000000000000000,70418880,26721620,52445836,126368,0,1.26,0.00,0.00,2.54,61,93,73,84,72,74,93,74
2026-08-28 09:40:07,2247.8,80,96,0,2405,81.77,P0,0x0000000000000000,70430348,26732988,52448588,125508,0,1.03,0.00,0.00,2.54,61,92,73,84,73,75,92,75
2026-08-28 09:40:08,2248.8,81,96,0,2431,76.73,P0,0x0000000000000000,70414228,26716808,52454392,129500,0,1.03,0.00,0.00,2.54,61,93,74,84,73,75,93,75
2026-08-28 09:40:09,2249.8,81,96,0,2424,79.14,P0,0x0000000000000000,70424124,26726536,52466416,125972,0,0.84,0.00,0.00,2.54,61,93,74,84,74,75,93,75
2026-08-28 09:40:10,2250.8,82,96,0,2424,81.05,P0,0x0000000000000000,70429868,26732232,52467016,128480,0,0.84,0.00,0.00,2.49,61,94,74,81,73,75,94,78
2026-08-28 09:40:11,2251.8,82,96,0,2418,80.59,P0,0x0000000000000000,70451380,26753624,52467036,154056,0,0.69,0.00,0.00,2.49,61,94,75,85,74,75,94,81
2026-08-28 09:40:12,2252.8,79,96,0,2411,78.92,P0,0x0000000000000068,70445896,26748124,52463956,199988,0,0.69,0.00,0.00,2.49,61,95,75,87,74,75,95,82
2026-08-28 09:40:13,2253.8,83,94,0,2424,78.32,P0,0x0000000000000000,70445296,26747428,52464316,201052,0,0.56,0.00,0.00,2.49,61,94,75,84,74,77,94,82
2026-08-28 09:40:14,2254.8,79,73,0,2418,79.80,P0,0x0000000000000000,70434512,26736584,52466944,200544,0,0.56,0.00,0.00,2.49,61,94,74,78,74,84,94,77
2026-08-28 09:40:15,2255.8,81,96,0,2424,80.72,P0,0x0000000000000000,70412564,26714540,52466916,1804,0,0.46,0.00,0.00,2.37,61,94,74,76,75,85,94,77
2026-08-28 09:40:16,2256.8,79,96,0,2242,79.51,P0,0x0000000000000004,70399852,26701756,52466916,2204,0,0.46,0.00,0.00,2.37,61,94,74,75,75,83,94,77
2026-08-28 09:40:17,2257.8,82,96,0,2418,76.86,P0,0x0000000000000000,70413848,26715700,52476216,28784,0,0.38,0.00,0.00,2.37,61,94,74,75,75,85,94,77
2026-08-28 09:40:18,2258.8,82,96,0,2418,80.88,P0,0x0000000000000000,70414392,26716016,52472732,2920,0,0.38,0.00,0.00,2.37,61,95,75,75,76,87,95,77
2026-08-28 09:40:19,2259.8,83,94,0,2379,79.09,P0,0x0000000000000020,70413996,26715508,52473052,3736,0,0.67,0.00,0.00,2.37,61,95,75,75,76,87,95,77
2026-08-28 09:40:20,2260.8,81,96,0,2411,79.08,P0,0x0000000000000000,70413420,26714828,52475840,28572,0,0.67,0.00,0.00,2.34,61,96,75,75,76,87,96,77
2026-08-28 09:40:21,2261.8,81,95,0,2424,74.83,P0,0x0000000000000000,70412672,26714020,52475864,31884,0,0.55,0.00,0.00,2.34,61,96,75,75,76,88,96,77
2026-08-28 09:40:22,2262.8,82,95,0,2431,78.33,P0,0x0000000000000000,70390592,26691872,52480416,26948,388,0.55,0.00,0.00,2.34,61,95,75,75,76,84,95,77
2026-08-28 09:40:23,2263.8,83,96,0,2418,81.37,P0,0x0000000000000000,70398992,26700180,52480400,27016,0,0.45,0.00,0.00,2.34,61,95,75,76,76,85,95,77
2026-08-28 09:40:24,2264.8,79,94,0,2385,76.32,P0,0x0000000000000000,70425956,26727136,52480400,54664,0,0.45,0.00,0.00,2.34,61,95,75,77,76,87,95,78
2026-08-28 09:40:25,2265.8,81,96,0,2411,76.43,P0,0x0000000000000000,70409452,26710532,52484368,126568,0,0.36,0.00,0.00,2.23,61,93,75,77,76,88,93,78
2026-08-28 09:40:26,2266.8,83,96,0,2424,77.01,P0,0x0000000000000000,70414820,26715828,52486776,125096,0,0.36,0.00,0.00,2.23,61,94,76,77,76,88,94,78
2026-08-28 09:40:27,2267.8,84,96,0,2385,79.21,P0,0x0000000000000000,70417912,26718828,52489528,129212,0,0.30,0.00,0.00,2.23,61,95,76,77,76,88,95,78
2026-08-28 09:40:28,2268.8,80,96,0,2398,77.01,P0,0x0000000000000020,70415312,26716136,52489896,126312,0,0.30,0.00,0.00,2.23,61,95,76,78,77,89,95,78
2026-08-28 09:40:29,2269.8,81,96,0,2385,75.74,P0,0x0000000000000020,70386104,26686800,52499940,127732,0,0.24,0.00,0.00,2.23,61,94,76,78,77,89,94,78
2026-08-28 09:40:30,2270.8,83,95,0,2411,75.97,P0,0x0000000000000000,70381368,26681840,52563656,6956,0,0.24,0.00,0.00,2.14,61,95,76,78,77,88,95,78
2026-08-28 09:40:31,2271.8,83,95,0,2411,81.74,P0,0x0000000000000000,70399548,26699900,52496856,2684,0,0.20,0.00,0.00,2.14,61,96,76,78,77,89,96,78
2026-08-28 09:40:32,2272.8,84,96,0,2203,73.12,P0,0x0000000000000000,70387584,26686832,52496864,4928,0,0.20,0.00,0.00,2.14,61,95,76,77,76,88,95,78
2026-08-28 09:40:33,2273.8,83,96,0,2424,71.13,P0,0x0000000000000000,70376580,26675604,52505316,3500,0,0.16,0.00,0.00,2.14,61,93,76,77,76,88,93,78
2026-08-28 09:40:34,2274.8,82,96,0,2424,81.63,P0,0x0000000000000000,70383084,26682056,52505308,2416,4,0.16,0.00,0.00,2.14,61,96,76,77,76,88,96,78
2026-08-28 09:40:35,2275.8,83,96,0,2385,79.25,P0,0x0000000000000020,70353024,26651944,52505252,3900,4,0.13,0.00,0.00,2.04,61,95,76,77,76,88,95,78
2026-08-28 09:40:36,2276.8,80,85,0,2372,74.50,P0,0x0000000000000000,70350316,26649148,52507396,5216,0,0.13,0.00,0.00,2.04,61,93,76,78,77,88,93,79
2026-08-28 09:40:37,2277.8,82,94,0,2398,77.07,P0,0x0000000000000020,70354944,26653700,52510940,6664,0,0.47,0.00,0.00,2.04,61,94,76,77,77,88,94,79
2026-08-28 09:40:38,2278.8,82,96,0,2418,80.98,P0,0x0000000000000000,70344904,26643628,52510940,1816,0,0.47,0.00,0.00,2.04,61,96,76,77,77,88,96,79
2026-08-28 09:40:39,2279.8,80,96,0,2190,75.55,P0,0x0000000000000020,70340528,26639048,52504484,3828,0,0.38,0.00,0.00,2.04,61,95,76,77,77,88,95,79
2026-08-28 09:40:40,2280.8,80,96,0,2138,73.21,P0,0x0000000000000000,70398452,26696916,52504468,4156,0,0.38,0.00,0.00,1.96,61,95,76,77,76,87,95,80
2026-08-28 09:40:41,2281.8,77,96,0,2463,59.18,P0,0x0000000000000000,70409044,26707404,52510408,26500,0,0.31,0.00,0.00,1.96,61,89,75,76,76,81,89,78
2026-08-28 09:40:42,2282.8,77,96,0,2463,50.74,P0,0x0000000000000000,70401632,26699944,52510408,26504,0,0.31,0.00,0.00,1.96,61,86,75,76,76,78,86,79
2026-08-28 09:40:43,2283.8,77,96,0,2463,50.76,P0,0x0000000000000000,70407964,26706204,52510244,33016,0,0.25,0.00,0.00,1.96,61,85,75,76,76,76,85,79
2026-08-28 09:40:44,2284.8,76,96,0,2463,50.58,P0,0x0000000000000000,70401816,26699996,52518188,28860,0,0.25,0.00,0.00,1.96,61,85,75,76,76,77,85,79
2026-08-28 09:40:45,2285.8,77,96,0,2463,50.36,P0,0x0000000000000000,70413560,26711712,52518196,28340,0,0.21,0.00,0.00,1.96,61,84,75,76,76,76,84,79
2026-08-28 09:40:46,2286.8,76,96,0,2463,50.46,P0,0x0000000000000000,70437356,26735464,52518196,26356,3540,0.21,0.00,0.00,1.96,61,84,75,76,76,76,84,79
2026-08-28 09:40:47,2287.8,76,96,0,2463,50.42,P0,0x0000000000000000,70451096,26749156,52518336,30852,0,0.35,0.00,0.00,1.96,61,84,75,75,75,76,84,78
2026-08-28 09:40:48,2288.8,76,96,0,2463,50.40,P0,0x0000000000000000,70438084,26736096,52518336,27940,0,0.35,0.00,0.00,1.96,61,83,75,75,75,75,83,78
2026-08-28 09:40:49,2289.8,76,96,0,2463,50.26,P0,0x0000000000000000,70427460,26725340,52523424,28280,0,0.29,0.00,0.00,1.96,61,83,75,75,75,75,83,78
2026-08-28 09:40:50,2290.8,76,96,0,2463,50.54,P0,0x0000000000000000,70424168,26721972,52523424,32296,0,0.29,0.00,0.00,3.89,61,84,74,75,75,77,84,78
2026-08-28 09:40:51,2291.8,82,96,0,2418,80.56,P0,0x0000000000000000,70435240,26732968,52524448,103260,0,0.23,0.00,0.00,3.89,61,91,74,75,75,84,91,77
2026-08-28 09:40:52,2292.8,83,96,0,2418,82.23,P0,0x0000000000000020,70399272,26696980,52524448,173480,0,0.23,0.00,0.00,3.89,61,93,75,76,75,86,93,77
2026-08-28 09:40:53,2293.8,77,96,0,2424,68.38,P0,0x0000000000000000,70370084,26667632,52529592,203736,0,0.37,0.00,0.00,3.89,61,91,75,75,75,81,91,77
2026-08-28 09:40:54,2294.8,76,96,0,2463,50.52,P0,0x0000000000000000,70355388,26652724,52529928,198272,0,0.37,0.00,0.00,3.89,61,87,75,75,75,77,87,78
2026-08-28 09:40:55,2295.8,76,96,0,2463,51.50,P0,0x0000000000000000,70368484,26665768,52530956,201728,0,0.30,0.00,0.00,3.82,61,86,74,76,75,77,86,78
2026-08-28 09:40:56,2296.8,82,96,0,2418,80.28,P0,0x0000000000000000,70383988,26680728,52530956,278760,0,0.30,0.00,0.00,3.82,61,91,74,83,75,76,91,77
2026-08-28 09:40:57,2297.8,77,96,0,2457,67.27,P0,0x0000000000000000,70374888,26671476,52540108,298276,0,0.25,0.00,0.00,3.82,61,89,75,79,75,75,89,77
2026-08-28 09:40:58,2298.8,76,96,0,2463,51.28,P0,0x0000000000000000,70388612,26685116,52541132,298344,0,0.25,0.00,0.00,3.82,61,87,75,76,75,75,87,78
2026-08-28 09:40:59,2299.8,82,96,0,2411,80.29,P0,0x0000000000000000,70372416,26668776,52547632,377244,4,0.20,0.00,0.00,3.82,61,91,75,82,75,76,91,77
2026-08-28 09:41:00,2300.8,82,96,0,2411,82.15,P0,0x0000000000000000,70357012,26653360,52547616,446704,0,0.20,0.00,0.00,3.59,61,94,75,84,75,76,94,77
2026-08-28 09:41:01,2301.8,76,96,0,2249,75.66,P0,0x0000000000000000,70354660,26650900,52547628,496856,0,0.16,0.00,0.00,3.59,61,93,75,82,75,76,93,77
2026-08-28 09:41:02,2302.8,77,96,0,2457,65.54,P0,0x0000000000000000,70354288,26650472,52554068,544556,0,0.16,0.00,0.00,3.59,61,91,75,80,75,76,91,79
2026-08-28 09:41:03,2303.8,77,96,0,2463,50.49,P0,0x0000000000000000,70329736,26625672,52553780,544784,0,0.31,0.00,0.00,3.59,61,87,75,76,76,76,87,79
2026-08-28 09:41:04,2304.8,77,96,0,2463,50.48,P0,0x0000000000000000,70325052,26620852,52553268,542344,0,0.31,0.00,0.00,3.59,61,85,75,76,76,76,85,79
2026-08-28 09:41:05,2305.8,83,96,0,2418,77.21,P0,0x0000000000000000,70315288,26611040,52550176,617760,0,0.26,0.00,0.00,3.38,61,91,75,76,75,84,91,78
2026-08-28 09:41:06,2306.8,82,96,0,2392,79.32,P0,0x0000000000000000,70355096,26652780,52550208,679380,0,0.26,0.00,0.00,3.38,61,94,75,76,75,87,94,78
2026-08-28 09:41:07,2307.8,77,96,0,2457,64.77,P0,0x0000000000000000,70345060,26640660,52553004,714284,0,0.21,0.00,0.00,3.38,61,90,75,76,76,82,90,77
2026-08-28 09:41:08,2308.8,77,96,0,2463,50.73,P0,0x0000000000000000,70348540,26644096,52546196,714876,0,0.21,0.00,0.00,3.38,61,87,75,76,76,78,87,79
2026-08-28 09:41:09,2309.8,82,96,0,2437,58.72,P0,0x0000000000000000,70320156,26619728,52552124,743800,0,0.17,0.00,0.00,3.38,61,89,76,77,76,80,89,78
2026-08-28 09:41:10,2310.8,84,96,0,2424,79.74,P0,0x0000000000000000,70366296,26665824,52551956,812528,4,0.17,0.00,0.00,3.19,61,93,76,82,76,78,93,78
2026-08-28 09:41:11,2311.8,84,94,0,2398,77.40,P0,0x0000000000000000,70385640,26685072,52552044,862192,0,0.14,0.00,0.00,3.19,61,95,75,86,76,76,95,78
2026-08-28 09:41:12,2312.8,78,96,0,2463,60.98,P0,0x0000000000000000,70383052,26682420,52555696,859592,412,0.14,0.00,0.00,3.19,61,90,76,80,76,77,90,79
2026-08-28 09:41:13,2313.8,77,96,0,2463,50.89,P0,0x0000000000000000,70384328,26683484,52555568,863084,0,1.74,0.00,0.00,3.19,61,87,76,76,77,77,87,79
2026-08-28 09:41:14,2314.8,77,96,0,2463,50.61,P0,0x0000000000000000,70395896,26695024,52555568,884212,0,1.74,0.00,0.00,3.19,61,86,76,76,77,77,86,79
2026-08-28 09:41:15,2315.8,83,96,0,2424,66.51,P0,0x0000000000000000,70390396,26689500,52560688,937380,0,1.43,0.00,0.00,3.10,61,90,76,78,76,83,90,79
2026-08-28 09:41:16,2316.8,82,94,0,2385,79.48,P0,0x0000000000000000,70378604,26677556,52558660,988624,0,1.43,0.00,0.00,3.10,61,94,76,78,76,84,94,79
2026-08-28 09:41:17,2317.8,78,96,0,2424,69.71,P0,0x0000000000000000,70364496,26663372,52561664,1034756,0,1.17,0.00,0.00,3.10,61,91,76,79,76,79,91,78
2026-08-28 09:41:18,2318.8,78,96,0,2463,50.77,P0,0x0000000000000000,70384076,26682888,52566144,1035208,0,1.17,0.00,0.00,3.10,61,87,76,77,77,77,87,80
2026-08-28 09:41:19,2319.8,83,96,0,2431,66.17,P0,0x0000000000000000,70383760,26682480,52551876,1079584,0,0.95,0.00,0.00,3.10,61,91,77,82,77,77,91,79
2026-08-28 09:41:20,2320.8,83,94,0,2385,78.81,P0,0x0000000000000000,70377496,26676120,52552352,1131852,0,0.95,0.00,0.00,2.93,61,94,77,85,76,77,94,79
2026-08-28 09:41:21,2321.8,78,96,0,2463,59.22,P0,0x0000000000000000,70408532,26707100,52557044,1155172,0,0.78,0.00,0.00,2.93,61,91,77,82,77,77,91,79
2026-08-28 09:41:22,2322.8,83,96,0,2359,76.47,P0,0x0000000000000020,70367508,26666036,52557044,31496,4,0.78,0.00,0.00,2.93,61,94,77,85,77,77,94,79
2026-08-28 09:41:23,2323.8,85,96,0,2405,73.64,P0,0x0000000000000020,70348440,26646880,52557036,102572,0,0.64,0.00,0.00,2.93,61,95,77,86,76,76,95,79
2026-08-28 09:41:24,2324.8,80,94,0,2366,74.08,P0,0x0000000000000000,70360964,26659304,52553940,150576,0,0.64,0.00,0.00,2.93,61,94,77,87,77,77,94,78
# start 2026-08-28 09:42:59 PDT boot_id=9b6b755d-e0d1-4879-b9ee-e991d2dee546
2026-08-28 09:42:59,15.7,64,0,0,2405,19.96,P0,0x0000000000000004,123700820,122662428,4220156,4220,0,1.03,0.00,3.79,1.40,60,76,68,76,68,75,66,70
2026-08-28 09:43:00,16.7,64,0,0,2392,15.39,P0,0x0000000000000000,123501808,122172140,5170924,2372,1368,2.47,0.00,5.27,1.40,60,78,69,74,69,78,67,72
2026-08-28 09:43:01,17.7,64,0,0,2392,15.03,P0,0x0000000000000000,123096996,121390760,6970308,5300,0,2.47,0.00,5.27,1.40,60,85,70,77,70,85,67,74
2026-08-28 09:43:02,18.7,64,0,0,2392,14.74,P0,0x0000000000000000,123013728,121164840,7208056,4660,0,2.20,0.00,6.67,1.40,60,83,70,75,70,83,67,73
2026-08-28 09:43:03,19.7,64,0,0,2392,14.81,P0,0x0000000000000000,123019388,120593328,7548764,9012,0,2.20,0.00,6.67,1.40,60,82,70,78,71,82,67,75
2026-08-28 09:43:04,20.7,65,0,0,2392,14.84,P0,0x0000000000000000,122994552,120416224,7601408,7736,0,1.80,0.00,7.46,1.69,60,81,70,81,70,81,67,77
2026-08-28 09:43:05,21.7,65,0,0,2392,14.81,P0,0x0000000000000000,122561996,119888100,7895924,14108,0,1.80,0.00,7.46,1.69,60,77,69,74,69,77,68,72
2026-08-28 09:43:06,22.7,65,0,0,2392,14.88,P0,0x0000000000000000,122504048,119542004,8217880,10852,264,1.84,0.00,7.19,1.69,60,77,70,74,70,77,68,72
2026-08-28 09:43:07,23.7,65,0,0,2392,14.79,P0,0x0000000000000000,122462956,119474548,8555344,6272,0,1.84,0.00,7.19,1.69,60,79,69,73,69,79,68,70
2026-08-28 09:43:08,24.7,65,0,0,2392,14.83,P0,0x0000000000000000,122408128,118919164,9029228,10184,0,3.32,0.00,6.79,1.69,60,75,69,74,69,75,68,71
2026-08-28 09:43:09,25.7,65,0,0,2392,14.83,P0,0x0000000000000000,122304156,118684604,9098928,18824,0,3.32,0.00,6.79,1.87,60,78,69,78,68,72,68,72
2026-08-28 09:43:10,26.7,64,0,0,2392,10.77,P0,0x0000000000000000,121941492,118309912,9456292,6068,0,2.71,0.00,6.29,1.87,60,78,69,78,69,78,68,70
2026-08-28 09:43:11,27.7,63,0,0,2392,6.55,P0,0x0000000000000000,121657296,117892408,10854364,9544,4,2.71,0.00,6.29,1.87,60,77,70,74,70,77,67,72
2026-08-28 09:43:12,28.7,63,0,0,2392,6.68,P0,0x0000000000000000,121304704,117295284,12274068,240,580,2.77,0.00,5.51,1.87,60,76,70,75,70,76,66,72
2026-08-28 09:43:13,29.7,63,0,0,2392,6.18,P0,0x0000000000000000,120971408,116596128,13782388,6352,560,2.77,0.00,5.51,1.87,60,78,71,77,71,78,66,74
2026-08-28 09:43:14,30.7,63,0,0,2392,6.13,P0,0x0000000000000000,120419468,115412056,12816980,129708,76,3.17,0.00,5.60,2.68,60,77,71,77,71,77,66,73
2026-08-28 09:43:15,31.7,63,0,0,208,5.92,P8,0x0000000000000000,120098332,115007024,13964232,129548,0,3.17,0.00,5.60,2.68,60,78,70,76,70,78,66,73
2026-08-28 09:43:16,32.7,63,0,0,208,5.94,P8,0x0000000000000000,119804808,114641696,14289312,132300,0,2.78,0.00,5.31,2.68,60,81,71,76,70,81,66,73
2026-08-28 09:43:17,33.7,63,0,0,208,5.13,P8,0x0000000000000000,119713732,114536976,14210240,129616,12,2.78,0.00,5.31,2.68,60,79,69,76,69,79,66,71
2026-08-28 09:43:18,34.7,63,0,0,208,5.21,P8,0x0000000000000000,119696864,114519964,14118264,130752,68,2.27,0.00,4.52,2.68,60,79,68,74,69,79,66,69
2026-08-28 09:43:19,35.7,63,0,0,208,5.13,P8,0x0000000000000000,119665408,114483820,14132716,133460,0,2.27,0.00,4.52,2.71,60,74,68,72,68,74,65,69
2026-08-28 09:43:20,36.7,62,0,0,208,5.12,P8,0x0000000000000000,119665224,114479304,13890252,135364,28,1.86,0.00,3.70,2.71,60,72,67,72,68,71,65,69
2026-08-28 09:43:21,37.7,62,0,0,208,5.18,P8,0x0000000000000000,119653172,114456112,13971748,138956,0,1.86,0.00,3.70,2.71,60,73,68,73,68,72,65,68
2026-08-28 09:43:22,38.7,62,0,0,208,5.03,P8,0x0000000000000000,119631436,114429448,13980940,137964,0,1.52,0.00,3.03,2.71,60,72,67,70,67,72,65,70
2026-08-28 09:43:23,39.7,62,0,0,208,5.12,P8,0x0000000000000000,119607000,114404728,13986912,136340,0,1.52,0.00,3.03,2.71,60,73,67,73,67,72,64,69
2026-08-28 09:43:24,40.7,62,0,0,208,5.16,P8,0x0000000000000000,119536876,114329672,14027456,139140,72,1.24,0.00,2.48,2.73,60,73,67,73,67,70,64,71
2026-08-28 09:43:25,41.7,62,0,0,208,5.15,P8,0x0000000000000000,119530976,114322216,14036160,139100,124,1.24,0.00,2.48,2.73,60,73,67,71,67,73,64,69
2026-08-28 09:43:26,42.7,62,0,0,208,5.20,P8,0x0000000000000000,119521260,114311732,14014136,137672,0,1.02,0.00,2.03,2.73,60,72,67,72,67,71,64,69
2026-08-28 09:43:27,43.7,62,0,0,208,5.24,P8,0x0000000000000000,119526508,114316732,14027280,137716,0,1.02,0.00,2.03,2.73,60,69,66,69,66,69,64,67
2026-08-28 09:43:28,44.7,62,0,0,208,5.24,P8,0x0000000000000000,119514420,114297544,14047344,137376,0,0.83,0.00,1.66,2.73,60,73,66,71,66,73,64,68
2026-08-28 09:43:29,45.7,61,0,0,208,5.03,P8,0x0000000000000000,119726752,114506452,14047436,136904,8,0.83,0.00,1.66,2.75,60,72,67,72,68,72,64,70
2026-08-28 09:43:30,46.7,61,0,0,208,5.12,P8,0x0000000000000000,119709964,114484996,14150276,137900,0,0.86,0.00,1.36,2.75,60,75,67,70,68,75,64,70
2026-08-28 09:43:31,47.7,61,0,0,208,5.17,P8,0x0000000000000000,119680904,114410044,14077504,139924,0,0.86,0.00,1.36,2.75,60,71,66,69,67,71,64,68
2026-08-28 09:43:32,48.7,61,0,0,208,4.94,P8,0x0000000000000000,119646468,114375280,14144900,143776,136,0.70,0.00,1.47,2.75,60,70,66,67,66,70,64,67
2026-08-28 09:43:33,49.7,61,0,0,208,4.95,P8,0x0000000000000004,119649296,114377840,14119868,3720,0,0.70,0.00,1.47,2.75,60,67,65,66,65,67,63,66
2026-08-28 09:43:34,50.7,61,0,0,208,5.13,P8,0x0000000000000000,119677720,114406120,14119572,4544,0,0.58,0.00,1.21,2.69,60,67,65,66,65,67,63,66
2026-08-28 09:43:35,51.7,61,0,0,208,5.11,P8,0x0000000000000000,119682408,114410696,14121320,2280,0,0.58,0.00,1.21,2.69,60,68,66,67,66,68,63,66
2026-08-28 09:43:36,52.7,60,0,0,208,5.01,P8,0x0000000000000000,119672672,114400736,14111836,1308,0,0.47,0.00,0.99,2.69,60,68,65,67,65,68,63,66
2026-08-28 09:43:37,53.7,60,0,0,208,5.03,P8,0x0000000000000000,119682548,114409816,14136252,4436,0,0.47,0.00,0.99,2.69,60,67,65,66,65,67,63,66
2026-08-28 09:43:38,54.7,60,0,0,208,5.05,P8,0x0000000000000000,119662860,114390060,14085380,2660,0,0.38,0.00,0.81,2.69,60,66,64,65,64,66,63,65
2026-08-28 09:43:39,55.7,60,0,0,208,4.92,P8,0x0000000000000000,119680148,114406124,14112252,1476,0,0.38,0.00,0.81,2.72,60,66,64,65,64,66,62,65
2026-08-28 09:43:40,56.7,60,0,0,208,4.90,P8,0x0000000000000004,119650012,114375956,14140820,1880,0,0.31,0.00,0.66,2.72,60,65,64,64,64,65,62,64
2026-08-28 09:43:41,57.7,60,0,0,208,4.88,P8,0x0000000000000000,119745440,114470892,13412872,5760,0,0.31,0.00,0.66,2.72,60,66,64,64,64,66,62,64
2026-08-28 09:43:42,58.7,60,0,0,208,4.99,P8,0x0000000000000004,118820752,113516716,18442504,7572,0,1.52,0.00,0.54,2.72,60,69,65,67,65,69,62,66
2026-08-28 09:43:43,59.7,60,0,0,208,5.06,P8,0x0000000000000000,118878036,113570668,16809804,6928,0,1.52,0.00,0.54,2.72,60,67,64,66,64,67,62,66
2026-08-28 09:43:44,60.7,60,0,0,208,5.04,P8,0x0000000000000000,119149200,113840616,14728400,8964,0,1.61,0.00,0.62,2.74,60,66,64,65,64,66,62,65
2026-08-28 09:43:45,61.7,59,0,0,208,5.07,P8,0x0000000000000000,119393080,114060128,14021668,9216,8,1.61,0.00,0.62,2.74,60,66,63,65,64,66,62,64
2026-08-28 09:43:46,62.7,59,0,0,208,4.94,P8,0x0000000000000000,118824784,113357008,17569644,10016,0,2.59,0.00,1.05,2.74,60,71,65,68,66,71,62,67
2026-08-28 09:43:47,63.7,59,0,0,208,4.89,P8,0x0000000000000000,118961152,113408844,15827456,11520,0,2.59,0.00,1.05,2.74,60,69,65,68,65,69,62,66
2026-08-28 09:43:48,64.7,59,0,0,208,4.82,P8,0x0000000000000004,118907996,113305392,18598548,8388,28,2.30,0.00,1.95,2.74,60,71,66,68,65,71,62,67
2026-08-28 09:43:49,65.7,59,0,0,208,4.79,P8,0x0000000000000004,118571080,112546536,19401592,5536,56,2.30,0.00,1.95,3.64,60,75,68,73,68,75,62,70
2026-08-28 09:43:50,66.7,59,0,0,208,4.82,P8,0x0000000000000000,118123396,111598348,19794140,51996,52,4.60,0.00,4.49,3.64,60,79,69,74,69,79,62,71
2026-08-28 09:43:51,67.7,60,0,0,208,4.88,P8,0x0000000000000000,117902620,111035544,21830556,10960,132,4.60,0.00,4.49,3.64,60,80,69,75,69,80,62,72
2026-08-28 09:43:52,68.7,60,0,0,208,4.99,P8,0x0000000000000000,117807716,110410808,22267304,13632,92,6.12,0.00,10.20,3.64,60,79,69,73,69,79,62,71
2026-08-28 09:43:53,69.7,60,0,0,208,4.99,P8,0x0000000000000000,117349376,109542272,23418076,13692,20,6.12,0.00,10.20,3.64,60,79,69,73,69,79,62,71
2026-08-28 09:43:54,70.7,60,0,0,208,4.89,P8,0x0000000000000000,117051364,109040920,23392740,20788,0,6.64,0.00,14.15,5.51,60,78,69,74,69,78,62,72
2026-08-28 09:43:55,71.7,60,0,0,208,4.86,P8,0x0000000000000000,117218988,109094004,24304476,4324,260,6.64,0.00,14.15,5.51,60,73,68,71,68,73,62,70
2026-08-28 09:43:56,72.7,60,0,0,208,4.77,P8,0x0000000000000000,117205944,108806660,25307440,23568,0,5.98,0.00,15.21,5.51,60,73,67,70,67,73,62,69
2026-08-28 09:43:57,73.7,60,0,0,208,4.77,P8,0x0000000000000004,116566380,107911296,26641964,7436,24,5.98,0.00,15.21,5.51,60,71,66,69,67,71,62,68
2026-08-28 09:43:58,74.7,60,0,0,208,4.97,P8,0x0000000000000000,116458228,107582552,28236252,17444,0,7.25,0.00,14.63,5.51,60,70,66,69,66,70,62,69
2026-08-28 09:43:59,75.7,60,0,0,208,4.99,P8,0x0000000000000000,116340224,107352564,29133756,14396,92,7.25,0.00,14.63,5.47,60,71,65,68,65,71,62,68
2026-08-28 09:44:00,76.7,60,0,0,208,4.98,P8,0x0000000000000000,116229312,107187876,29474120,23996,0,8.29,0.00,13.61,5.47,60,69,65,68,65,69,62,66
2026-08-28 09:44:01,77.7,60,0,0,208,4.98,P8,0x0000000000000000,116195780,107006620,28536400,5748,0,8.29,0.00,13.61,5.47,60,72,65,69,65,72,62,68
2026-08-28 09:44:02,78.7,59,0,0,208,4.85,P8,0x0000000000000000,116070360,106822428,31894992,17704,0,12.22,0.00,12.41,5.47,60,71,65,68,66,71,62,66
2026-08-28 09:44:03,79.7,59,0,0,208,4.85,P8,0x0000000000000004,115935468,106554460,35373900,15284,0,12.22,0.00,12.41,5.47,60,70,65,67,65,70,62,66
2026-08-28 09:44:04,80.7,59,0,0,208,4.88,P8,0x0000000000000000,115882004,106423204,35516620,18944,44,17.07,0.00,11.61,5.35,60,69,65,67,65,69,62,65
2026-08-28 09:44:05,81.7,59,0,0,214,4.94,P8,0x0000000000000000,115785072,106042600,36164240,21668,0,17.07,0.00,11.61,5.35,60,68,64,67,65,68,61,65
2026-08-28 09:44:06,82.7,60,0,0,2411,10.30,P0,0x0000000000000000,111843004,102047684,35999216,4496,0,15.25,0.00,10.95,5.35,60,69,64,69,64,67,63,65
2026-08-28 09:44:07,83.7,61,0,0,2411,13.91,P0,0x0000000000000000,111259968,101446568,36040100,4844,8,15.25,0.00,10.95,5.35,60,67,64,67,64,67,63,65
2026-08-28 09:44:08,84.7,61,0,0,2411,13.90,P0,0x0000000000000000,111265528,101446316,35960608,5156,0,13.39,0.00,9.87,5.35,60,65,63,65,63,65,63,64
2026-08-28 09:44:09,85.7,60,0,0,2411,13.89,P0,0x0000000000000000,111316228,101489008,35791988,3180,24,13.39,0.00,9.87,5.00,60,65,63,65,63,65,63,64
2026-08-28 09:44:10,86.7,60,0,0,2411,13.90,P0,0x0000000000000000,111358260,101490060,35834848,3688,0,10.96,0.00,8.81,5.00,60,67,63,64,63,67,63,64
2026-08-28 09:44:11,87.7,60,0,0,2411,13.91,P0,0x0000000000000000,111375492,101502400,36065908,3704,0,10.96,0.00,8.81,5.00,60,64,63,63,63,64,63,63
2026-08-28 09:44:12,88.7,60,0,0,2411,13.88,P0,0x0000000000000000,111421440,101542988,36000156,5276,0,8.98,0.00,8.30,5.00,60,66,63,64,63,66,63,64
2026-08-28 09:44:13,89.7,60,0,0,2411,13.87,P0,0x0000000000000000,111413116,101518448,36000812,4004,0,8.98,0.00,8.30,5.00,59,64,62,63,63,64,63,64
2026-08-28 09:44:14,90.7,60,0,0,2411,13.87,P0,0x0000000000000000,111429220,101526024,36010284,3352,0,7.35,0.00,7.88,5.89,59,64,62,63,63,64,63,63
2026-08-28 09:44:15,91.7,60,0,0,2411,13.87,P0,0x0000000000000000,111453936,101546448,36035492,8264,0,7.35,0.00,7.88,5.89,59,64,62,63,63,64,63,63
2026-08-28 09:44:16,92.7,60,0,0,2411,13.85,P0,0x0000000000000000,111444092,101532948,36044808,7332,0,6.02,0.00,7.72,5.89,59,64,62,63,62,64,63,63
2026-08-28 09:44:17,93.7,60,0,0,2411,13.79,P0,0x0000000000000000,111384644,101457748,36121620,14292,0,6.02,0.00,7.72,5.89,59,70,62,63,63,70,63,63
2026-08-28 09:44:18,94.7,60,0,0,2411,13.87,P0,0x0000000000000000,111376740,101410480,36163156,26372,0,4.93,0.00,7.59,5.89,59,69,63,69,63,67,63,63
2026-08-28 09:44:19,95.7,60,0,0,2411,13.84,P0,0x0000000000000000,111358676,101357424,36217616,7476,0,4.93,0.00,7.59,5.73,59,70,63,66,63,70,63,64
2026-08-28 09:44:20,96.7,60,0,0,2411,13.80,P0,0x0000000000000000,111332232,101280192,37180960,10432,0,4.21,0.00,7.12,5.73,59,67,64,67,64,67,63,67
2026-08-28 09:44:21,97.7,60,0,0,2411,13.77,P0,0x0000000000000000,111275812,101159504,37241792,11748,0,4.21,0.00,7.12,5.73,59,66,63,66,63,66,63,64
2026-08-28 09:44:22,98.7,60,0,0,2411,13.82,P0,0x0000000000000000,111223988,101090812,37323640,16152,0,3.63,0.00,7.10,5.73,59,65,63,64,63,65,63,65
2026-08-28 09:44:23,99.7,60,0,0,2411,13.79,P0,0x0000000000000000,111176416,101022536,37404112,25028,0,3.63,0.00,7.10,5.73,59,67,63,67,63,66,63,64
2026-08-28 09:44:24,100.7,60,0,0,2411,13.79,P0,0x0000000000000000,111154016,100942368,37428024,24868,0,2.97,0.00,7.08,5.68,59,67,63,67,62,65,62,63
2026-08-28 09:44:25,101.7,60,0,0,2411,13.81,P0,0x0000000000000000,111141144,100922516,37440900,29540,0,2.97,0.00,7.08,5.68,59,66,62,64,63,66,62,63
2026-08-28 09:44:26,102.7,60,0,0,2411,13.81,P0,0x0000000000000000,111394800,101177984,36202444,404,0,2.43,0.00,6.34,5.68,59,65,62,63,63,65,62,63
2026-08-28 09:44:27,103.7,60,0,0,2411,13.82,P0,0x0000000000000000,111328964,101157024,36292612,7316,4,2.43,0.00,6.34,5.68,59,64,62,63,62,64,62,63
2026-08-28 09:44:28,104.7,60,0,0,2411,13.83,P0,0x0000000000000000,111305880,101133984,36285700,7176,0,1.99,0.00,6.09,5.68,59,64,62,63,62,64,62,63
2026-08-28 09:44:29,105.7,60,0,0,2411,13.79,P0,0x0000000000000000,111363316,101189244,36095732,7352,72,1.99,0.00,6.09,5.46,59,63,62,63,62,63,62,63
2026-08-28 09:44:30,106.7,60,0,0,2411,14.02,P0,0x0000000000000000,111095796,100911528,37583856,7124,0,1.99,0.00,5.71,5.46,59,67,63,66,64,67,62,64
2026-08-28 09:44:31,107.7,60,0,0,2411,14.23,P0,0x0000000000000000,110991464,100783284,37698300,14076,0,1.99,0.00,5.71,5.46,59,69,64,66,64,69,62,64
2026-08-28 09:44:32,108.7,60,0,0,2411,13.78,P0,0x0000000000000000,110952348,100652564,37754572,26812,0,1.99,0.00,5.40,5.46,59,69,64,67,64,69,62,66
2026-08-28 09:44:33,109.7,60,0,0,2411,13.85,P0,0x0000000000000000,110956356,100584616,37790168,10548,0,1.99,0.00,5.40,5.46,59,69,63,67,63,69,62,66
2026-08-28 09:44:34,110.7,60,0,0,2411,13.83,P0,0x0000000000000000,110800768,100407672,37909968,18616,0,1.81,0.00,4.97,5.42,59,67,63,67,63,67,62,65
2026-08-28 09:44:35,111.7,60,0,0,2411,13.84,P0,0x0000000000000000,110776268,100359460,37942984,26840,0,1.81,0.00,4.97,5.42,59,70,63,66,63,70,62,65
2026-08-28 09:44:36,112.7,60,0,0,2411,13.86,P0,0x0000000000000000,110752156,100317064,37968036,35480,0,2.57,0.00,4.61,5.42,59,73,62,63,63,73,62,65
2026-08-28 09:44:37,113.7,60,0,0,2411,13.84,P0,0x0000000000000000,110712376,100259528,37993208,42716,0,2.57,0.00,4.61,5.42,59,74,63,64,63,74,62,66
2026-08-28 09:44:38,114.7,60,0,0,2411,13.85,P0,0x0000000000000000,110692900,100210184,37961620,6488,0,2.10,0.00,4.13,5.42,59,70,62,64,63,70,62,65
2026-08-28 09:44:39,115.7,60,0,0,2411,13.82,P0,0x0000000000000000,110691624,100184292,38037336,21596,0,2.10,0.00,4.13,5.23,59,65,62,65,62,65,62,64
2026-08-28 09:44:40,116.7,59,0,0,2411,13.79,P0,0x0000000000000000,110658000,100095804,38895796,27192,0,1.72,0.00,3.93,5.23,59,66,62,66,62,65,62,66
2026-08-28 09:44:41,117.7,60,0,0,2411,13.79,P0,0x0000000000000000,110606632,100018316,39135864,7156,132,1.72,0.00,3.93,5.23,59,66,62,66,63,65,62,64
2026-08-28 09:44:42,118.7,59,0,0,2411,13.80,P0,0x0000000000000000,110615816,100020400,38964220,11232,392,1.59,0.00,3.76,5.23,59,64,62,64,62,64,62,64
2026-08-28 09:44:43,119.7,59,0,0,2411,13.77,P0,0x0000000000000000,110644260,100046576,38972768,11260,0,1.59,0.00,3.76,5.23,59,63,61,62,62,63,62,62
2026-08-28 09:44:44,120.7,59,0,0,2411,13.76,P0,0x0000000000000000,110345656,99747760,40564036,12656,0,1.30,0.00,3.08,4.81,59,69,61,62,62,69,62,63
2026-08-28 09:44:45,121.7,59,0,0,2411,13.76,P0,0x0000000000000000,110223736,99625736,40702452,11104,0,1.30,0.00,3.08,4.81,59,70,62,70,62,64,62,67
2026-08-28 09:44:46,122.7,59,0,0,2411,13.68,P0,0x0000000000000000,110087104,99487432,40824036,13960,0,1.06,0.00,2.52,4.81,59,74,63,74,62,63,62,70
2026-08-28 09:44:47,123.7,59,0,0,2411,13.72,P0,0x0000000000000000,109948460,99191804,40958984,29524,0,1.06,0.00,2.52,4.81,59,70,63,70,62,70,62,68
2026-08-28 09:44:48,124.7,59,0,0,2411,13.71,P0,0x0000000000000000,109904872,98942044,41151504,17612,0,4.49,0.00,2.60,4.81,59,72,63,66,63,72,62,65
2026-08-28 09:44:49,125.7,59,0,0,2411,13.76,P0,0x0000000000000000,109797136,98796552,41304688,37136,0,4.49,0.00,2.60,4.59,59,68,63,67,63,68,62,65
2026-08-28 09:44:50,126.7,59,0,0,2411,13.78,P0,0x0000000000000000,109742820,98692044,42307868,59356,0,6.03,0.00,2.68,4.59,59,69,63,67,63,69,62,66
2026-08-28 09:44:51,127.7,59,0,0,2411,13.71,P0,0x0000000000000000,109658384,98577260,43187460,68928,0,6.03,0.00,2.68,4.59,59,68,62,66,62,68,62,65
2026-08-28 09:44:52,128.7,59,0,0,2411,13.76,P0,0x0000000000000000,109595548,98446792,43232256,78456,0,7.84,0.00,2.55,4.59,59,68,62,68,63,68,62,63
2026-08-28 09:44:53,129.7,59,0,0,2411,13.69,P0,0x0000000000000000,110193656,98930260,40565888,89008,0,7.84,0.00,2.55,4.59,59,69,62,69,62,65,62,65
2026-08-28 09:44:54,130.7,59,0,0,2411,13.74,P0,0x0000000000000000,110041832,98776468,40683976,3516,340,10.22,0.00,2.63,4.30,59,68,62,68,62,63,62,65
2026-08-28 09:44:55,131.7,59,0,0,2411,13.73,P0,0x0000000000000000,109809456,98536604,42564880,456,0,10.22,0.00,2.63,4.30,58,70,63,68,63,70,62,64
2026-08-28 09:44:56,132.7,59,0,0,2411,13.77,P0,0x0000000000000000,109748972,98486256,41346016,11104,164,12.17,0.00,2.52,4.30,58,68,63,68,63,68,62,68
2026-08-28 09:44:57,133.7,59,0,0,2411,13.73,P0,0x0000000000000000,109292224,98008632,41620596,9868,388,12.17,0.00,2.52,4.30,58,71,63,71,63,65,62,64
2026-08-28 09:44:58,134.7,59,0,0,2411,13.73,P0,0x0000000000000000,109236756,97947724,41713212,12652,0,14.13,0.00,2.06,4.30,58,71,63,71,63,68,62,66
2026-08-28 09:44:59,135.7,59,0,0,2411,13.77,P0,0x0000000000000000,109065612,97771932,41903208,13860,388,14.13,0.00,2.06,4.19,58,78,63,67,64,78,62,69
2026-08-28 09:45:00,136.7,59,0,0,2411,13.78,P0,0x0000000000000000,109121904,97825824,42995336,6328,0,15.74,0.00,1.69,4.19,58,75,63,66,64,75,62,70
2026-08-28 09:45:01,137.7,59,0,0,2411,13.79,P0,0x0000000000000000,109268428,97970896,41573284,8312,0,15.74,0.00,1.69,4.19,58,68,62,68,62,67,62,65
2026-08-28 09:45:02,138.7,59,0,0,2411,13.74,P0,0x0000000000000000,109206620,97907564,41653208,9560,0,17.05,0.00,1.38,4.19,58,70,62,70,62,64,62,65
2026-08-28 09:45:03,139.7,59,0,0,2411,13.70,P0,0x0000000000000000,109111540,97810280,42589968,4032,4,17.05,0.00,1.38,4.19,58,73,62,73,62,64,62,69
2026-08-28 09:45:04,140.7,59,0,0,2411,13.70,P0,0x0000000000000000,109045992,97743068,42688368,2360,0,18.31,0.00,1.13,3.94,58,66,62,66,62,65,62,66
2026-08-28 09:45:05,141.7,59,0,0,2411,13.70,P0,0x0000000000000000,107934068,96619524,46545440,5636,8,18.31,0.00,1.13,3.94,58,71,62,69,62,71,62,65
2026-08-28 09:45:06,142.7,59,0,0,2411,14.18,P0,0x0000000000000000,89605252,78286364,43352000,4340,8,18.98,0.00,0.92,3.94,58,71,62,71,62,67,62,64
2026-08-28 09:45:07,143.7,59,2,0,2411,13.92,P0,0x0000000000000000,89436312,78114436,43362760,8232,140,18.98,0.00,0.92,3.94,58,66,62,66,62,64,62,63
2026-08-28 09:45:08,144.7,59,0,0,2411,13.69,P0,0x0000000000000000,89416912,78057900,44120592,7292,0,19.89,0.00,0.75,3.94,58,64,61,62,61,64,62,62
2026-08-28 09:45:09,145.7,59,1,0,2411,13.97,P0,0x0000000000000000,89321096,77782784,44141072,10676,0,19.89,0.00,0.75,3.70,58,71,62,63,62,71,62,65
2026-08-28 09:45:10,146.7,59,2,0,2411,14.13,P0,0x0000000000000000,89175284,77456456,44141400,9724,0,17.19,0.00,0.62,3.70,58,74,62,63,63,74,62,65
2026-08-28 09:45:11,147.7,59,1,0,2411,14.16,P0,0x0000000000000000,88995004,77095888,44435260,7904,0,17.19,0.00,0.62,3.70,58,75,62,63,62,75,62,65
2026-08-28 09:45:12,148.7,59,2,0,2411,14.17,P0,0x0000000000000000,89403196,77346640,44203948,10768,404,14.07,0.00,0.50,3.70,58,74,62,63,63,74,62,65
2026-08-28 09:45:13,149.7,59,1,0,2411,14.15,P0,0x0000000000000000,89274012,77027432,44197364,2404,0,14.07,0.00,0.50,3.70,58,75,62,63,63,75,62,66
2026-08-28 09:45:14,150.7,59,2,0,2411,14.19,P0,0x0000000000000000,89098364,76665248,44205556,2828,0,11.70,0.00,0.41,3.49,58,75,62,63,63,75,62,66
2026-08-28 09:45:15,151.7,59,1,0,2411,14.19,P0,0x0000000000000000,88950368,76323636,44235700,4372,0,11.70,0.00,0.41,3.49,58,75,62,63,63,75,61,65
2026-08-28 09:45:16,152.7,59,2,0,2411,14.12,P0,0x0000000000000000,89484988,76689668,43563624,2452,0,9.58,0.00,0.34,3.49,58,74,62,63,62,74,61,65
2026-08-28 09:45:17,153.7,59,2,0,2411,14.06,P0,0x0000000000000000,89324240,76344160,44258844,3480,0,9.58,0.00,0.34,3.49,58,75,62,63,62,75,61,65
2026-08-28 09:45:18,154.7,59,2,0,2411,14.19,P0,0x0000000000000000,89140092,75968548,44321740,4004,0,7.85,0.00,0.27,3.49,58,75,62,63,62,75,61,65
2026-08-28 09:45:19,155.7,59,2,0,2411,14.18,P0,0x0000000000000000,88952568,75589604,44342656,3776,0,7.85,0.00,0.27,3.45,58,75,62,64,63,75,61,65
2026-08-28 09:45:20,156.7,59,2,0,2411,14.19,P0,0x0000000000000000,89466728,75931540,43675184,3608,0,6.42,0.00,0.22,3.45,58,74,62,63,62,74,61,65
2026-08-28 09:45:21,157.7,59,1,0,2411,14.09,P0,0x0000000000000000,89371820,75654456,44354956,5996,0,6.42,0.00,0.22,3.45,58,75,62,63,62,75,61,64
2026-08-28 09:45:22,158.7,59,2,0,2411,14.18,P0,0x0000000000000000,89197236,75293572,44363608,5928,0,5.26,0.00,0.18,3.45,58,75,62,64,63,75,61,65
2026-08-28 09:45:23,159.7,59,1,0,2411,14.15,P0,0x0000000000000000,89004656,74910128,44365356,3712,0,5.26,0.00,0.18,3.45,58,75,62,64,63,75,61,65
2026-08-28 09:45:24,160.7,59,2,0,2411,14.15,P0,0x0000000000000000,88816124,74526740,44365424,1980,0,4.31,0.00,0.15,3.33,58,75,62,63,62,75,61,65
2026-08-28 09:45:25,161.7,59,1,0,2411,14.11,P0,0x0000000000000000,89405940,74950592,44427112,6124,8,4.31,0.00,0.15,3.33,58,75,62,63,62,75,61,64
2026-08-28 09:45:26,162.7,59,1,0,2411,14.13,P0,0x0000000000000000,89243396,74599524,44364376,3564,0,3.70,0.00,0.12,3.33,58,70,61,62,62,70,61,65
2026-08-28 09:45:27,163.7,59,2,0,2411,14.08,P0,0x0000000000000000,89018624,74182684,44371652,2044,0,3.70,0.00,0.12,3.33,58,74,61,62,61,74,61,67
2026-08-28 09:45:28,164.7,59,2,0,2411,14.14,P0,0x0000000000000000,88794212,73764504,44371652,5596,0,3.03,0.00,0.10,3.33,58,76,61,61,61,76,61,67
2026-08-28 09:45:29,165.7,59,2,0,2411,14.10,P0,0x0000000000000000,89344084,74141464,44371656,2544,0,3.03,0.00,0.10,3.22,58,76,61,61,61,76,61,67
2026-08-28 09:45:30,166.7,59,2,0,2411,14.11,P0,0x0000000000000000,89184544,73790584,44369264,3228,0,2.48,0.00,0.08,3.22,58,77,61,62,61,77,61,67
2026-08-28 09:45:31,167.7,59,2,0,2411,14.06,P0,0x0000000000000000,88988896,73404456,44369656,4756,0,2.48,0.00,0.08,3.22,58,76,61,62,61,76,61,68
2026-08-28 09:45:32,168.7,59,2,0,2411,14.10,P0,0x0000000000000000,88778976,73003004,44478376,6072,0,2.03,0.00,0.06,3.22,58,68,61,68,61,67,61,63
2026-08-28 09:45:33,169.7,59,1,0,2411,14.05,P0,0x0000000000000000,89342044,73418408,44483368,14836,0,2.03,0.00,0.06,3.22,58,70,62,70,61,65,61,63
2026-08-28 09:45:34,170.7,59,1,0,2411,14.07,P0,0x0000000000000000,89137872,73025184,44390912,15048,0,1.66,0.00,0.05,3.13,58,72,62,72,61,63,61,63
2026-08-28 09:45:35,171.7,59,1,0,2411,14.07,P0,0x0000000000000000,88949152,72646232,44390912,12672,0,1.66,0.00,0.05,3.13,58,72,61,72,61,62,61,61
2026-08-28 09:45:36,172.7,58,2,0,2411,14.10,P0,0x0000000000000000,88746144,72255044,44390920,10752,0,1.36,0.00,0.04,3.13,58,68,61,68,60,61,61,64
2026-08-28 09:45:37,173.7,58,2,0,2411,14.05,P0,0x0000000000000000,89333108,72672276,44386708,10868,0,1.36,0.00,0.04,3.13,58,72,61,72,61,62,61,67
2026-08-28 09:45:38,174.7,58,1,0,2411,14.02,P0,0x0000000000000000,89211444,72358288,44383048,12728,0,1.66,0.00,0.03,3.13,58,74,61,74,61,62,61,68
2026-08-28 09:45:39,175.7,58,2,0,2411,14.07,P0,0x0000000000000000,89071216,72028368,44384868,8836,0,1.66,0.00,0.03,3.28,57,75,61,75,61,63,61,69
2026-08-28 09:45:40,176.7,58,2,0,2411,14.07,P0,0x0000000000000000,88916184,71682844,44393276,10560,0,1.36,0.00,0.02,3.28,57,75,61,75,61,64,61,69
2026-08-28 09:45:41,177.7,58,2,0,2411,14.07,P0,0x0000000000000000,89412520,72010372,44696168,13004,0,1.36,0.00,0.02,3.28,57,74,61,74,61,62,61,68
2026-08-28 09:45:42,178.7,58,1,0,2411,14.04,P0,0x0000000000000000,89210192,71607812,44459040,19636,0,1.11,0.00,0.20,3.28,57,75,61,75,61,67,61,68
2026-08-28 09:45:43,179.7,58,2,0,2411,14.09,P0,0x0000000000000000,88977828,71171792,44507288,35392,0,1.11,0.00,0.20,3.28,57,76,61,76,61,64,61,70
2026-08-28 09:45:44,180.7,58,1,0,2411,14.12,P0,0x0000000000000000,88738328,70737952,45365188,38072,0,0.91,0.00,0.34,3.17,57,75,62,75,61,64,61,70
2026-08-28 09:45:45,181.7,58,1,0,2411,14.16,P0,0x0000000000000000,89176796,70996584,44880296,8816,0,0.91,0.00,0.34,3.17,57,75,61,75,61,71,61,70
2026-08-28 09:45:46,182.7,58,1,0,2411,14.10,P0,0x0000000000000000,89069904,70695720,45596476,17832,0,0.92,0.00,0.46,3.17,57,69,62,69,61,69,61,67
2026-08-28 09:45:47,183.7,58,2,0,2411,14.09,P0,0x0000000000000000,88903076,70329068,45689172,26856,0,0.92,0.00,0.46,3.17,57,71,62,71,62,68,61,64
2026-08-28 09:45:48,184.7,58,1,0,2411,14.04,P0,0x0000000000000000,88651768,69884300,45712552,34736,436,0.75,0.00,0.56,3.17,57,73,63,73,62,68,61,65
2026-08-28 09:45:49,185.7,58,2,0,2411,14.12,P0,0x0000000000000000,88440076,69481456,45714124,30916,0,0.75,0.00,0.56,3.16,57,73,62,73,62,65,61,63
2026-08-28 09:45:50,186.7,58,2,0,2411,14.09,P0,0x0000000000000000,89292452,70173876,44454892,2448,96,0.62,0.00,0.46,3.16,57,69,62,69,61,63,61,65
2026-08-28 09:45:51,187.7,58,2,0,2411,14.07,P0,0x0000000000000000,89113728,69865576,44451784,2340,16,0.62,0.00,0.46,3.16,57,73,62,73,61,62,61,68
2026-08-28 09:45:52,188.7,58,1,0,2411,14.06,P0,0x0000000000000000,88918812,69477020,44462728,2884,0,0.50,0.00,0.37,3.16,57,74,62,74,60,61,61,69
2026-08-28 09:45:53,189.7,58,1,0,2411,14.08,P0,0x0000000000000000,88742456,69108676,44467468,5172,0,0.50,0.00,0.37,3.16,57,74,62,74,60,61,61,69
2026-08-28 09:45:54,190.7,58,1,0,2411,14.00,P0,0x0000000000000000,89319924,69519312,44472640,6668,0,1.50,0.00,0.30,3.07,57,74,62,74,60,61,61,69
2026-08-28 09:45:55,191.7,58,2,0,2411,14.03,P0,0x0000000000000000,89138104,69151212,44472896,4464,0,1.50,0.00,0.30,3.07,57,74,62,74,60,61,61,69
2026-08-28 09:45:56,192.7,58,2,0,2411,14.02,P0,0x0000000000000000,88972680,68792212,44472896,4612,0,1.23,0.00,0.25,3.07,57,74,62,74,60,61,61,69
2026-08-28 09:45:57,193.7,58,2,0,2411,14.02,P0,0x0000000000000000,88780392,68411660,44475752,4788,0,1.23,0.00,0.25,3.07,57,74,62,74,60,62,61,69
2026-08-28 09:45:58,194.7,58,2,0,2411,13.96,P0,0x0000000000000000,89418600,68893128,44518476,7480,0,1.00,0.00,0.20,3.07,57,68,61,67,60,68,61,67
2026-08-28 09:45:59,195.7,58,2,0,2411,14.02,P0,0x0000000000000000,89214372,68494444,44518484,4924,0,1.00,0.00,0.20,3.22,57,73,60,63,60,73,61,66
2026-08-28 09:46:00,196.7,58,2,0,2411,14.02,P0,0x0000000000000000,89001192,68092996,44516136,3048,4,0.82,0.00,0.16,3.22,57,75,60,61,60,75,61,67
2026-08-28 09:46:01,197.7,58,2,0,2411,13.99,P0,0x0000000000000000,88787320,67690104,44516044,8200,0,0.82,0.00,0.16,3.22,57,76,60,61,60,76,61,67
2026-08-28 09:46:02,198.7,58,1,0,2411,14.00,P0,0x0000000000000000,89286408,68019604,44516044,4800,0,0.67,0.00,0.13,3.22,57,76,60,60,60,76,61,67
2026-08-28 09:46:03,199.7,58,1,0,2411,13.90,P0,0x0000000000000000,89144756,67684892,44516044,5020,0,0.67,0.00,0.13,3.22,57,67,60,67,60,66,61,63
2026-08-28 09:46:04,200.7,58,2,0,2411,13.97,P0,0x0000000000000000,88980580,67329128,44520156,8196,8,0.55,0.00,0.11,3.28,57,70,61,70,60,62,61,62
2026-08-28 09:46:05,201.7,58,2,0,2411,14.00,P0,0x0000000000000000,88797736,66954968,44524260,5040,0,0.55,0.00,0.11,3.28,57,70,61,70,60,61,60,61
2026-08-28 09:46:06,202.7,58,2,0,2411,13.99,P0,0x0000000000000000,89319664,67309812,43848144,3312,0,0.45,0.00,0.09,3.28,57,70,60,70,60,61,60,62
2026-08-28 09:46:07,203.7,58,2,0,2411,13.93,P0,0x0000000000000000,89176812,66980568,44521464,6420,132,0.45,0.00,0.09,3.28,57,73,60,73,60,61,60,62
2026-08-28 09:46:08,204.7,58,1,0,2411,14.00,P0,0x0000000000000000,88998340,66612016,44521372,884,16,1.45,0.00,0.25,3.28,57,67,61,67,60,62,60,61
2026-08-28 09:46:09,205.7,58,2,0,2411,14.00,P0,0x0000000000000000,88813732,66238604,44542016,2608,0,1.45,0.00,0.25,3.10,57,71,61,71,61,62,60,61
2026-08-28 09:46:10,206.7,58,2,0,2411,13.98,P0,0x0000000000000000,89302356,66559136,43869060,3020,12,1.19,0.00,0.20,3.10,57,72,61,72,61,63,60,61
2026-08-28 09:46:11,207.7,58,1,0,2411,13.90,P0,0x0000000000000000,89204328,66279224,44862136,6364,0,1.19,0.00,0.20,3.10,57,72,61,72,61,63,60,61
2026-08-28 09:46:12,208.7,58,1,0,2411,13.94,P0,0x0000000000000000,89049240,65932232,44549612,4872,0,0.97,0.00,0.17,3.10,57,67,61,67,61,62,60,63
2026-08-28 09:46:13,209.7,58,1,0,2411,13.94,P0,0x0000000000000000,88905568,65599544,44560556,2192,128,0.97,0.00,0.17,3.10,57,67,60,62,60,67,60,61
2026-08-28 09:46:14,210.7,58,2,0,2411,13.98,P0,0x0000000000000000,88717468,65216720,44561564,5264,0,0.79,0.00,0.14,3.17,57,69,60,69,60,62,60,62
2026-08-28 09:46:15,211.7,58,1,0,2411,13.87,P0,0x0000000000000000,89311232,65644536,44558172,3348,0,0.79,0.00,0.14,3.17,57,72,60,72,60,61,60,62
2026-08-28 09:46:16,212.7,58,2,0,2411,13.92,P0,0x0000000000000000,89121824,65268348,44558180,3208,0,0.65,0.00,0.11,3.17,57,68,60,68,60,60,60,65
2026-08-28 09:46:17,213.7,58,2,0,2411,13.92,P0,0x0000000000000000,88908808,64864012,44557904,2672,0,0.65,0.00,0.11,3.17,57,71,60,71,59,60,60,63
2026-08-28 09:46:18,214.7,58,2,0,2411,13.94,P0,0x0000000000000000,88742572,64506228,44557832,3412,0,0.53,0.00,0.09,3.17,57,67,60,67,59,60,60,63
2026-08-28 09:46:19,215.7,58,1,0,2411,13.86,P0,0x0000000000000000,89311908,64906692,44562000,708,0,0.53,0.00,0.09,3.00,57,71,60,71,60,61,60,66
2026-08-28 09:46:20,216.7,58,1,0,2411,13.92,P0,0x0000000000000000,89103408,64510176,44566024,4472,0,0.43,0.00,0.07,3.00,57,73,60,73,60,61,60,67
2026-08-28 09:46:21,217.7,58,2,0,2411,13.93,P0,0x0000000000000000,88907288,64122688,44569168,3088,0,0.43,0.00,0.07,3.00,57,73,60,73,60,61,60,68
2026-08-28 09:46:22,218.7,58,2,0,2411,13.97,P0,0x0000000000000000,88694196,63716976,44577576,4264,0,0.54,0.00,0.06,3.00,57,74,60,74,60,60,60,68
2026-08-28 09:46:23,219.7,58,2,0,2411,13.88,P0,0x0000000000000000,89268520,64129160,44587288,3652,0,0.54,0.00,0.06,3.00,57,73,60,73,59,60,60,68
2026-08-28 09:46:24,220.7,58,2,0,2411,13.95,P0,0x0000000000000000,89102376,63777800,44587868,6044,0,0.44,0.00,0.05,2.84,57,73,60,73,59,60,60,68
2026-08-28 09:46:25,221.7,58,2,0,2411,13.94,P0,0x0000000000000000,88909876,63396788,44584688,5640,0,0.44,0.00,0.05,2.84,57,74,60,74,59,60,60,68
2026-08-28 09:46:26,222.7,57,2,0,2411,13.94,P0,0x0000000000000000,88740884,63036164,44587656,2616,0,0.72,0.00,0.04,2.84,57,74,60,74,59,60,60,67
2026-08-28 09:46:27,223.7,57,1,0,2411,13.90,P0,0x0000000000000000,89319576,63448740,43894796,2176,0,0.72,0.00,0.04,2.84,57,73,60,73,60,60,60,67
2026-08-28 09:46:28,224.7,57,2,0,2411,13.92,P0,0x0000000000000000,89243688,63187508,44566176,2492,4,0.77,0.00,0.03,2.84,57,70,60,70,60,61,60,66
2026-08-28 09:46:29,225.7,57,1,0,2411,13.89,P0,0x0000000000000000,89055556,62807764,44561620,2764,0,0.77,0.00,0.03,2.77,57,69,61,69,60,63,60,62
2026-08-28 09:46:30,226.7,57,2,0,2411,13.86,P0,0x0000000000000000,88843936,62405372,44566156,5708,0,0.63,0.00,0.02,2.77,56,71,61,71,60,62,60,61
2026-08-28 09:46:31,227.7,57,1,0,2411,13.90,P0,0x0000000000000000,89347452,62738436,43890648,2480,0,0.63,0.00,0.02,2.77,56,71,61,71,60,62,60,60
2026-08-28 09:46:32,228.7,57,2,0,2411,13.82,P0,0x0000000000000000,89204304,62407888,44567004,2752,0,0.51,0.00,0.02,2.77,56,71,61,71,60,62,60,61
2026-08-28 09:46:33,229.7,57,1,0,2411,13.92,P0,0x0000000000000000,89023232,62038276,44560940,7452,0,0.51,0.00,0.02,2.77,56,72,61,72,60,62,60,60
2026-08-28 09:46:34,230.7,57,2,0,2411,13.89,P0,0x0000000000000000,88857768,61685252,44560940,3276,0,0.42,0.00,0.01,2.63,56,72,60,72,60,62,60,60
2026-08-28 09:46:35,231.7,57,2,0,2411,13.93,P0,0x0000000000000000,89363656,62020900,43884860,984,0,0.42,0.00,0.01,2.63,56,71,60,71,60,62,60,60
2026-08-28 09:46:36,232.7,57,0,0,2411,13.86,P0,0x0000000000000000,89295520,61768288,44560964,5924,128,0.34,0.00,0.01,2.63,56,72,60,72,60,62,60,60
2026-08-28 09:46:37,233.7,57,2,0,2411,13.89,P0,0x0000000000000000,89118004,61399696,44558188,3036,0,0.34,0.00,0.01,2.63,56,67,60,67,60,61,60,62
2026-08-28 09:46:38,234.7,57,2,0,2411,13.93,P0,0x0000000000000000,88931872,61028064,44557732,2880,0,0.28,0.00,0.01,2.63,56,71,60,71,59,61,60,66
2026-08-28 09:46:39,235.7,57,2,0,2411,13.89,P0,0x0000000000000000,88755076,60661992,44596004,2944,0,0.28,0.00,0.01,2.50,56,72,60,72,59,61,60,68
2026-08-28 09:46:40,236.7,57,1,0,2411,13.82,P0,0x0000000000000000,89236852,60969828,44557796,5428,0,0.23,0.00,0.00,2.50,56,72,60,72,59,62,60,68
2026-08-28 09:46:41,237.7,57,2,0,2411,13.84,P0,0x0000000000000000,89049268,60594812,44709656,4356,128,0.23,0.00,0.00,2.50,56,73,60,73,59,60,60,68
2026-08-28 09:46:42,238.7,57,2,0,2411,13.85,P0,0x0000000000000000,88880752,60239780,44558308,2460,0,0.19,0.00,0.00,2.50,56,73,60,73,59,59,60,68
2026-08-28 09:46:43,239.7,57,1,0,2411,13.87,P0,0x0000000000000000,88702796,59870092,44598748,4012,32,0.19,0.00,0.00,2.50,56,73,60,73,59,60,60,68
2026-08-28 09:46:44,240.7,57,1,0,2411,13.77,P0,0x0000000000000000,89305488,60310684,47368568,2260,0,0.51,0.00,0.00,2.38,56,73,60,73,59,60,60,68
2026-08-28 09:46:45,241.7,57,1,0,2411,13.81,P0,0x0000000000000000,89126408,59936996,47368568,2840,0,0.51,0.00,0.00,2.38,56,73,61,73,59,60,60,68
2026-08-28 09:46:46,242.7,57,1,0,2411,13.88,P0,0x0000000000000000,88924836,59543100,47376892,5052,0,0.42,0.00,0.00,2.38,56,70,59,64,59,70,60,63
2026-08-28 09:46:47,243.7,57,2,0,2411,13.94,P0,0x0000000000000000,88715212,59141112,47383840,2152,20,0.42,0.00,0.00,2.38,56,73,59,60,59,73,60,60
2026-08-28 09:46:48,244.7,57,2,0,2411,13.98,P0,0x0000000000000000,88496044,58742420,47427956,6388,0,0.52,0.00,0.00,2.38,56,75,59,60,59,75,60,60
2026-08-28 09:46:49,245.7,57,2,0,2411,13.76,P0,0x0000000000000000,86928100,56991628,44342156,6020,0,0.52,0.00,0.00,2.27,56,67,59,60,59,67,59,60
2026-08-28 09:46:50,246.7,60,22,0,2496,24.92,P0,0x0000000000000000,86821604,56884212,44419596,4636,152,0.43,0.00,0.36,2.27,56,69,60,69,60,63,63,61
2026-08-28 09:46:51,247.7,62,77,0,2496,35.34,P0,0x0000000000000000,85822540,55884232,44357508,2860,4,0.43,0.00,0.36,2.27,56,71,60,71,60,61,64,61
2026-08-28 09:46:52,248.7,58,7,0,2411,21.28,P0,0x0000000000000000,88931628,58644000,44400296,5940,0,0.35,0.00,0.66,2.27,56,67,60,67,60,60,62,61
2026-08-28 09:46:53,249.7,57,0,0,2411,13.42,P0,0x0000000000000000,88897460,58534728,44400972,5216,0,0.35,0.00,0.66,2.27,56,64,60,62,60,64,61,61
2026-08-28 09:46:54,250.7,57,0,0,2411,13.55,P0,0x0000000000000000,88913696,58549680,44413972,4788,0,1.01,0.00,1.08,2.17,56,71,60,61,61,71,60,63
2026-08-28 09:46:55,251.7,57,0,0,2411,13.53,P0,0x0000000000000000,88885216,58521052,44432832,5516,256,1.01,0.00,1.08,2.17,56,72,60,61,61,72,60,63
2026-08-28 09:46:56,252.7,57,0,0,2411,13.48,P0,0x0000000000000000,88865020,58458468,44454116,9972,0,0.83,0.00,0.88,2.17,56,66,59,61,60,66,59,62
2026-08-28 09:46:57,253.7,57,0,0,2411,13.71,P0,0x0000000000000000,88116080,57701992,44455356,11260,0,0.83,0.00,0.88,2.17,56,68,59,59,60,68,60,61
2026-08-28 09:46:58,254.7,57,26,0,2411,15.45,P0,0x0000000000000000,88072896,57657060,44466056,14464,0,0.67,0.00,0.72,2.17,56,70,59,60,60,70,60,61
2026-08-28 09:46:59,255.7,57,0,0,2450,17.41,P0,0x0000000000000000,88051292,57631072,44473180,14440,0,0.67,0.00,0.72,2.07,56,73,59,60,60,73,60,60
2026-08-28 09:47:00,256.7,57,18,0,2411,15.44,P0,0x0000000000000000,88019016,57588836,44488684,16436,0,0.55,0.00,0.59,2.07,56,75,59,59,60,75,60,60
2026-08-28 09:47:01,257.7,58,0,0,2476,17.51,P0,0x0000000000000000,88020792,57584128,44508992,18616,0,0.55,0.00,0.59,2.07,56,75,59,59,60,75,61,60
2026-08-28 09:47:02,258.7,59,0,0,2411,19.68,P0,0x0000000000000000,88030484,57591860,44496184,21952,0,0.45,0.00,0.48,2.07,56,73,59,60,60,73,61,60
2026-08-28 09:47:03,259.7,59,81,0,2450,21.09,P0,0x0000000000000000,88034244,57594136,44507316,23704,8,0.45,0.00,0.48,2.07,56,74,59,60,61,74,61,61
2026-08-28 09:47:04,260.7,59,0,0,2411,17.20,P0,0x0000000000000000,88050692,57608752,44510216,24188,0,0.37,0.00,0.39,1.99,56,73,59,60,61,73,61,61
2026-08-28 09:47:05,261.7,59,0,0,2424,18.71,P0,0x0000000000000000,88041524,57596152,44510480,26868,0,0.37,0.00,0.39,1.99,56,67,60,61,60,67,61,62
2026-08-28 09:47:06,262.7,58,18,0,2450,18.69,P0,0x0000000000000000,88025644,57579388,44514660,26760,120,0.30,0.00,0.32,1.99,56,68,60,61,60,68,62,63
2026-08-28 09:47:07,263.7,59,65,0,2476,23.45,P0,0x0000000000000000,88075912,57628372,44516724,26376,0,0.30,0.00,0.32,1.99,56,65,60,64,60,65,62,64
2026-08-28 09:47:08,264.7,58,53,0,2450,19.36,P0,0x0000000000000000,88077484,57628480,44608684,5504,0,0.61,0.00,0.26,1.99,56,70,60,70,60,63,62,62
2026-08-28 09:47:09,265.7,58,33,0,2463,20.69,P0,0x0000000000000000,88071144,57620716,44537180,4588,0,0.61,0.00,0.26,2.15,56,70,60,70,60,62,62,62
2026-08-28 09:47:10,266.7,59,0,0,2431,20.45,P0,0x0000000000000000,88062948,57610108,44547548,9056,260,0.50,0.00,0.21,2.15,56,70,61,70,61,65,62,66
2026-08-28 09:47:11,267.7,59,22,0,2431,18.75,P0,0x0000000000000000,88025136,57560408,44775080,14072,0,0.50,0.00,0.21,2.15,56,73,61,73,61,70,62,67
2026-08-28 09:47:12,268.7,58,0,0,2437,18.08,P0,0x0000000000000000,87982580,57502508,44663892,32676,0,0.41,0.00,0.36,2.15,56,68,62,68,61,66,61,65
2026-08-28 09:47:13,269.7,59,0,0,2424,17.91,P0,0x0000000000000000,87913264,57423932,45465560,36676,0,0.41,0.00,0.36,2.15,56,72,62,72,61,65,61,63
2026-08-28 09:47:14,270.7,58,22,0,2450,17.12,P0,0x0000000000000000,87870136,57369240,45659212,46084,4,0.51,0.00,0.47,2.22,56,74,62,74,61,64,62,65
2026-08-28 09:47:15,271.7,58,0,0,2411,15.35,P0,0x0000000000000000,87788380,57274968,45727504,12136,0,0.51,0.00,0.47,2.22,56,68,61,68,61,65,61,66
2026-08-28 09:47:16,272.7,58,0,0,2411,13.49,P0,0x0000000000000000,87728412,57203116,45813588,20100,0,0.42,0.00,0.93,2.22,56,72,61,72,61,68,61,67
2026-08-28 09:47:17,273.7,58,75,0,2411,15.33,P0,0x0000000000000000,87647536,57112012,45865204,28024,0,0.42,0.00,0.93,2.22,56,73,61,73,61,70,61,69
2026-08-28 09:47:18,274.7,58,0,0,2437,17.00,P0,0x0000000000000000,87652092,57114448,45869316,32948,0,0.34,0.00,0.94,2.22,56,73,62,73,61,66,61,71
2026-08-28 09:47:19,275.7,58,17,0,2411,15.18,P0,0x0000000000000000,87936796,57404192,44618992,56,0,0.34,0.00,0.94,2.20,56,74,62,74,61,63,61,71
2026-08-28 09:47:20,276.7,58,0,0,2411,13.45,P0,0x0000000000000000,87921844,57443296,44626368,3956,4,0.28,0.00,0.77,2.20,56,74,62,74,60,62,61,71
2026-08-28 09:47:21,277.7,58,0,0,2450,17.06,P0,0x0000000000000000,87944896,57464608,44637188,10428,0,0.28,0.00,0.77,2.20,56,73,61,73,60,61,61,71
2026-08-28 09:47:22,278.7,58,0,0,2411,16.56,P0,0x0000000000000000,87930616,57449132,44654072,9724,0,0.23,0.00,0.63,2.20,56,71,61,69,60,66,61,71
2026-08-28 09:47:23,279.7,60,44,0,2450,22.76,P0,0x0000000000000000,87925184,57442288,44651112,10276,0,0.23,0.00,0.63,2.20,56,65,60,63,61,65,62,64
2026-08-28 09:47:24,280.7,58,81,0,2450,19.60,P0,0x0000000000000000,87978216,57494060,44649728,13636,0,1.27,0.00,0.70,2.26,56,70,60,61,61,70,62,63
2026-08-28 09:47:25,281.7,58,80,0,2450,18.57,P0,0x0000000000000000,87988984,57502908,44678152,13096,0,1.27,0.00,0.70,2.26,56,71,61,62,61,71,62,63
2026-08-28 09:47:26,282.7,58,0,0,2411,17.81,P0,0x0000000000000000,87983200,57495728,44666588,16412,0,1.04,0.00,0.57,2.26,56,72,61,63,62,72,61,63
2026-08-28 09:47:27,283.7,58,54,0,2450,18.45,P0,0x0000000000000000,87986708,57497532,44673184,15792,0,1.04,0.00,0.57,2.26,56,73,61,63,61,73,61,64
2026-08-28 09:47:28,284.7,58,0,0,2411,17.03,P0,0x0000000000000000,87967740,57476524,44694164,17660,4,1.58,0.00,0.46,2.26,55,72,61,65,61,72,61,63
2026-08-28 09:47:29,285.7,58,0,0,2411,14.13,P0,0x0000000000000000,87983684,57490536,44701128,19888,0,1.58,0.00,0.46,2.16,55,73,61,63,61,73,61,63
2026-08-28 09:47:30,286.7,58,0,0,2450,16.71,P0,0x0000000000000000,87927060,57432268,44697472,21712,0,1.29,0.00,0.38,2.16,55,72,61,63,61,72,61,63
2026-08-28 09:47:31,287.7,59,42,0,2418,16.99,P0,0x0000000000000000,87944172,57447552,44739872,26532,0,1.29,0.00,0.38,2.16,55,72,61,62,61,72,61,64
2026-08-28 09:47:32,288.7,58,0,0,2411,13.52,P0,0x0000000000000000,87972308,57473864,44702828,24536,0,1.05,0.00,0.31,2.16,55,72,60,62,61,72,61,64
2026-08-28 09:47:33,289.7,60,78,0,2411,17.06,P0,0x0000000000000000,87949780,57449424,44706764,26272,0,1.05,0.00,0.31,2.16,55,68,60,61,61,68,61,64
2026-08-28 09:47:34,290.7,59,93,0,2411,16.74,P0,0x0000000000000000,87756348,57167432,44849552,107984,0,0.86,0.00,0.25,2.39,55,68,60,61,61,68,61,64
2026-08-28 09:47:35,291.7,58,40,0,2411,17.07,P0,0x0000000000000000,87446836,56718464,45203556,226724,0,0.86,0.00,0.25,2.39,55,69,60,60,61,69,62,62
2026-08-28 09:47:36,292.7,58,89,0,2411,30.74,P0,0x0000000000000000,87338124,56601524,45330100,228848,0,0.70,0.00,0.39,2.39,55,74,59,60,61,74,63,62
2026-08-28 09:47:37,293.7,58,0,0,2411,13.57,P0,0x0000000000000000,87323576,56585128,45352152,231676,0,0.70,0.00,0.39,2.39,55,77,59,60,61,77,61,63
2026-08-28 09:47:38,294.7,58,0,0,2411,13.51,P0,0x0000000000000000,87159520,56418296,45550564,229232,144,0.94,0.00,0.32,2.39,55,67,60,67,60,67,61,61
2026-08-28 09:47:39,295.8,58,12,0,2411,13.84,P0,0x0000000000000000,81801720,51058924,45376324,231520,0,0.94,0.00,0.32,2.44,55,65,60,65,60,64,60,60
2026-08-28 09:47:40,296.7,58,12,0,2418,14.94,P0,0x0000000000000000,76470836,45727992,45376492,231456,0,0.77,0.00,0.26,2.44,55,64,60,64,60,64,60,61
2026-08-28 09:47:41,297.7,57,19,0,2411,14.12,P0,0x0000000000000000,76093696,45307508,45577352,235800,0,0.77,0.00,0.26,2.44,55,65,59,61,60,65,60,60
2026-08-28 09:47:42,298.7,57,0,0,2411,14.06,P0,0x0000000000000000,76095280,45306200,45441984,238000,0,0.63,0.00,0.75,2.44,55,70,59,60,60,70,61,60
2026-08-28 09:47:43,299.7,58,53,0,2424,16.58,P0,0x0000000000000000,76059200,45269800,45500280,236860,0,0.63,0.00,0.75,2.44,55,73,59,60,61,73,61,62
2026-08-28 09:47:44,300.7,59,44,0,2437,16.69,P0,0x0000000000000000,75984724,45195244,45572944,235080,0,0.51,0.00,0.62,2.32,55,74,59,59,61,74,61,62
2026-08-28 09:47:45,301.7,58,44,0,2450,17.13,P0,0x0000000000000000,75958628,45167116,45642108,234468,0,0.51,0.00,0.62,2.32,55,75,59,59,61,75,61,62
2026-08-28 09:47:46,302.7,57,32,0,2411,15.92,P0,0x0000000000000000,75925136,45132588,45685532,235712,0,0.42,0.00,0.50,2.32,55,76,59,59,61,76,61,63
2026-08-28 09:47:47,303.7,59,35,0,2424,21.10,P0,0x0000000000000000,75877652,45084820,45757008,238984,0,0.42,0.00,0.50,2.32,55,76,59,59,61,76,63,62
2026-08-28 09:47:48,304.7,60,58,0,2418,26.58,P0,0x0000000000000000,75817168,45023824,45832788,235632,388,0.34,0.00,0.41,2.32,55,76,59,59,61,76,65,63
2026-08-28 09:47:49,305.7,61,45,0,2411,33.42,P0,0x0000000000000000,75641008,44847504,45901020,235712,0,0.34,0.00,0.41,2.22,55,76,60,60,61,76,67,63
2026-08-28 09:47:50,306.7,66,77,0,2392,41.99,P0,0x0000000000000000,75602252,44808644,45971516,232016,0,0.28,0.00,0.33,2.22,55,76,60,60,62,76,69,63
2026-08-28 09:47:51,307.7,65,41,0,2405,42.65,P0,0x0000000000000000,75534068,44738696,46073020,233888,0,0.28,0.00,0.33,2.22,55,76,60,60,62,76,68,63
2026-08-28 09:47:52,308.7,59,11,0,2437,17.84,P0,0x0000000000000000,75473164,44677676,46144128,235752,0,0.23,0.00,0.27,2.22,55,76,60,60,62,76,64,63
2026-08-28 09:47:53,309.7,58,27,0,2418,16.26,P0,0x0000000000000000,75379460,44583600,46224100,232412,0,0.23,0.00,0.27,2.22,55,76,60,60,61,76,62,63
2026-08-28 09:47:54,310.7,58,56,0,2444,16.05,P0,0x0000000000000000,75284980,44488268,46328548,237952,4,0.18,0.00,0.22,2.12,55,76,60,60,61,76,62,63
2026-08-28 09:47:55,311.7,58,0,0,2444,16.33,P0,0x0000000000000000,75195272,44398164,46394648,234760,4,0.18,0.00,0.22,2.12,55,76,59,60,61,76,62,63
2026-08-28 09:47:56,312.7,59,25,0,2424,20.30,P0,0x0000000000000000,75115888,44318744,46478212,228036,0,0.15,0.00,0.18,2.12,55,76,60,60,61,76,63,63
2026-08-28 09:47:57,313.7,63,32,0,2418,25.48,P0,0x0000000000000000,75058672,44261740,46558132,229496,36,0.15,0.00,0.18,2.12,55,76,60,60,61,76,65,63
2026-08-28 09:47:58,314.7,59,61,0,2418,26.49,P0,0x0000000000000000,74998816,44201344,46632208,231024,0,0.12,0.00,0.15,2.12,55,77,60,62,61,77,65,63
2026-08-28 09:47:59,315.7,69,4,0,2431,39.79,P0,0x0000000000000000,75141464,44342976,46691912,226756,0,0.12,0.00,0.15,2.19,55,71,60,61,62,71,68,63
2026-08-28 09:48:00,316.7,59,21,0,2457,24.13,P0,0x0000000000000000,74908260,44105668,46778428,230984,0,0.10,0.00,0.12,2.19,55,73,60,61,61,73,65,62
2026-08-28 09:48:01,317.7,58,0,0,2431,15.82,P0,0x0000000000000000,73828336,42982592,47239736,241212,0,0.10,0.00,0.12,2.19,55,72,60,65,61,72,63,62
2026-08-28 09:48:02,318.7,58,0,0,2411,13.53,P0,0x0000000000000000,72749868,41839292,47889608,261164,4,0.08,0.00,0.64,2.19,55,71,61,70,62,71,61,66
2026-08-28 09:48:03,319.7,58,0,0,2411,13.55,P0,0x0000000000000000,72328696,41401716,47916856,277380,0,0.08,0.00,0.64,2.19,55,76,61,71,62,76,61,68
2026-08-28 09:48:04,320.7,58,0,0,2411,13.51,P0,0x0000000000000000,72265828,41334600,48025392,278752,0,0.06,0.00,0.52,2.25,55,77,61,75,62,77,61,71
2026-08-28 09:48:05,321.7,58,0,0,2411,13.52,P0,0x0000000000000000,72374216,41451032,47693764,270320,0,0.06,0.00,0.52,2.25,55,77,61,77,61,67,61,72
2026-08-28 09:48:06,322.7,58,0,0,2411,13.51,P0,0x0000000000000000,72452828,41529532,47693764,67680,0,0.05,0.00,0.43,2.25,55,78,61,78,61,63,60,73
2026-08-28 09:48:07,323.7,58,0,0,2411,13.46,P0,0x0000000000000000,72528604,41605116,47694236,68240,0,0.05,0.00,0.43,2.25,55,77,62,77,61,63,60,73
2026-08-28 09:48:08,324.7,58,0,0,2411,13.46,P0,0x0000000000000000,72551460,41624928,47816304,70772,388,0.04,0.00,0.35,2.25,55,78,61,78,61,62,60,73
2026-08-28 09:48:09,325.7,58,0,0,2411,13.48,P0,0x0000000000000000,72941372,42006328,47131528,73592,8,0.04,0.00,0.35,2.23,55,77,61,77,61,70,60,68
2026-08-28 09:48:10,326.7,58,0,0,2411,13.46,P0,0x0000000000000000,72937280,42002028,47146008,76584,0,0.03,0.00,0.28,2.23,55,78,61,78,61,78,60,68
2026-08-28 09:48:11,327.7,58,0,0,2411,13.44,P0,0x0000000000000000,72965100,42029740,47301544,70272,140,0.03,0.00,0.28,2.23,55,80,61,78,61,80,60,65
2026-08-28 09:48:12,328.7,58,0,0,2411,13.45,P0,0x0000000000000000,72967660,42025296,47323632,76112,0,0.03,0.00,0.23,2.23,55,81,61,73,61,81,60,65
2026-08-28 09:48:13,329.7,58,0,0,2411,13.44,P0,0x0000000000000000,72792600,41849132,47531484,77504,0,0.03,0.00,0.23,2.23,55,81,61,72,61,81,60,68
2026-08-28 09:48:14,330.7,58,0,0,2411,13.44,P0,0x0000000000000000,72951928,42038480,47230400,44688,0,0.02,0.00,0.19,2.22,55,76,61,76,60,68,60,69
2026-08-28 09:48:15,331.7,58,0,0,2411,13.41,P0,0x0000000000000000,72992816,42078532,47272420,45324,132,0.02,0.00,0.19,2.22,55,76,61,76,60,63,60,70
2026-08-28 09:48:16,332.7,58,0,0,2411,13.38,P0,0x0000000000000000,71964460,41082360,46938956,10540,0,0.01,0.00,0.15,2.22,55,70,60,70,60,61,61,67
2026-08-28 09:48:17,333.7,58,27,0,2424,16.85,P0,0x0000000000000000,71875224,40940792,46974924,7648,8,0.01,0.00,0.15,2.22,55,64,60,64,60,61,61,62
2026-08-28 09:48:18,334.7,58,0,0,2411,14.22,P0,0x0000000000000000,71945896,40986748,46993628,18152,0,0.01,0.00,1.39,2.22,55,63,60,63,60,60,61,62
2026-08-28 09:48:19,335.7,58,0,0,2411,13.44,P0,0x0000000000000000,71988204,41027324,46998124,20756,0,0.01,0.00,1.39,2.28,55,61,60,61,60,61,60,61
2026-08-28 09:48:20,336.7,57,0,0,2411,13.37,P0,0x0000000000000000,72040628,41079680,47006316,18292,0,0.01,0.00,1.32,2.28,55,60,59,60,59,60,60,60
2026-08-28 09:48:21,337.7,57,0,0,2411,13.33,P0,0x0000000000000000,72066596,41105544,47239524,15580,0,0.01,0.00,1.32,2.28,55,65,59,59,60,65,60,60
2026-08-28 09:48:22,338.7,57,0,0,2411,13.32,P0,0x0000000000000000,72130384,41167152,47312100,20064,4,0.01,0.00,1.08,2.28,55,63,59,60,59,63,60,60
2026-08-28 09:48:23,339.7,57,0,0,2411,13.30,P0,0x0000000000000000,72186728,41222552,47316340,20716,0,0.01,0.00,1.08,2.28,55,60,59,59,59,60,60,60
2026-08-28 09:48:24,340.7,57,0,0,2411,13.30,P0,0x0000000000000000,72223300,41259108,47324536,17660,0,0.00,0.00,1.06,2.26,55,60,59,59,59,60,59,60
2026-08-28 09:48:25,341.7,57,0,0,2411,13.26,P0,0x0000000000000000,72269996,41305660,47366012,17432,0,0.00,0.00,1.06,2.26,55,64,58,58,59,64,59,59
2026-08-28 09:48:26,342.7,57,0,0,2411,13.28,P0,0x0000000000000000,72320276,41355812,47397684,21148,12,0.00,0.00,0.87,2.26,55,66,58,58,59,66,59,60
2026-08-28 09:48:27,343.7,57,0,0,2411,13.26,P0,0x0000000000000000,72365360,41400696,47401172,19204,0,0.00,0.00,0.87,2.26,55,65,58,58,59,65,59,60
2026-08-28 09:48:28,344.7,57,0,0,2411,13.23,P0,0x0000000000000000,72394204,41429292,47399972,21144,0,0.91,0.00,0.71,2.26,55,63,58,58,59,63,59,60
2026-08-28 09:48:29,345.7,57,0,0,2411,13.19,P0,0x0000000000000000,72405972,41440472,47400012,22068,0,0.91,0.00,0.71,2.16,55,62,58,59,59,62,59,59
2026-08-28 09:48:30,346.7,57,0,0,2411,13.23,P0,0x0000000000000000,72470920,41505200,47397140,17168,0,0.74,0.00,0.58,2.16,55,59,58,58,58,59,59,59
2026-08-28 09:48:31,347.7,56,0,0,2411,13.20,P0,0x0000000000000000,72504692,41538860,47397232,18088,0,0.74,0.00,0.58,2.16,55,59,58,58,58,59,59,58
2026-08-28 09:48:32,348.7,56,0,0,2411,13.21,P0,0x0000000000000000,72528300,41562380,47397140,18740,0,0.61,0.00,0.48,2.16,55,59,58,58,58,59,59,59
2026-08-28 09:48:33,349.7,56,0,0,2411,13.15,P0,0x0000000000000000,72567032,41600688,47397212,18032,0,0.61,0.00,0.48,2.16,55,59,58,58,58,58,59,59
2026-08-28 09:48:34,350.7,56,0,0,2411,13.16,P0,0x0000000000000000,72618428,41652032,47397164,18868,4,0.49,0.00,0.39,1.98,55,59,57,58,58,58,59,58
2026-08-28 09:48:35,351.7,56,0,0,2411,13.14,P0,0x0000000000000000,72680512,41714016,47397264,16552,0,0.49,0.00,0.39,1.98,55,59,57,57,57,58,59,58
2026-08-28 09:48:36,352.7,56,0,0,2411,13.13,P0,0x0000000000000000,72737256,41770656,47397172,20964,0,0.40,0.00,0.32,1.98,55,58,57,57,57,58,58,58
2026-08-28 09:48:37,353.7,56,0,0,2411,13.11,P0,0x0000000000000000,72774784,41808068,47393788,18516,0,0.40,0.00,0.32,1.98,55,58,57,57,57,58,58,58
2026-08-28 09:48:38,354.7,56,0,0,2411,13.06,P0,0x0000000000000000,72788408,41821176,47402128,16376,0,0.33,0.00,0.26,1.98,55,59,57,57,58,59,58,58
2026-08-28 09:48:39,355.7,56,0,0,2411,13.08,P0,0x0000000000000000,72826992,41859592,47402136,21968,0,0.33,0.00,0.26,1.98,55,59,57,57,58,59,58,58
2026-08-28 09:48:40,356.7,56,0,0,2411,13.13,P0,0x0000000000000000,72846856,41879368,47402200,20684,0,0.27,0.00,0.21,1.98,55,59,58,59,58,59,58,58
2026-08-28 09:48:41,357.7,56,0,0,2411,13.15,P0,0x0000000000000000,72867308,41899712,47402200,17972,0,0.27,0.00,0.21,1.98,55,58,57,58,57,58,58,58
2026-08-28 09:48:42,358.7,56,0,0,2411,13.13,P0,0x0000000000000000,72895068,41927416,47402200,18624,0,0.22,0.00,0.17,1.98,55,58,57,57,57,58,58,58
2026-08-28 09:48:43,359.7,56,0,0,2411,13.13,P0,0x0000000000000000,72893132,41925420,47402200,18636,4,0.22,0.00,0.17,1.98,55,58,57,57,57,58,58,57
2026-08-28 09:48:44,360.7,56,0,0,2411,13.11,P0,0x0000000000000000,72916460,41948728,47402208,19652,20,0.18,0.00,0.14,1.82,55,58,57,57,57,58,58,57
2026-08-28 09:48:45,361.7,56,0,0,2411,13.10,P0,0x0000000000000000,72901624,41933740,47402220,21280,0,0.18,0.00,0.14,1.82,55,58,57,57,57,57,58,57
2026-08-28 09:48:46,362.7,55,0,0,2411,13.08,P0,0x0000000000000000,72889160,41921232,47402220,19168,0,0.14,0.00,0.11,1.82,55,58,57,57,57,58,58,57
2026-08-28 09:48:47,363.7,55,0,0,2411,13.07,P0,0x0000000000000000,72906700,41938668,47405072,12720,16,0.14,0.00,0.11,1.82,55,58,57,57,57,57,58,57
2026-08-28 09:48:48,364.7,55,0,0,2411,13.02,P0,0x0000000000000000,72910976,41942704,47414628,12848,0,0.12,0.00,0.09,1.82,55,59,57,57,57,59,58,58
2026-08-28 09:48:49,365.7,55,0,0,2411,13.07,P0,0x0000000000000000,72915720,41947356,47405088,14932,0,0.12,0.00,0.09,1.76,55,58,57,57,57,58,58,58
2026-08-28 09:48:50,366.7,55,0,0,2411,13.06,P0,0x0000000000000000,72904460,41936016,47405088,13960,0,0.10,0.00,0.07,1.76,55,58,57,57,57,57,58,58
2026-08-28 09:48:51,367.7,55,0,0,2411,13.07,P0,0x0000000000000000,72883244,41914620,47405284,13432,0,0.10,0.00,0.07,1.76,55,57,56,57,57,57,57,57
2026-08-28 09:48:52,368.7,55,0,0,2411,13.05,P0,0x0000000000000000,72910312,41941608,47405284,4812,0,0.08,0.00,0.06,1.76,55,57,56,56,56,57,57,57
2026-08-28 09:48:53,369.7,55,0,0,2411,13.03,P0,0x0000000000000000,72905112,41936516,47405136,8496,8,0.08,0.00,0.06,1.76,55,57,56,56,56,57,57,57
2026-08-28 09:48:54,370.7,55,0,0,2411,12.97,P0,0x0000000000000000,72906188,41920892,47405136,7600,0,0.42,0.00,0.41,1.62,55,57,56,56,56,57,57,57
2026-08-28 09:48:55,371.7,55,0,0,2411,13.04,P0,0x0000000000000000,72911308,41925320,47405136,9736,0,0.42,0.00,0.41,1.62,55,57,56,56,56,57,57,57
2026-08-28 09:48:56,372.7,55,0,0,2411,13.05,P0,0x0000000000000000,72934976,41931956,47405144,7096,0,0.35,0.00,0.33,1.62,55,57,56,56,56,57,57,57
2026-08-28 09:48:57,373.7,55,0,0,2411,13.01,P0,0x0000000000000000,72910192,41906944,47408800,5012,0,0.35,0.00,0.33,1.62,55,57,56,57,57,57,57,57
2026-08-28 09:48:58,374.7,55,0,0,2411,12.96,P0,0x0000000000000000,72911292,41908024,47409056,7404,0,0.28,0.00,0.27,1.62,55,57,56,56,56,57,57,57
2026-08-28 09:48:59,375.7,55,0,0,2411,12.97,P0,0x0000000000000000,72896016,41892540,47409072,4760,4,0.28,0.00,0.27,1.65,55,57,56,57,56,57,57,57
2026-08-28 09:49:00,376.7,55,0,0,2411,12.95,P0,0x0000000000000000,72910984,41907440,47406212,5348,0,0.23,0.00,0.22,1.65,55,57,56,56,56,57,57,56
2026-08-28 09:49:01,377.7,55,0,0,2411,12.96,P0,0x0000000000000000,72921004,41917320,47442536,8168,0,0.23,0.00,0.22,1.65,55,57,56,56,56,57,57,56
2026-08-28 09:49:02,378.7,55,0,0,2411,12.92,P0,0x0000000000000000,72898388,41894464,47406288,3652,4,0.19,0.00,0.18,1.65,55,57,56,57,56,57,57,57
2026-08-28 09:49:03,379.7,55,0,0,2411,12.91,P0,0x0000000000000000,72911332,41907120,47406288,2556,0,0.19,0.00,0.18,1.65,55,57,56,56,56,57,57,56
2026-08-28 09:49:04,380.7,55,0,0,2411,12.91,P0,0x0000000000000000,72917892,41913664,47406296,2548,0,0.15,0.00,0.15,1.60,55,57,56,56,56,56,57,56
2026-08-28 09:49:05,381.7,55,0,0,2411,12.96,P0,0x0000000000000000,72998052,41993736,47406304,2448,0,0.15,0.00,0.15,1.60,55,57,56,56,56,57,57,57
2026-08-28 09:49:06,382.7,55,0,0,2411,12.93,P0,0x0000000000000000,72981140,41976628,47406344,4344,280,0.12,0.00,0.12,1.60,55,57,56,56,56,57,57,57
2026-08-28 09:49:07,383.7,55,0,0,2411,12.97,P0,0x0000000000000000,72970528,41965912,47402528,2312,0,0.12,0.00,0.12,1.60,54,57,56,56,56,57,57,56
2026-08-28 09:49:08,384.7,54,0,0,2411,12.96,P0,0x0000000000000000,72969844,41965036,47591512,2196,0,0.28,0.00,0.10,1.60,54,57,56,56,56,57,57,57
2026-08-28 09:49:09,385.7,54,0,0,2411,12.94,P0,0x0000000000000000,73004740,41999760,47402800,2328,0,0.28,0.00,0.10,1.55,54,58,56,56,56,58,57,57
2026-08-28 09:49:10,386.7,54,0,0,2411,12.95,P0,0x0000000000000000,72986116,41981112,47407536,3728,0,0.23,0.00,0.08,1.55,54,58,56,58,56,58,57,58
2026-08-28 09:49:11,387.7,54,0,0,2411,12.91,P0,0x0000000000000000,72995764,41990668,47558892,4720,0,0.23,0.00,0.08,1.55,54,57,55,56,56,57,57,57
2026-08-28 09:49:12,388.7,54,0,0,2411,12.88,P0,0x0000000000000000,72981816,41976640,47407800,2260,0,0.19,0.00,0.06,1.55,54,57,55,56,56,56,57,56
2026-08-28 09:49:13,389.7,54,0,0,2411,12.89,P0,0x0000000000000000,72984020,41978820,47407800,2260,4,0.19,0.00,0.06,1.55,54,57,56,56,56,57,56,57
2026-08-28 09:49:14,390.7,54,0,0,2411,12.90,P0,0x0000000000000000,73003004,41997624,47407800,5028,0,0.33,0.00,0.05,1.42,54,56,56,56,56,56,56,56
2026-08-28 09:49:15,391.7,54,0,0,2411,12.92,P0,0x0000000000000000,72979024,41973556,47407804,3944,0,0.33,0.00,0.05,1.42,54,56,55,56,56,56,56,56
2026-08-28 09:49:16,392.7,54,0,0,2411,12.94,P0,0x0000000000000000,72972524,41966936,47410556,2440,0,0.27,0.00,0.04,1.42,54,56,55,55,55,56,56,56
2026-08-28 09:49:17,393.7,54,0,0,2411,12.89,P0,0x0000000000000000,72990560,41984776,47422948,4124,0,0.27,0.00,0.04,1.42,54,56,55,55,56,56,56,56
2026-08-28 09:49:18,394.7,54,0,0,2411,12.90,P0,0x0000000000000000,72993676,41987812,47425716,5684,4,0.22,0.00,0.03,1.42,54,57,55,55,55,57,56,56
2026-08-28 09:49:19,395.7,54,0,0,2411,12.94,P0,0x0000000000000000,72995964,41989968,47425688,4228,0,0.22,0.00,0.03,1.55,54,57,55,55,56,57,56,56
2026-08-28 09:49:20,396.7,54,0,0,2411,12.94,P0,0x0000000000000000,72992580,41986356,47425692,5252,0,0.18,0.00,0.02,1.55,54,56,55,55,55,56,56,56
2026-08-28 09:49:21,397.7,54,0,0,2411,12.91,P0,0x0000000000000000,72979944,41973648,47426756,4956,0,0.18,0.00,0.02,1.55,54,57,55,56,56,57,56,57
2026-08-28 09:49:22,398.7,54,0,0,2411,12.89,P0,0x0000000000000000,72976764,41970376,47426756,3244,0,0.15,0.00,0.02,1.55,54,56,55,55,55,56,56,56
2026-08-28 09:49:23,399.7,54,0,0,2411,12.87,P0,0x0000000000000000,72977380,41970768,47429656,536,132,0.15,0.00,0.02,1.55,54,56,55,55,55,56,56,56
2026-08-28 09:49:24,400.7,54,0,0,2411,12.85,P0,0x0000000000000000,72990096,41983420,47429664,5052,0,0.12,0.00,0.01,1.51,54,56,55,55,55,56,56,55
2026-08-28 09:49:25,401.7,54,0,0,2411,12.88,P0,0x0000000000000000,73000236,41993452,47432832,3556,4,0.12,0.00,0.01,1.51,54,56,55,55,55,56,56,55
2026-08-28 09:49:26,402.7,54,0,0,2411,12.90,P0,0x0000000000000000,73002740,41995824,47433116,3128,0,0.10,0.00,0.01,1.51,54,56,55,55,55,56,56,56
2026-08-28 09:49:27,403.7,54,0,0,2411,12.85,P0,0x0000000000000000,73021700,42014764,47436920,4124,0,0.10,0.00,0.01,1.51,54,56,55,55,55,56,56,56
2026-08-28 09:49:28,404.7,54,0,0,2411,12.87,P0,0x0000000000000000,73027232,42020056,47433820,672,0,0.08,0.00,0.19,1.51,54,56,55,55,55,56,56,55
2026-08-28 09:49:29,405.7,54,0,0,2411,12.85,P0,0x0000000000000000,73031028,42023588,47427628,3892,0,0.08,0.00,0.19,1.79,54,57,55,56,55,57,56,56
2026-08-28 09:49:30,406.7,54,0,0,2411,12.85,P0,0x0000000000000000,73029904,42022452,47424144,7812,0,0.06,0.00,0.15,1.79,54,56,55,55,55,56,56,56
2026-08-28 09:49:31,407.7,54,0,0,2411,12.84,P0,0x0000000000000000,73011960,42004336,47426968,4932,0,0.06,0.00,0.15,1.79,54,56,55,55,55,56,56,55
2026-08-28 09:49:32,408.7,54,0,0,2411,12.84,P0,0x0000000000000000,72995620,41987920,47430960,5396,0,0.41,0.00,0.12,1.79,54,56,55,55,55,56,56,56
2026-08-28 09:49:33,409.7,54,0,0,2411,12.82,P0,0x0000000000000000,72992732,41984568,47427320,3240,0,0.41,0.00,0.12,1.79,54,56,55,55,55,56,56,56
2026-08-28 09:49:34,410.7,54,0,0,2411,12.87,P0,0x0000000000000000,72959264,41950580,47533432,6072,0,0.34,0.00,0.10,1.64,54,56,55,56,55,56,56,56
2026-08-28 09:49:35,411.7,54,0,0,2411,12.81,P0,0x0000000000000000,72967444,41958568,47428104,4220,16,0.34,0.00,0.10,1.64,54,56,55,56,55,56,56,56
2026-08-28 09:49:36,412.7,54,0,0,2411,12.80,P0,0x0000000000000000,72964328,41955372,47428104,2340,0,0.27,0.00,0.08,1.64,54,56,55,55,55,55,56,55
2026-08-28 09:49:37,413.7,54,0,0,2411,12.80,P0,0x0000000000000000,72977212,41968156,47424648,1908,0,0.27,0.00,0.08,1.64,54,56,55,55,55,55,56,55
2026-08-28 09:49:38,414.7,54,0,0,2411,12.85,P0,0x0000000000000000,72979520,41970360,47424464,3884,20,0.22,0.00,0.07,1.64,54,57,55,55,55,57,56,56
2026-08-28 09:49:39,415.7,54,0,0,2411,12.81,P0,0x0000000000000000,72979256,41969976,47424552,2976,0,0.22,0.00,0.07,1.67,54,56,55,55,55,56,56,56
2026-08-28 09:49:40,416.7,54,0,0,2411,12.77,P0,0x0000000000000000,72981804,41972336,47421524,5584,44,0.18,0.00,0.05,1.67,54,57,55,57,55,56,56,56
2026-08-28 09:49:41,417.7,53,0,0,2411,12.76,P0,0x0000000000000000,72962992,41953244,47577240,3776,0,0.18,0.00,0.05,1.67,54,56,54,55,55,55,56,55
2026-08-28 09:49:42,418.7,53,0,0,2411,12.80,P0,0x0000000000000000,72984484,41974652,47421540,2508,0,0.15,0.00,0.04,1.67,54,56,54,54,55,55,56,55
2026-08-28 09:49:43,419.7,53,0,0,2411,12.78,P0,0x0000000000000000,72982220,41972300,47421540,5460,0,0.15,0.00,0.04,1.67,54,56,54,54,54,55,56,55
2026-08-28 09:49:44,420.7,53,0,0,2411,12.74,P0,0x0000000000000000,73002128,41992136,47421540,2652,0,0.12,0.00,0.03,1.54,54,55,54,55,54,55,55,55
2026-08-28 09:49:45,421.7,53,0,0,2411,12.74,P0,0x0000000000000000,72988612,41978544,47421552,2420,340,0.12,0.00,0.03,1.54,54,55,54,54,54,55,55,55
2026-08-28 09:49:46,422.7,53,0,0,2411,12.73,P0,0x0000000000000000,72991400,41981136,47458080,6792,0,0.10,0.00,0.03,1.54,54,57,55,55,55,57,55,55
2026-08-28 09:49:47,423.7,53,0,0,2411,12.78,P0,0x0000000000000000,72990608,41980192,47425740,2676,0,0.10,0.00,0.03,1.54,54,56,55,55,55,56,55,55
2026-08-28 09:49:48,424.7,53,0,0,2411,12.77,P0,0x0000000000000000,73010380,41999928,47425804,1724,0,0.44,0.00,0.02,1.54,54,56,54,55,55,56,55,55
2026-08-28 09:49:49,425.7,53,0,0,2411,12.75,P0,0x0000000000000000,72984900,41974236,47446284,2564,0,0.44,0.00,0.02,1.49,54,55,55,55,55,55,55,55
2026-08-28 09:49:50,426.7,53,0,0,2411,12.72,P0,0x0000000000000000,72987616,41976768,47446124,5368,8,0.36,0.00,0.02,1.49,54,55,54,55,55,55,55,55
2026-08-28 09:49:51,427.7,53,0,0,2411,12.73,P0,0x0000000000000000,72985988,41975044,47446348,2420,0,0.36,0.00,0.02,1.49,54,55,55,55,55,55,55,55
2026-08-28 09:49:52,428.7,53,0,0,2411,12.74,P0,0x0000000000000000,72971432,41960404,47446348,3636,0,0.29,0.00,0.01,1.49,54,55,54,54,54,55,55,55
2026-08-28 09:49:53,429.7,53,0,0,2411,12.73,P0,0x0000000000000000,72954460,41943260,47446488,5356,0,0.29,0.00,0.01,1.49,54,55,54,54,54,55,55,55
2026-08-28 09:49:54,430.7,53,0,0,2411,12.78,P0,0x0000000000000000,72964988,41952624,47446488,4800,76,0.24,0.00,0.19,1.69,54,55,55,55,55,55,55,55
2026-08-28 09:49:55,431.7,53,0,0,2411,12.80,P0,0x0000000000000000,72972188,41959636,47446528,3084,0,0.24,0.00,0.19,1.69,54,55,54,54,55,55,55,55
2026-08-28 09:49:56,432.7,53,0,0,2411,12.77,P0,0x0000000000000000,72985460,41972680,47446528,6060,0,0.20,0.00,0.15,1.69,54,55,54,54,54,55,55,55
2026-08-28 09:49:57,433.7,53,0,0,2411,12.73,P0,0x0000000000000000,72983476,41970572,47450192,3080,0,0.20,0.00,0.15,1.69,54,55,54,54,54,55,55,55
2026-08-28 09:49:58,434.7,53,0,0,2411,12.73,P0,0x0000000000000000,72989640,41976648,47450192,4424,0,0.16,0.00,0.12,1.69,53,55,54,55,54,55,55,55
2026-08-28 09:49:59,435.7,53,0,0,2411,12.75,P0,0x0000000000000000,72994104,41981016,47470744,6612,0,0.16,0.00,0.12,1.64,53,55,54,55,55,55,55,55
2026-08-28 09:50:00,436.7,53,0,0,2411,12.66,P0,0x0000000000000000,72974524,41961300,47467344,3980,0,0.13,0.00,0.10,1.64,53,55,54,54,54,55,55,55
2026-08-28 09:50:01,437.7,53,0,0,2411,12.69,P0,0x0000000000000000,72985096,41971788,47467344,4444,0,0.13,0.00,0.10,1.64,53,55,54,54,54,55,55,54
2026-08-28 09:50:02,438.7,53,0,0,2411,12.69,P0,0x0000000000000000,72982060,41968624,47467348,3376,0,0.10,0.00,0.08,1.64,53,55,55,55,54,55,55,54
2026-08-28 09:50:03,439.7,53,0,0,2411,12.73,P0,0x0000000000000000,72960924,41947240,47470100,8656,0,0.10,0.00,0.08,1.64,53,55,54,54,54,55,55,55
2026-08-28 09:50:04,440.7,53,0,0,2411,12.72,P0,0x0000000000000000,72975176,41961416,47470100,3780,4,0.99,0.00,0.07,1.59,53,55,54,54,54,55,55,55
2026-08-28 09:50:05,441.7,53,0,0,2411,12.75,P0,0x0000000000000000,72962796,41948984,47470724,5616,0,0.99,0.00,0.07,1.59,53,55,54,54,54,55,55,55
2026-08-28 09:50:06,442.7,53,0,0,2411,12.70,P0,0x0000000000000000,72988872,41974944,47470732,5852,0,0.81,0.00,0.05,1.59,53,55,54,54,54,54,55,55
2026-08-28 09:50:07,443.7,53,0,0,2411,12.69,P0,0x0000000000000000,72975256,41961176,47480056,6560,0,0.81,0.00,0.05,1.59,53,55,54,54,54,55,55,54
2026-08-28 09:50:08,444.7,53,0,0,2411,12.68,P0,0x0000000000000000,72937188,41912512,47711504,16692,0,0.66,0.00,0.22,1.59,53,62,54,62,54,55,55,56
2026-08-28 09:50:09,445.7,53,0,0,2411,12.73,P0,0x0000000000000000,72876784,41837064,47568892,29052,0,0.66,0.00,0.22,1.62,53,62,55,57,55,62,55,59
2026-08-28 09:50:10,446.7,53,0,0,2411,12.72,P0,0x0000000000000000,72838328,41790552,48392208,29964,0,0.54,0.00,0.54,1.62,53,61,55,61,55,58,55,56
2026-08-28 09:50:11,447.7,53,0,0,2411,12.69,P0,0x0000000000000000,72774420,41714308,48709584,40476,268,0.54,0.00,0.54,1.62,53,63,55,57,55,63,55,56
2026-08-28 09:50:12,448.7,53,0,0,2411,12.74,P0,0x0000000000000000,72732016,41661488,48602056,53524,4,0.44,0.00,0.99,1.62,53,60,55,56,55,60,55,56
2026-08-28 09:50:13,449.7,53,0,0,2411,12.71,P0,0x0000000000000000,72674416,41591724,48689212,58936,396,0.44,0.00,0.99,1.62,53,63,54,55,56,63,55,56
2026-08-28 09:50:14,450.7,53,0,0,2411,12.73,P0,0x0000000000000000,72613592,41526924,48719752,63024,0,0.36,0.00,1.53,1.65,53,62,54,55,55,62,55,57
2026-08-28 09:50:15,451.7,53,0,0,2411,12.70,P0,0x0000000000000000,72622484,41535572,48719860,62776,0,0.36,0.00,1.53,1.65,53,59,54,54,55,59,55,55
2026-08-28 09:50:16,452.7,53,0,0,2411,12.69,P0,0x0000000000000000,72915872,41835292,47466824,3120,0,0.29,0.00,1.25,1.65,53,57,54,54,55,57,55,55
2026-08-28 09:50:17,453.7,53,0,0,2411,12.68,P0,0x0000000000000000,72942312,41919928,47478412,5324,0,0.29,0.00,1.25,1.65,53,55,54,55,55,55,55,55
2026-08-28 09:50:18,454.7,53,0,0,2411,12.69,P0,0x0000000000000000,72951628,41929124,47478428,5452,0,1.15,0.00,1.03,1.65,53,56,54,54,54,56,55,55
2026-08-28 09:50:19,455.7,53,0,0,2411,12.69,P0,0x0000000000000000,72938172,41915400,47475332,6300,0,1.15,0.00,1.03,1.68,53,56,54,55,55,56,55,55
2026-08-28 09:50:20,456.7,53,0,0,2411,12.68,P0,0x0000000000000000,72940024,41917192,47479428,7288,8,0.94,0.00,0.84,1.68,53,55,54,54,54,55,55,55
2026-08-28 09:50:21,457.7,53,0,0,2411,12.69,P0,0x0000000000000000,72931108,41908164,47479432,6756,0,0.94,0.00,0.84,1.68,53,55,54,54,54,55,55,55
2026-08-28 09:50:22,458.7,53,0,0,2411,12.61,P0,0x0000000000000000,72918488,41895492,47482184,9080,0,0.77,0.00,0.69,1.68,53,55,54,54,54,55,55,54
2026-08-28 09:50:23,459.7,53,0,0,2411,12.52,P0,0x0000000000000000,72932864,41909820,47485080,5796,4,0.77,0.00,0.69,1.68,53,55,54,54,54,55,55,54
2026-08-28 09:50:24,460.7,53,0,0,2411,12.50,P0,0x0000000000000000,72918060,41894928,47485768,6020,0,0.63,0.00,0.56,1.79,53,55,53,54,54,55,55,54
2026-08-28 09:50:25,461.7,53,0,0,2411,12.49,P0,0x0000000000000000,72933428,41910272,47485752,9216,0,0.63,0.00,0.56,1.79,53,55,53,53,54,54,55,55
2026-08-28 09:50:26,462.7,53,0,0,2411,12.51,P0,0x0000000000000000,72933828,41910604,47485752,6440,0,0.51,0.00,0.46,1.79,53,55,53,53,54,54,55,54
2026-08-28 09:50:27,463.7,53,0,0,2411,12.51,P0,0x0000000000000000,72925348,41902068,47489408,3544,0,0.51,0.00,0.46,1.79,53,55,54,54,54,55,55,55
2026-08-28 09:50:28,464.7,53,0,0,2411,12.56,P0,0x0000000000000000,72929252,41905916,47486328,4076,0,0.42,0.00,0.37,1.79,53,55,54,54,54,55,55,55
2026-08-28 09:50:29,465.7,53,0,0,2411,12.57,P0,0x0000000000000000,72930252,41906820,47483232,3060,0,0.42,0.00,0.37,1.80,53,55,54,54,54,55,55,55
2026-08-28 09:50:30,466.7,53,0,0,2411,12.58,P0,0x0000000000000000,72923016,41899484,47479576,2924,0,0.34,0.00,0.31,1.80,53,55,54,54,54,55,55,55
2026-08-28 09:50:31,467.7,53,0,0,2411,12.55,P0,0x0000000000000000,72901328,41877608,47505604,2052,0,0.34,0.00,0.31,1.80,53,55,53,54,54,54,55,55
2026-08-28 09:50:32,468.7,53,0,0,2411,12.52,P0,0x0000000000000000,72909852,41886100,47505608,2700,0,0.28,0.00,0.25,1.80,53,55,53,54,54,55,55,54
2026-08-28 09:50:33,469.7,52,0,0,2411,12.50,P0,0x0000000000000000,72919320,41895292,47505616,2412,0,0.28,0.00,0.25,1.80,53,55,54,54,54,54,55,54
2026-08-28 09:50:34,470.7,52,0,0,2411,12.51,P0,0x0000000000000000,72928092,41904000,47505616,5128,0,0.23,0.00,0.20,1.66,53,55,53,53,53,54,55,54
2026-08-28 09:50:35,471.7,52,0,0,2411,12.55,P0,0x0000000000000000,72949560,41925380,47505616,6100,0,0.23,0.00,0.20,1.66,53,54,54,53,54,54,54,54
2026-08-28 09:50:36,472.7,52,0,0,2411,12.54,P0,0x0000000000000000,72962828,41938620,47505620,2720,0,0.18,0.00,0.16,1.66,53,54,54,54,54,54,54,54
2026-08-28 09:50:37,473.7,52,0,0,2411,12.51,P0,0x0000000000000000,72963160,41938912,47501988,2464,132,0.18,0.00,0.16,1.66,53,54,53,54,54,54,54,54
2026-08-28 09:50:38,474.7,52,0,0,2411,12.56,P0,0x0000000000000000,72960116,41935776,47502004,5296,0,0.51,0.00,0.13,1.66,52,55,54,55,54,54,54,54
2026-08-28 09:50:39,475.7,52,0,0,2411,12.56,P0,0x0000000000000000,72955528,41931104,47506224,2460,4,0.51,0.00,0.13,1.61,52,55,54,54,54,55,54,55
2026-08-28 09:50:40,476.7,52,0,0,2411,12.48,P0,0x0000000000000000,72950944,41926468,47506216,3516,0,0.42,0.00,0.11,1.61,52,57,54,54,54,57,54,55
2026-08-28 09:50:41,477.7,52,0,0,2411,12.49,P0,0x0000000000000000,72947924,41923432,47641176,3200,4,0.42,0.00,0.11,1.61,52,54,53,54,53,54,54,54
2026-08-28 09:50:42,478.7,52,0,0,2411,12.48,P0,0x0000000000000000,72981120,41956556,47506468,6548,4,0.34,0.00,0.09,1.61,52,54,53,53,53,54,54,54
2026-08-28 09:50:43,479.7,52,0,0,2411,12.49,P0,0x0000000000000000,72965672,41941040,47506484,908,0,0.34,0.00,0.09,1.61,52,54,53,53,53,54,54,54
2026-08-28 09:50:44,480.7,52,0,0,2411,12.52,P0,0x0000000000000000,72964524,41939844,47506484,2468,0,0.28,0.00,0.07,1.72,52,55,53,54,54,54,54,55
2026-08-28 09:50:45,481.7,52,0,0,2411,12.54,P0,0x0000000000000000,72980548,41954912,47506572,7080,4,0.28,0.00,0.07,1.72,52,55,53,54,54,55,54,54
2026-08-28 09:50:46,482.7,52,0,0,2411,12.49,P0,0x0000000000000000,72996856,41970896,47506572,2640,0,0.23,0.00,0.06,1.72,52,54,53,54,53,54,54,54
2026-08-28 09:50:47,483.7,52,0,0,2411,12.44,P0,0x0000000000000000,72993572,41966464,47510232,3184,0,0.23,0.00,0.06,1.72,52,54,53,53,53,54,54,54
2026-08-28 09:50:48,484.7,52,0,0,2411,12.48,P0,0x0000000000000000,72988160,41961008,47510232,6312,0,0.18,0.00,0.05,1.72,52,55,53,53,54,55,54,54
2026-08-28 09:50:49,485.7,52,0,0,2411,12.55,P0,0x0000000000000000,72986944,41959688,47510256,4044,0,0.18,0.00,0.05,1.66,52,55,54,53,54,55,54,54
2026-08-28 09:50:50,486.7,52,0,0,2411,12.51,P0,0x0000000000000000,72998332,41970980,47510256,5324,268,0.15,0.00,0.04,1.66,52,54,53,54,54,54,54,54
2026-08-28 09:50:51,487.7,52,0,0,2411,12.47,P0,0x0000000000000000,72991004,41963560,47510204,6948,12,0.15,0.00,0.04,1.66,52,54,53,53,53,54,54,54
2026-08-28 09:50:52,488.7,52,0,0,2411,12.45,P0,0x0000000000000000,72994112,41966600,47510312,6932,0,0.12,0.00,0.03,1.66,52,54,53,54,54,54,54,54
2026-08-28 09:50:53,489.7,52,0,0,2411,12.41,P0,0x0000000000000000,72974496,41946908,47510360,3484,28,0.12,0.00,0.03,1.66,52,54,53,53,53,54,54,54
2026-08-28 09:50:54,490.7,52,0,0,2411,12.42,P0,0x0000000000000000,72982032,41954436,47510416,3740,0,0.10,0.00,0.02,1.53,52,54,53,53,53,54,54,54
2026-08-28 09:50:55,491.7,52,0,0,2411,12.47,P0,0x0000000000000000,72971112,41943424,47510416,3556,136,0.10,0.00,0.02,1.53,52,54,53,53,53,54,54,54
2026-08-28 09:50:56,492.7,52,0,0,2411,12.45,P0,0x0000000000000000,72998484,41970752,47510444,3440,0,0.08,0.00,0.02,1.53,52,54,53,53,53,54,54,54
2026-08-28 09:50:57,493.7,52,0,0,2411,12.46,P0,0x0000000000000000,72986608,41958820,47514108,1664,28,0.08,0.00,0.02,1.53,52,54,53,53,53,54,54,53
2026-08-28 09:50:58,494.7,52,0,0,2411,12.44,P0,0x0000000000000000,72988956,41961044,47514108,6492,0,0.06,0.00,0.01,1.53,52,55,53,53,53,55,54,54
2026-08-28 09:50:59,495.7,52,0,0,2411,12.45,P0,0x0000000000000000,73007700,41979560,47514108,3376,4,0.06,0.00,0.01,1.48,52,55,53,53,54,55,54,54
2026-08-28 09:51:00,496.7,52,0,0,2411,12.46,P0,0x0000000000000000,72994360,41966204,47510460,5564,0,0.05,0.00,0.01,1.48,52,55,53,54,54,55,54,54
2026-08-28 09:51:01,497.7,52,0,0,2411,12.45,P0,0x0000000000000000,72984832,41956556,47510544,6864,0,0.05,0.00,0.01,1.48,52,54,53,53,53,54,54,54
2026-08-28 09:51:02,498.7,52,0,0,2411,12.47,P0,0x0000000000000000,72964444,41936108,47510388,1696,0,0.04,0.00,0.01,1.48,52,54,53,53,53,54,54,53
2026-08-28 09:51:03,499.7,52,0,0,2411,12.47,P0,0x0000000000000000,72980996,41952380,47510476,1924,0,0.04,0.00,0.01,1.48,52,54,53,53,53,54,54,53
2026-08-28 09:51:04,500.7,52,0,0,2411,12.41,P0,0x0000000000000000,72996144,41967456,47510476,6560,0,0.03,0.00,0.00,1.37,52,54,53,53,53,53,54,53
2026-08-28 09:51:05,501.7,52,0,0,2411,12.41,P0,0x0000000000000000,72999460,41970728,47510876,5380,12,0.03,0.00,0.00,1.37,52,54,53,53,53,53,54,53
2026-08-28 09:51:06,502.7,52,0,0,2411,12.45,P0,0x0000000000000000,72990792,41962012,47510740,3732,0,0.03,0.00,0.00,1.37,52,54,53,53,53,53,54,53
2026-08-28 09:51:07,503.7,52,0,0,2411,12.46,P0,0x0000000000000000,72984292,41955404,47507244,6568,0,0.03,0.00,0.00,1.37,52,54,53,53,53,53,54,53
2026-08-28 09:51:08,504.7,52,0,0,2411,12.46,P0,0x0000000000000000,72982868,41953956,47705028,7236,0,0.02,0.00,0.00,1.37,52,55,53,53,53,55,54,53
2026-08-28 09:51:09,505.7,52,0,0,2411,12.47,P0,0x0000000000000000,73000096,41971124,47507060,1992,0,0.02,0.00,0.00,1.34,52,54,53,53,53,54,54,54
2026-08-28 09:51:10,506.7,52,0,0,2411,12.46,P0,0x0000000000000000,73018956,41989848,47507052,4924,0,0.20,0.00,0.00,1.34,52,56,53,53,53,56,54,54
2026-08-28 09:51:11,507.7,52,0,0,2411,12.43,P0,0x0000000000000000,72994164,41964968,47653656,4300,0,0.20,0.00,0.00,1.34,52,54,53,53,53,54,54,53
2026-08-28 09:51:12,508.7,52,0,0,2411,12.37,P0,0x0000000000000000,72995160,41965864,47506556,3724,36,0.16,0.00,0.00,1.34,52,54,53,53,53,54,54,53
2026-08-28 09:51:13,509.7,52,0,0,2411,12.38,P0,0x0000000000000000,72967488,41938032,47510908,3728,0,0.16,0.00,0.00,1.34,52,54,53,53,53,54,54,53
2026-08-28 09:51:14,510.7,52,0,0,2411,12.38,P0,0x0000000000000000,72968428,41938856,47510676,6708,4,0.13,0.00,0.18,1.31,52,54,53,53,53,53,54,53
2026-08-28 09:51:15,511.7,52,0,0,2411,12.42,P0,0x0000000000000000,72959684,41929988,47510684,4024,0,0.13,0.00,0.18,1.31,52,54,52,53,53,53,54,53
2026-08-28 09:51:16,512.7,52,0,0,2411,12.42,P0,0x0000000000000000,72960488,41930724,47510688,5460,4,0.10,0.00,0.15,1.31,52,54,52,53,53,53,54,53
2026-08-28 09:51:17,513.7,52,0,0,2411,12.45,P0,0x0000000000000000,72962164,41932332,47517120,5720,0,0.10,0.00,0.15,1.31,52,54,53,53,53,54,54,53
2026-08-28 09:51:18,514.7,52,0,0,2411,12.47,P0,0x0000000000000000,72973144,41943276,47517128,796,0,0.08,0.00,0.12,1.31,52,54,53,53,53,54,54,53
2026-08-28 09:51:19,515.7,52,0,0,2411,12.40,P0,0x0000000000000000,72961212,41931244,47521568,3596,0,0.08,0.00,0.12,1.36,52,54,53,53,53,54,54,54
2026-08-28 09:51:20,516.7,52,0,0,2411,12.35,P0,0x0000000000000000,72968792,41938724,47525664,6588,0,0.07,0.00,0.10,1.36,52,54,53,53,53,54,54,53
2026-08-28 09:51:21,517.7,52,0,0,2411,12.31,P0,0x0000000000000000,72971900,41941788,47525664,4044,0,0.07,0.00,0.10,1.36,51,54,53,52,53,53,54,53
2026-08-28 09:51:22,518.7,52,0,0,2411,12.41,P0,0x0000000000000000,72951884,41921656,47525668,4444,0,0.05,0.00,0.08,1.36,51,54,52,53,53,53,54,53
2026-08-28 09:51:23,519.7,52,0,0,2411,12.38,P0,0x0000000000000000,72970892,41940620,47522844,3704,0,0.05,0.00,0.08,1.36,51,54,52,53,53,53,54,53
2026-08-28 09:51:24,520.7,52,0,0,2411,12.40,P0,0x0000000000000000,72956576,41926272,47525276,176,0,0.04,0.00,0.06,1.42,51,54,52,52,53,53,54,53
2026-08-28 09:51:25,521.7,52,0,0,2411,12.39,P0,0x0000000000000000,72941916,41911592,47525280,3312,0,0.04,0.00,0.06,1.42,51,54,53,53,53,53,54,53
2026-08-28 09:51:26,522.7,52,0,0,2411,12.36,P0,0x0000000000000000,72952168,41921704,47525280,3624,0,0.03,0.00,0.05,1.42,51,54,52,53,53,53,54,53
2026-08-28 09:51:27,523.7,52,0,0,2411,12.40,P0,0x0000000000000000,72948484,41917976,47528952,4972,0,0.03,0.00,0.05,1.42,51,54,53,53,53,53,54,53
2026-08-28 09:51:28,524.7,51,0,0,2411,12.42,P0,0x0000000000000000,72935200,41904592,47528968,316,0,0.03,0.00,0.04,1.42,51,55,53,52,53,55,54,54
2026-08-28 09:51:29,525.7,51,0,0,2411,12.41,P0,0x0000000000000000,72926872,41896080,47530132,2340,0,0.03,0.00,0.04,1.30,51,54,53,53,53,54,53,54
2026-08-28 09:51:30,526.7,51,0,0,2411,12.39,P0,0x0000000000000000,72929028,41898188,47528392,5212,0,0.02,0.00,0.03,1.30,51,54,53,53,53,53,53,54
2026-08-28 09:51:31,527.7,51,0,0,2411,12.42,P0,0x0000000000000000,72912460,41881560,47528392,3124,0,0.02,0.00,0.03,1.30,51,53,52,52,52,53,53,53
2026-08-28 09:51:32,528.7,51,0,0,2411,12.47,P0,0x0000000000000000,72904312,41873352,47528392,3548,0,0.02,0.00,0.02,1.30,51,53,52,53,52,53,53,53
2026-08-28 09:51:33,529.7,51,0,0,2411,12.47,P0,0x0000000000000000,72914928,41883648,47528248,4956,16,0.02,0.00,0.02,1.30,51,54,52,53,53,54,53,53
2026-08-28 09:51:34,530.7,51,0,0,2411,12.46,P0,0x0000000000000000,72912356,41881044,47520060,2380,0,0.01,0.00,0.02,1.20,51,53,52,53,53,53,53,53
2026-08-28 09:51:35,531.7,51,0,0,2411,12.42,P0,0x0000000000000000,72933432,41902096,47520000,2900,4,0.01,0.00,0.02,1.20,51,53,52,52,52,53,53,53
2026-08-28 09:51:36,532.7,51,0,0,2411,12.44,P0,0x0000000000000000,72938632,41906056,47519816,5488,0,0.01,0.00,0.01,1.20,51,53,52,52,52,53,53,53
2026-08-28 09:51:37,533.7,51,0,0,2411,12.45,P0,0x0000000000000000,72940628,41908016,47525468,1884,4,0.01,0.00,0.01,1.20,51,53,52,52,52,53,53,53
2026-08-28 09:51:38,534.7,51,0,0,2411,12.42,P0,0x0000000000000000,72952680,41919928,47529580,3556,4,1.27,0.00,0.01,1.20,51,53,52,53,52,53,53,53
2026-08-28 09:51:39,535.7,51,0,0,2411,12.36,P0,0x0000000000000000,72944912,41912060,47529940,1964,4,1.27,0.00,0.01,1.26,51,53,52,53,52,53,53,53
2026-08-28 09:51:40,536.7,51,0,0,2411,12.37,P0,0x0000000000000000,72942272,41909324,47529940,7160,0,1.04,0.00,0.01,1.26,51,55,53,55,52,53,53,53
2026-08-28 09:51:41,537.7,51,0,0,2411,12.37,P0,0x0000000000000000,72953900,41920864,47530196,1988,0,1.04,0.00,0.01,1.26,51,54,53,54,53,54,53,53
2026-08-28 09:51:42,538.7,51,0,0,2411,12.38,P0,0x0000000000000000,72952892,41919652,47530196,6224,4,0.85,0.00,0.01,1.26,51,53,52,52,52,53,53,53
2026-08-28 09:51:43,539.7,51,0,0,2411,12.38,P0,0x0000000000000000,72949580,41916304,47527116,7968,0,0.85,0.00,0.01,1.26,51,53,52,52,52,53,53,53
2026-08-28 09:51:44,540.7,51,0,0,2411,12.40,P0,0x0000000000000000,72943684,41910304,47527120,2008,0,0.70,0.00,0.00,1.16,51,53,52,52,52,53,53,52
2026-08-28 09:51:45,541.7,51,0,0,2411,12.42,P0,0x0000000000000000,72924540,41891120,47527120,3612,0,0.70,0.00,0.00,1.16,51,53,52,52,52,52,53,52
2026-08-28 09:51:46,542.7,51,0,0,2411,12.42,P0,0x0000000000000000,72910720,41877236,47527120,7192,4,0.57,0.00,0.00,1.16,51,53,52,52,52,53,53,52
2026-08-28 09:51:47,543.7,51,0,0,2411,12.45,P0,0x0000000000000000,72919340,41885724,47534872,7752,0,0.57,0.00,0.00,1.16,51,53,52,52,52,52,53,52
2026-08-28 09:51:48,544.7,51,0,0,2411,12.37,P0,0x0000000000000000,72927216,41893568,47534888,4440,0,0.47,0.00,0.00,1.16,51,54,52,52,52,54,53,52
2026-08-28 09:51:49,545.7,51,0,0,2411,12.35,P0,0x0000000000000000,72932820,41899004,47534896,3864,0,0.47,0.00,0.00,1.55,51,54,52,52,53,54,53,53
2026-08-28 09:51:50,546.7,51,0,0,2411,12.34,P0,0x0000000000000000,72927432,41893432,47534896,3768,0,0.38,0.00,0.00,1.55,51,54,53,53,53,54,53,53
2026-08-28 09:51:51,547.7,51,0,0,2411,12.39,P0,0x0000000000000000,72915276,41881168,47534948,3796,0,0.38,0.00,0.00,1.55,51,53,52,53,52,53,53,53
2026-08-28 09:51:52,548.7,51,0,0,2411,12.30,P0,0x0000000000000000,72896760,41862580,47539300,6308,36,0.31,0.00,0.00,1.55,51,53,52,52,52,53,53,53
2026-08-28 09:51:53,549.7,51,0,0,2411,12.34,P0,0x0000000000000000,72890160,41855908,47539644,7756,0,0.31,0.00,0.00,1.55,51,53,52,52,52,53,53,53
2026-08-28 09:51:54,550.7,51,0,0,2411,12.35,P0,0x0000000000000000,72898496,41864144,47536520,3436,12,0.25,0.00,0.00,1.42,51,53,52,52,52,53,53,53
2026-08-28 09:51:55,551.7,51,0,0,2411,12.30,P0,0x0000000000000000,72887552,41853144,47536696,3440,0,0.25,0.00,0.00,1.42,51,53,52,52,52,52,53,52
2026-08-28 09:51:56,552.7,51,0,0,2411,12.24,P0,0x0000000000000000,72887064,41852628,47536784,5684,4,0.21,0.00,0.00,1.42,51,53,52,52,52,52,53,52
2026-08-28 09:51:57,553.7,51,0,0,2411,12.23,P0,0x0000000000000000,72893408,41858888,47539692,4504,0,0.21,0.00,0.00,1.42,51,53,52,52,52,52,53,52
2026-08-28 09:51:58,554.7,51,0,0,2411,12.20,P0,0x0000000000000000,72902804,41868168,47539708,3064,0,0.17,0.00,0.00,1.42,51,53,52,52,52,53,53,53
2026-08-28 09:51:59,555.7,51,0,0,2411,12.18,P0,0x0000000000000000,72903268,41868548,47542476,6288,0,0.17,0.00,0.00,1.31,51,53,52,52,53,53,53,53
2026-08-28 09:52:00,556.7,51,0,0,2411,12.20,P0,0x0000000000000000,72909828,41875012,47539176,3220,0,0.14,0.00,0.00,1.31,51,53,52,52,52,53,53,53
2026-08-28 09:52:01,557.7,51,0,0,2411,12.24,P0,0x0000000000000000,72921024,41886140,47539176,5132,0,0.14,0.00,0.00,1.31,51,53,52,52,52,52,53,52
2026-08-28 09:52:02,558.7,51,0,0,2411,12.22,P0,0x0000000000000000,72885792,41850796,47539184,4836,4,0.11,0.00,0.00,1.31,51,53,52,52,52,53,53,52
2026-08-28 09:52:03,559.7,51,0,0,2411,12.18,P0,0x0000000000000000,72874432,41839044,47541936,5496,0,0.11,0.00,0.00,1.31,51,53,52,52,52,52,53,52
2026-08-28 09:52:04,560.7,51,0,0,2411,12.14,P0,0x0000000000000000,72885832,41850412,47541936,3968,0,0.09,0.00,0.00,1.20,51,53,52,52,52,52,53,52
2026-08-28 09:52:05,561.7,51,0,0,2411,12.20,P0,0x0000000000000000,72873632,41838080,47539448,4452,0,0.09,0.00,0.00,1.20,51,53,52,52,52,52,53,52
2026-08-28 09:52:06,562.7,51,0,0,2411,12.18,P0,0x0000000000000000,72879048,41843452,47539448,4720,0,0.07,0.00,0.00,1.20,51,53,52,52,52,53,53,53
2026-08-28 09:52:07,563.7,51,0,0,2411,12.25,P0,0x0000000000000000,72876108,41840376,47537936,4408,0,0.07,0.00,0.00,1.20,51,53,52,52,52,53,53,53
2026-08-28 09:52:08,564.7,51,0,0,2411,12.27,P0,0x0000000000000000,72884736,41848960,47537940,3848,4,0.42,0.00,0.00,1.20,51,53,52,53,52,53,53,52
2026-08-28 09:52:09,565.7,51,0,0,2411,12.22,P0,0x0000000000000000,72897776,41861856,47537940,2752,0,0.42,0.00,0.00,1.11,51,53,52,53,52,53,53,53
2026-08-28 09:52:10,566.7,51,0,0,2411,12.16,P0,0x0000000000000000,72910412,41874400,47543032,5124,4,0.34,0.00,0.00,1.11,51,54,52,52,52,54,53,53
2026-08-28 09:52:11,567.7,51,0,0,2411,12.14,P0,0x0000000000000000,72887448,41851368,47546020,5040,0,0.34,0.00,0.00,1.11,51,53,52,52,52,53,53,53
2026-08-28 09:52:12,568.7,51,0,0,2411,12.21,P0,0x0000000000000000,72862976,41826840,47546028,6280,0,0.28,0.00,0.00,1.11,51,53,52,52,52,52,53,52
2026-08-28 09:52:13,569.7,51,0,0,2411,12.19,P0,0x0000000000000000,72876864,41840628,47555036,5860,0,0.28,0.00,0.00,1.11,51,53,52,52,52,52,53,52
2026-08-28 09:52:14,570.7,51,0,0,2411,12.19,P0,0x0000000000000000,72877464,41841116,47567720,4348,0,0.23,0.00,0.00,1.02,51,53,52,52,52,53,53,53
2026-08-28 09:52:15,571.7,51,0,0,2411,12.18,P0,0x0000000000000000,72869844,41833348,47567720,4292,0,0.23,0.00,0.00,1.02,51,53,52,52,52,53,53,53
2026-08-28 09:52:16,572.7,51,0,0,2411,12.13,P0,0x0000000000000000,72852128,41815580,47567720,4048,12,0.19,0.00,0.00,1.02,51,53,52,52,52,52,53,52
2026-08-28 09:52:17,573.7,51,0,0,2411,12.09,P0,0x0000000000000000,72887056,41850380,47571444,4528,0,0.19,0.00,0.00,1.02,51,53,52,52,52,52,53,52
2026-08-28 09:52:18,574.7,51,0,0,2411,12.13,P0,0x0000000000000000,72883528,41846680,47571444,4300,0,0.15,0.00,0.00,1.02,51,53,52,52,52,53,53,52
2026-08-28 09:52:19,575.7,51,0,0,2411,12.13,P0,0x0000000000000000,72886556,41849592,47574208,4156,20,0.15,0.00,0.00,0.94,50,53,52,52,52,53,53,52
2026-08-28 09:52:20,576.7,51,0,0,2411,12.16,P0,0x0000000000000000,72879060,41841968,47693896,5964,104,0.12,0.00,0.00,0.94,50,53,52,52,52,53,53,52
2026-08-28 09:52:21,577.7,51,0,0,2411,12.16,P0,0x0000000000000000,72871944,41834764,47577656,2496,0,0.12,0.00,0.00,0.94,50,53,52,52,52,53,53,52
2026-08-28 09:52:22,578.7,51,0,0,2411,12.19,P0,0x0000000000000000,72867836,41830480,47577656,2640,0,0.10,0.00,0.00,0.94,50,53,52,52,52,53,53,53
2026-08-28 09:52:23,579.7,51,0,0,2411,12.21,P0,0x0000000000000000,72871176,41833752,47577800,2860,0,0.10,0.00,0.00,0.94,50,53,52,52,52,53,53,53
2026-08-28 09:52:24,580.7,51,0,0,2411,12.21,P0,0x0000000000000000,72878444,41840984,47574924,5288,132,0.08,0.00,0.00,0.86,50,53,51,52,52,52,53,52
2026-08-28 09:52:25,581.7,51,0,0,2411,12.17,P0,0x0000000000000000,72893960,41856364,47571612,6880,0,0.08,0.00,0.00,0.86,50,53,51,52,52,52,53,53
2026-08-28 09:52:26,582.7,51,0,0,2411,12.11,P0,0x0000000000000000,72889312,41851692,47571612,4020,140,0.06,0.00,0.00,0.86,50,53,51,52,51,52,53,52
2026-08-28 09:52:27,583.7,51,0,0,2411,12.19,P0,0x0000000000000000,72896736,41858904,47576440,3152,0,0.06,0.00,0.00,0.86,50,53,51,52,52,52,53,52
2026-08-28 09:52:28,584.7,51,0,0,2411,12.20,P0,0x0000000000000000,72900376,41862524,47576448,3592,0,0.05,0.00,0.00,0.86,50,53,52,52,52,52,53,53
2026-08-28 09:52:29,585.7,51,0,0,2411,12.17,P0,0x0000000000000000,72884824,41846792,47576456,3852,516,0.05,0.00,0.00,0.79,50,53,52,52,52,52,53,53
2026-08-28 09:52:30,586.7,51,0,0,2411,12.20,P0,0x0000000000000000,72904408,41866300,47577132,4276,0,0.04,0.00,0.00,0.79,50,53,51,51,52,52,53,52
2026-08-28 09:52:31,587.7,51,0,0,2411,12.17,P0,0x0000000000000000,72907240,41869080,47598308,3108,0,0.04,0.00,0.00,0.79,50,53,52,52,52,53,53,53
2026-08-28 09:52:32,588.7,51,0,0,2411,12.17,P0,0x0000000000000000,72905200,41866960,47599020,1776,0,0.40,0.00,0.00,0.79,50,53,52,52,52,53,53,52
2026-08-28 09:52:33,589.7,51,0,0,2411,12.19,P0,0x0000000000000000,72884056,41845516,47606192,5636,4,0.40,0.00,0.00,0.79,50,54,52,52,52,54,53,52
