timestamp,temperature.gpu,utilization.gpu,utilization.memory,clocks.sm,clocks.gr,power.draw,pstate,clocks_event_reasons.active
# start 2026-08-28 09:32:10 PDT
2026/08/28 09:32:10.551, 53, 0, 0, 2411, 2411, 12.80, P0, 0x0000000000000000
2026/08/28 09:32:10.658, 53, 0, 0, 2411, 2411, 12.80, P0, 0x0000000000000000
2026/08/28 09:32:10.759, 53, 0, 0, 2411, 2411, 12.80, P0, 0x0000000000000000
2026/08/28 09:32:10.859, 53, 0, 0, 2411, 2411, 12.80, P0, 0x0000000000000000
2026/08/28 09:32:10.959, 53, 0, 0, 2411, 2411, 12.80, P0, 0x0000000000000000
2026/08/28 09:32:11.059, 53, 0, 0, 2411, 2411, 12.84, P0, 0x0000000000000000
2026/08/28 09:32:11.159, 53, 0, 0, 2411, 2411, 12.84, P0, 0x0000000000000000
2026/08/28 09:32:11.259, 53, 0, 0, 2411, 2411, 12.84, P0, 0x0000000000000000
2026/08/28 09:32:11.359, 53, 0, 0, 2411, 2411, 12.84, P0, 0x0000000000000000
2026/08/28 09:32:11.459, 53, 0, 0, 2411, 2411, 12.84, P0, 0x0000000000000000
2026/08/28 09:32:11.560, 53, 0, 0, 2411, 2411, 12.85, P0, 0x0000000000000000
2026/08/28 09:32:11.660, 53, 0, 0, 2411, 2411, 12.85, P0, 0x0000000000000000
2026/08/28 09:32:11.760, 53, 0, 0, 2411, 2411, 12.85, P0, 0x0000000000000000
2026/08/28 09:32:11.860, 53, 0, 0, 2411, 2411, 12.85, P0, 0x0000000000000000
2026/08/28 09:32:11.960, 53, 0, 0, 2411, 2411, 12.85, P0, 0x0000000000000000
2026/08/28 09:32:12.060, 53, 0, 0, 2411, 2411, 12.82, P0, 0x0000000000000000
2026/08/28 09:32:12.160, 53, 0, 0, 2411, 2411, 12.82, P0, 0x0000000000000000
2026/08/28 09:32:12.260, 53, 0, 0, 2411, 2411, 12.82, P0, 0x0000000000000000
2026/08/28 09:32:12.361, 53, 0, 0, 2411, 2411, 12.82, P0, 0x0000000000000000
2026/08/28 09:32:12.461, 53, 0, 0, 2411, 2411, 12.82, P0, 0x0000000000000000
2026/08/28 09:32:12.561, 53, 0, 0, 2411, 2411, 12.79, P0, 0x0000000000000000
2026/08/28 09:32:12.661, 53, 0, 0, 2411, 2411, 12.79, P0, 0x0000000000000000
2026/08/28 09:32:12.761, 53, 0, 0, 2411, 2411, 12.79, P0, 0x0000000000000000
2026/08/28 09:32:12.861, 53, 0, 0, 2411, 2411, 12.79, P0, 0x0000000000000000
2026/08/28 09:32:12.961, 53, 0, 0, 2411, 2411, 12.79, P0, 0x0000000000000000
2026/08/28 09:32:13.062, 53, 0, 0, 2411, 2411, 12.78, P0, 0x0000000000000000
2026/08/28 09:32:13.162, 53, 0, 0, 2411, 2411, 12.78, P0, 0x0000000000000000
2026/08/28 09:32:13.262, 53, 0, 0, 2411, 2411, 12.78, P0, 0x0000000000000000
2026/08/28 09:32:13.362, 53, 0, 0, 2411, 2411, 12.78, P0, 0x0000000000000000
2026/08/28 09:32:13.462, 53, 0, 0, 2411, 2411, 12.78, P0, 0x0000000000000000
2026/08/28 09:32:13.562, 53, 0, 0, 2411, 2411, 12.77, P0, 0x0000000000000000
2026/08/28 09:32:13.662, 53, 0, 0, 2411, 2411, 12.77, P0, 0x0000000000000000
2026/08/28 09:32:13.762, 53, 0, 0, 2411, 2411, 12.77, P0, 0x0000000000000000
2026/08/28 09:32:13.863, 53, 0, 0, 2411, 2411, 12.77, P0, 0x0000000000000000
2026/08/28 09:32:13.963, 53, 0, 0, 2411, 2411, 12.77, P0, 0x0000000000000000
2026/08/28 09:32:14.063, 53, 0, 0, 2411, 2411, 12.82, P0, 0x0000000000000000
2026/08/28 09:32:14.163, 53, 0, 0, 2411, 2411, 12.82, P0, 0x0000000000000000
2026/08/28 09:32:14.263, 53, 0, 0, 2411, 2411, 12.82, P0, 0x0000000000000000
2026/08/28 09:32:14.363, 53, 0, 0, 2411, 2411, 12.82, P0, 0x0000000000000000
2026/08/28 09:32:14.463, 53, 0, 0, 2411, 2411, 12.82, P0, 0x0000000000000000
2026/08/28 09:32:14.563, 53, 0, 0, 2411, 2411, 12.86, P0, 0x0000000000000000
2026/08/28 09:32:14.664, 53, 0, 0, 2411, 2411, 12.86, P0, 0x0000000000000000
2026/08/28 09:32:14.764, 53, 0, 0, 2411, 2411, 12.86, P0, 0x0000000000000000
2026/08/28 09:32:14.864, 53, 0, 0, 2411, 2411, 12.86, P0, 0x0000000000000000
2026/08/28 09:32:14.964, 53, 0, 0, 2411, 2411, 12.86, P0, 0x0000000000000000
2026/08/28 09:32:15.064, 53, 0, 0, 2411, 2411, 12.86, P0, 0x0000000000000000
2026/08/28 09:32:15.164, 53, 0, 0, 2411, 2411, 12.86, P0, 0x0000000000000000
2026/08/28 09:32:15.265, 53, 0, 0, 2411, 2411, 12.86, P0, 0x0000000000000000
2026/08/28 09:32:15.365, 53, 0, 0, 2411, 2411, 12.86, P0, 0x0000000000000000
2026/08/28 09:32:15.465, 53, 0, 0, 2411, 2411, 12.86, P0, 0x0000000000000000
2026/08/28 09:32:15.565, 53, 0, 0, 2411, 2411, 12.83, P0, 0x0000000000000000
2026/08/28 09:32:15.665, 53, 0, 0, 2411, 2411, 12.83, P0, 0x0000000000000000
2026/08/28 09:32:15.765, 53, 0, 0, 2411, 2411, 12.83, P0, 0x0000000000000000
2026/08/28 09:32:15.865, 53, 0, 0, 2411, 2411, 12.83, P0, 0x0000000000000000
2026/08/28 09:32:15.965, 53, 0, 0, 2411, 2411, 12.83, P0, 0x0000000000000000
2026/08/28 09:32:16.066, 53, 0, 0, 2411, 2411, 12.81, P0, 0x0000000000000000
2026/08/28 09:32:16.166, 53, 0, 0, 2411, 2411, 12.81, P0, 0x0000000000000000
2026/08/28 09:32:16.266, 53, 0, 0, 2411, 2411, 12.81, P0, 0x0000000000000000
2026/08/28 09:32:16.366, 53, 0, 0, 2411, 2411, 12.81, P0, 0x0000000000000000
2026/08/28 09:32:16.466, 53, 0, 0, 2411, 2411, 12.81, P0, 0x0000000000000000
2026/08/28 09:32:16.566, 53, 0, 0, 2411, 2411, 12.82, P0, 0x0000000000000000
2026/08/28 09:32:16.666, 53, 0, 0, 2411, 2411, 12.82, P0, 0x0000000000000000
2026/08/28 09:32:16.767, 53, 0, 0, 2411, 2411, 12.82, P0, 0x0000000000000000
2026/08/28 09:32:16.867, 53, 0, 0, 2411, 2411, 12.82, P0, 0x0000000000000000
2026/08/28 09:32:16.967, 53, 0, 0, 2411, 2411, 12.82, P0, 0x0000000000000000
2026/08/28 09:32:17.067, 53, 0, 0, 2411, 2411, 12.80, P0, 0x0000000000000000
2026/08/28 09:32:17.167, 53, 0, 0, 2411, 2411, 12.80, P0, 0x0000000000000000
2026/08/28 09:32:17.267, 53, 0, 0, 2411, 2411, 12.80, P0, 0x0000000000000000
2026/08/28 09:32:17.367, 53, 0, 0, 2411, 2411, 12.80, P0, 0x0000000000000000
2026/08/28 09:32:17.467, 53, 0, 0, 2411, 2411, 12.80, P0, 0x0000000000000000
2026/08/28 09:32:17.568, 53, 0, 0, 2411, 2411, 12.80, P0, 0x0000000000000000
2026/08/28 09:32:17.668, 53, 0, 0, 2411, 2411, 12.80, P0, 0x0000000000000000
2026/08/28 09:32:17.768, 53, 0, 0, 2411, 2411, 12.80, P0, 0x0000000000000000
2026/08/28 09:32:17.868, 53, 0, 0, 2411, 2411, 12.80, P0, 0x0000000000000000
2026/08/28 09:32:17.968, 53, 0, 0, 2411, 2411, 12.80, P0, 0x0000000000000000
2026/08/28 09:32:18.069, 53, 0, 0, 2411, 2411, 12.77, P0, 0x0000000000000000
2026/08/28 09:32:18.169, 53, 0, 0, 2411, 2411, 12.77, P0, 0x0000000000000000
2026/08/28 09:32:18.269, 53, 0, 0, 2411, 2411, 12.77, P0, 0x0000000000000000
2026/08/28 09:32:18.369, 53, 0, 0, 2411, 2411, 12.77, P0, 0x0000000000000000
2026/08/28 09:32:18.469, 53, 0, 0, 2411, 2411, 12.77, P0, 0x0000000000000000
2026/08/28 09:32:18.569, 53, 0, 0, 2411, 2411, 12.75, P0, 0x0000000000000000
2026/08/28 09:32:18.670, 53, 0, 0, 2411, 2411, 12.75, P0, 0x0000000000000000
2026/08/28 09:32:18.770, 53, 0, 0, 2411, 2411, 12.75, P0, 0x0000000000000000
2026/08/28 09:32:18.870, 53, 0, 0, 2411, 2411, 12.75, P0, 0x0000000000000000
2026/08/28 09:32:18.970, 53, 0, 0, 2411, 2411, 12.75, P0, 0x0000000000000000
2026/08/28 09:32:19.070, 53, 0, 0, 2411, 2411, 12.78, P0, 0x0000000000000000
2026/08/28 09:32:19.170, 53, 0, 0, 2411, 2411, 12.78, P0, 0x0000000000000000
2026/08/28 09:32:19.270, 53, 0, 0, 2411, 2411, 12.78, P0, 0x0000000000000000
2026/08/28 09:32:19.370, 53, 0, 0, 2411, 2411, 12.78, P0, 0x0000000000000000
2026/08/28 09:32:19.471, 53, 0, 0, 2411, 2411, 12.78, P0, 0x0000000000000000
2026/08/28 09:32:19.571, 53, 0, 0, 2411, 2411, 12.83, P0, 0x0000000000000000
2026/08/28 09:32:19.671, 53, 0, 0, 2411, 2411, 12.83, P0, 0x0000000000000000
2026/08/28 09:32:19.771, 53, 0, 0, 2411, 2411, 12.83, P0, 0x0000000000000000
2026/08/28 09:32:19.871, 53, 0, 0, 2411, 2411, 12.83, P0, 0x0000000000000000
2026/08/28 09:32:19.971, 53, 0, 0, 2411, 2411, 12.83, P0, 0x0000000000000000
2026/08/28 09:32:20.071, 53, 0, 0, 2411, 2411, 12.82, P0, 0x0000000000000000
2026/08/28 09:32:20.171, 53, 0, 0, 2411, 2411, 12.82, P0, 0x0000000000000000
2026/08/28 09:32:20.272, 53, 0, 0, 2411, 2411, 12.82, P0, 0x0000000000000000
2026/08/28 09:32:20.372, 53, 0, 0, 2411, 2411, 12.82, P0, 0x0000000000000000
2026/08/28 09:32:20.472, 53, 0, 0, 2411, 2411, 12.82, P0, 0x0000000000000000
2026/08/28 09:32:20.572, 53, 0, 0, 2411, 2411, 12.79, P0, 0x0000000000000000
2026/08/28 09:32:20.672, 53, 0, 0, 2411, 2411, 12.79, P0, 0x0000000000000000
2026/08/28 09:32:20.772, 53, 0, 0, 2411, 2411, 12.79, P0, 0x0000000000000000
2026/08/28 09:32:20.873, 53, 0, 0, 2411, 2411, 12.79, P0, 0x0000000000000000
2026/08/28 09:32:20.973, 53, 0, 0, 2411, 2411, 12.79, P0, 0x0000000000000000
2026/08/28 09:32:21.073, 53, 0, 0, 2411, 2411, 12.80, P0, 0x0000000000000000
2026/08/28 09:32:21.173, 53, 0, 0, 2411, 2411, 12.80, P0, 0x0000000000000000
2026/08/28 09:32:21.273, 53, 0, 0, 2411, 2411, 12.80, P0, 0x0000000000000000
2026/08/28 09:32:21.373, 53, 0, 0, 2411, 2411, 12.80, P0, 0x0000000000000000
2026/08/28 09:32:21.473, 53, 0, 0, 2411, 2411, 12.80, P0, 0x0000000000000000
2026/08/28 09:32:21.573, 53, 0, 0, 2411, 2411, 12.82, P0, 0x0000000000000000
2026/08/28 09:32:21.674, 53, 0, 0, 2411, 2411, 12.82, P0, 0x0000000000000000
2026/08/28 09:32:21.775, 53, 0, 0, 2411, 2411, 12.82, P0, 0x0000000000000000
2026/08/28 09:32:21.875, 53, 0, 0, 2411, 2411, 12.82, P0, 0x0000000000000000
2026/08/28 09:32:21.975, 53, 0, 0, 2411, 2411, 12.82, P0, 0x0000000000000000
2026/08/28 09:32:22.075, 53, 0, 0, 2411, 2411, 12.84, P0, 0x0000000000000000
2026/08/28 09:32:22.175, 53, 0, 0, 2411, 2411, 12.84, P0, 0x0000000000000000
2026/08/28 09:32:22.275, 53, 0, 0, 2411, 2411, 12.84, P0, 0x0000000000000000
2026/08/28 09:32:22.375, 53, 0, 0, 2411, 2411, 12.84, P0, 0x0000000000000000
2026/08/28 09:32:22.476, 53, 0, 0, 2411, 2411, 12.84, P0, 0x0000000000000000
2026/08/28 09:32:22.576, 53, 0, 0, 2411, 2411, 12.84, P0, 0x0000000000000000
2026/08/28 09:32:22.676, 53, 0, 0, 2411, 2411, 12.84, P0, 0x0000000000000000
2026/08/28 09:32:22.776, 53, 0, 0, 2411, 2411, 12.84, P0, 0x0000000000000000
2026/08/28 09:32:22.876, 53, 0, 0, 2411, 2411, 12.84, P0, 0x0000000000000000
2026/08/28 09:32:22.976, 53, 0, 0, 2411, 2411, 12.84, P0, 0x0000000000000000
2026/08/28 09:32:23.077, 53, 0, 0, 2411, 2411, 12.81, P0, 0x0000000000000000
2026/08/28 09:32:23.177, 53, 0, 0, 2411, 2411, 12.81, P0, 0x0000000000000000
2026/08/28 09:32:23.277, 53, 0, 0, 2411, 2411, 12.81, P0, 0x0000000000000000
2026/08/28 09:32:23.377, 53, 0, 0, 2411, 2411, 12.81, P0, 0x0000000000000000
2026/08/28 09:32:23.477, 53, 0, 0, 2411, 2411, 12.81, P0, 0x0000000000000000
2026/08/28 09:32:23.577, 53, 0, 0, 2411, 2411, 12.83, P0, 0x0000000000000000
2026/08/28 09:32:23.677, 53, 0, 0, 2411, 2411, 12.83, P0, 0x0000000000000000
2026/08/28 09:32:23.778, 53, 0, 0, 2411, 2411, 12.83, P0, 0x0000000000000000
2026/08/28 09:32:23.878, 53, 0, 0, 2411, 2411, 12.83, P0, 0x0000000000000000
2026/08/28 09:32:23.978, 53, 0, 0, 2411, 2411, 12.83, P0, 0x0000000000000000
2026/08/28 09:32:24.078, 53, 0, 0, 2411, 2411, 12.85, P0, 0x0000000000000000
2026/08/28 09:32:24.178, 53, 0, 0, 2411, 2411, 12.85, P0, 0x0000000000000000
2026/08/28 09:32:24.278, 53, 0, 0, 2411, 2411, 12.85, P0, 0x0000000000000000
2026/08/28 09:32:24.378, 53, 0, 0, 2411, 2411, 12.85, P0, 0x0000000000000000
2026/08/28 09:32:24.478, 53, 0, 0, 2411, 2411, 12.85, P0, 0x0000000000000000
2026/08/28 09:32:24.579, 53, 0, 0, 2411, 2411, 12.84, P0, 0x0000000000000000
2026/08/28 09:32:24.679, 53, 0, 0, 2411, 2411, 12.84, P0, 0x0000000000000000
2026/08/28 09:32:24.779, 53, 0, 0, 2411, 2411, 12.84, P0, 0x0000000000000000
2026/08/28 09:32:24.879, 53, 0, 0, 2411, 2411, 12.84, P0, 0x0000000000000000
2026/08/28 09:32:24.979, 53, 0, 0, 2411, 2411, 12.84, P0, 0x0000000000000000
2026/08/28 09:32:25.079, 53, 0, 0, 2411, 2411, 12.81, P0, 0x0000000000000000
2026/08/28 09:32:25.179, 53, 0, 0, 2411, 2411, 12.81, P0, 0x0000000000000000
2026/08/28 09:32:25.280, 53, 0, 0, 2411, 2411, 12.81, P0, 0x0000000000000000
2026/08/28 09:32:25.380, 53, 0, 0, 2411, 2411, 12.81, P0, 0x0000000000000000
2026/08/28 09:32:25.480, 53, 0, 0, 2411, 2411, 12.81, P0, 0x0000000000000000
2026/08/28 09:32:25.580, 53, 0, 0, 2411, 2411, 12.80, P0, 0x0000000000000000
2026/08/28 09:32:25.680, 53, 0, 0, 2411, 2411, 12.80, P0, 0x0000000000000000
2026/08/28 09:32:25.781, 53, 0, 0, 2411, 2411, 12.80, P0, 0x0000000000000000
2026/08/28 09:32:25.881, 53, 0, 0, 2411, 2411, 12.80, P0, 0x0000000000000000
2026/08/28 09:32:25.981, 53, 0, 0, 2411, 2411, 12.80, P0, 0x0000000000000000
2026/08/28 09:32:26.081, 53, 0, 0, 2411, 2411, 12.81, P0, 0x0000000000000000
2026/08/28 09:32:26.181, 53, 0, 0, 2411, 2411, 12.81, P0, 0x0000000000000000
2026/08/28 09:32:26.281, 53, 0, 0, 2411, 2411, 12.81, P0, 0x0000000000000000
2026/08/28 09:32:26.381, 53, 0, 0, 2411, 2411, 12.81, P0, 0x0000000000000000
2026/08/28 09:32:26.481, 53, 0, 0, 2411, 2411, 12.81, P0, 0x0000000000000000
2026/08/28 09:32:26.582, 53, 0, 0, 2411, 2411, 12.81, P0, 0x0000000000000000
2026/08/28 09:32:26.682, 53, 0, 0, 2411, 2411, 12.81, P0, 0x0000000000000000
2026/08/28 09:32:26.782, 53, 0, 0, 2411, 2411, 12.81, P0, 0x0000000000000000
2026/08/28 09:32:26.882, 53, 0, 0, 2411, 2411, 12.81, P0, 0x0000000000000000
2026/08/28 09:32:26.982, 53, 0, 0, 2411, 2411, 12.81, P0, 0x0000000000000000
2026/08/28 09:32:27.082, 53, 0, 0, 2411, 2411, 12.80, P0, 0x0000000000000000
2026/08/28 09:32:27.183, 53, 0, 0, 2411, 2411, 12.80, P0, 0x0000000000000000
2026/08/28 09:32:27.283, 53, 0, 0, 2411, 2411, 12.80, P0, 0x0000000000000000
2026/08/28 09:32:27.383, 53, 0, 0, 2411, 2411, 12.80, P0, 0x0000000000000000
2026/08/28 09:32:27.483, 53, 0, 0, 2411, 2411, 12.80, P0, 0x0000000000000000
2026/08/28 09:32:27.583, 53, 0, 0, 2411, 2411, 12.81, P0, 0x0000000000000000
2026/08/28 09:32:27.683, 53, 0, 0, 2411, 2411, 12.81, P0, 0x0000000000000000
2026/08/28 09:32:27.783, 53, 0, 0, 2411, 2411, 12.81, P0, 0x0000000000000000
2026/08/28 09:32:27.884, 53, 0, 0, 2411, 2411, 12.81, P0, 0x0000000000000000
2026/08/28 09:32:27.984, 53, 0, 0, 2411, 2411, 12.81, P0, 0x0000000000000000
2026/08/28 09:32:28.084, 53, 0, 0, 2411, 2411, 12.80, P0, 0x0000000000000000
2026/08/28 09:32:28.184, 53, 0, 0, 2411, 2411, 12.80, P0, 0x0000000000000000
2026/08/28 09:32:28.284, 53, 0, 0, 2411, 2411, 12.80, P0, 0x0000000000000000
2026/08/28 09:32:28.384, 53, 0, 0, 2411, 2411, 12.80, P0, 0x0000000000000000
2026/08/28 09:32:28.484, 53, 0, 0, 2411, 2411, 12.80, P0, 0x0000000000000000
2026/08/28 09:32:28.584, 53, 0, 0, 2411, 2411, 12.78, P0, 0x0000000000000000
2026/08/28 09:32:28.685, 53, 0, 0, 2411, 2411, 12.78, P0, 0x0000000000000000
2026/08/28 09:32:28.785, 53, 0, 0, 2411, 2411, 12.78, P0, 0x0000000000000000
2026/08/28 09:32:28.885, 53, 0, 0, 2411, 2411, 12.78, P0, 0x0000000000000000
2026/08/28 09:32:28.985, 53, 0, 0, 2411, 2411, 12.78, P0, 0x0000000000000000
2026/08/28 09:32:29.085, 53, 0, 0, 2411, 2411, 12.78, P0, 0x0000000000000000
2026/08/28 09:32:29.185, 53, 0, 0, 2411, 2411, 12.78, P0, 0x0000000000000000
2026/08/28 09:32:29.286, 53, 0, 0, 2411, 2411, 12.78, P0, 0x0000000000000000
2026/08/28 09:32:29.386, 53, 0, 0, 2411, 2411, 12.78, P0, 0x0000000000000000
2026/08/28 09:32:29.486, 53, 0, 0, 2411, 2411, 12.78, P0, 0x0000000000000000
2026/08/28 09:32:29.586, 53, 0, 0, 2411, 2411, 12.76, P0, 0x0000000000000000
2026/08/28 09:32:29.686, 53, 0, 0, 2411, 2411, 12.76, P0, 0x0000000000000000
2026/08/28 09:32:29.786, 53, 0, 0, 2411, 2411, 12.76, P0, 0x0000000000000000
2026/08/28 09:32:29.886, 53, 0, 0, 2411, 2411, 12.76, P0, 0x0000000000000000
2026/08/28 09:32:29.986, 53, 0, 0, 2411, 2411, 12.76, P0, 0x0000000000000000
2026/08/28 09:32:30.087, 53, 0, 0, 2411, 2411, 12.73, P0, 0x0000000000000000
2026/08/28 09:32:30.187, 53, 0, 0, 2411, 2411, 12.73, P0, 0x0000000000000000
2026/08/28 09:32:30.287, 53, 0, 0, 2411, 2411, 12.73, P0, 0x0000000000000000
2026/08/28 09:32:30.387, 53, 0, 0, 2411, 2411, 12.73, P0, 0x0000000000000000
2026/08/28 09:32:30.487, 53, 0, 0, 2411, 2411, 12.73, P0, 0x0000000000000000
2026/08/28 09:32:30.587, 53, 0, 0, 2411, 2411, 12.71, P0, 0x0000000000000000
2026/08/28 09:32:30.688, 53, 0, 0, 2411, 2411, 12.71, P0, 0x0000000000000000
2026/08/28 09:32:30.788, 53, 0, 0, 2411, 2411, 12.71, P0, 0x0000000000000000
2026/08/28 09:32:30.888, 53, 0, 0, 2411, 2411, 12.71, P0, 0x0000000000000000
2026/08/28 09:32:30.988, 53, 0, 0, 2411, 2411, 12.71, P0, 0x0000000000000000
2026/08/28 09:32:31.088, 53, 0, 0, 2411, 2411, 12.71, P0, 0x0000000000000000
2026/08/28 09:32:31.188, 53, 0, 0, 2411, 2411, 12.71, P0, 0x0000000000000000
2026/08/28 09:32:31.289, 53, 0, 0, 2411, 2411, 12.71, P0, 0x0000000000000000
2026/08/28 09:32:31.389, 53, 0, 0, 2411, 2411, 12.71, P0, 0x0000000000000000
2026/08/28 09:32:31.489, 53, 0, 0, 2411, 2411, 12.71, P0, 0x0000000000000000
2026/08/28 09:32:31.589, 53, 0, 0, 2411, 2411, 12.71, P0, 0x0000000000000000
2026/08/28 09:32:31.689, 53, 0, 0, 2411, 2411, 12.71, P0, 0x0000000000000000
2026/08/28 09:32:31.789, 53, 0, 0, 2411, 2411, 12.71, P0, 0x0000000000000000
2026/08/28 09:32:31.889, 53, 0, 0, 2411, 2411, 12.71, P0, 0x0000000000000000
2026/08/28 09:32:31.990, 53, 0, 0, 2411, 2411, 12.71, P0, 0x0000000000000000
2026/08/28 09:32:32.090, 53, 0, 0, 2411, 2411, 12.73, P0, 0x0000000000000000
2026/08/28 09:32:32.190, 53, 0, 0, 2411, 2411, 12.73, P0, 0x0000000000000000
2026/08/28 09:32:32.290, 53, 0, 0, 2411, 2411, 12.73, P0, 0x0000000000000000
2026/08/28 09:32:32.390, 53, 0, 0, 2411, 2411, 12.73, P0, 0x0000000000000000
2026/08/28 09:32:32.490, 53, 0, 0, 2411, 2411, 12.73, P0, 0x0000000000000000
2026/08/28 09:32:32.590, 53, 0, 0, 2411, 2411, 12.76, P0, 0x0000000000000000
2026/08/28 09:32:32.690, 53, 0, 0, 2411, 2411, 12.76, P0, 0x0000000000000000
2026/08/28 09:32:32.791, 53, 0, 0, 2411, 2411, 12.76, P0, 0x0000000000000000
2026/08/28 09:32:32.891, 53, 0, 0, 2411, 2411, 12.76, P0, 0x0000000000000000
2026/08/28 09:32:32.991, 53, 0, 0, 2411, 2411, 12.76, P0, 0x0000000000000000
2026/08/28 09:32:33.091, 53, 0, 0, 2411, 2411, 12.75, P0, 0x0000000000000000
2026/08/28 09:32:33.191, 53, 0, 0, 2411, 2411, 12.75, P0, 0x0000000000000000
2026/08/28 09:32:33.291, 53, 0, 0, 2411, 2411, 12.75, P0, 0x0000000000000000
2026/08/28 09:32:33.391, 53, 0, 0, 2411, 2411, 12.75, P0, 0x0000000000000000
2026/08/28 09:32:33.491, 53, 0, 0, 2411, 2411, 12.75, P0, 0x0000000000000000
2026/08/28 09:32:33.592, 53, 0, 0, 2411, 2411, 12.76, P0, 0x0000000000000000
2026/08/28 09:32:33.692, 53, 0, 0, 2411, 2411, 12.76, P0, 0x0000000000000000
2026/08/28 09:32:33.792, 53, 0, 0, 2411, 2411, 12.76, P0, 0x0000000000000000
2026/08/28 09:32:33.892, 53, 0, 0, 2411, 2411, 12.76, P0, 0x0000000000000000
2026/08/28 09:32:33.992, 53, 0, 0, 2411, 2411, 12.76, P0, 0x0000000000000000
2026/08/28 09:32:34.092, 53, 0, 0, 2411, 2411, 12.79, P0, 0x0000000000000000
2026/08/28 09:32:34.193, 53, 0, 0, 2411, 2411, 12.79, P0, 0x0000000000000000
2026/08/28 09:32:34.293, 53, 0, 0, 2411, 2411, 12.79, P0, 0x0000000000000000
2026/08/28 09:32:34.393, 53, 0, 0, 2411, 2411, 12.79, P0, 0x0000000000000000
2026/08/28 09:32:34.494, 53, 0, 0, 2411, 2411, 12.79, P0, 0x0000000000000000
2026/08/28 09:32:34.594, 53, 0, 0, 2411, 2411, 12.80, P0, 0x0000000000000000
2026/08/28 09:32:34.694, 53, 0, 0, 2411, 2411, 12.80, P0, 0x0000000000000000
2026/08/28 09:32:34.794, 53, 0, 0, 2411, 2411, 12.80, P0, 0x0000000000000000
2026/08/28 09:32:34.894, 53, 0, 0, 2411, 2411, 12.80, P0, 0x0000000000000000
2026/08/28 09:32:34.994, 53, 0, 0, 2411, 2411, 12.80, P0, 0x0000000000000000
2026/08/28 09:32:35.095, 53, 0, 0, 2411, 2411, 12.77, P0, 0x0000000000000000
2026/08/28 09:32:35.195, 53, 0, 0, 2411, 2411, 12.77, P0, 0x0000000000000000
2026/08/28 09:32:35.295, 53, 0, 0, 2411, 2411, 12.77, P0, 0x0000000000000000
2026/08/28 09:32:35.395, 53, 0, 0, 2411, 2411, 12.77, P0, 0x0000000000000000
2026/08/28 09:32:35.495, 53, 0, 0, 2411, 2411, 12.77, P0, 0x0000000000000000
2026/08/28 09:32:35.595, 53, 0, 0, 2411, 2411, 12.75, P0, 0x0000000000000000
2026/08/28 09:32:35.695, 53, 0, 0, 2411, 2411, 12.75, P0, 0x0000000000000000
2026/08/28 09:32:35.796, 53, 0, 0, 2411, 2411, 12.75, P0, 0x0000000000000000
2026/08/28 09:32:35.896, 53, 0, 0, 2411, 2411, 12.75, P0, 0x0000000000000000
2026/08/28 09:32:35.996, 53, 0, 0, 2411, 2411, 12.75, P0, 0x0000000000000000
2026/08/28 09:32:36.096, 53, 0, 0, 2411, 2411, 12.75, P0, 0x0000000000000000
2026/08/28 09:32:36.196, 53, 0, 0, 2411, 2411, 12.75, P0, 0x0000000000000000
2026/08/28 09:32:36.296, 53, 0, 0, 2411, 2411, 12.75, P0, 0x0000000000000000
2026/08/28 09:32:36.396, 53, 0, 0, 2411, 2411, 12.75, P0, 0x0000000000000000
2026/08/28 09:32:36.497, 53, 0, 0, 2411, 2411, 12.75, P0, 0x0000000000000000
2026/08/28 09:32:36.597, 53, 0, 0, 2411, 2411, 12.75, P0, 0x0000000000000000
2026/08/28 09:32:36.697, 53, 0, 0, 2411, 2411, 12.75, P0, 0x0000000000000000
2026/08/28 09:32:36.797, 53, 0, 0, 2411, 2411, 12.75, P0, 0x0000000000000000
2026/08/28 09:32:36.897, 53, 0, 0, 2411, 2411, 12.75, P0, 0x0000000000000000
2026/08/28 09:32:36.998, 53, 0, 0, 2411, 2411, 12.75, P0, 0x0000000000000000
2026/08/28 09:32:37.098, 53, 0, 0, 2411, 2411, 12.73, P0, 0x0000000000000000
2026/08/28 09:32:37.198, 53, 0, 0, 2411, 2411, 12.73, P0, 0x0000000000000000
2026/08/28 09:32:37.298, 53, 0, 0, 2411, 2411, 12.73, P0, 0x0000000000000000
2026/08/28 09:32:37.398, 53, 0, 0, 2411, 2411, 12.73, P0, 0x0000000000000000
2026/08/28 09:32:37.498, 53, 0, 0, 2411, 2411, 12.73, P0, 0x0000000000000000
2026/08/28 09:32:37.598, 53, 0, 0, 2411, 2411, 12.74, P0, 0x0000000000000000
2026/08/28 09:32:37.698, 53, 0, 0, 2411, 2411, 12.74, P0, 0x0000000000000000
2026/08/28 09:32:37.799, 53, 0, 0, 2411, 2411, 12.74, P0, 0x0000000000000000
2026/08/28 09:32:37.899, 53, 0, 0, 2411, 2411, 12.74, P0, 0x0000000000000000
2026/08/28 09:32:37.999, 53, 0, 0, 2411, 2411, 12.74, P0, 0x0000000000000000
2026/08/28 09:32:38.099, 53, 0, 0, 2411, 2411, 12.77, P0, 0x0000000000000000
2026/08/28 09:32:38.199, 53, 0, 0, 2411, 2411, 12.77, P0, 0x0000000000000000
2026/08/28 09:32:38.299, 53, 0, 0, 2411, 2411, 12.77, P0, 0x0000000000000000
2026/08/28 09:32:38.399, 53, 0, 0, 2411, 2411, 12.77, P0, 0x0000000000000000
2026/08/28 09:32:38.499, 53, 0, 0, 2411, 2411, 12.77, P0, 0x0000000000000000
2026/08/28 09:32:38.599, 53, 0, 0, 2411, 2411, 12.78, P0, 0x0000000000000000
2026/08/28 09:32:38.700, 53, 0, 0, 2411, 2411, 12.78, P0, 0x0000000000000000
2026/08/28 09:32:38.800, 53, 0, 0, 2411, 2411, 12.78, P0, 0x0000000000000000
2026/08/28 09:32:38.900, 53, 0, 0, 2411, 2411, 12.78, P0, 0x0000000000000000
2026/08/28 09:32:39.000, 53, 0, 0, 2411, 2411, 12.78, P0, 0x0000000000000000
2026/08/28 09:32:39.100, 53, 0, 0, 2411, 2411, 12.76, P0, 0x0000000000000000
2026/08/28 09:32:39.200, 53, 0, 0, 2411, 2411, 12.76, P0, 0x0000000000000000
2026/08/28 09:32:39.300, 53, 0, 0, 2411, 2411, 12.76, P0, 0x0000000000000000
2026/08/28 09:32:39.400, 53, 0, 0, 2411, 2411, 12.76, P0, 0x0000000000000000
2026/08/28 09:32:39.501, 53, 0, 0, 2411, 2411, 12.76, P0, 0x0000000000000000
2026/08/28 09:32:39.601, 53, 0, 0, 2411, 2411, 12.76, P0, 0x0000000000000000
2026/08/28 09:32:39.701, 53, 0, 0, 2411, 2411, 12.76, P0, 0x0000000000000000
2026/08/28 09:32:39.801, 53, 0, 0, 2411, 2411, 12.76, P0, 0x0000000000000000
2026/08/28 09:32:39.901, 53, 0, 0, 2411, 2411, 12.76, P0, 0x0000000000000000
2026/08/28 09:32:40.001, 53, 0, 0, 2411, 2411, 12.76, P0, 0x0000000000000000
2026/08/28 09:32:40.102, 53, 0, 0, 2411, 2411, 12.77, P0, 0x0000000000000000
2026/08/28 09:32:40.202, 53, 0, 0, 2411, 2411, 12.77, P0, 0x0000000000000000
2026/08/28 09:32:40.302, 53, 0, 0, 2411, 2411, 12.77, P0, 0x0000000000000000
2026/08/28 09:32:40.402, 53, 0, 0, 2411, 2411, 12.77, P0, 0x0000000000000000
2026/08/28 09:32:40.502, 53, 0, 0, 2411, 2411, 12.77, P0, 0x0000000000000000
2026/08/28 09:32:40.602, 53, 0, 0, 2411, 2411, 12.79, P0, 0x0000000000000000
2026/08/28 09:32:40.702, 53, 0, 0, 2411, 2411, 12.79, P0, 0x0000000000000000
2026/08/28 09:32:40.803, 53, 0, 0, 2411, 2411, 12.79, P0, 0x0000000000000000
2026/08/28 09:32:40.903, 53, 0, 0, 2411, 2411, 12.79, P0, 0x0000000000000000
2026/08/28 09:32:41.003, 53, 0, 0, 2411, 2411, 12.79, P0, 0x0000000000000000
2026/08/28 09:32:41.103, 53, 0, 0, 2411, 2411, 12.81, P0, 0x0000000000000000
2026/08/28 09:32:41.203, 53, 0, 0, 2411, 2411, 12.81, P0, 0x0000000000000000
2026/08/28 09:32:41.303, 53, 0, 0, 2411, 2411, 12.81, P0, 0x0000000000000000
2026/08/28 09:32:41.403, 53, 0, 0, 2411, 2411, 12.81, P0, 0x0000000000000000
2026/08/28 09:32:41.504, 53, 0, 0, 2411, 2411, 12.81, P0, 0x0000000000000000
2026/08/28 09:32:41.604, 53, 0, 0, 2411, 2411, 12.79, P0, 0x0000000000000000
2026/08/28 09:32:41.704, 53, 0, 0, 2411, 2411, 12.79, P0, 0x0000000000000000
2026/08/28 09:32:41.804, 53, 0, 0, 2411, 2411, 12.79, P0, 0x0000000000000000
2026/08/28 09:32:41.904, 53, 0, 0, 2411, 2411, 12.79, P0, 0x0000000000000000
2026/08/28 09:32:42.004, 53, 0, 0, 2411, 2411, 12.79, P0, 0x0000000000000000
2026/08/28 09:32:42.104, 53, 0, 0, 2411, 2411, 12.76, P0, 0x0000000000000000
2026/08/28 09:32:42.204, 53, 0, 0, 2411, 2411, 12.76, P0, 0x0000000000000000
2026/08/28 09:32:42.305, 53, 0, 0, 2411, 2411, 12.76, P0, 0x0000000000000000
2026/08/28 09:32:42.405, 53, 0, 0, 2411, 2411, 12.76, P0, 0x0000000000000000
2026/08/28 09:32:42.505, 53, 0, 0, 2411, 2411, 12.76, P0, 0x0000000000000000
2026/08/28 09:32:42.605, 53, 0, 0, 2411, 2411, 12.76, P0, 0x0000000000000000
2026/08/28 09:32:42.705, 53, 0, 0, 2411, 2411, 12.76, P0, 0x0000000000000000
2026/08/28 09:32:42.805, 53, 0, 0, 2411, 2411, 12.76, P0, 0x0000000000000000
2026/08/28 09:32:42.905, 53, 0, 0, 2411, 2411, 12.76, P0, 0x0000000000000000
2026/08/28 09:32:43.005, 53, 0, 0, 2411, 2411, 12.76, P0, 0x0000000000000000
2026/08/28 09:32:43.106, 53, 0, 0, 2411, 2411, 12.77, P0, 0x0000000000000000
2026/08/28 09:32:43.206, 53, 0, 0, 2411, 2411, 12.77, P0, 0x0000000000000000
2026/08/28 09:32:43.306, 53, 0, 0, 2411, 2411, 12.77, P0, 0x0000000000000000
2026/08/28 09:32:43.406, 53, 0, 0, 2411, 2411, 12.77, P0, 0x0000000000000000
2026/08/28 09:32:43.506, 53, 0, 0, 2411, 2411, 12.77, P0, 0x0000000000000000
2026/08/28 09:32:43.606, 53, 0, 0, 2411, 2411, 12.80, P0, 0x0000000000000000
2026/08/28 09:32:43.707, 53, 0, 0, 2411, 2411, 12.80, P0, 0x0000000000000000
2026/08/28 09:32:43.807, 53, 0, 0, 2411, 2411, 12.80, P0, 0x0000000000000000
2026/08/28 09:32:43.907, 53, 0, 0, 2411, 2411, 12.80, P0, 0x0000000000000000
2026/08/28 09:32:44.007, 53, 0, 0, 2411, 2411, 12.80, P0, 0x0000000000000000
2026/08/28 09:32:44.107, 53, 0, 0, 2411, 2411, 12.83, P0, 0x0000000000000000
2026/08/28 09:32:44.207, 53, 0, 0, 2411, 2411, 12.83, P0, 0x0000000000000000
2026/08/28 09:32:44.307, 53, 0, 0, 2411, 2411, 12.83, P0, 0x0000000000000000
2026/08/28 09:32:44.408, 53, 0, 0, 2411, 2411, 12.83, P0, 0x0000000000000000
2026/08/28 09:32:44.508, 53, 0, 0, 2411, 2411, 12.83, P0, 0x0000000000000000
2026/08/28 09:32:44.608, 53, 0, 0, 2411, 2411, 12.84, P0, 0x0000000000000000
2026/08/28 09:32:44.708, 53, 0, 0, 2411, 2411, 12.84, P0, 0x0000000000000000
2026/08/28 09:32:44.808, 53, 0, 0, 2411, 2411, 12.84, P0, 0x0000000000000000
2026/08/28 09:32:44.908, 53, 0, 0, 2411, 2411, 12.84, P0, 0x0000000000000000
2026/08/28 09:32:45.008, 53, 0, 0, 2411, 2411, 12.84, P0, 0x0000000000000000
2026/08/28 09:32:45.108, 53, 0, 0, 2411, 2411, 12.86, P0, 0x0000000000000000
2026/08/28 09:32:45.209, 53, 0, 0, 2411, 2411, 12.86, P0, 0x0000000000000000
2026/08/28 09:32:45.309, 53, 0, 0, 2411, 2411, 12.86, P0, 0x0000000000000000
2026/08/28 09:32:45.409, 53, 0, 0, 2411, 2411, 12.86, P0, 0x0000000000000000
2026/08/28 09:32:45.509, 53, 0, 0, 2411, 2411, 12.86, P0, 0x0000000000000000
2026/08/28 09:32:45.609, 53, 0, 0, 2411, 2411, 12.84, P0, 0x0000000000000000
2026/08/28 09:32:45.709, 53, 0, 0, 2411, 2411, 12.84, P0, 0x0000000000000000
2026/08/28 09:32:45.809, 53, 0, 0, 2411, 2411, 12.84, P0, 0x0000000000000000
2026/08/28 09:32:45.909, 53, 0, 0, 2411, 2411, 12.84, P0, 0x0000000000000000
2026/08/28 09:32:46.010, 53, 0, 0, 2411, 2411, 12.84, P0, 0x0000000000000000
2026/08/28 09:32:46.110, 53, 0, 0, 2411, 2411, 12.83, P0, 0x0000000000000000
2026/08/28 09:32:46.210, 53, 0, 0, 2411, 2411, 12.83, P0, 0x0000000000000000
2026/08/28 09:32:46.310, 53, 0, 0, 2411, 2411, 12.83, P0, 0x0000000000000000
2026/08/28 09:32:46.410, 53, 0, 0, 2411, 2411, 12.83, P0, 0x0000000000000000
2026/08/28 09:32:46.510, 53, 0, 0, 2411, 2411, 12.83, P0, 0x0000000000000000
2026/08/28 09:32:46.610, 53, 0, 0, 2411, 2411, 12.86, P0, 0x0000000000000000
2026/08/28 09:32:46.711, 53, 0, 0, 2411, 2411, 12.86, P0, 0x0000000000000000
2026/08/28 09:32:46.811, 53, 0, 0, 2411, 2411, 12.86, P0, 0x0000000000000000
2026/08/28 09:32:46.911, 53, 0, 0, 2411, 2411, 12.86, P0, 0x0000000000000000
2026/08/28 09:32:47.011, 53, 0, 0, 2411, 2411, 12.86, P0, 0x0000000000000000
2026/08/28 09:32:47.111, 53, 0, 0, 2411, 2411, 12.88, P0, 0x0000000000000000
2026/08/28 09:32:47.211, 53, 0, 0, 2411, 2411, 12.88, P0, 0x0000000000000000
2026/08/28 09:32:47.311, 53, 0, 0, 2411, 2411, 12.88, P0, 0x0000000000000000
2026/08/28 09:32:47.412, 53, 0, 0, 2411, 2411, 12.88, P0, 0x0000000000000000
2026/08/28 09:32:47.512, 53, 0, 0, 2411, 2411, 12.88, P0, 0x0000000000000000
2026/08/28 09:32:47.612, 53, 0, 0, 2411, 2411, 12.84, P0, 0x0000000000000000
2026/08/28 09:32:47.712, 53, 0, 0, 2411, 2411, 12.84, P0, 0x0000000000000000
2026/08/28 09:32:47.812, 53, 0, 0, 2411, 2411, 12.84, P0, 0x0000000000000000
2026/08/28 09:32:47.912, 53, 0, 0, 2411, 2411, 12.84, P0, 0x0000000000000000
2026/08/28 09:32:48.013, 53, 0, 0, 2411, 2411, 12.84, P0, 0x0000000000000000
2026/08/28 09:32:48.113, 53, 0, 0, 2411, 2411, 12.82, P0, 0x0000000000000000
2026/08/28 09:32:48.213, 53, 0, 0, 2411, 2411, 12.82, P0, 0x0000000000000000
2026/08/28 09:32:48.313, 53, 0, 0, 2411, 2411, 12.82, P0, 0x0000000000000000
2026/08/28 09:32:48.413, 53, 0, 0, 2411, 2411, 12.82, P0, 0x0000000000000000
2026/08/28 09:32:48.513, 53, 0, 0, 2411, 2411, 12.82, P0, 0x0000000000000000
2026/08/28 09:32:48.613, 53, 0, 0, 2411, 2411, 12.86, P0, 0x0000000000000000
2026/08/28 09:32:48.713, 53, 0, 0, 2411, 2411, 12.86, P0, 0x0000000000000000
2026/08/28 09:32:48.813, 53, 0, 0, 2411, 2411, 12.86, P0, 0x0000000000000000
2026/08/28 09:32:48.914, 53, 0, 0, 2411, 2411, 12.86, P0, 0x0000000000000000
2026/08/28 09:32:49.014, 53, 0, 0, 2411, 2411, 12.86, P0, 0x0000000000000000
2026/08/28 09:32:49.114, 53, 0, 0, 2411, 2411, 12.88, P0, 0x0000000000000000
2026/08/28 09:32:49.214, 53, 0, 0, 2411, 2411, 12.88, P0, 0x0000000000000000
2026/08/28 09:32:49.314, 53, 0, 0, 2411, 2411, 12.88, P0, 0x0000000000000000
2026/08/28 09:32:49.414, 53, 0, 0, 2411, 2411, 12.88, P0, 0x0000000000000000
2026/08/28 09:32:49.515, 53, 0, 0, 2411, 2411, 12.88, P0, 0x0000000000000000
2026/08/28 09:32:49.615, 53, 0, 0, 2411, 2411, 12.88, P0, 0x0000000000000000
2026/08/28 09:32:49.715, 53, 0, 0, 2411, 2411, 12.88, P0, 0x0000000000000000
2026/08/28 09:32:49.816, 53, 0, 0, 2411, 2411, 12.88, P0, 0x0000000000000000
2026/08/28 09:32:49.916, 53, 0, 0, 2411, 2411, 12.88, P0, 0x0000000000000000
2026/08/28 09:32:50.016, 53, 0, 0, 2411, 2411, 12.88, P0, 0x0000000000000000
2026/08/28 09:32:50.116, 53, 0, 0, 2411, 2411, 12.83, P0, 0x0000000000000000
2026/08/28 09:32:50.216, 53, 0, 0, 2411, 2411, 12.83, P0, 0x0000000000000000
2026/08/28 09:32:50.316, 53, 0, 0, 2411, 2411, 12.83, P0, 0x0000000000000000
2026/08/28 09:32:50.417, 53, 0, 0, 2411, 2411, 12.83, P0, 0x0000000000000000
2026/08/28 09:32:50.517, 53, 0, 0, 2411, 2411, 12.83, P0, 0x0000000000000000
2026/08/28 09:32:50.617, 53, 0, 0, 2411, 2411, 12.78, P0, 0x0000000000000000
2026/08/28 09:32:50.717, 53, 0, 0, 2411, 2411, 12.78, P0, 0x0000000000000000
2026/08/28 09:32:50.817, 53, 0, 0, 2411, 2411, 12.78, P0, 0x0000000000000000
2026/08/28 09:32:50.918, 53, 0, 0, 2411, 2411, 12.78, P0, 0x0000000000000000
2026/08/28 09:32:51.018, 53, 0, 0, 2411, 2411, 12.78, P0, 0x0000000000000000
2026/08/28 09:32:51.118, 53, 0, 0, 2411, 2411, 12.77, P0, 0x0000000000000000
2026/08/28 09:32:51.218, 53, 0, 0, 2411, 2411, 12.77, P0, 0x0000000000000000
2026/08/28 09:32:51.318, 53, 0, 0, 2411, 2411, 12.77, P0, 0x0000000000000000
2026/08/28 09:32:51.418, 53, 0, 0, 2411, 2411, 12.77, P0, 0x0000000000000000
2026/08/28 09:32:51.519, 53, 0, 0, 2411, 2411, 12.77, P0, 0x0000000000000000
2026/08/28 09:32:51.619, 53, 0, 0, 2411, 2411, 12.79, P0, 0x0000000000000000
2026/08/28 09:32:51.719, 53, 0, 0, 2411, 2411, 12.79, P0, 0x0000000000000000
2026/08/28 09:32:51.819, 53, 0, 0, 2411, 2411, 12.79, P0, 0x0000000000000000
2026/08/28 09:32:51.919, 53, 0, 0, 2411, 2411, 12.79, P0, 0x0000000000000000
2026/08/28 09:32:52.019, 53, 0, 0, 2411, 2411, 12.79, P0, 0x0000000000000000
2026/08/28 09:32:52.119, 53, 0, 0, 2411, 2411, 12.81, P0, 0x0000000000000000
2026/08/28 09:32:52.220, 53, 0, 0, 2411, 2411, 12.81, P0, 0x0000000000000000
2026/08/28 09:32:52.320, 53, 0, 0, 2411, 2411, 12.81, P0, 0x0000000000000000
2026/08/28 09:32:52.420, 53, 0, 0, 2411, 2411, 12.81, P0, 0x0000000000000000
2026/08/28 09:32:52.520, 53, 0, 0, 2411, 2411, 12.81, P0, 0x0000000000000000
2026/08/28 09:32:52.620, 53, 0, 0, 2411, 2411, 12.76, P0, 0x0000000000000000
2026/08/28 09:32:52.720, 53, 0, 0, 2411, 2411, 12.76, P0, 0x0000000000000000
2026/08/28 09:32:52.820, 53, 0, 0, 2411, 2411, 12.76, P0, 0x0000000000000000
2026/08/28 09:32:52.921, 53, 0, 0, 2411, 2411, 12.76, P0, 0x0000000000000000
2026/08/28 09:32:53.021, 53, 0, 0, 2411, 2411, 12.76, P0, 0x0000000000000000
2026/08/28 09:32:53.121, 53, 0, 0, 2411, 2411, 12.74, P0, 0x0000000000000000
2026/08/28 09:32:53.221, 53, 0, 0, 2411, 2411, 12.74, P0, 0x0000000000000000
2026/08/28 09:32:53.321, 53, 0, 0, 2411, 2411, 12.74, P0, 0x0000000000000000
2026/08/28 09:32:53.422, 53, 0, 0, 2411, 2411, 12.74, P0, 0x0000000000000000
2026/08/28 09:32:53.522, 53, 0, 0, 2411, 2411, 12.74, P0, 0x0000000000000000
2026/08/28 09:32:53.622, 53, 0, 0, 2411, 2411, 12.76, P0, 0x0000000000000000
2026/08/28 09:32:53.722, 53, 0, 0, 2411, 2411, 12.76, P0, 0x0000000000000000
2026/08/28 09:32:53.822, 53, 0, 0, 2411, 2411, 12.76, P0, 0x0000000000000000
2026/08/28 09:32:53.922, 53, 0, 0, 2411, 2411, 12.76, P0, 0x0000000000000000
2026/08/28 09:32:54.023, 53, 0, 0, 2411, 2411, 12.76, P0, 0x0000000000000000
2026/08/28 09:32:54.123, 53, 0, 0, 2411, 2411, 12.77, P0, 0x0000000000000000
2026/08/28 09:32:54.223, 53, 0, 0, 2411, 2411, 12.77, P0, 0x0000000000000000
2026/08/28 09:32:54.323, 53, 0, 0, 2411, 2411, 12.77, P0, 0x0000000000000000
2026/08/28 09:32:54.423, 53, 0, 0, 2411, 2411, 12.77, P0, 0x0000000000000000
2026/08/28 09:32:54.523, 53, 0, 0, 2411, 2411, 12.77, P0, 0x0000000000000000
2026/08/28 09:32:54.623, 53, 0, 0, 2411, 2411, 12.78, P0, 0x0000000000000000
2026/08/28 09:32:54.723, 53, 0, 0, 2411, 2411, 12.78, P0, 0x0000000000000000
2026/08/28 09:32:54.824, 53, 0, 0, 2411, 2411, 12.78, P0, 0x0000000000000000
2026/08/28 09:32:54.924, 53, 0, 0, 2411, 2411, 12.78, P0, 0x0000000000000000
2026/08/28 09:32:55.024, 53, 0, 0, 2411, 2411, 12.78, P0, 0x0000000000000000
2026/08/28 09:32:55.124, 53, 0, 0, 2411, 2411, 12.76, P0, 0x0000000000000000
2026/08/28 09:32:55.224, 53, 0, 0, 2411, 2411, 12.76, P0, 0x0000000000000000
2026/08/28 09:32:55.324, 53, 0, 0, 2411, 2411, 12.76, P0, 0x0000000000000000
2026/08/28 09:32:55.424, 53, 0, 0, 2411, 2411, 12.76, P0, 0x0000000000000000
2026/08/28 09:32:55.525, 53, 0, 0, 2411, 2411, 12.76, P0, 0x0000000000000000
2026/08/28 09:32:55.625, 53, 0, 0, 2411, 2411, 12.76, P0, 0x0000000000000000
2026/08/28 09:32:55.725, 53, 0, 0, 2411, 2411, 12.76, P0, 0x0000000000000000
2026/08/28 09:32:55.825, 53, 0, 0, 2411, 2411, 12.76, P0, 0x0000000000000000
2026/08/28 09:32:55.925, 53, 0, 0, 2411, 2411, 12.76, P0, 0x0000000000000000
2026/08/28 09:32:56.025, 53, 0, 0, 2411, 2411, 12.76, P0, 0x0000000000000000
2026/08/28 09:32:56.125, 53, 0, 0, 2411, 2411, 12.79, P0, 0x0000000000000000
2026/08/28 09:32:56.225, 53, 0, 0, 2411, 2411, 12.79, P0, 0x0000000000000000
2026/08/28 09:32:56.326, 53, 0, 0, 2411, 2411, 12.79, P0, 0x0000000000000000
2026/08/28 09:32:56.426, 53, 0, 0, 2411, 2411, 12.79, P0, 0x0000000000000000
2026/08/28 09:32:56.526, 53, 0, 0, 2411, 2411, 12.79, P0, 0x0000000000000000
2026/08/28 09:32:56.626, 53, 0, 0, 2411, 2411, 12.79, P0, 0x0000000000000000
2026/08/28 09:32:56.726, 53, 0, 0, 2411, 2411, 12.79, P0, 0x0000000000000000
2026/08/28 09:32:56.826, 53, 0, 0, 2411, 2411, 12.79, P0, 0x0000000000000000
2026/08/28 09:32:56.926, 53, 0, 0, 2411, 2411, 12.79, P0, 0x0000000000000000
2026/08/28 09:32:57.026, 53, 0, 0, 2411, 2411, 12.79, P0, 0x0000000000000000
2026/08/28 09:32:57.126, 53, 0, 0, 2411, 2411, 12.76, P0, 0x0000000000000000
2026/08/28 09:32:57.227, 53, 0, 0, 2411, 2411, 12.76, P0, 0x0000000000000000
2026/08/28 09:32:57.327, 53, 0, 0, 2411, 2411, 12.76, P0, 0x0000000000000000
2026/08/28 09:32:57.427, 53, 0, 0, 2411, 2411, 12.76, P0, 0x0000000000000000
2026/08/28 09:32:57.527, 53, 0, 0, 2411, 2411, 12.76, P0, 0x0000000000000000
2026/08/28 09:32:57.627, 53, 0, 0, 2411, 2411, 12.74, P0, 0x0000000000000000
2026/08/28 09:32:57.727, 53, 0, 0, 2411, 2411, 12.74, P0, 0x0000000000000000
2026/08/28 09:32:57.827, 53, 0, 0, 2411, 2411, 12.74, P0, 0x0000000000000000
2026/08/28 09:32:57.927, 53, 0, 0, 2411, 2411, 12.74, P0, 0x0000000000000000
2026/08/28 09:32:58.027, 53, 0, 0, 2411, 2411, 12.74, P0, 0x0000000000000000
2026/08/28 09:32:58.127, 53, 0, 0, 2411, 2411, 12.73, P0, 0x0000000000000000
2026/08/28 09:32:58.228, 53, 0, 0, 2411, 2411, 12.73, P0, 0x0000000000000000
2026/08/28 09:32:58.328, 53, 0, 0, 2411, 2411, 12.73, P0, 0x0000000000000000
2026/08/28 09:32:58.428, 53, 0, 0, 2411, 2411, 12.73, P0, 0x0000000000000000
2026/08/28 09:32:58.528, 53, 0, 0, 2411, 2411, 12.73, P0, 0x0000000000000000
2026/08/28 09:32:58.628, 53, 0, 0, 2411, 2411, 12.75, P0, 0x0000000000000000
2026/08/28 09:32:58.728, 53, 0, 0, 2411, 2411, 12.75, P0, 0x0000000000000000
2026/08/28 09:32:58.828, 53, 0, 0, 2411, 2411, 12.75, P0, 0x0000000000000000
2026/08/28 09:32:58.929, 53, 0, 0, 2411, 2411, 12.75, P0, 0x0000000000000000
2026/08/28 09:32:59.029, 53, 0, 0, 2411, 2411, 12.75, P0, 0x0000000000000000
2026/08/28 09:32:59.129, 53, 0, 0, 2411, 2411, 12.75, P0, 0x0000000000000000
2026/08/28 09:32:59.229, 53, 0, 0, 2411, 2411, 12.75, P0, 0x0000000000000000
2026/08/28 09:32:59.329, 53, 0, 0, 2411, 2411, 12.75, P0, 0x0000000000000000
2026/08/28 09:32:59.429, 53, 0, 0, 2411, 2411, 12.75, P0, 0x0000000000000000
2026/08/28 09:32:59.529, 53, 0, 0, 2411, 2411, 12.75, P0, 0x0000000000000000
2026/08/28 09:32:59.629, 53, 0, 0, 2411, 2411, 12.77, P0, 0x0000000000000000
2026/08/28 09:32:59.729, 53, 0, 0, 2411, 2411, 12.77, P0, 0x0000000000000000
2026/08/28 09:32:59.829, 53, 0, 0, 2411, 2411, 12.77, P0, 0x0000000000000000
2026/08/28 09:32:59.930, 53, 0, 0, 2411, 2411, 12.77, P0, 0x0000000000000000
2026/08/28 09:33:00.030, 53, 0, 0, 2411, 2411, 12.77, P0, 0x0000000000000000
2026/08/28 09:33:00.130, 53, 0, 0, 2411, 2411, 12.80, P0, 0x0000000000000000
2026/08/28 09:33:00.230, 53, 0, 0, 2411, 2411, 12.80, P0, 0x0000000000000000
2026/08/28 09:33:00.330, 53, 0, 0, 2411, 2411, 12.80, P0, 0x0000000000000000
2026/08/28 09:33:00.430, 53, 0, 0, 2411, 2411, 12.80, P0, 0x0000000000000000
2026/08/28 09:33:00.530, 53, 0, 0, 2411, 2411, 12.80, P0, 0x0000000000000000
2026/08/28 09:33:00.631, 53, 0, 0, 2411, 2411, 12.80, P0, 0x0000000000000000
2026/08/28 09:33:00.731, 53, 0, 0, 2411, 2411, 12.80, P0, 0x0000000000000000
2026/08/28 09:33:00.831, 53, 0, 0, 2411, 2411, 12.80, P0, 0x0000000000000000
2026/08/28 09:33:00.931, 53, 0, 0, 2411, 2411, 12.80, P0, 0x0000000000000000
2026/08/28 09:33:01.031, 53, 0, 0, 2411, 2411, 12.80, P0, 0x0000000000000000
2026/08/28 09:33:01.131, 53, 0, 0, 2411, 2411, 12.78, P0, 0x0000000000000000
2026/08/28 09:33:01.231, 53, 0, 0, 2411, 2411, 12.78, P0, 0x0000000000000000
2026/08/28 09:33:01.331, 53, 0, 0, 2411, 2411, 12.78, P0, 0x0000000000000000
2026/08/28 09:33:01.431, 53, 0, 0, 2411, 2411, 12.78, P0, 0x0000000000000000
2026/08/28 09:33:01.531, 53, 0, 0, 2411, 2411, 12.78, P0, 0x0000000000000000
2026/08/28 09:33:01.632, 53, 0, 0, 2411, 2411, 12.81, P0, 0x0000000000000000
2026/08/28 09:33:01.732, 53, 0, 0, 2411, 2411, 12.81, P0, 0x0000000000000000
2026/08/28 09:33:01.832, 53, 0, 0, 2411, 2411, 12.81, P0, 0x0000000000000000
2026/08/28 09:33:01.932, 53, 0, 0, 2411, 2411, 12.81, P0, 0x0000000000000000
2026/08/28 09:33:02.032, 53, 0, 0, 2411, 2411, 12.81, P0, 0x0000000000000000
2026/08/28 09:33:02.132, 53, 0, 0, 2411, 2411, 12.84, P0, 0x0000000000000000
2026/08/28 09:33:02.232, 53, 0, 0, 2411, 2411, 12.84, P0, 0x0000000000000000
2026/08/28 09:33:02.333, 53, 0, 0, 2411, 2411, 12.84, P0, 0x0000000000000000
2026/08/28 09:33:02.433, 53, 0, 0, 2411, 2411, 12.84, P0, 0x0000000000000000
2026/08/28 09:33:02.533, 53, 0, 0, 2411, 2411, 12.84, P0, 0x0000000000000000
2026/08/28 09:33:02.633, 53, 0, 0, 2411, 2411, 12.85, P0, 0x0000000000000000
2026/08/28 09:33:02.733, 53, 0, 0, 2411, 2411, 12.85, P0, 0x0000000000000000
2026/08/28 09:33:02.833, 53, 0, 0, 2411, 2411, 12.85, P0, 0x0000000000000000
2026/08/28 09:33:02.934, 53, 0, 0, 2411, 2411, 12.85, P0, 0x0000000000000000
2026/08/28 09:33:03.034, 53, 0, 0, 2411, 2411, 12.85, P0, 0x0000000000000000
2026/08/28 09:33:03.134, 53, 0, 0, 2411, 2411, 12.84, P0, 0x0000000000000000
2026/08/28 09:33:03.234, 53, 0, 0, 2411, 2411, 12.84, P0, 0x0000000000000000
2026/08/28 09:33:03.334, 53, 0, 0, 2411, 2411, 12.84, P0, 0x0000000000000000
2026/08/28 09:33:03.434, 53, 0, 0, 2411, 2411, 12.84, P0, 0x0000000000000000
2026/08/28 09:33:03.534, 53, 0, 0, 2411, 2411, 12.84, P0, 0x0000000000000000
2026/08/28 09:33:03.634, 53, 0, 0, 2411, 2411, 12.82, P0, 0x0000000000000000
2026/08/28 09:33:03.735, 53, 0, 0, 2411, 2411, 12.82, P0, 0x0000000000000000
2026/08/28 09:33:03.835, 53, 0, 0, 2411, 2411, 12.82, P0, 0x0000000000000000
2026/08/28 09:33:03.935, 53, 0, 0, 2411, 2411, 12.82, P0, 0x0000000000000000
2026/08/28 09:33:04.035, 53, 0, 0, 2411, 2411, 12.82, P0, 0x0000000000000000
2026/08/28 09:33:04.135, 53, 0, 0, 2411, 2411, 12.82, P0, 0x0000000000000000
2026/08/28 09:33:04.235, 53, 0, 0, 2411, 2411, 12.82, P0, 0x0000000000000000
2026/08/28 09:33:04.335, 53, 0, 0, 2411, 2411, 12.82, P0, 0x0000000000000000
2026/08/28 09:33:04.436, 53, 0, 0, 2411, 2411, 12.82, P0, 0x0000000000000000
2026/08/28 09:33:04.536, 53, 0, 0, 2411, 2411, 12.82, P0, 0x0000000000000000
2026/08/28 09:33:04.636, 53, 0, 0, 2411, 2411, 12.84, P0, 0x0000000000000000
2026/08/28 09:33:04.736, 53, 0, 0, 2411, 2411, 12.84, P0, 0x0000000000000000
2026/08/28 09:33:04.836, 53, 0, 0, 2411, 2411, 12.84, P0, 0x0000000000000000
2026/08/28 09:33:04.936, 53, 0, 0, 2411, 2411, 12.84, P0, 0x0000000000000000
2026/08/28 09:33:05.036, 53, 0, 0, 2411, 2411, 12.84, P0, 0x0000000000000000
2026/08/28 09:33:05.137, 53, 0, 0, 2411, 2411, 12.85, P0, 0x0000000000000000
2026/08/28 09:33:05.237, 53, 0, 0, 2411, 2411, 12.85, P0, 0x0000000000000000
2026/08/28 09:33:05.337, 53, 0, 0, 2411, 2411, 12.85, P0, 0x0000000000000000
2026/08/28 09:33:05.437, 53, 0, 0, 2411, 2411, 12.85, P0, 0x0000000000000000
2026/08/28 09:33:05.537, 53, 0, 0, 2411, 2411, 12.85, P0, 0x0000000000000000
2026/08/28 09:33:05.637, 53, 0, 0, 2411, 2411, 12.83, P0, 0x0000000000000000
2026/08/28 09:33:05.737, 53, 0, 0, 2411, 2411, 12.83, P0, 0x0000000000000000
2026/08/28 09:33:05.837, 53, 0, 0, 2411, 2411, 12.83, P0, 0x0000000000000000
2026/08/28 09:33:05.938, 53, 0, 0, 2411, 2411, 12.83, P0, 0x0000000000000000
2026/08/28 09:33:06.038, 53, 0, 0, 2411, 2411, 12.83, P0, 0x0000000000000000
2026/08/28 09:33:06.138, 53, 0, 0, 2411, 2411, 12.82, P0, 0x0000000000000000
2026/08/28 09:33:06.238, 53, 0, 0, 2411, 2411, 12.82, P0, 0x0000000000000000
2026/08/28 09:33:06.338, 53, 0, 0, 2411, 2411, 12.82, P0, 0x0000000000000000
2026/08/28 09:33:06.438, 53, 0, 0, 2411, 2411, 12.82, P0, 0x0000000000000000
2026/08/28 09:33:06.539, 53, 0, 0, 2411, 2411, 12.82, P0, 0x0000000000000000
2026/08/28 09:33:06.639, 53, 0, 0, 2411, 2411, 12.81, P0, 0x0000000000000000
2026/08/28 09:33:06.739, 53, 0, 0, 2411, 2411, 12.81, P0, 0x0000000000000000
2026/08/28 09:33:06.839, 53, 0, 0, 2411, 2411, 12.81, P0, 0x0000000000000000
2026/08/28 09:33:06.939, 53, 0, 0, 2411, 2411, 12.81, P0, 0x0000000000000000
2026/08/28 09:33:07.039, 53, 0, 0, 2411, 2411, 12.81, P0, 0x0000000000000000
2026/08/28 09:33:07.139, 53, 0, 0, 2411, 2411, 12.82, P0, 0x0000000000000000
2026/08/28 09:33:07.239, 53, 0, 0, 2411, 2411, 12.82, P0, 0x0000000000000000
2026/08/28 09:33:07.340, 53, 0, 0, 2411, 2411, 12.82, P0, 0x0000000000000000
2026/08/28 09:33:07.440, 53, 0, 0, 2411, 2411, 12.82, P0, 0x0000000000000000
2026/08/28 09:33:07.540, 53, 0, 0, 2411, 2411, 12.82, P0, 0x0000000000000000
2026/08/28 09:33:07.640, 53, 0, 0, 2411, 2411, 12.85, P0, 0x0000000000000000
2026/08/28 09:33:07.740, 53, 0, 0, 2411, 2411, 12.85, P0, 0x0000000000000000
2026/08/28 09:33:07.840, 53, 0, 0, 2411, 2411, 12.85, P0, 0x0000000000000000
2026/08/28 09:33:07.940, 53, 0, 0, 2411, 2411, 12.85, P0, 0x0000000000000000
2026/08/28 09:33:08.040, 53, 0, 0, 2411, 2411, 12.85, P0, 0x0000000000000000
2026/08/28 09:33:08.140, 53, 0, 0, 2411, 2411, 12.84, P0, 0x0000000000000000
2026/08/28 09:33:08.240, 53, 0, 0, 2411, 2411, 12.84, P0, 0x0000000000000000
2026/08/28 09:33:08.340, 53, 0, 0, 2411, 2411, 12.84, P0, 0x0000000000000000
2026/08/28 09:33:08.441, 53, 0, 0, 2411, 2411, 12.84, P0, 0x0000000000000000
2026/08/28 09:33:08.541, 53, 0, 0, 2411, 2411, 12.84, P0, 0x0000000000000000
2026/08/28 09:33:08.641, 53, 0, 0, 2411, 2411, 12.84, P0, 0x0000000000000000
2026/08/28 09:33:08.741, 53, 0, 0, 2411, 2411, 12.84, P0, 0x0000000000000000
2026/08/28 09:33:08.841, 53, 0, 0, 2411, 2411, 12.84, P0, 0x0000000000000000
2026/08/28 09:33:08.941, 53, 0, 0, 2411, 2411, 12.84, P0, 0x0000000000000000
2026/08/28 09:33:09.041, 53, 0, 0, 2411, 2411, 12.84, P0, 0x0000000000000000
2026/08/28 09:33:09.141, 53, 0, 0, 2411, 2411, 12.85, P0, 0x0000000000000000
2026/08/28 09:33:09.241, 53, 0, 0, 2411, 2411, 12.85, P0, 0x0000000000000000
2026/08/28 09:33:09.342, 53, 0, 0, 2411, 2411, 12.85, P0, 0x0000000000000000
2026/08/28 09:33:09.442, 53, 0, 0, 2411, 2411, 12.85, P0, 0x0000000000000000
2026/08/28 09:33:09.542, 53, 0, 0, 2411, 2411, 12.85, P0, 0x0000000000000000
2026/08/28 09:33:09.642, 53, 0, 0, 2411, 2411, 12.86, P0, 0x0000000000000000
2026/08/28 09:33:09.742, 53, 0, 0, 2411, 2411, 12.86, P0, 0x0000000000000000
2026/08/28 09:33:09.842, 53, 0, 0, 2411, 2411, 12.86, P0, 0x0000000000000000
2026/08/28 09:33:09.942, 53, 0, 0, 2411, 2411, 12.86, P0, 0x0000000000000000
2026/08/28 09:33:10.042, 53, 0, 0, 2411, 2411, 12.86, P0, 0x0000000000000000
2026/08/28 09:33:10.142, 53, 0, 0, 2411, 2411, 12.86, P0, 0x0000000000000000
2026/08/28 09:33:10.242, 53, 0, 0, 2411, 2411, 12.86, P0, 0x0000000000000000
2026/08/28 09:33:10.343, 53, 0, 0, 2411, 2411, 12.86, P0, 0x0000000000000000
2026/08/28 09:33:10.443, 53, 0, 0, 2411, 2411, 12.86, P0, 0x0000000000000000
2026/08/28 09:33:10.543, 53, 0, 0, 2411, 2411, 12.86, P0, 0x0000000000000000
2026/08/28 09:33:10.643, 53, 0, 0, 2411, 2411, 12.86, P0, 0x0000000000000000
2026/08/28 09:33:10.743, 53, 0, 0, 2411, 2411, 12.86, P0, 0x0000000000000000
2026/08/28 09:33:10.843, 53, 0, 0, 2411, 2411, 12.86, P0, 0x0000000000000000
2026/08/28 09:33:10.943, 53, 0, 0, 2411, 2411, 12.86, P0, 0x0000000000000000
2026/08/28 09:33:11.043, 53, 0, 0, 2411, 2411, 12.86, P0, 0x0000000000000000
2026/08/28 09:33:11.143, 53, 0, 0, 2411, 2411, 12.88, P0, 0x0000000000000000
2026/08/28 09:33:11.244, 53, 0, 0, 2411, 2411, 12.88, P0, 0x0000000000000000
2026/08/28 09:33:11.344, 53, 0, 0, 2411, 2411, 12.88, P0, 0x0000000000000000
2026/08/28 09:33:11.444, 53, 0, 0, 2411, 2411, 12.88, P0, 0x0000000000000000
2026/08/28 09:33:11.544, 53, 0, 0, 2411, 2411, 12.88, P0, 0x0000000000000000
2026/08/28 09:33:11.644, 53, 0, 0, 2411, 2411, 12.88, P0, 0x0000000000000000
2026/08/28 09:33:11.744, 53, 0, 0, 2411, 2411, 12.88, P0, 0x0000000000000000
2026/08/28 09:33:11.844, 53, 0, 0, 2411, 2411, 12.88, P0, 0x0000000000000000
2026/08/28 09:33:11.944, 53, 0, 0, 2411, 2411, 12.88, P0, 0x0000000000000000
2026/08/28 09:33:12.044, 53, 0, 0, 2411, 2411, 12.88, P0, 0x0000000000000000
2026/08/28 09:33:12.145, 53, 0, 0, 2411, 2411, 12.87, P0, 0x0000000000000000
2026/08/28 09:33:12.245, 53, 0, 0, 2411, 2411, 12.87, P0, 0x0000000000000000
2026/08/28 09:33:12.345, 53, 0, 0, 2411, 2411, 12.87, P0, 0x0000000000000000
2026/08/28 09:33:12.445, 53, 0, 0, 2411, 2411, 12.87, P0, 0x0000000000000000
2026/08/28 09:33:12.545, 53, 0, 0, 2411, 2411, 12.87, P0, 0x0000000000000000
2026/08/28 09:33:12.645, 53, 0, 0, 2411, 2411, 12.84, P0, 0x0000000000000000
2026/08/28 09:33:12.745, 53, 0, 0, 2411, 2411, 12.84, P0, 0x0000000000000000
2026/08/28 09:33:12.846, 53, 0, 0, 2411, 2411, 12.84, P0, 0x0000000000000000
2026/08/28 09:33:12.946, 53, 0, 0, 2411, 2411, 12.84, P0, 0x0000000000000000
2026/08/28 09:33:13.046, 53, 0, 0, 2411, 2411, 12.84, P0, 0x0000000000000000
2026/08/28 09:33:13.146, 53, 0, 0, 2411, 2411, 12.86, P0, 0x0000000000000000
2026/08/28 09:33:13.246, 53, 0, 0, 2411, 2411, 12.86, P0, 0x0000000000000000
2026/08/28 09:33:13.346, 53, 0, 0, 2411, 2411, 12.86, P0, 0x0000000000000000
2026/08/28 09:33:13.446, 53, 0, 0, 2411, 2411, 12.86, P0, 0x0000000000000000
2026/08/28 09:33:13.546, 53, 0, 0, 2411, 2411, 12.86, P0, 0x0000000000000000
2026/08/28 09:33:13.646, 53, 0, 0, 2411, 2411, 12.90, P0, 0x0000000000000000
2026/08/28 09:33:13.747, 53, 0, 0, 2411, 2411, 12.90, P0, 0x0000000000000000
2026/08/28 09:33:13.847, 53, 0, 0, 2411, 2411, 12.90, P0, 0x0000000000000000
2026/08/28 09:33:13.947, 53, 0, 0, 2411, 2411, 12.90, P0, 0x0000000000000000
2026/08/28 09:33:14.047, 53, 0, 0, 2411, 2411, 12.90, P0, 0x0000000000000000
2026/08/28 09:33:14.147, 53, 0, 0, 2411, 2411, 12.91, P0, 0x0000000000000000
2026/08/28 09:33:14.247, 53, 0, 0, 2411, 2411, 12.91, P0, 0x0000000000000000
2026/08/28 09:33:14.348, 53, 0, 0, 2411, 2411, 12.91, P0, 0x0000000000000000
2026/08/28 09:33:14.448, 53, 0, 0, 2411, 2411, 12.91, P0, 0x0000000000000000
2026/08/28 09:33:14.548, 53, 0, 0, 2411, 2411, 12.91, P0, 0x0000000000000000
2026/08/28 09:33:14.648, 53, 0, 0, 2411, 2411, 12.90, P0, 0x0000000000000000
2026/08/28 09:33:14.748, 53, 0, 0, 2411, 2411, 12.90, P0, 0x0000000000000000
2026/08/28 09:33:14.848, 53, 0, 0, 2411, 2411, 12.90, P0, 0x0000000000000000
2026/08/28 09:33:14.948, 53, 0, 0, 2411, 2411, 12.90, P0, 0x0000000000000000
2026/08/28 09:33:15.049, 53, 0, 0, 2411, 2411, 12.90, P0, 0x0000000000000000
2026/08/28 09:33:15.149, 53, 0, 0, 2411, 2411, 12.91, P0, 0x0000000000000000
2026/08/28 09:33:15.249, 53, 0, 0, 2411, 2411, 12.91, P0, 0x0000000000000000
2026/08/28 09:33:15.349, 53, 0, 0, 2411, 2411, 12.91, P0, 0x0000000000000000
2026/08/28 09:33:15.449, 53, 0, 0, 2411, 2411, 12.91, P0, 0x0000000000000000
2026/08/28 09:33:15.549, 53, 0, 0, 2411, 2411, 12.91, P0, 0x0000000000000000
2026/08/28 09:33:15.649, 53, 0, 0, 2411, 2411, 12.93, P0, 0x0000000000000000
2026/08/28 09:33:15.749, 53, 0, 0, 2411, 2411, 12.93, P0, 0x0000000000000000
2026/08/28 09:33:15.850, 53, 0, 0, 2411, 2411, 12.93, P0, 0x0000000000000000
2026/08/28 09:33:15.950, 53, 0, 0, 2411, 2411, 12.93, P0, 0x0000000000000000
2026/08/28 09:33:16.050, 53, 0, 0, 2411, 2411, 12.93, P0, 0x0000000000000000
2026/08/28 09:33:16.150, 53, 0, 0, 2411, 2411, 12.90, P0, 0x0000000000000000
2026/08/28 09:33:16.250, 53, 0, 0, 2411, 2411, 12.90, P0, 0x0000000000000000
2026/08/28 09:33:16.350, 53, 0, 0, 2411, 2411, 12.90, P0, 0x0000000000000000
2026/08/28 09:33:16.450, 53, 0, 0, 2411, 2411, 12.90, P0, 0x0000000000000000
2026/08/28 09:33:16.551, 53, 0, 0, 2411, 2411, 12.90, P0, 0x0000000000000000
2026/08/28 09:33:16.651, 53, 0, 0, 2411, 2411, 12.88, P0, 0x0000000000000000
2026/08/28 09:33:16.751, 53, 0, 0, 2411, 2411, 12.88, P0, 0x0000000000000000
2026/08/28 09:33:16.851, 53, 0, 0, 2411, 2411, 12.88, P0, 0x0000000000000000
2026/08/28 09:33:16.951, 53, 0, 0, 2411, 2411, 12.88, P0, 0x0000000000000000
2026/08/28 09:33:17.051, 53, 0, 0, 2411, 2411, 12.88, P0, 0x0000000000000000
2026/08/28 09:33:17.151, 53, 0, 0, 2411, 2411, 12.89, P0, 0x0000000000000000
2026/08/28 09:33:17.251, 53, 0, 0, 2411, 2411, 12.89, P0, 0x0000000000000000
2026/08/28 09:33:17.352, 53, 0, 0, 2411, 2411, 12.89, P0, 0x0000000000000000
2026/08/28 09:33:17.452, 53, 0, 0, 2411, 2411, 12.89, P0, 0x0000000000000000
2026/08/28 09:33:17.552, 53, 0, 0, 2411, 2411, 12.89, P0, 0x0000000000000000
2026/08/28 09:33:17.652, 53, 0, 0, 2411, 2411, 12.87, P0, 0x0000000000000000
2026/08/28 09:33:17.752, 53, 0, 0, 2411, 2411, 12.87, P0, 0x0000000000000000
2026/08/28 09:33:17.852, 53, 0, 0, 2411, 2411, 12.87, P0, 0x0000000000000000
2026/08/28 09:33:17.952, 53, 0, 0, 2411, 2411, 12.87, P0, 0x0000000000000000
2026/08/28 09:33:18.053, 53, 0, 0, 2411, 2411, 12.87, P0, 0x0000000000000000
2026/08/28 09:33:18.153, 53, 0, 0, 2411, 2411, 12.86, P0, 0x0000000000000000
2026/08/28 09:33:18.253, 53, 0, 0, 2411, 2411, 12.86, P0, 0x0000000000000000
2026/08/28 09:33:18.353, 53, 0, 0, 2411, 2411, 12.86, P0, 0x0000000000000000
2026/08/28 09:33:18.453, 53, 0, 0, 2411, 2411, 12.86, P0, 0x0000000000000000
2026/08/28 09:33:18.553, 53, 0, 0, 2411, 2411, 12.86, P0, 0x0000000000000000
2026/08/28 09:33:18.653, 53, 0, 0, 2411, 2411, 12.84, P0, 0x0000000000000000
2026/08/28 09:33:18.753, 53, 0, 0, 2411, 2411, 12.84, P0, 0x0000000000000000
2026/08/28 09:33:18.854, 53, 0, 0, 2411, 2411, 12.84, P0, 0x0000000000000000
2026/08/28 09:33:18.954, 53, 0, 0, 2411, 2411, 12.84, P0, 0x0000000000000000
2026/08/28 09:33:19.054, 53, 0, 0, 2411, 2411, 12.84, P0, 0x0000000000000000
2026/08/28 09:33:19.154, 53, 0, 0, 2411, 2411, 12.85, P0, 0x0000000000000000
2026/08/28 09:33:19.254, 53, 0, 0, 2411, 2411, 12.85, P0, 0x0000000000000000
2026/08/28 09:33:19.354, 53, 0, 0, 2411, 2411, 12.85, P0, 0x0000000000000000
2026/08/28 09:33:19.454, 53, 0, 0, 2411, 2411, 12.85, P0, 0x0000000000000000
2026/08/28 09:33:19.554, 53, 0, 0, 2411, 2411, 12.85, P0, 0x0000000000000000
2026/08/28 09:33:19.655, 53, 0, 0, 2411, 2411, 12.88, P0, 0x0000000000000000
2026/08/28 09:33:19.755, 53, 0, 0, 2411, 2411, 12.88, P0, 0x0000000000000000
2026/08/28 09:33:19.855, 53, 0, 0, 2411, 2411, 12.88, P0, 0x0000000000000000
2026/08/28 09:33:19.955, 53, 0, 0, 2411, 2411, 12.88, P0, 0x0000000000000000
2026/08/28 09:33:20.055, 53, 0, 0, 2411, 2411, 12.88, P0, 0x0000000000000000
2026/08/28 09:33:20.155, 53, 0, 0, 2411, 2411, 12.90, P0, 0x0000000000000000
2026/08/28 09:33:20.255, 53, 0, 0, 2411, 2411, 12.90, P0, 0x0000000000000000
2026/08/28 09:33:20.356, 53, 0, 0, 2411, 2411, 12.90, P0, 0x0000000000000000
2026/08/28 09:33:20.456, 53, 0, 0, 2411, 2411, 12.90, P0, 0x0000000000000000
2026/08/28 09:33:20.556, 53, 0, 0, 2411, 2411, 12.90, P0, 0x0000000000000000
2026/08/28 09:33:20.656, 53, 0, 0, 2411, 2411, 12.87, P0, 0x0000000000000000
2026/08/28 09:33:20.756, 53, 0, 0, 2411, 2411, 12.87, P0, 0x0000000000000000
2026/08/28 09:33:20.856, 53, 0, 0, 2411, 2411, 12.87, P0, 0x0000000000000000
2026/08/28 09:33:20.956, 53, 0, 0, 2411, 2411, 12.87, P0, 0x0000000000000000
2026/08/28 09:33:21.057, 53, 0, 0, 2411, 2411, 12.87, P0, 0x0000000000000000
2026/08/28 09:33:21.157, 53, 0, 0, 2411, 2411, 12.85, P0, 0x0000000000000000
2026/08/28 09:33:21.257, 53, 0, 0, 2411, 2411, 12.85, P0, 0x0000000000000000
2026/08/28 09:33:21.357, 53, 0, 0, 2411, 2411, 12.85, P0, 0x0000000000000000
2026/08/28 09:33:21.457, 53, 0, 0, 2411, 2411, 12.85, P0, 0x0000000000000000
2026/08/28 09:33:21.557, 53, 0, 0, 2411, 2411, 12.85, P0, 0x0000000000000000
2026/08/28 09:33:21.658, 53, 0, 0, 2411, 2411, 12.86, P0, 0x0000000000000000
2026/08/28 09:33:21.758, 53, 0, 0, 2411, 2411, 12.86, P0, 0x0000000000000000
2026/08/28 09:33:21.858, 53, 0, 0, 2411, 2411, 12.86, P0, 0x0000000000000000
2026/08/28 09:33:21.958, 53, 0, 0, 2411, 2411, 12.86, P0, 0x0000000000000000
2026/08/28 09:33:22.058, 53, 0, 0, 2411, 2411, 12.86, P0, 0x0000000000000000
2026/08/28 09:33:22.158, 53, 0, 0, 2411, 2411, 12.85, P0, 0x0000000000000000
2026/08/28 09:33:22.258, 53, 0, 0, 2411, 2411, 12.85, P0, 0x0000000000000000
2026/08/28 09:33:22.358, 53, 0, 0, 2411, 2411, 12.85, P0, 0x0000000000000000
2026/08/28 09:33:22.458, 53, 0, 0, 2411, 2411, 12.85, P0, 0x0000000000000000
2026/08/28 09:33:22.559, 53, 0, 0, 2411, 2411, 12.85, P0, 0x0000000000000000
2026/08/28 09:33:22.659, 53, 0, 0, 2411, 2411, 12.83, P0, 0x0000000000000000
2026/08/28 09:33:22.759, 53, 0, 0, 2411, 2411, 12.83, P0, 0x0000000000000000
2026/08/28 09:33:22.859, 53, 0, 0, 2411, 2411, 12.83, P0, 0x0000000000000000
2026/08/28 09:33:22.959, 53, 0, 0, 2411, 2411, 12.83, P0, 0x0000000000000000
2026/08/28 09:33:23.059, 53, 0, 0, 2411, 2411, 12.83, P0, 0x0000000000000000
2026/08/28 09:33:23.159, 53, 0, 0, 2411, 2411, 12.85, P0, 0x0000000000000000
2026/08/28 09:33:23.259, 53, 0, 0, 2411, 2411, 12.85, P0, 0x0000000000000000
2026/08/28 09:33:23.360, 53, 0, 0, 2411, 2411, 12.85, P0, 0x0000000000000000
2026/08/28 09:33:23.460, 53, 0, 0, 2411, 2411, 12.85, P0, 0x0000000000000000
2026/08/28 09:33:23.560, 53, 0, 0, 2411, 2411, 12.85, P0, 0x0000000000000000
2026/08/28 09:33:23.660, 53, 0, 0, 2411, 2411, 12.86, P0, 0x0000000000000000
2026/08/28 09:33:23.760, 53, 0, 0, 2411, 2411, 12.86, P0, 0x0000000000000000
2026/08/28 09:33:23.860, 53, 0, 0, 2411, 2411, 12.86, P0, 0x0000000000000000
2026/08/28 09:33:23.960, 53, 0, 0, 2411, 2411, 12.86, P0, 0x0000000000000000
2026/08/28 09:33:24.061, 53, 0, 0, 2411, 2411, 12.86, P0, 0x0000000000000000
2026/08/28 09:33:24.163, 53, 0, 0, 2411, 2411, 12.86, P0, 0x0000000000000000
2026/08/28 09:33:24.263, 53, 0, 0, 2411, 2411, 12.86, P0, 0x0000000000000000
2026/08/28 09:33:24.363, 53, 0, 0, 2411, 2411, 12.86, P0, 0x0000000000000000
2026/08/28 09:33:24.463, 53, 0, 0, 2411, 2411, 12.86, P0, 0x0000000000000000
2026/08/28 09:33:24.563, 53, 0, 0, 2411, 2411, 12.82, P0, 0x0000000000000000
2026/08/28 09:33:24.663, 53, 0, 0, 2411, 2411, 12.82, P0, 0x0000000000000000
2026/08/28 09:33:24.764, 53, 0, 0, 2411, 2411, 12.82, P0, 0x0000000000000000
2026/08/28 09:33:24.864, 53, 0, 0, 2411, 2411, 12.82, P0, 0x0000000000000000
2026/08/28 09:33:24.964, 53, 0, 0, 2411, 2411, 12.82, P0, 0x0000000000000000
2026/08/28 09:33:25.064, 53, 0, 0, 2411, 2411, 12.79, P0, 0x0000000000000000
2026/08/28 09:33:25.164, 53, 0, 0, 2411, 2411, 12.79, P0, 0x0000000000000000
2026/08/28 09:33:25.264, 53, 0, 0, 2411, 2411, 12.79, P0, 0x0000000000000000
2026/08/28 09:33:25.364, 53, 0, 0, 2411, 2411, 12.79, P0, 0x0000000000000000
2026/08/28 09:33:25.464, 53, 0, 0, 2411, 2411, 12.79, P0, 0x0000000000000000
2026/08/28 09:33:25.565, 53, 0, 0, 2411, 2411, 12.81, P0, 0x0000000000000000
2026/08/28 09:33:25.665, 53, 0, 0, 2411, 2411, 12.81, P0, 0x0000000000000000
2026/08/28 09:33:25.765, 53, 0, 0, 2411, 2411, 12.81, P0, 0x0000000000000000
2026/08/28 09:33:25.865, 53, 0, 0, 2411, 2411, 12.81, P0, 0x0000000000000000
2026/08/28 09:33:25.965, 53, 0, 0, 2411, 2411, 12.81, P0, 0x0000000000000000
2026/08/28 09:33:26.065, 53, 0, 0, 2411, 2411, 12.84, P0, 0x0000000000000000
2026/08/28 09:33:26.165, 53, 0, 0, 2411, 2411, 12.84, P0, 0x0000000000000000
2026/08/28 09:33:26.265, 53, 0, 0, 2411, 2411, 12.84, P0, 0x0000000000000000
2026/08/28 09:33:26.365, 53, 0, 0, 2411, 2411, 12.84, P0, 0x0000000000000000
2026/08/28 09:33:26.466, 53, 0, 0, 2411, 2411, 12.84, P0, 0x0000000000000000
2026/08/28 09:33:26.566, 53, 0, 0, 2411, 2411, 12.85, P0, 0x0000000000000000
2026/08/28 09:33:26.666, 53, 0, 0, 2411, 2411, 12.85, P0, 0x0000000000000000
2026/08/28 09:33:26.766, 53, 0, 0, 2411, 2411, 12.85, P0, 0x0000000000000000
2026/08/28 09:33:26.866, 53, 0, 0, 2411, 2411, 12.85, P0, 0x0000000000000000
2026/08/28 09:33:26.966, 53, 0, 0, 2411, 2411, 12.85, P0, 0x0000000000000000
2026/08/28 09:33:27.066, 53, 0, 0, 2411, 2411, 12.82, P0, 0x0000000000000000
2026/08/28 09:33:27.167, 53, 0, 0, 2411, 2411, 12.82, P0, 0x0000000000000000
2026/08/28 09:33:27.267, 53, 0, 0, 2411, 2411, 12.82, P0, 0x0000000000000000
2026/08/28 09:33:27.367, 53, 0, 0, 2411, 2411, 12.82, P0, 0x0000000000000000
2026/08/28 09:33:27.467, 53, 0, 0, 2411, 2411, 12.82, P0, 0x0000000000000000
2026/08/28 09:33:27.567, 53, 0, 0, 2411, 2411, 12.82, P0, 0x0000000000000000
2026/08/28 09:33:27.667, 53, 0, 0, 2411, 2411, 12.82, P0, 0x0000000000000000
2026/08/28 09:33:27.767, 53, 0, 0, 2411, 2411, 12.82, P0, 0x0000000000000000
2026/08/28 09:33:27.867, 53, 0, 0, 2411, 2411, 12.82, P0, 0x0000000000000000
2026/08/28 09:33:27.968, 53, 0, 0, 2411, 2411, 12.82, P0, 0x0000000000000000
2026/08/28 09:33:28.069, 53, 0, 0, 2411, 2411, 12.84, P0, 0x0000000000000000
2026/08/28 09:33:28.169, 53, 0, 0, 2411, 2411, 12.84, P0, 0x0000000000000000
2026/08/28 09:33:28.269, 53, 0, 0, 2411, 2411, 12.84, P0, 0x0000000000000000
2026/08/28 09:33:28.369, 53, 0, 0, 2411, 2411, 12.84, P0, 0x0000000000000000
2026/08/28 09:33:28.469, 53, 0, 0, 2411, 2411, 12.84, P0, 0x0000000000000000
2026/08/28 09:33:28.569, 53, 0, 0, 2411, 2411, 12.83, P0, 0x0000000000000000
2026/08/28 09:33:28.669, 53, 0, 0, 2411, 2411, 12.83, P0, 0x0000000000000000
2026/08/28 09:33:28.770, 53, 0, 0, 2411, 2411, 12.83, P0, 0x0000000000000000
2026/08/28 09:33:28.870, 53, 0, 0, 2411, 2411, 12.83, P0, 0x0000000000000000
2026/08/28 09:33:28.970, 53, 0, 0, 2411, 2411, 12.83, P0, 0x0000000000000000
2026/08/28 09:33:29.070, 53, 0, 0, 2411, 2411, 12.84, P0, 0x0000000000000000
2026/08/28 09:33:29.170, 53, 0, 0, 2411, 2411, 12.84, P0, 0x0000000000000000
2026/08/28 09:33:29.270, 53, 0, 0, 2411, 2411, 12.84, P0, 0x0000000000000000
2026/08/28 09:33:29.370, 53, 0, 0, 2411, 2411, 12.84, P0, 0x0000000000000000
2026/08/28 09:33:29.470, 53, 0, 0, 2411, 2411, 12.84, P0, 0x0000000000000000
2026/08/28 09:33:29.570, 53, 0, 0, 2411, 2411, 12.89, P0, 0x0000000000000000
2026/08/28 09:33:29.671, 53, 0, 0, 2411, 2411, 12.89, P0, 0x0000000000000000
2026/08/28 09:33:29.771, 53, 0, 0, 2411, 2411, 12.89, P0, 0x0000000000000000
2026/08/28 09:33:29.871, 53, 0, 0, 2411, 2411, 12.89, P0, 0x0000000000000000
2026/08/28 09:33:29.971, 53, 0, 0, 2411, 2411, 12.89, P0, 0x0000000000000000
2026/08/28 09:33:30.071, 53, 0, 0, 2411, 2411, 12.90, P0, 0x0000000000000000
2026/08/28 09:33:30.172, 53, 0, 0, 2411, 2411, 12.90, P0, 0x0000000000000000
2026/08/28 09:33:30.272, 53, 0, 0, 2411, 2411, 12.90, P0, 0x0000000000000000
2026/08/28 09:33:30.372, 53, 0, 0, 2411, 2411, 12.90, P0, 0x0000000000000000
2026/08/28 09:33:30.472, 53, 0, 0, 2411, 2411, 12.90, P0, 0x0000000000000000
2026/08/28 09:33:30.572, 53, 0, 0, 2411, 2411, 12.88, P0, 0x0000000000000000
2026/08/28 09:33:30.672, 53, 0, 0, 2411, 2411, 12.88, P0, 0x0000000000000000
2026/08/28 09:33:30.772, 53, 0, 0, 2411, 2411, 12.88, P0, 0x0000000000000000
2026/08/28 09:33:30.873, 53, 0, 0, 2411, 2411, 12.88, P0, 0x0000000000000000
2026/08/28 09:33:30.973, 53, 0, 0, 2411, 2411, 12.88, P0, 0x0000000000000000
2026/08/28 09:33:31.073, 53, 0, 0, 2411, 2411, 12.87, P0, 0x0000000000000000
2026/08/28 09:33:31.173, 53, 0, 0, 2411, 2411, 12.87, P0, 0x0000000000000000
2026/08/28 09:33:31.273, 53, 0, 0, 2411, 2411, 12.87, P0, 0x0000000000000000
2026/08/28 09:33:31.373, 53, 0, 0, 2411, 2411, 12.87, P0, 0x0000000000000000
2026/08/28 09:33:31.474, 53, 0, 0, 2411, 2411, 12.87, P0, 0x0000000000000000
2026/08/28 09:33:31.574, 53, 0, 0, 2411, 2411, 12.87, P0, 0x0000000000000000
2026/08/28 09:33:31.674, 53, 0, 0, 2411, 2411, 12.87, P0, 0x0000000000000000
2026/08/28 09:33:31.775, 53, 0, 0, 2411, 2411, 12.87, P0, 0x0000000000000000
2026/08/28 09:33:31.875, 53, 0, 0, 2411, 2411, 12.87, P0, 0x0000000000000000
2026/08/28 09:33:31.975, 53, 0, 0, 2411, 2411, 12.87, P0, 0x0000000000000000
2026/08/28 09:33:32.075, 53, 0, 0, 2411, 2411, 12.85, P0, 0x0000000000000000
2026/08/28 09:33:32.175, 53, 0, 0, 2411, 2411, 12.85, P0, 0x0000000000000000
2026/08/28 09:33:32.275, 53, 0, 0, 2411, 2411, 12.85, P0, 0x0000000000000000
2026/08/28 09:33:32.376, 53, 0, 0, 2411, 2411, 12.85, P0, 0x0000000000000000
2026/08/28 09:33:32.476, 53, 0, 0, 2411, 2411, 12.85, P0, 0x0000000000000000
2026/08/28 09:33:32.576, 53, 0, 0, 2411, 2411, 12.83, P0, 0x0000000000000000
2026/08/28 09:33:32.676, 53, 0, 0, 2411, 2411, 12.83, P0, 0x0000000000000000
2026/08/28 09:33:32.776, 53, 0, 0, 2411, 2411, 12.83, P0, 0x0000000000000000
2026/08/28 09:33:32.876, 53, 0, 0, 2411, 2411, 12.83, P0, 0x0000000000000000
2026/08/28 09:33:32.976, 53, 0, 0, 2411, 2411, 12.83, P0, 0x0000000000000000
2026/08/28 09:33:33.076, 53, 0, 0, 2411, 2411, 12.84, P0, 0x0000000000000000
2026/08/28 09:33:33.177, 53, 0, 0, 2411, 2411, 12.84, P0, 0x0000000000000000
2026/08/28 09:33:33.277, 53, 0, 0, 2411, 2411, 12.84, P0, 0x0000000000000000
2026/08/28 09:33:33.377, 53, 0, 0, 2411, 2411, 12.84, P0, 0x0000000000000000
2026/08/28 09:33:33.477, 53, 0, 0, 2411, 2411, 12.84, P0, 0x0000000000000000
2026/08/28 09:33:33.577, 53, 0, 0, 2411, 2411, 12.85, P0, 0x0000000000000000
2026/08/28 09:33:33.677, 53, 0, 0, 2411, 2411, 12.85, P0, 0x0000000000000000
2026/08/28 09:33:33.777, 53, 0, 0, 2411, 2411, 12.85, P0, 0x0000000000000000
2026/08/28 09:33:33.877, 53, 0, 0, 2411, 2411, 12.85, P0, 0x0000000000000000
2026/08/28 09:33:33.978, 53, 0, 0, 2411, 2411, 12.85, P0, 0x0000000000000000
2026/08/28 09:33:34.078, 53, 0, 0, 2411, 2411, 12.84, P0, 0x0000000000000000
2026/08/28 09:33:34.178, 53, 0, 0, 2411, 2411, 12.84, P0, 0x0000000000000000
2026/08/28 09:33:34.278, 53, 0, 0, 2411, 2411, 12.84, P0, 0x0000000000000000
2026/08/28 09:33:34.378, 53, 0, 0, 2411, 2411, 12.84, P0, 0x0000000000000000
2026/08/28 09:33:34.479, 53, 0, 0, 2411, 2411, 12.84, P0, 0x0000000000000000
2026/08/28 09:33:34.579, 54, 0, 0, 2431, 2431, 16.03, P0, 0x0000000000000000
2026/08/28 09:33:34.679, 54, 0, 0, 2431, 2431, 16.03, P0, 0x0000000000000000
2026/08/28 09:33:34.779, 54, 0, 0, 2431, 2431, 16.03, P0, 0x0000000000000000
2026/08/28 09:33:34.879, 54, 0, 0, 2431, 2431, 16.03, P0, 0x0000000000000000
2026/08/28 09:33:34.979, 54, 0, 0, 2431, 2431, 16.03, P0, 0x0000000000000000
2026/08/28 09:33:35.079, 53, 0, 0, 2411, 2411, 16.06, P0, 0x0000000000000000
2026/08/28 09:33:35.179, 53, 0, 0, 2411, 2411, 16.06, P0, 0x0000000000000000
2026/08/28 09:33:35.280, 53, 0, 0, 2411, 2411, 16.06, P0, 0x0000000000000000
2026/08/28 09:33:35.380, 53, 0, 0, 2411, 2411, 16.06, P0, 0x0000000000000000
2026/08/28 09:33:35.480, 53, 0, 0, 2411, 2411, 16.06, P0, 0x0000000000000000
2026/08/28 09:33:35.580, 53, 0, 0, 2411, 2411, 13.00, P0, 0x0000000000000000
2026/08/28 09:33:35.680, 53, 0, 0, 2411, 2411, 13.00, P0, 0x0000000000000000
2026/08/28 09:33:35.780, 53, 0, 0, 2411, 2411, 13.00, P0, 0x0000000000000000
2026/08/28 09:33:35.881, 53, 0, 0, 2411, 2411, 13.00, P0, 0x0000000000000000
2026/08/28 09:33:35.981, 53, 0, 0, 2411, 2411, 13.00, P0, 0x0000000000000000
2026/08/28 09:33:36.081, 53, 0, 0, 2411, 2411, 12.96, P0, 0x0000000000000000
2026/08/28 09:33:36.181, 53, 0, 0, 2411, 2411, 12.96, P0, 0x0000000000000000
2026/08/28 09:33:36.281, 53, 0, 0, 2411, 2411, 12.96, P0, 0x0000000000000000
2026/08/28 09:33:36.381, 53, 0, 0, 2411, 2411, 12.96, P0, 0x0000000000000000
2026/08/28 09:33:36.482, 53, 0, 0, 2411, 2411, 12.96, P0, 0x0000000000000000
2026/08/28 09:33:36.582, 53, 0, 0, 2411, 2411, 12.89, P0, 0x0000000000000000
2026/08/28 09:33:36.682, 53, 0, 0, 2411, 2411, 12.89, P0, 0x0000000000000000
2026/08/28 09:33:36.782, 53, 0, 0, 2411, 2411, 12.89, P0, 0x0000000000000000
2026/08/28 09:33:36.882, 53, 0, 0, 2411, 2411, 12.89, P0, 0x0000000000000000
2026/08/28 09:33:36.982, 53, 0, 0, 2411, 2411, 12.89, P0, 0x0000000000000000
2026/08/28 09:33:37.082, 53, 0, 0, 2411, 2411, 12.88, P0, 0x0000000000000000
2026/08/28 09:33:37.182, 53, 0, 0, 2411, 2411, 12.88, P0, 0x0000000000000000
2026/08/28 09:33:37.283, 53, 0, 0, 2411, 2411, 12.88, P0, 0x0000000000000000
2026/08/28 09:33:37.383, 53, 0, 0, 2411, 2411, 12.88, P0, 0x0000000000000000
2026/08/28 09:33:37.483, 53, 0, 0, 2411, 2411, 12.88, P0, 0x0000000000000000
2026/08/28 09:33:37.583, 53, 0, 0, 2411, 2411, 12.91, P0, 0x0000000000000000
2026/08/28 09:33:37.683, 53, 0, 0, 2411, 2411, 12.91, P0, 0x0000000000000000
2026/08/28 09:33:37.783, 53, 0, 0, 2411, 2411, 12.91, P0, 0x0000000000000000
2026/08/28 09:33:37.883, 53, 0, 0, 2411, 2411, 12.91, P0, 0x0000000000000000
2026/08/28 09:33:37.983, 53, 0, 0, 2411, 2411, 12.91, P0, 0x0000000000000000
2026/08/28 09:33:38.084, 53, 0, 0, 2411, 2411, 12.92, P0, 0x0000000000000000
2026/08/28 09:33:38.184, 53, 0, 0, 2411, 2411, 12.92, P0, 0x0000000000000000
2026/08/28 09:33:38.284, 53, 0, 0, 2411, 2411, 12.92, P0, 0x0000000000000000
2026/08/28 09:33:38.384, 53, 0, 0, 2411, 2411, 12.92, P0, 0x0000000000000000
2026/08/28 09:33:38.484, 53, 0, 0, 2411, 2411, 12.92, P0, 0x0000000000000000
2026/08/28 09:33:38.584, 53, 0, 0, 2411, 2411, 12.93, P0, 0x0000000000000000
2026/08/28 09:33:38.684, 53, 0, 0, 2411, 2411, 12.93, P0, 0x0000000000000000
2026/08/28 09:33:38.785, 53, 0, 0, 2411, 2411, 12.93, P0, 0x0000000000000000
2026/08/28 09:33:38.885, 53, 0, 0, 2411, 2411, 12.93, P0, 0x0000000000000000
2026/08/28 09:33:38.985, 53, 0, 0, 2411, 2411, 12.93, P0, 0x0000000000000000
2026/08/28 09:33:39.085, 54, 0, 0, 2411, 2411, 12.95, P0, 0x0000000000000000
2026/08/28 09:33:39.185, 54, 0, 0, 2411, 2411, 12.95, P0, 0x0000000000000000
2026/08/28 09:33:39.286, 54, 0, 0, 2411, 2411, 12.95, P0, 0x0000000000000000
2026/08/28 09:33:39.386, 54, 0, 0, 2411, 2411, 12.95, P0, 0x0000000000000000
2026/08/28 09:33:39.486, 54, 0, 0, 2411, 2411, 12.95, P0, 0x0000000000000000
2026/08/28 09:33:39.586, 54, 0, 0, 2411, 2411, 12.95, P0, 0x0000000000000000
2026/08/28 09:33:39.686, 54, 0, 0, 2411, 2411, 12.95, P0, 0x0000000000000000
2026/08/28 09:33:39.786, 54, 0, 0, 2411, 2411, 12.95, P0, 0x0000000000000000
2026/08/28 09:33:39.887, 54, 0, 0, 2411, 2411, 12.95, P0, 0x0000000000000000
2026/08/28 09:33:39.987, 54, 0, 0, 2411, 2411, 12.95, P0, 0x0000000000000000
2026/08/28 09:33:40.087, 54, 0, 0, 2411, 2411, 12.94, P0, 0x0000000000000000
2026/08/28 09:33:40.187, 54, 0, 0, 2411, 2411, 12.94, P0, 0x0000000000000000
2026/08/28 09:33:40.287, 54, 0, 0, 2411, 2411, 12.94, P0, 0x0000000000000000
2026/08/28 09:33:40.387, 54, 0, 0, 2411, 2411, 12.94, P0, 0x0000000000000000
2026/08/28 09:33:40.487, 54, 0, 0, 2411, 2411, 12.94, P0, 0x0000000000000000
2026/08/28 09:33:40.587, 54, 0, 0, 2411, 2411, 12.96, P0, 0x0000000000000000
2026/08/28 09:33:40.687, 54, 0, 0, 2411, 2411, 12.96, P0, 0x0000000000000000
2026/08/28 09:33:40.788, 54, 0, 0, 2411, 2411, 12.96, P0, 0x0000000000000000
2026/08/28 09:33:40.888, 54, 0, 0, 2411, 2411, 12.96, P0, 0x0000000000000000
2026/08/28 09:33:40.988, 54, 0, 0, 2411, 2411, 12.96, P0, 0x0000000000000000
2026/08/28 09:33:41.088, 54, 0, 0, 2411, 2411, 12.96, P0, 0x0000000000000000
2026/08/28 09:33:41.188, 54, 0, 0, 2411, 2411, 12.96, P0, 0x0000000000000000
2026/08/28 09:33:41.288, 54, 0, 0, 2411, 2411, 12.96, P0, 0x0000000000000000
2026/08/28 09:33:41.388, 54, 0, 0, 2411, 2411, 12.96, P0, 0x0000000000000000
2026/08/28 09:33:41.489, 54, 0, 0, 2411, 2411, 12.96, P0, 0x0000000000000000
2026/08/28 09:33:41.589, 54, 0, 0, 2411, 2411, 12.93, P0, 0x0000000000000000
2026/08/28 09:33:41.689, 54, 0, 0, 2411, 2411, 12.93, P0, 0x0000000000000000
2026/08/28 09:33:41.789, 54, 0, 0, 2411, 2411, 12.93, P0, 0x0000000000000000
2026/08/28 09:33:41.889, 54, 0, 0, 2411, 2411, 12.93, P0, 0x0000000000000000
2026/08/28 09:33:41.989, 54, 0, 0, 2411, 2411, 12.93, P0, 0x0000000000000000
2026/08/28 09:33:42.089, 54, 0, 0, 2411, 2411, 12.90, P0, 0x0000000000000000
2026/08/28 09:33:42.189, 54, 0, 0, 2411, 2411, 12.90, P0, 0x0000000000000000
2026/08/28 09:33:42.290, 54, 0, 0, 2411, 2411, 12.90, P0, 0x0000000000000000
2026/08/28 09:33:42.390, 54, 0, 0, 2411, 2411, 12.90, P0, 0x0000000000000000
2026/08/28 09:33:42.490, 54, 0, 0, 2411, 2411, 12.90, P0, 0x0000000000000000
2026/08/28 09:33:42.590, 54, 0, 0, 2411, 2411, 12.90, P0, 0x0000000000000000
2026/08/28 09:33:42.690, 54, 0, 0, 2411, 2411, 12.90, P0, 0x0000000000000000
2026/08/28 09:33:42.791, 54, 0, 0, 2411, 2411, 12.90, P0, 0x0000000000000000
2026/08/28 09:33:42.891, 54, 0, 0, 2411, 2411, 12.90, P0, 0x0000000000000000
2026/08/28 09:33:42.991, 54, 0, 0, 2411, 2411, 12.90, P0, 0x0000000000000000
2026/08/28 09:33:43.091, 54, 0, 0, 2411, 2411, 12.91, P0, 0x0000000000000000
2026/08/28 09:33:43.191, 54, 0, 0, 2411, 2411, 12.91, P0, 0x0000000000000000
2026/08/28 09:33:43.291, 54, 0, 0, 2411, 2411, 12.91, P0, 0x0000000000000000
2026/08/28 09:33:43.391, 54, 0, 0, 2411, 2411, 12.91, P0, 0x0000000000000000
2026/08/28 09:33:43.491, 54, 0, 0, 2411, 2411, 12.91, P0, 0x0000000000000000
2026/08/28 09:33:43.592, 54, 0, 0, 2411, 2411, 12.96, P0, 0x0000000000000000
2026/08/28 09:33:43.692, 54, 0, 0, 2411, 2411, 12.96, P0, 0x0000000000000000
2026/08/28 09:33:43.792, 54, 0, 0, 2411, 2411, 12.96, P0, 0x0000000000000000
2026/08/28 09:33:43.892, 54, 0, 0, 2411, 2411, 12.96, P0, 0x0000000000000000
2026/08/28 09:33:43.992, 54, 0, 0, 2411, 2411, 12.96, P0, 0x0000000000000000
2026/08/28 09:33:44.092, 54, 0, 0, 2411, 2411, 12.98, P0, 0x0000000000000000
2026/08/28 09:33:44.192, 54, 0, 0, 2411, 2411, 12.98, P0, 0x0000000000000000
2026/08/28 09:33:44.292, 54, 0, 0, 2411, 2411, 12.98, P0, 0x0000000000000000
2026/08/28 09:33:44.393, 54, 0, 0, 2411, 2411, 12.98, P0, 0x0000000000000000
2026/08/28 09:33:44.493, 54, 0, 0, 2411, 2411, 12.98, P0, 0x0000000000000000
2026/08/28 09:33:44.593, 54, 0, 0, 2411, 2411, 12.95, P0, 0x0000000000000000
2026/08/28 09:33:44.693, 54, 0, 0, 2411, 2411, 12.95, P0, 0x0000000000000000
2026/08/28 09:33:44.793, 54, 0, 0, 2411, 2411, 12.95, P0, 0x0000000000000000
2026/08/28 09:33:44.893, 54, 0, 0, 2411, 2411, 12.95, P0, 0x0000000000000000
2026/08/28 09:33:44.994, 54, 0, 0, 2411, 2411, 12.95, P0, 0x0000000000000000
2026/08/28 09:33:45.094, 54, 0, 0, 2411, 2411, 12.92, P0, 0x0000000000000000
2026/08/28 09:33:45.194, 54, 0, 0, 2411, 2411, 12.92, P0, 0x0000000000000000
2026/08/28 09:33:45.294, 54, 0, 0, 2411, 2411, 12.92, P0, 0x0000000000000000
2026/08/28 09:33:45.394, 54, 0, 0, 2411, 2411, 12.92, P0, 0x0000000000000000
2026/08/28 09:33:45.495, 54, 0, 0, 2411, 2411, 12.92, P0, 0x0000000000000000
2026/08/28 09:33:45.595, 54, 0, 0, 2411, 2411, 12.93, P0, 0x0000000000000000
2026/08/28 09:33:45.695, 54, 0, 0, 2411, 2411, 12.93, P0, 0x0000000000000000
2026/08/28 09:33:45.795, 54, 0, 0, 2411, 2411, 12.93, P0, 0x0000000000000000
2026/08/28 09:33:45.895, 54, 0, 0, 2411, 2411, 12.93, P0, 0x0000000000000000
2026/08/28 09:33:45.995, 54, 0, 0, 2411, 2411, 12.93, P0, 0x0000000000000000
2026/08/28 09:33:46.096, 54, 0, 0, 2411, 2411, 12.99, P0, 0x0000000000000000
2026/08/28 09:33:46.196, 54, 0, 0, 2411, 2411, 12.99, P0, 0x0000000000000000
2026/08/28 09:33:46.296, 54, 0, 0, 2411, 2411, 12.99, P0, 0x0000000000000000
2026/08/28 09:33:46.396, 54, 0, 0, 2411, 2411, 12.99, P0, 0x0000000000000000
2026/08/28 09:33:46.496, 54, 0, 0, 2411, 2411, 12.99, P0, 0x0000000000000000
2026/08/28 09:33:46.596, 54, 0, 0, 2411, 2411, 13.01, P0, 0x0000000000000000
2026/08/28 09:33:46.696, 54, 0, 0, 2411, 2411, 13.01, P0, 0x0000000000000000
2026/08/28 09:33:46.796, 54, 0, 0, 2411, 2411, 13.01, P0, 0x0000000000000000
2026/08/28 09:33:46.897, 54, 0, 0, 2411, 2411, 13.01, P0, 0x0000000000000000
2026/08/28 09:33:46.997, 54, 0, 0, 2411, 2411, 13.01, P0, 0x0000000000000000
2026/08/28 09:33:47.097, 54, 0, 0, 2411, 2411, 12.98, P0, 0x0000000000000000
2026/08/28 09:33:47.197, 54, 0, 0, 2411, 2411, 12.98, P0, 0x0000000000000000
2026/08/28 09:33:47.297, 54, 0, 0, 2411, 2411, 12.98, P0, 0x0000000000000000
2026/08/28 09:33:47.397, 54, 0, 0, 2411, 2411, 12.98, P0, 0x0000000000000000
2026/08/28 09:33:47.497, 54, 0, 0, 2411, 2411, 12.98, P0, 0x0000000000000000
2026/08/28 09:33:47.597, 54, 0, 0, 2411, 2411, 12.97, P0, 0x0000000000000000
2026/08/28 09:33:47.697, 54, 0, 0, 2411, 2411, 12.97, P0, 0x0000000000000000
2026/08/28 09:33:47.798, 54, 0, 0, 2411, 2411, 12.97, P0, 0x0000000000000000
2026/08/28 09:33:47.898, 54, 0, 0, 2411, 2411, 12.97, P0, 0x0000000000000000
2026/08/28 09:33:47.998, 54, 0, 0, 2411, 2411, 12.97, P0, 0x0000000000000000
2026/08/28 09:33:48.098, 54, 0, 0, 2411, 2411, 12.94, P0, 0x0000000000000000
2026/08/28 09:33:48.198, 54, 0, 0, 2411, 2411, 12.94, P0, 0x0000000000000000
2026/08/28 09:33:48.298, 54, 0, 0, 2411, 2411, 12.94, P0, 0x0000000000000000
2026/08/28 09:33:48.398, 54, 0, 0, 2411, 2411, 12.94, P0, 0x0000000000000000
2026/08/28 09:33:48.498, 54, 0, 0, 2411, 2411, 12.94, P0, 0x0000000000000000
2026/08/28 09:33:48.599, 54, 0, 0, 2411, 2411, 12.87, P0, 0x0000000000000000
2026/08/28 09:33:48.699, 54, 0, 0, 2411, 2411, 12.87, P0, 0x0000000000000000
2026/08/28 09:33:48.799, 54, 0, 0, 2411, 2411, 12.87, P0, 0x0000000000000000
2026/08/28 09:33:48.899, 54, 0, 0, 2411, 2411, 12.87, P0, 0x0000000000000000
2026/08/28 09:33:48.999, 54, 0, 0, 2411, 2411, 12.87, P0, 0x0000000000000000
2026/08/28 09:33:49.099, 54, 0, 0, 2411, 2411, 12.90, P0, 0x0000000000000000
2026/08/28 09:33:49.199, 54, 0, 0, 2411, 2411, 12.90, P0, 0x0000000000000000
2026/08/28 09:33:49.299, 54, 0, 0, 2411, 2411, 12.90, P0, 0x0000000000000000
2026/08/28 09:33:49.399, 54, 0, 0, 2411, 2411, 12.90, P0, 0x0000000000000000
2026/08/28 09:33:49.500, 54, 0, 0, 2411, 2411, 12.90, P0, 0x0000000000000000
2026/08/28 09:33:49.600, 54, 0, 0, 2411, 2411, 12.94, P0, 0x0000000000000000
2026/08/28 09:33:49.700, 54, 0, 0, 2411, 2411, 12.94, P0, 0x0000000000000000
2026/08/28 09:33:49.800, 54, 0, 0, 2411, 2411, 12.94, P0, 0x0000000000000000
2026/08/28 09:33:49.900, 54, 0, 0, 2411, 2411, 12.94, P0, 0x0000000000000000
2026/08/28 09:33:50.000, 54, 0, 0, 2411, 2411, 12.94, P0, 0x0000000000000000
2026/08/28 09:33:50.100, 54, 0, 0, 2411, 2411, 12.95, P0, 0x0000000000000000
2026/08/28 09:33:50.200, 54, 0, 0, 2411, 2411, 12.95, P0, 0x0000000000000000
2026/08/28 09:33:50.301, 54, 0, 0, 2411, 2411, 12.95, P0, 0x0000000000000000
2026/08/28 09:33:50.401, 54, 0, 0, 2411, 2411, 12.95, P0, 0x0000000000000000
2026/08/28 09:33:50.501, 54, 0, 0, 2411, 2411, 12.95, P0, 0x0000000000000000
2026/08/28 09:33:50.601, 54, 0, 0, 2411, 2411, 12.94, P0, 0x0000000000000000
2026/08/28 09:33:50.701, 54, 0, 0, 2411, 2411, 12.94, P0, 0x0000000000000000
2026/08/28 09:33:50.801, 54, 0, 0, 2411, 2411, 12.94, P0, 0x0000000000000000
2026/08/28 09:33:50.901, 54, 0, 0, 2411, 2411, 12.94, P0, 0x0000000000000000
2026/08/28 09:33:51.001, 54, 0, 0, 2411, 2411, 12.94, P0, 0x0000000000000000
2026/08/28 09:33:51.102, 54, 0, 0, 2411, 2411, 12.93, P0, 0x0000000000000000
2026/08/28 09:33:51.202, 54, 0, 0, 2411, 2411, 12.93, P0, 0x0000000000000000
2026/08/28 09:33:51.302, 54, 0, 0, 2411, 2411, 12.93, P0, 0x0000000000000000
2026/08/28 09:33:51.402, 54, 0, 0, 2411, 2411, 12.93, P0, 0x0000000000000000
2026/08/28 09:33:51.502, 54, 0, 0, 2411, 2411, 12.93, P0, 0x0000000000000000
2026/08/28 09:33:51.602, 54, 0, 0, 2411, 2411, 12.94, P0, 0x0000000000000000
2026/08/28 09:33:51.703, 54, 0, 0, 2411, 2411, 12.94, P0, 0x0000000000000000
2026/08/28 09:33:51.803, 54, 0, 0, 2411, 2411, 12.94, P0, 0x0000000000000000
2026/08/28 09:33:51.903, 54, 0, 0, 2411, 2411, 12.94, P0, 0x0000000000000000
2026/08/28 09:33:52.003, 54, 0, 0, 2411, 2411, 12.94, P0, 0x0000000000000000
2026/08/28 09:33:52.103, 54, 0, 0, 2411, 2411, 12.93, P0, 0x0000000000000000
2026/08/28 09:33:52.203, 54, 0, 0, 2411, 2411, 12.93, P0, 0x0000000000000000
2026/08/28 09:33:52.303, 54, 0, 0, 2411, 2411, 12.93, P0, 0x0000000000000000
2026/08/28 09:33:52.403, 54, 0, 0, 2411, 2411, 12.93, P0, 0x0000000000000000
2026/08/28 09:33:52.503, 54, 0, 0, 2411, 2411, 12.93, P0, 0x0000000000000000
2026/08/28 09:33:52.604, 54, 0, 0, 2411, 2411, 12.96, P0, 0x0000000000000000
2026/08/28 09:33:52.704, 54, 0, 0, 2411, 2411, 12.96, P0, 0x0000000000000000
2026/08/28 09:33:52.804, 54, 0, 0, 2411, 2411, 12.96, P0, 0x0000000000000000
2026/08/28 09:33:52.904, 54, 0, 0, 2411, 2411, 12.96, P0, 0x0000000000000000
2026/08/28 09:33:53.004, 54, 0, 0, 2411, 2411, 12.96, P0, 0x0000000000000000
2026/08/28 09:33:53.104, 54, 0, 0, 2411, 2411, 12.97, P0, 0x0000000000000000
2026/08/28 09:33:53.204, 54, 0, 0, 2411, 2411, 12.97, P0, 0x0000000000000000
2026/08/28 09:33:53.304, 54, 0, 0, 2411, 2411, 12.97, P0, 0x0000000000000000
2026/08/28 09:33:53.404, 54, 0, 0, 2411, 2411, 12.97, P0, 0x0000000000000000
2026/08/28 09:33:53.505, 54, 0, 0, 2411, 2411, 12.97, P0, 0x0000000000000000
2026/08/28 09:33:53.605, 54, 0, 0, 2411, 2411, 12.98, P0, 0x0000000000000000
2026/08/28 09:33:53.705, 54, 0, 0, 2411, 2411, 12.98, P0, 0x0000000000000000
2026/08/28 09:33:53.805, 54, 0, 0, 2411, 2411, 12.98, P0, 0x0000000000000000
2026/08/28 09:33:53.905, 54, 0, 0, 2411, 2411, 12.98, P0, 0x0000000000000000
2026/08/28 09:33:54.005, 54, 0, 0, 2411, 2411, 12.98, P0, 0x0000000000000000
2026/08/28 09:33:54.106, 54, 0, 0, 2411, 2411, 12.98, P0, 0x0000000000000000
2026/08/28 09:33:54.206, 54, 0, 0, 2411, 2411, 12.98, P0, 0x0000000000000000
2026/08/28 09:33:54.306, 54, 0, 0, 2411, 2411, 12.98, P0, 0x0000000000000000
2026/08/28 09:33:54.406, 54, 0, 0, 2411, 2411, 12.98, P0, 0x0000000000000000
2026/08/28 09:33:54.506, 54, 0, 0, 2411, 2411, 12.98, P0, 0x0000000000000000
2026/08/28 09:33:54.606, 54, 0, 0, 2411, 2411, 12.96, P0, 0x0000000000000000
2026/08/28 09:33:54.706, 54, 0, 0, 2411, 2411, 12.96, P0, 0x0000000000000000
2026/08/28 09:33:54.806, 54, 0, 0, 2411, 2411, 12.96, P0, 0x0000000000000000
2026/08/28 09:33:54.906, 54, 0, 0, 2411, 2411, 12.96, P0, 0x0000000000000000
2026/08/28 09:33:55.007, 54, 0, 0, 2411, 2411, 12.96, P0, 0x0000000000000000
2026/08/28 09:33:55.107, 54, 0, 0, 2411, 2411, 12.95, P0, 0x0000000000000000
2026/08/28 09:33:55.207, 54, 0, 0, 2411, 2411, 12.95, P0, 0x0000000000000000
2026/08/28 09:33:55.307, 54, 0, 0, 2411, 2411, 12.95, P0, 0x0000000000000000
2026/08/28 09:33:55.407, 54, 0, 0, 2411, 2411, 12.95, P0, 0x0000000000000000
2026/08/28 09:33:55.507, 54, 0, 0, 2411, 2411, 12.95, P0, 0x0000000000000000
2026/08/28 09:33:55.607, 54, 0, 0, 2411, 2411, 12.97, P0, 0x0000000000000000
2026/08/28 09:33:55.708, 54, 0, 0, 2411, 2411, 12.97, P0, 0x0000000000000000
2026/08/28 09:33:55.808, 54, 0, 0, 2411, 2411, 12.97, P0, 0x0000000000000000
2026/08/28 09:33:55.908, 54, 0, 0, 2411, 2411, 12.97, P0, 0x0000000000000000
2026/08/28 09:33:56.008, 54, 0, 0, 2411, 2411, 12.97, P0, 0x0000000000000000
2026/08/28 09:33:56.108, 65, 96, 0, 2411, 2411, 22.30, P0, 0x0000000000000000
2026/08/28 09:33:56.208, 65, 96, 0, 2411, 2411, 22.30, P0, 0x0000000000000000
2026/08/28 09:33:56.308, 65, 96, 0, 2411, 2411, 22.30, P0, 0x0000000000000000
2026/08/28 09:33:56.409, 65, 96, 0, 2411, 2411, 22.30, P0, 0x0000000000000000
2026/08/28 09:33:56.509, 65, 96, 0, 2411, 2411, 22.30, P0, 0x0000000000000000
2026/08/28 09:33:56.609, 63, 96, 0, 2470, 2470, 52.21, P0, 0x0000000000000000
2026/08/28 09:33:56.709, 63, 96, 0, 2470, 2470, 52.21, P0, 0x0000000000000000
2026/08/28 09:33:56.809, 63, 96, 0, 2470, 2470, 52.21, P0, 0x0000000000000000
2026/08/28 09:33:56.909, 63, 96, 0, 2470, 2470, 52.21, P0, 0x0000000000000000
2026/08/28 09:33:57.010, 63, 96, 0, 2470, 2470, 52.21, P0, 0x0000000000000000
2026/08/28 09:33:57.110, 67, 96, 0, 2463, 2463, 74.29, P0, 0x0000000000000000
2026/08/28 09:33:57.210, 67, 96, 0, 2463, 2463, 74.29, P0, 0x0000000000000000
2026/08/28 09:33:57.310, 67, 96, 0, 2463, 2463, 74.29, P0, 0x0000000000000000
2026/08/28 09:33:57.410, 67, 96, 0, 2463, 2463, 74.29, P0, 0x0000000000000000
2026/08/28 09:33:57.510, 67, 96, 0, 2463, 2463, 74.29, P0, 0x0000000000000000
2026/08/28 09:33:57.610, 62, 96, 0, 2463, 2463, 74.11, P0, 0x0000000000000000
2026/08/28 09:33:57.711, 62, 96, 0, 2463, 2463, 74.11, P0, 0x0000000000000000
2026/08/28 09:33:57.811, 62, 96, 0, 2463, 2463, 74.11, P0, 0x0000000000000000
2026/08/28 09:33:57.911, 62, 96, 0, 2463, 2463, 74.11, P0, 0x0000000000000000
2026/08/28 09:33:58.011, 62, 96, 0, 2463, 2463, 74.11, P0, 0x0000000000000000
2026/08/28 09:33:58.111, 67, 96, 0, 2431, 2431, 61.12, P0, 0x0000000000000000
2026/08/28 09:33:58.211, 67, 96, 0, 2431, 2431, 61.12, P0, 0x0000000000000000
2026/08/28 09:33:58.311, 67, 96, 0, 2431, 2431, 61.12, P0, 0x0000000000000000
2026/08/28 09:33:58.412, 67, 96, 0, 2431, 2431, 61.12, P0, 0x0000000000000000
2026/08/28 09:33:58.512, 67, 96, 0, 2431, 2431, 61.12, P0, 0x0000000000000000
2026/08/28 09:33:58.612, 68, 96, 0, 2470, 2470, 62.75, P0, 0x0000000000000000
2026/08/28 09:33:58.712, 68, 96, 0, 2470, 2470, 62.75, P0, 0x0000000000000000
2026/08/28 09:33:58.812, 68, 96, 0, 2470, 2470, 62.75, P0, 0x0000000000000000
2026/08/28 09:33:58.913, 68, 96, 0, 2470, 2470, 62.75, P0, 0x0000000000000000
2026/08/28 09:33:59.013, 68, 96, 0, 2470, 2470, 62.75, P0, 0x0000000000000000
2026/08/28 09:33:59.113, 69, 96, 0, 2463, 2463, 75.40, P0, 0x0000000000000000
2026/08/28 09:33:59.213, 69, 96, 0, 2463, 2463, 75.40, P0, 0x0000000000000000
2026/08/28 09:33:59.313, 69, 96, 0, 2463, 2463, 75.40, P0, 0x0000000000000000
2026/08/28 09:33:59.413, 69, 96, 0, 2463, 2463, 75.40, P0, 0x0000000000000000
2026/08/28 09:33:59.514, 69, 96, 0, 2463, 2463, 75.40, P0, 0x0000000000000000
2026/08/28 09:33:59.614, 69, 96, 0, 2463, 2463, 76.13, P0, 0x0000000000000000
2026/08/28 09:33:59.714, 69, 96, 0, 2463, 2463, 76.13, P0, 0x0000000000000000
2026/08/28 09:33:59.814, 69, 96, 0, 2463, 2463, 76.13, P0, 0x0000000000000000
2026/08/28 09:33:59.914, 69, 96, 0, 2463, 2463, 76.13, P0, 0x0000000000000000
2026/08/28 09:34:00.014, 69, 96, 0, 2463, 2463, 76.13, P0, 0x0000000000000000
2026/08/28 09:34:00.115, 70, 94, 0, 2450, 2450, 76.82, P0, 0x0000000000000000
2026/08/28 09:34:00.215, 70, 94, 0, 2450, 2450, 76.82, P0, 0x0000000000000000
2026/08/28 09:34:00.315, 70, 94, 0, 2450, 2450, 76.82, P0, 0x0000000000000000
2026/08/28 09:34:00.415, 70, 94, 0, 2450, 2450, 76.82, P0, 0x0000000000000000
2026/08/28 09:34:00.515, 70, 94, 0, 2450, 2450, 76.82, P0, 0x0000000000000000
2026/08/28 09:34:00.615, 73, 94, 0, 2457, 2457, 77.31, P0, 0x0000000000000000
2026/08/28 09:34:00.716, 73, 94, 0, 2457, 2457, 77.31, P0, 0x0000000000000000
2026/08/28 09:34:00.816, 73, 94, 0, 2457, 2457, 77.31, P0, 0x0000000000000000
2026/08/28 09:34:00.916, 73, 94, 0, 2457, 2457, 77.31, P0, 0x0000000000000000
2026/08/28 09:34:01.016, 73, 94, 0, 2457, 2457, 77.31, P0, 0x0000000000000000
2026/08/28 09:34:01.116, 67, 94, 0, 2444, 2444, 78.33, P0, 0x0000000000000000
2026/08/28 09:34:01.216, 67, 94, 0, 2444, 2444, 78.33, P0, 0x0000000000000000
2026/08/28 09:34:01.317, 67, 94, 0, 2444, 2444, 78.33, P0, 0x0000000000000000
2026/08/28 09:34:01.417, 67, 94, 0, 2444, 2444, 78.33, P0, 0x0000000000000000
2026/08/28 09:34:01.517, 67, 94, 0, 2444, 2444, 78.33, P0, 0x0000000000000000
2026/08/28 09:34:01.617, 70, 94, 0, 2444, 2444, 74.52, P0, 0x0000000000000000
2026/08/28 09:34:01.717, 70, 94, 0, 2444, 2444, 74.52, P0, 0x0000000000000000
2026/08/28 09:34:01.817, 70, 94, 0, 2444, 2444, 74.52, P0, 0x0000000000000000
2026/08/28 09:34:01.917, 70, 94, 0, 2444, 2444, 74.52, P0, 0x0000000000000000
2026/08/28 09:34:02.018, 70, 94, 0, 2444, 2444, 74.52, P0, 0x0000000000000000
2026/08/28 09:34:02.118, 69, 94, 0, 2463, 2463, 72.77, P0, 0x0000000000000000
2026/08/28 09:34:02.218, 69, 94, 0, 2463, 2463, 72.77, P0, 0x0000000000000000
2026/08/28 09:34:02.318, 69, 94, 0, 2463, 2463, 72.77, P0, 0x0000000000000000
2026/08/28 09:34:02.418, 69, 94, 0, 2463, 2463, 72.77, P0, 0x0000000000000000
2026/08/28 09:34:02.518, 69, 94, 0, 2463, 2463, 72.77, P0, 0x0000000000000000
2026/08/28 09:34:02.619, 71, 94, 0, 2450, 2450, 76.70, P0, 0x0000000000000000
2026/08/28 09:34:02.719, 71, 94, 0, 2450, 2450, 76.70, P0, 0x0000000000000000
2026/08/28 09:34:02.819, 71, 94, 0, 2450, 2450, 76.70, P0, 0x0000000000000000
2026/08/28 09:34:02.919, 71, 94, 0, 2450, 2450, 76.70, P0, 0x0000000000000000
2026/08/28 09:34:03.019, 71, 94, 0, 2450, 2450, 76.70, P0, 0x0000000000000000
2026/08/28 09:34:03.119, 71, 94, 0, 2450, 2450, 77.75, P0, 0x0000000000000000
2026/08/28 09:34:03.220, 71, 94, 0, 2450, 2450, 77.75, P0, 0x0000000000000000
2026/08/28 09:34:03.320, 71, 94, 0, 2450, 2450, 77.75, P0, 0x0000000000000000
2026/08/28 09:34:03.420, 71, 94, 0, 2450, 2450, 77.75, P0, 0x0000000000000000
2026/08/28 09:34:03.520, 71, 94, 0, 2450, 2450, 77.75, P0, 0x0000000000000000
2026/08/28 09:34:03.621, 71, 94, 0, 2450, 2450, 78.44, P0, 0x0000000000000000
2026/08/28 09:34:03.721, 71, 94, 0, 2450, 2450, 78.44, P0, 0x0000000000000000
2026/08/28 09:34:03.821, 71, 94, 0, 2450, 2450, 78.44, P0, 0x0000000000000000
2026/08/28 09:34:03.921, 71, 94, 0, 2450, 2450, 78.44, P0, 0x0000000000000000
2026/08/28 09:34:04.021, 71, 94, 0, 2450, 2450, 78.44, P0, 0x0000000000000000
2026/08/28 09:34:04.121, 70, 94, 0, 2450, 2450, 76.35, P0, 0x0000000000000000
2026/08/28 09:34:04.222, 70, 94, 0, 2450, 2450, 76.35, P0, 0x0000000000000000
2026/08/28 09:34:04.322, 70, 94, 0, 2450, 2450, 76.35, P0, 0x0000000000000000
2026/08/28 09:34:04.422, 70, 94, 0, 2450, 2450, 76.35, P0, 0x0000000000000000
2026/08/28 09:34:04.522, 70, 94, 0, 2450, 2450, 76.35, P0, 0x0000000000000000
2026/08/28 09:34:04.622, 72, 94, 0, 2450, 2450, 73.74, P0, 0x0000000000000000
2026/08/28 09:34:04.723, 72, 94, 0, 2450, 2450, 73.74, P0, 0x0000000000000000
2026/08/28 09:34:04.823, 72, 94, 0, 2450, 2450, 73.74, P0, 0x0000000000000000
2026/08/28 09:34:04.923, 72, 94, 0, 2450, 2450, 73.74, P0, 0x0000000000000000
2026/08/28 09:34:05.023, 72, 94, 0, 2450, 2450, 73.74, P0, 0x0000000000000000
2026/08/28 09:34:05.123, 72, 96, 0, 2444, 2444, 75.75, P0, 0x0000000000000000
2026/08/28 09:34:05.223, 72, 96, 0, 2444, 2444, 75.75, P0, 0x0000000000000000
2026/08/28 09:34:05.324, 72, 96, 0, 2444, 2444, 75.75, P0, 0x0000000000000000
2026/08/28 09:34:05.424, 72, 96, 0, 2444, 2444, 75.75, P0, 0x0000000000000000
2026/08/28 09:34:05.524, 72, 96, 0, 2444, 2444, 75.75, P0, 0x0000000000000000
2026/08/28 09:34:05.624, 72, 96, 0, 2437, 2437, 78.01, P0, 0x0000000000000000
2026/08/28 09:34:05.724, 72, 96, 0, 2437, 2437, 78.01, P0, 0x0000000000000000
2026/08/28 09:34:05.824, 72, 96, 0, 2437, 2437, 78.01, P0, 0x0000000000000000
2026/08/28 09:34:05.925, 72, 96, 0, 2437, 2437, 78.01, P0, 0x0000000000000000
2026/08/28 09:34:06.025, 72, 96, 0, 2437, 2437, 78.01, P0, 0x0000000000000000
2026/08/28 09:34:06.125, 73, 96, 0, 2444, 2444, 79.01, P0, 0x0000000000000000
2026/08/28 09:34:06.225, 73, 96, 0, 2444, 2444, 79.01, P0, 0x0000000000000000
2026/08/28 09:34:06.325, 73, 96, 0, 2444, 2444, 79.01, P0, 0x0000000000000000
2026/08/28 09:34:06.426, 73, 96, 0, 2444, 2444, 79.01, P0, 0x0000000000000000
2026/08/28 09:34:06.526, 73, 96, 0, 2444, 2444, 79.01, P0, 0x0000000000000000
2026/08/28 09:34:06.626, 72, 96, 0, 2437, 2437, 78.93, P0, 0x0000000000000000
2026/08/28 09:34:06.726, 72, 96, 0, 2437, 2437, 78.93, P0, 0x0000000000000000
2026/08/28 09:34:06.826, 72, 96, 0, 2437, 2437, 78.93, P0, 0x0000000000000000
2026/08/28 09:34:06.926, 72, 96, 0, 2437, 2437, 78.93, P0, 0x0000000000000000
2026/08/28 09:34:07.027, 72, 96, 0, 2437, 2437, 78.93, P0, 0x0000000000000000
2026/08/28 09:34:07.127, 76, 96, 0, 2437, 2437, 79.81, P0, 0x0000000000000000
2026/08/28 09:34:07.227, 76, 96, 0, 2437, 2437, 79.81, P0, 0x0000000000000000
2026/08/28 09:34:07.327, 76, 96, 0, 2437, 2437, 79.81, P0, 0x0000000000000000
2026/08/28 09:34:07.427, 76, 96, 0, 2437, 2437, 79.81, P0, 0x0000000000000000
2026/08/28 09:34:07.527, 76, 96, 0, 2437, 2437, 79.81, P0, 0x0000000000000000
2026/08/28 09:34:07.627, 72, 96, 0, 2450, 2450, 74.00, P0, 0x0000000000000000
2026/08/28 09:34:07.727, 72, 96, 0, 2450, 2450, 74.00, P0, 0x0000000000000000
2026/08/28 09:34:07.828, 72, 96, 0, 2450, 2450, 74.00, P0, 0x0000000000000000
2026/08/28 09:34:07.928, 72, 96, 0, 2450, 2450, 74.00, P0, 0x0000000000000000
2026/08/28 09:34:08.028, 72, 96, 0, 2450, 2450, 74.00, P0, 0x0000000000000000
2026/08/28 09:34:08.128, 72, 96, 0, 2444, 2444, 71.84, P0, 0x0000000000000000
2026/08/28 09:34:08.228, 72, 96, 0, 2444, 2444, 71.84, P0, 0x0000000000000000
2026/08/28 09:34:08.328, 72, 96, 0, 2444, 2444, 71.84, P0, 0x0000000000000000
2026/08/28 09:34:08.429, 72, 96, 0, 2444, 2444, 71.84, P0, 0x0000000000000000
2026/08/28 09:34:08.529, 72, 96, 0, 2444, 2444, 71.84, P0, 0x0000000000000000
2026/08/28 09:34:08.629, 73, 96, 0, 2437, 2437, 76.74, P0, 0x0000000000000000
2026/08/28 09:34:08.729, 73, 96, 0, 2437, 2437, 76.74, P0, 0x0000000000000000
2026/08/28 09:34:08.829, 73, 96, 0, 2437, 2437, 76.74, P0, 0x0000000000000000
2026/08/28 09:34:08.930, 73, 96, 0, 2437, 2437, 76.74, P0, 0x0000000000000000
2026/08/28 09:34:09.030, 73, 96, 0, 2437, 2437, 76.74, P0, 0x0000000000000000
2026/08/28 09:34:09.130, 71, 73, 0, 2437, 2437, 72.47, P0, 0x0000000000000000
2026/08/28 09:34:09.230, 71, 73, 0, 2437, 2437, 72.47, P0, 0x0000000000000000
2026/08/28 09:34:09.330, 71, 73, 0, 2437, 2437, 72.47, P0, 0x0000000000000000
2026/08/28 09:34:09.430, 71, 73, 0, 2437, 2437, 72.47, P0, 0x0000000000000000
2026/08/28 09:34:09.531, 71, 73, 0, 2437, 2437, 72.47, P0, 0x0000000000000000
2026/08/28 09:34:09.631, 74, 73, 0, 2450, 2450, 72.64, P0, 0x0000000000000000
2026/08/28 09:34:09.731, 74, 73, 0, 2450, 2450, 72.64, P0, 0x0000000000000000
2026/08/28 09:34:09.831, 74, 73, 0, 2450, 2450, 72.64, P0, 0x0000000000000000
2026/08/28 09:34:09.931, 74, 73, 0, 2450, 2450, 72.64, P0, 0x0000000000000000
2026/08/28 09:34:10.031, 74, 73, 0, 2450, 2450, 72.64, P0, 0x0000000000000000
2026/08/28 09:34:10.132, 74, 94, 0, 2444, 2444, 76.44, P0, 0x0000000000000000
2026/08/28 09:34:10.232, 74, 94, 0, 2444, 2444, 76.44, P0, 0x0000000000000000
2026/08/28 09:34:10.332, 74, 94, 0, 2444, 2444, 76.44, P0, 0x0000000000000000
2026/08/28 09:34:10.432, 74, 94, 0, 2444, 2444, 76.44, P0, 0x0000000000000000
2026/08/28 09:34:10.532, 74, 94, 0, 2444, 2444, 76.44, P0, 0x0000000000000000
2026/08/28 09:34:10.632, 74, 94, 0, 2450, 2450, 77.76, P0, 0x0000000000000000
2026/08/28 09:34:10.733, 74, 94, 0, 2450, 2450, 77.76, P0, 0x0000000000000000
2026/08/28 09:34:10.833, 74, 94, 0, 2450, 2450, 77.76, P0, 0x0000000000000000
2026/08/28 09:34:10.933, 74, 94, 0, 2450, 2450, 77.76, P0, 0x0000000000000000
2026/08/28 09:34:11.033, 74, 94, 0, 2450, 2450, 77.76, P0, 0x0000000000000000
2026/08/28 09:34:11.133, 74, 96, 0, 2444, 2444, 74.30, P0, 0x0000000000000000
2026/08/28 09:34:11.234, 74, 96, 0, 2444, 2444, 74.30, P0, 0x0000000000000000
2026/08/28 09:34:11.334, 74, 96, 0, 2444, 2444, 74.30, P0, 0x0000000000000000
2026/08/28 09:34:11.434, 74, 96, 0, 2444, 2444, 74.30, P0, 0x0000000000000000
2026/08/28 09:34:11.534, 74, 96, 0, 2444, 2444, 74.30, P0, 0x0000000000000000
2026/08/28 09:34:11.635, 71, 96, 0, 2444, 2444, 72.89, P0, 0x0000000000000000
2026/08/28 09:34:11.735, 71, 96, 0, 2444, 2444, 72.89, P0, 0x0000000000000000
2026/08/28 09:34:11.835, 71, 96, 0, 2444, 2444, 72.89, P0, 0x0000000000000000
2026/08/28 09:34:11.935, 71, 96, 0, 2444, 2444, 72.89, P0, 0x0000000000000000
2026/08/28 09:34:12.035, 71, 96, 0, 2444, 2444, 72.89, P0, 0x0000000000000000
2026/08/28 09:34:12.136, 75, 96, 0, 2444, 2444, 77.20, P0, 0x0000000000000000
2026/08/28 09:34:12.236, 75, 96, 0, 2444, 2444, 77.20, P0, 0x0000000000000000
2026/08/28 09:34:12.336, 75, 96, 0, 2444, 2444, 77.20, P0, 0x0000000000000000
2026/08/28 09:34:12.436, 75, 96, 0, 2444, 2444, 77.20, P0, 0x0000000000000000
2026/08/28 09:34:12.537, 75, 96, 0, 2444, 2444, 77.20, P0, 0x0000000000000000
2026/08/28 09:34:12.637, 74, 96, 0, 2444, 2444, 78.33, P0, 0x0000000000000000
2026/08/28 09:34:12.737, 74, 96, 0, 2444, 2444, 78.33, P0, 0x0000000000000000
2026/08/28 09:34:12.838, 74, 96, 0, 2444, 2444, 78.33, P0, 0x0000000000000000
2026/08/28 09:34:12.938, 74, 96, 0, 2444, 2444, 78.33, P0, 0x0000000000000000
2026/08/28 09:34:13.038, 74, 96, 0, 2444, 2444, 78.33, P0, 0x0000000000000000
2026/08/28 09:34:13.138, 75, 96, 0, 2444, 2444, 79.59, P0, 0x0000000000000000
2026/08/28 09:34:13.238, 75, 96, 0, 2444, 2444, 79.59, P0, 0x0000000000000000
2026/08/28 09:34:13.338, 75, 96, 0, 2444, 2444, 79.59, P0, 0x0000000000000000
2026/08/28 09:34:13.438, 75, 96, 0, 2444, 2444, 79.59, P0, 0x0000000000000000
2026/08/28 09:34:13.539, 75, 96, 0, 2444, 2444, 79.59, P0, 0x0000000000000000
2026/08/28 09:34:13.639, 75, 96, 0, 2444, 2444, 72.76, P0, 0x0000000000000000
2026/08/28 09:34:13.739, 75, 96, 0, 2444, 2444, 72.76, P0, 0x0000000000000000
2026/08/28 09:34:13.839, 75, 96, 0, 2444, 2444, 72.76, P0, 0x0000000000000000
2026/08/28 09:34:13.939, 75, 96, 0, 2444, 2444, 72.76, P0, 0x0000000000000000
2026/08/28 09:34:14.039, 75, 96, 0, 2444, 2444, 72.76, P0, 0x0000000000000000
2026/08/28 09:34:14.139, 74, 96, 0, 2450, 2450, 72.04, P0, 0x0000000000000000
2026/08/28 09:34:14.240, 74, 96, 0, 2450, 2450, 72.04, P0, 0x0000000000000000
2026/08/28 09:34:14.340, 74, 96, 0, 2450, 2450, 72.04, P0, 0x0000000000000000
2026/08/28 09:34:14.440, 74, 96, 0, 2450, 2450, 72.04, P0, 0x0000000000000000
2026/08/28 09:34:14.540, 74, 96, 0, 2450, 2450, 72.04, P0, 0x0000000000000000
2026/08/28 09:34:14.640, 75, 96, 0, 2444, 2444, 78.03, P0, 0x0000000000000000
2026/08/28 09:34:14.740, 75, 96, 0, 2444, 2444, 78.03, P0, 0x0000000000000000
2026/08/28 09:34:14.840, 75, 96, 0, 2444, 2444, 78.03, P0, 0x0000000000000000
2026/08/28 09:34:14.940, 75, 96, 0, 2444, 2444, 78.03, P0, 0x0000000000000000
2026/08/28 09:34:15.041, 75, 96, 0, 2444, 2444, 78.03, P0, 0x0000000000000000
2026/08/28 09:34:15.141, 74, 75, 0, 2444, 2444, 73.79, P0, 0x0000000000000000
2026/08/28 09:34:15.241, 74, 75, 0, 2444, 2444, 73.79, P0, 0x0000000000000000
2026/08/28 09:34:15.341, 74, 75, 0, 2444, 2444, 73.79, P0, 0x0000000000000000
2026/08/28 09:34:15.441, 74, 75, 0, 2444, 2444, 73.79, P0, 0x0000000000000000
2026/08/28 09:34:15.542, 74, 75, 0, 2444, 2444, 73.79, P0, 0x0000000000000000
2026/08/28 09:34:15.642, 75, 75, 0, 2450, 2450, 73.36, P0, 0x0000000000000000
2026/08/28 09:34:15.742, 75, 75, 0, 2450, 2450, 73.36, P0, 0x0000000000000000
2026/08/28 09:34:15.842, 75, 75, 0, 2450, 2450, 73.36, P0, 0x0000000000000000
2026/08/28 09:34:15.942, 75, 75, 0, 2450, 2450, 73.36, P0, 0x0000000000000000
2026/08/28 09:34:16.042, 75, 75, 0, 2450, 2450, 73.36, P0, 0x0000000000000000
2026/08/28 09:34:16.142, 77, 95, 0, 2437, 2437, 77.25, P0, 0x0000000000000000
2026/08/28 09:34:16.243, 77, 95, 0, 2437, 2437, 77.25, P0, 0x0000000000000000
2026/08/28 09:34:16.343, 77, 95, 0, 2437, 2437, 77.25, P0, 0x0000000000000000
2026/08/28 09:34:16.443, 77, 95, 0, 2437, 2437, 77.25, P0, 0x0000000000000000
2026/08/28 09:34:16.543, 77, 95, 0, 2437, 2437, 77.25, P0, 0x0000000000000000
2026/08/28 09:34:16.643, 76, 95, 0, 2444, 2444, 78.49, P0, 0x0000000000000000
2026/08/28 09:34:16.743, 76, 95, 0, 2444, 2444, 78.49, P0, 0x0000000000000000
2026/08/28 09:34:16.844, 76, 95, 0, 2444, 2444, 78.49, P0, 0x0000000000000000
2026/08/28 09:34:16.944, 76, 95, 0, 2444, 2444, 78.49, P0, 0x0000000000000000
2026/08/28 09:34:17.044, 76, 95, 0, 2444, 2444, 78.49, P0, 0x0000000000000000
2026/08/28 09:34:17.144, 76, 96, 0, 2437, 2437, 79.35, P0, 0x0000000000000000
2026/08/28 09:34:17.244, 76, 96, 0, 2437, 2437, 79.35, P0, 0x0000000000000000
2026/08/28 09:34:17.345, 76, 96, 0, 2437, 2437, 79.35, P0, 0x0000000000000000
2026/08/28 09:34:17.445, 76, 96, 0, 2437, 2437, 79.35, P0, 0x0000000000000000
2026/08/28 09:34:17.545, 76, 96, 0, 2437, 2437, 79.35, P0, 0x0000000000000000
2026/08/28 09:34:17.645, 76, 96, 0, 2437, 2437, 79.29, P0, 0x0000000000000000
2026/08/28 09:34:17.745, 76, 96, 0, 2437, 2437, 79.29, P0, 0x0000000000000000
2026/08/28 09:34:17.846, 76, 96, 0, 2437, 2437, 79.29, P0, 0x0000000000000000
2026/08/28 09:34:17.946, 76, 96, 0, 2437, 2437, 79.29, P0, 0x0000000000000000
2026/08/28 09:34:18.046, 76, 96, 0, 2437, 2437, 79.29, P0, 0x0000000000000000
2026/08/28 09:34:18.146, 79, 96, 0, 2444, 2444, 78.94, P0, 0x0000000000000000
2026/08/28 09:34:18.247, 79, 96, 0, 2444, 2444, 78.94, P0, 0x0000000000000000
2026/08/28 09:34:18.347, 79, 96, 0, 2444, 2444, 78.94, P0, 0x0000000000000000
2026/08/28 09:34:18.447, 79, 96, 0, 2444, 2444, 78.94, P0, 0x0000000000000000
2026/08/28 09:34:18.547, 79, 96, 0, 2444, 2444, 78.94, P0, 0x0000000000000000
2026/08/28 09:34:18.647, 76, 96, 0, 2437, 2437, 75.37, P0, 0x0000000000000000
2026/08/28 09:34:18.747, 76, 96, 0, 2437, 2437, 75.37, P0, 0x0000000000000000
2026/08/28 09:34:18.847, 76, 96, 0, 2437, 2437, 75.37, P0, 0x0000000000000000
2026/08/28 09:34:18.948, 76, 96, 0, 2437, 2437, 75.37, P0, 0x0000000000000000
2026/08/28 09:34:19.048, 76, 96, 0, 2437, 2437, 75.37, P0, 0x0000000000000000
2026/08/28 09:34:19.148, 76, 96, 0, 2444, 2444, 75.84, P0, 0x0000000000000000
2026/08/28 09:34:19.248, 76, 96, 0, 2444, 2444, 75.84, P0, 0x0000000000000000
2026/08/28 09:34:19.349, 76, 96, 0, 2444, 2444, 75.84, P0, 0x0000000000000000
2026/08/28 09:34:19.449, 76, 96, 0, 2444, 2444, 75.84, P0, 0x0000000000000000
2026/08/28 09:34:19.549, 76, 96, 0, 2444, 2444, 75.84, P0, 0x0000000000000000
2026/08/28 09:34:19.649, 79, 96, 0, 2437, 2437, 78.61, P0, 0x0000000000000000
2026/08/28 09:34:19.749, 79, 96, 0, 2437, 2437, 78.61, P0, 0x0000000000000000
2026/08/28 09:34:19.849, 79, 96, 0, 2437, 2437, 78.61, P0, 0x0000000000000000
2026/08/28 09:34:19.949, 79, 96, 0, 2437, 2437, 78.61, P0, 0x0000000000000000
2026/08/28 09:34:20.050, 79, 96, 0, 2437, 2437, 78.61, P0, 0x0000000000000000
2026/08/28 09:34:20.150, 76, 96, 0, 2444, 2444, 79.54, P0, 0x0000000000000000
2026/08/28 09:34:20.250, 76, 96, 0, 2444, 2444, 79.54, P0, 0x0000000000000000
2026/08/28 09:34:20.350, 76, 96, 0, 2444, 2444, 79.54, P0, 0x0000000000000000
2026/08/28 09:34:20.450, 76, 96, 0, 2444, 2444, 79.54, P0, 0x0000000000000000
2026/08/28 09:34:20.550, 76, 96, 0, 2444, 2444, 79.54, P0, 0x0000000000000000
2026/08/28 09:34:20.650, 69, 96, 0, 2424, 2424, 77.25, P0, 0x0000000000000000
2026/08/28 09:34:20.750, 69, 96, 0, 2424, 2424, 77.25, P0, 0x0000000000000000
2026/08/28 09:34:20.851, 69, 96, 0, 2424, 2424, 77.25, P0, 0x0000000000000000
2026/08/28 09:34:20.951, 69, 96, 0, 2424, 2424, 77.25, P0, 0x0000000000000000
2026/08/28 09:34:21.051, 69, 96, 0, 2424, 2424, 77.25, P0, 0x0000000000000000
2026/08/28 09:34:21.151, 75, 96, 0, 2437, 2437, 75.01, P0, 0x0000000000000000
2026/08/28 09:34:21.251, 75, 96, 0, 2437, 2437, 75.01, P0, 0x0000000000000000
2026/08/28 09:34:21.352, 75, 96, 0, 2437, 2437, 75.01, P0, 0x0000000000000000
2026/08/28 09:34:21.452, 75, 96, 0, 2437, 2437, 75.01, P0, 0x0000000000000000
2026/08/28 09:34:21.552, 75, 96, 0, 2437, 2437, 75.01, P0, 0x0000000000000000
2026/08/28 09:34:21.652, 77, 96, 0, 2444, 2444, 75.82, P0, 0x0000000000000000
2026/08/28 09:34:21.752, 77, 96, 0, 2444, 2444, 75.82, P0, 0x0000000000000000
2026/08/28 09:34:21.852, 77, 96, 0, 2444, 2444, 75.82, P0, 0x0000000000000000
2026/08/28 09:34:21.952, 77, 96, 0, 2444, 2444, 75.82, P0, 0x0000000000000000
2026/08/28 09:34:22.053, 77, 96, 0, 2444, 2444, 75.82, P0, 0x0000000000000000
2026/08/28 09:34:22.153, 77, 96, 0, 2444, 2444, 78.67, P0, 0x0000000000000000
2026/08/28 09:34:22.253, 77, 96, 0, 2444, 2444, 78.67, P0, 0x0000000000000000
2026/08/28 09:34:22.353, 77, 96, 0, 2444, 2444, 78.67, P0, 0x0000000000000000
2026/08/28 09:34:22.454, 77, 96, 0, 2444, 2444, 78.67, P0, 0x0000000000000000
2026/08/28 09:34:22.554, 77, 96, 0, 2444, 2444, 78.67, P0, 0x0000000000000000
2026/08/28 09:34:22.654, 75, 96, 0, 2444, 2444, 79.31, P0, 0x0000000000000000
2026/08/28 09:34:22.754, 75, 96, 0, 2444, 2444, 79.31, P0, 0x0000000000000000
2026/08/28 09:34:22.855, 75, 96, 0, 2444, 2444, 79.31, P0, 0x0000000000000000
2026/08/28 09:34:22.955, 75, 96, 0, 2444, 2444, 79.31, P0, 0x0000000000000000
2026/08/28 09:34:23.055, 75, 96, 0, 2444, 2444, 79.31, P0, 0x0000000000000000
2026/08/28 09:34:23.155, 78, 96, 0, 2424, 2424, 79.09, P0, 0x0000000000000000
2026/08/28 09:34:23.255, 78, 96, 0, 2424, 2424, 79.09, P0, 0x0000000000000000
2026/08/28 09:34:23.356, 78, 96, 0, 2424, 2424, 79.09, P0, 0x0000000000000000
2026/08/28 09:34:23.456, 78, 96, 0, 2424, 2424, 79.09, P0, 0x0000000000000000
2026/08/28 09:34:23.556, 78, 96, 0, 2424, 2424, 79.09, P0, 0x0000000000000000
2026/08/28 09:34:23.656, 77, 96, 0, 2444, 2444, 80.31, P0, 0x0000000000000000
2026/08/28 09:34:23.756, 77, 96, 0, 2444, 2444, 80.31, P0, 0x0000000000000000
2026/08/28 09:34:23.857, 77, 96, 0, 2444, 2444, 80.31, P0, 0x0000000000000000
2026/08/28 09:34:23.957, 77, 96, 0, 2444, 2444, 80.31, P0, 0x0000000000000000
2026/08/28 09:34:24.057, 77, 96, 0, 2444, 2444, 80.31, P0, 0x0000000000000000
2026/08/28 09:34:24.157, 75, 94, 0, 2431, 2431, 80.53, P0, 0x0000000000000000
2026/08/28 09:34:24.257, 75, 94, 0, 2431, 2431, 80.53, P0, 0x0000000000000000
2026/08/28 09:34:24.357, 75, 94, 0, 2431, 2431, 80.53, P0, 0x0000000000000000
2026/08/28 09:34:24.457, 75, 94, 0, 2431, 2431, 80.53, P0, 0x0000000000000000
2026/08/28 09:34:24.558, 75, 94, 0, 2431, 2431, 80.53, P0, 0x0000000000000000
2026/08/28 09:34:24.658, 82, 94, 0, 2431, 2431, 79.59, P0, 0x0000000000000000
2026/08/28 09:34:24.758, 82, 94, 0, 2431, 2431, 79.59, P0, 0x0000000000000000
2026/08/28 09:34:24.858, 82, 94, 0, 2431, 2431, 79.59, P0, 0x0000000000000000
2026/08/28 09:34:24.959, 82, 94, 0, 2431, 2431, 79.59, P0, 0x0000000000000000
2026/08/28 09:34:25.059, 82, 94, 0, 2431, 2431, 79.59, P0, 0x0000000000000000
2026/08/28 09:34:25.159, 78, 87, 0, 2437, 2437, 72.23, P0, 0x0000000000000000
2026/08/28 09:34:25.259, 78, 87, 0, 2437, 2437, 72.23, P0, 0x0000000000000000
2026/08/28 09:34:25.359, 78, 87, 0, 2437, 2437, 72.23, P0, 0x0000000000000000
2026/08/28 09:34:25.459, 78, 87, 0, 2437, 2437, 72.23, P0, 0x0000000000000000
2026/08/28 09:34:25.560, 78, 87, 0, 2437, 2437, 72.23, P0, 0x0000000000000000
2026/08/28 09:34:25.660, 78, 87, 0, 2444, 2444, 71.81, P0, 0x0000000000000000
2026/08/28 09:34:25.760, 78, 87, 0, 2444, 2444, 71.81, P0, 0x0000000000000000
2026/08/28 09:34:25.860, 78, 87, 0, 2444, 2444, 71.81, P0, 0x0000000000000000
2026/08/28 09:34:25.961, 78, 87, 0, 2444, 2444, 71.81, P0, 0x0000000000000000
2026/08/28 09:34:26.061, 78, 87, 0, 2444, 2444, 71.81, P0, 0x0000000000000000
2026/08/28 09:34:26.161, 77, 94, 0, 2444, 2444, 78.40, P0, 0x0000000000000000
2026/08/28 09:34:26.261, 77, 94, 0, 2444, 2444, 78.40, P0, 0x0000000000000000
2026/08/28 09:34:26.361, 77, 94, 0, 2444, 2444, 78.40, P0, 0x0000000000000000
2026/08/28 09:34:26.462, 77, 94, 0, 2444, 2444, 78.40, P0, 0x0000000000000000
2026/08/28 09:34:26.562, 77, 94, 0, 2444, 2444, 78.40, P0, 0x0000000000000000
2026/08/28 09:34:26.662, 78, 94, 0, 2444, 2444, 79.42, P0, 0x0000000000000000
2026/08/28 09:34:26.762, 78, 94, 0, 2444, 2444, 79.42, P0, 0x0000000000000000
2026/08/28 09:34:26.862, 78, 94, 0, 2444, 2444, 79.42, P0, 0x0000000000000000
2026/08/28 09:34:26.962, 78, 94, 0, 2444, 2444, 79.42, P0, 0x0000000000000000
2026/08/28 09:34:27.063, 78, 94, 0, 2444, 2444, 79.42, P0, 0x0000000000000000
2026/08/28 09:34:27.163, 78, 94, 0, 2444, 2444, 80.55, P0, 0x0000000000000000
2026/08/28 09:34:27.263, 78, 94, 0, 2444, 2444, 80.55, P0, 0x0000000000000000
2026/08/28 09:34:27.363, 78, 94, 0, 2444, 2444, 80.55, P0, 0x0000000000000000
2026/08/28 09:34:27.463, 78, 94, 0, 2444, 2444, 80.55, P0, 0x0000000000000000
2026/08/28 09:34:27.563, 78, 94, 0, 2444, 2444, 80.55, P0, 0x0000000000000000
2026/08/28 09:34:27.664, 81, 94, 0, 2424, 2424, 80.71, P0, 0x0000000000000000
2026/08/28 09:34:27.764, 81, 94, 0, 2424, 2424, 80.71, P0, 0x0000000000000000
2026/08/28 09:34:27.864, 81, 94, 0, 2424, 2424, 80.71, P0, 0x0000000000000000
2026/08/28 09:34:27.964, 81, 94, 0, 2424, 2424, 80.71, P0, 0x0000000000000000
2026/08/28 09:34:28.064, 81, 94, 0, 2424, 2424, 80.71, P0, 0x0000000000000000
2026/08/28 09:34:28.165, 79, 96, 0, 2437, 2437, 81.73, P0, 0x0000000000000000
2026/08/28 09:34:28.265, 79, 96, 0, 2437, 2437, 81.73, P0, 0x0000000000000000
2026/08/28 09:34:28.365, 79, 96, 0, 2437, 2437, 81.73, P0, 0x0000000000000000
2026/08/28 09:34:28.465, 79, 96, 0, 2437, 2437, 81.73, P0, 0x0000000000000000
2026/08/28 09:34:28.565, 79, 96, 0, 2437, 2437, 81.73, P0, 0x0000000000000000
2026/08/28 09:34:28.666, 73, 96, 0, 2463, 2463, 66.96, P0, 0x0000000000000000
2026/08/28 09:34:28.766, 73, 96, 0, 2463, 2463, 66.96, P0, 0x0000000000000000
2026/08/28 09:34:28.866, 73, 96, 0, 2463, 2463, 66.96, P0, 0x0000000000000000
2026/08/28 09:34:28.967, 73, 96, 0, 2463, 2463, 66.96, P0, 0x0000000000000000
2026/08/28 09:34:29.067, 73, 96, 0, 2463, 2463, 66.96, P0, 0x0000000000000000
2026/08/28 09:34:29.167, 73, 96, 0, 2463, 2463, 50.78, P0, 0x0000000000000000
2026/08/28 09:34:29.267, 73, 96, 0, 2463, 2463, 50.78, P0, 0x0000000000000000
2026/08/28 09:34:29.367, 73, 96, 0, 2463, 2463, 50.78, P0, 0x0000000000000000
2026/08/28 09:34:29.468, 73, 96, 0, 2463, 2463, 50.78, P0, 0x0000000000000000
2026/08/28 09:34:29.568, 73, 96, 0, 2463, 2463, 50.78, P0, 0x0000000000000000
2026/08/28 09:34:29.668, 73, 96, 0, 2463, 2463, 48.73, P0, 0x0000000000000000
2026/08/28 09:34:29.768, 73, 96, 0, 2463, 2463, 48.73, P0, 0x0000000000000000
2026/08/28 09:34:29.869, 73, 96, 0, 2463, 2463, 48.73, P0, 0x0000000000000000
2026/08/28 09:34:29.969, 73, 96, 0, 2463, 2463, 48.73, P0, 0x0000000000000000
2026/08/28 09:34:30.069, 73, 96, 0, 2463, 2463, 48.73, P0, 0x0000000000000000
2026/08/28 09:34:30.169, 73, 96, 0, 2463, 2463, 48.75, P0, 0x0000000000000000
2026/08/28 09:34:30.269, 73, 96, 0, 2463, 2463, 48.75, P0, 0x0000000000000000
2026/08/28 09:34:30.370, 73, 96, 0, 2463, 2463, 48.75, P0, 0x0000000000000000
2026/08/28 09:34:30.470, 73, 96, 0, 2463, 2463, 48.75, P0, 0x0000000000000000
2026/08/28 09:34:30.570, 73, 96, 0, 2463, 2463, 48.75, P0, 0x0000000000000000
2026/08/28 09:34:30.670, 72, 96, 0, 2463, 2463, 48.70, P0, 0x0000000000000000
2026/08/28 09:34:30.771, 72, 96, 0, 2463, 2463, 48.70, P0, 0x0000000000000000
2026/08/28 09:34:30.871, 72, 96, 0, 2463, 2463, 48.70, P0, 0x0000000000000000
2026/08/28 09:34:30.971, 72, 96, 0, 2463, 2463, 48.70, P0, 0x0000000000000000
2026/08/28 09:34:31.071, 72, 96, 0, 2418, 2463, 48.70, P0, 0x0000000000000000
2026/08/28 09:34:31.176, 72, 96, 0, 2463, 2463, 48.66, P0, 0x0000000000000000
2026/08/28 09:34:31.276, 72, 96, 0, 2463, 2463, 48.66, P0, 0x0000000000000000
2026/08/28 09:34:31.377, 72, 96, 0, 2463, 2463, 48.66, P0, 0x0000000000000000
2026/08/28 09:34:31.477, 72, 96, 0, 2463, 2463, 48.66, P0, 0x0000000000000000
2026/08/28 09:34:31.577, 72, 96, 0, 2463, 2463, 48.61, P0, 0x0000000000000000
2026/08/28 09:34:31.677, 72, 96, 0, 2463, 2463, 48.61, P0, 0x0000000000000000
2026/08/28 09:34:31.778, 72, 96, 0, 2463, 2463, 48.61, P0, 0x0000000000000000
2026/08/28 09:34:31.878, 72, 96, 0, 2463, 2463, 48.61, P0, 0x0000000000000000
2026/08/28 09:34:31.978, 72, 96, 0, 2463, 2463, 48.61, P0, 0x0000000000000000
2026/08/28 09:34:32.078, 72, 96, 0, 2463, 2463, 48.55, P0, 0x0000000000000000
2026/08/28 09:34:32.179, 72, 96, 0, 2463, 2463, 48.55, P0, 0x0000000000000000
2026/08/28 09:34:32.279, 72, 96, 0, 2463, 2463, 48.55, P0, 0x0000000000000000
2026/08/28 09:34:32.379, 72, 96, 0, 2463, 2463, 48.55, P0, 0x0000000000000000
2026/08/28 09:34:32.479, 72, 96, 0, 2463, 2463, 48.55, P0, 0x0000000000000000
2026/08/28 09:34:32.579, 72, 96, 0, 2463, 2463, 48.47, P0, 0x0000000000000000
2026/08/28 09:34:32.680, 72, 96, 0, 2463, 2463, 48.47, P0, 0x0000000000000000
2026/08/28 09:34:32.780, 72, 96, 0, 2463, 2463, 48.47, P0, 0x0000000000000000
2026/08/28 09:34:32.880, 72, 96, 0, 2463, 2463, 48.47, P0, 0x0000000000000000
2026/08/28 09:34:32.980, 72, 96, 0, 2463, 2463, 48.47, P0, 0x0000000000000000
2026/08/28 09:34:33.081, 72, 96, 0, 2463, 2463, 48.47, P0, 0x0000000000000000
2026/08/28 09:34:33.181, 72, 96, 0, 2463, 2463, 48.47, P0, 0x0000000000000000
2026/08/28 09:34:33.281, 72, 96, 0, 2463, 2463, 48.47, P0, 0x0000000000000000
2026/08/28 09:34:33.381, 72, 96, 0, 2463, 2463, 48.47, P0, 0x0000000000000000
2026/08/28 09:34:33.481, 72, 96, 0, 2463, 2463, 48.47, P0, 0x0000000000000000
2026/08/28 09:34:33.582, 72, 96, 0, 2463, 2463, 48.43, P0, 0x0000000000000000
2026/08/28 09:34:33.682, 72, 96, 0, 2463, 2463, 48.43, P0, 0x0000000000000000
2026/08/28 09:34:33.782, 72, 96, 0, 2463, 2463, 48.43, P0, 0x0000000000000000
2026/08/28 09:34:33.882, 72, 96, 0, 2463, 2463, 48.43, P0, 0x0000000000000000
2026/08/28 09:34:33.982, 72, 96, 0, 2463, 2463, 48.43, P0, 0x0000000000000000
2026/08/28 09:34:34.083, 72, 96, 0, 2463, 2463, 48.31, P0, 0x0000000000000000
2026/08/28 09:34:34.183, 72, 96, 0, 2463, 2463, 48.31, P0, 0x0000000000000000
2026/08/28 09:34:34.283, 72, 96, 0, 2463, 2463, 48.31, P0, 0x0000000000000000
2026/08/28 09:34:34.383, 72, 96, 0, 2463, 2463, 48.31, P0, 0x0000000000000000
2026/08/28 09:34:34.484, 72, 96, 0, 2463, 2463, 48.31, P0, 0x0000000000000000
2026/08/28 09:34:34.584, 72, 96, 0, 2463, 2463, 48.36, P0, 0x0000000000000000
2026/08/28 09:34:34.684, 72, 96, 0, 2463, 2463, 48.36, P0, 0x0000000000000000
2026/08/28 09:34:34.784, 72, 96, 0, 2463, 2463, 48.36, P0, 0x0000000000000000
2026/08/28 09:34:34.884, 72, 96, 0, 2463, 2463, 48.36, P0, 0x0000000000000000
2026/08/28 09:34:34.985, 72, 96, 0, 2463, 2463, 48.36, P0, 0x0000000000000000
2026/08/28 09:34:35.085, 72, 96, 0, 2463, 2463, 48.34, P0, 0x0000000000000000
2026/08/28 09:34:35.185, 72, 96, 0, 2463, 2463, 48.34, P0, 0x0000000000000000
2026/08/28 09:34:35.285, 72, 96, 0, 2463, 2463, 48.34, P0, 0x0000000000000000
2026/08/28 09:34:35.385, 72, 96, 0, 2463, 2463, 48.34, P0, 0x0000000000000000
2026/08/28 09:34:35.486, 72, 96, 0, 2463, 2463, 48.34, P0, 0x0000000000000000
2026/08/28 09:34:35.586, 72, 96, 0, 2463, 2463, 48.38, P0, 0x0000000000000000
2026/08/28 09:34:35.686, 72, 96, 0, 2463, 2463, 48.38, P0, 0x0000000000000000
2026/08/28 09:34:35.786, 72, 96, 0, 2463, 2463, 48.38, P0, 0x0000000000000000
2026/08/28 09:34:35.887, 72, 96, 0, 2463, 2463, 48.38, P0, 0x0000000000000000
2026/08/28 09:34:35.987, 72, 96, 0, 2463, 2463, 48.38, P0, 0x0000000000000000
2026/08/28 09:34:36.087, 72, 96, 0, 2463, 2463, 48.57, P0, 0x0000000000000000
2026/08/28 09:34:36.187, 72, 96, 0, 2463, 2463, 48.57, P0, 0x0000000000000000
2026/08/28 09:34:36.288, 72, 96, 0, 2463, 2463, 48.57, P0, 0x0000000000000000
2026/08/28 09:34:36.388, 72, 96, 0, 2463, 2463, 48.57, P0, 0x0000000000000000
2026/08/28 09:34:36.488, 72, 96, 0, 2463, 2463, 48.57, P0, 0x0000000000000000
2026/08/28 09:34:36.588, 72, 96, 0, 2463, 2463, 48.56, P0, 0x0000000000000000
2026/08/28 09:34:36.688, 72, 96, 0, 2463, 2463, 48.56, P0, 0x0000000000000000
2026/08/28 09:34:36.788, 72, 96, 0, 2463, 2463, 48.56, P0, 0x0000000000000000
2026/08/28 09:34:36.889, 72, 96, 0, 2463, 2463, 48.56, P0, 0x0000000000000000
2026/08/28 09:34:36.989, 72, 96, 0, 2463, 2463, 48.56, P0, 0x0000000000000000
2026/08/28 09:34:37.089, 72, 96, 0, 2463, 2463, 48.54, P0, 0x0000000000000000
2026/08/28 09:34:37.189, 72, 96, 0, 2463, 2463, 48.54, P0, 0x0000000000000000
2026/08/28 09:34:37.289, 72, 96, 0, 2463, 2463, 48.54, P0, 0x0000000000000000
2026/08/28 09:34:37.390, 72, 96, 0, 2463, 2463, 48.54, P0, 0x0000000000000000
2026/08/28 09:34:37.490, 72, 96, 0, 2463, 2463, 48.54, P0, 0x0000000000000000
2026/08/28 09:34:37.590, 72, 96, 0, 2463, 2463, 48.47, P0, 0x0000000000000000
2026/08/28 09:34:37.691, 72, 96, 0, 2463, 2463, 48.47, P0, 0x0000000000000000
2026/08/28 09:34:37.791, 72, 96, 0, 2463, 2463, 48.47, P0, 0x0000000000000000
2026/08/28 09:34:37.891, 72, 96, 0, 2463, 2463, 48.47, P0, 0x0000000000000000
2026/08/28 09:34:37.991, 72, 96, 0, 2463, 2463, 48.47, P0, 0x0000000000000000
2026/08/28 09:34:38.092, 72, 96, 0, 2457, 2457, 48.43, P0, 0x0000000000000000
2026/08/28 09:34:38.192, 72, 96, 0, 2457, 2457, 48.43, P0, 0x0000000000000000
2026/08/28 09:34:38.292, 72, 96, 0, 2457, 2457, 48.43, P0, 0x0000000000000000
2026/08/28 09:34:38.392, 72, 96, 0, 2457, 2457, 48.43, P0, 0x0000000000000000
2026/08/28 09:34:38.492, 72, 96, 0, 2457, 2457, 48.43, P0, 0x0000000000000000
2026/08/28 09:34:38.593, 72, 96, 0, 2457, 2457, 48.48, P0, 0x0000000000000000
2026/08/28 09:34:38.693, 72, 96, 0, 2457, 2457, 48.48, P0, 0x0000000000000000
2026/08/28 09:34:38.793, 72, 96, 0, 2457, 2457, 48.48, P0, 0x0000000000000000
2026/08/28 09:34:38.893, 72, 96, 0, 2457, 2457, 48.48, P0, 0x0000000000000000
2026/08/28 09:34:38.994, 72, 96, 0, 2457, 2457, 48.48, P0, 0x0000000000000000
2026/08/28 09:34:39.094, 72, 96, 0, 2463, 2463, 48.38, P0, 0x0000000000000000
2026/08/28 09:34:39.194, 72, 96, 0, 2463, 2463, 48.38, P0, 0x0000000000000000
2026/08/28 09:34:39.294, 72, 96, 0, 2463, 2463, 48.38, P0, 0x0000000000000000
2026/08/28 09:34:39.395, 72, 96, 0, 2463, 2463, 48.38, P0, 0x0000000000000000
2026/08/28 09:34:39.495, 72, 96, 0, 2463, 2463, 48.38, P0, 0x0000000000000000
2026/08/28 09:34:39.595, 72, 96, 0, 2463, 2463, 48.35, P0, 0x0000000000000000
2026/08/28 09:34:39.695, 72, 96, 0, 2463, 2463, 48.35, P0, 0x0000000000000000
2026/08/28 09:34:39.796, 72, 96, 0, 2463, 2463, 48.35, P0, 0x0000000000000000
2026/08/28 09:34:39.896, 72, 96, 0, 2463, 2463, 48.35, P0, 0x0000000000000000
2026/08/28 09:34:39.996, 72, 96, 0, 2463, 2463, 48.35, P0, 0x0000000000000000
2026/08/28 09:34:40.096, 72, 96, 0, 2457, 2457, 48.37, P0, 0x0000000000000000
2026/08/28 09:34:40.197, 72, 96, 0, 2457, 2457, 48.37, P0, 0x0000000000000000
2026/08/28 09:34:40.297, 72, 96, 0, 2457, 2457, 48.37, P0, 0x0000000000000000
2026/08/28 09:34:40.397, 72, 96, 0, 2457, 2457, 48.37, P0, 0x0000000000000000
2026/08/28 09:34:40.498, 72, 96, 0, 2457, 2457, 48.37, P0, 0x0000000000000000
2026/08/28 09:34:40.598, 72, 96, 0, 2463, 2463, 48.42, P0, 0x0000000000000000
2026/08/28 09:34:40.698, 72, 96, 0, 2463, 2463, 48.42, P0, 0x0000000000000000
2026/08/28 09:34:40.798, 72, 96, 0, 2463, 2463, 48.42, P0, 0x0000000000000000
2026/08/28 09:34:40.898, 72, 96, 0, 2463, 2463, 48.42, P0, 0x0000000000000000
2026/08/28 09:34:40.999, 72, 96, 0, 2463, 2463, 48.42, P0, 0x0000000000000000
2026/08/28 09:34:41.099, 72, 96, 0, 2463, 2463, 48.45, P0, 0x0000000000000000
2026/08/28 09:34:41.199, 72, 96, 0, 2463, 2463, 48.45, P0, 0x0000000000000000
2026/08/28 09:34:41.299, 72, 96, 0, 2463, 2463, 48.45, P0, 0x0000000000000000
2026/08/28 09:34:41.399, 72, 96, 0, 2463, 2463, 48.45, P0, 0x0000000000000000
2026/08/28 09:34:41.500, 72, 96, 0, 2463, 2463, 48.45, P0, 0x0000000000000000
2026/08/28 09:34:41.600, 78, 96, 0, 2457, 2457, 53.76, P0, 0x0000000000000000
2026/08/28 09:34:41.700, 78, 96, 0, 2457, 2457, 53.76, P0, 0x0000000000000000
2026/08/28 09:34:41.800, 78, 96, 0, 2457, 2457, 53.76, P0, 0x0000000000000000
2026/08/28 09:34:41.900, 78, 96, 0, 2457, 2457, 53.76, P0, 0x0000000000000000
2026/08/28 09:34:42.000, 78, 96, 0, 2457, 2457, 53.76, P0, 0x0000000000000000
2026/08/28 09:34:42.101, 75, 96, 0, 2444, 2444, 67.50, P0, 0x0000000000000000
2026/08/28 09:34:42.201, 75, 96, 0, 2444, 2444, 67.50, P0, 0x0000000000000000
2026/08/28 09:34:42.301, 75, 96, 0, 2444, 2444, 67.50, P0, 0x0000000000000000
2026/08/28 09:34:42.401, 75, 96, 0, 2444, 2444, 67.50, P0, 0x0000000000000000
2026/08/28 09:34:42.501, 75, 96, 0, 2444, 2444, 67.50, P0, 0x0000000000000000
2026/08/28 09:34:42.602, 78, 96, 0, 2444, 2444, 77.95, P0, 0x0000000000000000
2026/08/28 09:34:42.702, 78, 96, 0, 2444, 2444, 77.95, P0, 0x0000000000000000
2026/08/28 09:34:42.802, 78, 96, 0, 2444, 2444, 77.95, P0, 0x0000000000000000
2026/08/28 09:34:42.902, 78, 96, 0, 2444, 2444, 77.95, P0, 0x0000000000000000
2026/08/28 09:34:43.002, 78, 96, 0, 2444, 2444, 77.95, P0, 0x0000000000000000
2026/08/28 09:34:43.102, 78, 96, 0, 2437, 2437, 79.37, P0, 0x0000000000000000
2026/08/28 09:34:43.203, 78, 96, 0, 2437, 2437, 79.37, P0, 0x0000000000000000
2026/08/28 09:34:43.303, 78, 96, 0, 2437, 2437, 79.37, P0, 0x0000000000000000
2026/08/28 09:34:43.403, 78, 96, 0, 2437, 2437, 79.37, P0, 0x0000000000000000
2026/08/28 09:34:43.503, 78, 96, 0, 2437, 2437, 79.37, P0, 0x0000000000000000
2026/08/28 09:34:43.603, 80, 96, 0, 2437, 2437, 79.27, P0, 0x0000000000000000
2026/08/28 09:34:43.703, 80, 96, 0, 2437, 2437, 79.27, P0, 0x0000000000000000
2026/08/28 09:34:43.804, 80, 96, 0, 2437, 2437, 79.27, P0, 0x0000000000000000
2026/08/28 09:34:43.904, 80, 96, 0, 2437, 2437, 79.27, P0, 0x0000000000000000
2026/08/28 09:34:44.004, 80, 96, 0, 2437, 2437, 79.27, P0, 0x0000000000000000
2026/08/28 09:34:44.104, 78, 96, 0, 2431, 2431, 80.44, P0, 0x0000000000000000
2026/08/28 09:34:44.204, 78, 96, 0, 2431, 2431, 80.44, P0, 0x0000000000000000
2026/08/28 09:34:44.305, 78, 96, 0, 2431, 2431, 80.44, P0, 0x0000000000000000
2026/08/28 09:34:44.405, 78, 96, 0, 2431, 2431, 80.44, P0, 0x0000000000000000
2026/08/28 09:34:44.505, 78, 96, 0, 2431, 2431, 80.44, P0, 0x0000000000000000
2026/08/28 09:34:44.605, 78, 96, 0, 2431, 2431, 80.62, P0, 0x0000000000000000
2026/08/28 09:34:44.705, 78, 96, 0, 2431, 2431, 80.62, P0, 0x0000000000000000
2026/08/28 09:34:44.806, 78, 96, 0, 2431, 2431, 80.62, P0, 0x0000000000000000
2026/08/28 09:34:44.906, 78, 96, 0, 2431, 2431, 80.62, P0, 0x0000000000000000
2026/08/28 09:34:45.006, 78, 96, 0, 2431, 2431, 80.62, P0, 0x0000000000000000
2026/08/28 09:34:45.106, 73, 96, 0, 2457, 2457, 67.80, P0, 0x0000000000000000
2026/08/28 09:34:45.207, 73, 96, 0, 2457, 2457, 67.80, P0, 0x0000000000000000
2026/08/28 09:34:45.307, 73, 96, 0, 2457, 2457, 67.80, P0, 0x0000000000000000
2026/08/28 09:34:45.407, 73, 96, 0, 2457, 2457, 67.80, P0, 0x0000000000000000
2026/08/28 09:34:45.507, 73, 96, 0, 2457, 2457, 67.80, P0, 0x0000000000000000
2026/08/28 09:34:45.607, 73, 96, 0, 2463, 2463, 52.31, P0, 0x0000000000000000
2026/08/28 09:34:45.708, 73, 96, 0, 2463, 2463, 52.31, P0, 0x0000000000000000
2026/08/28 09:34:45.808, 73, 96, 0, 2463, 2463, 52.31, P0, 0x0000000000000000
2026/08/28 09:34:45.908, 73, 96, 0, 2463, 2463, 52.31, P0, 0x0000000000000000
2026/08/28 09:34:46.008, 73, 96, 0, 2463, 2463, 52.31, P0, 0x0000000000000000
2026/08/28 09:34:46.109, 73, 96, 0, 2463, 2463, 48.84, P0, 0x0000000000000000
2026/08/28 09:34:46.209, 73, 96, 0, 2463, 2463, 48.84, P0, 0x0000000000000000
2026/08/28 09:34:46.309, 73, 96, 0, 2463, 2463, 48.84, P0, 0x0000000000000000
2026/08/28 09:34:46.409, 73, 96, 0, 2463, 2463, 48.84, P0, 0x0000000000000000
2026/08/28 09:34:46.510, 73, 96, 0, 2463, 2463, 48.84, P0, 0x0000000000000000
2026/08/28 09:34:46.610, 73, 96, 0, 2463, 2463, 48.82, P0, 0x0000000000000000
2026/08/28 09:34:46.710, 73, 96, 0, 2463, 2463, 48.82, P0, 0x0000000000000000
2026/08/28 09:34:46.810, 73, 96, 0, 2463, 2463, 48.82, P0, 0x0000000000000000
2026/08/28 09:34:46.910, 73, 96, 0, 2463, 2463, 48.82, P0, 0x0000000000000000
2026/08/28 09:34:47.011, 73, 96, 0, 2463, 2463, 48.82, P0, 0x0000000000000000
2026/08/28 09:34:47.111, 73, 96, 0, 2463, 2463, 48.80, P0, 0x0000000000000000
2026/08/28 09:34:47.211, 73, 96, 0, 2463, 2463, 48.80, P0, 0x0000000000000000
2026/08/28 09:34:47.311, 73, 96, 0, 2463, 2463, 48.80, P0, 0x0000000000000000
2026/08/28 09:34:47.412, 73, 96, 0, 2463, 2463, 48.80, P0, 0x0000000000000000
2026/08/28 09:34:47.512, 73, 96, 0, 2463, 2463, 48.80, P0, 0x0000000000000000
2026/08/28 09:34:47.612, 73, 96, 0, 2463, 2463, 48.73, P0, 0x0000000000000000
2026/08/28 09:34:47.712, 73, 96, 0, 2463, 2463, 48.73, P0, 0x0000000000000000
2026/08/28 09:34:47.812, 73, 96, 0, 2463, 2463, 48.73, P0, 0x0000000000000000
2026/08/28 09:34:47.913, 73, 96, 0, 2463, 2463, 48.73, P0, 0x0000000000000000
2026/08/28 09:34:48.013, 73, 96, 0, 2463, 2463, 48.73, P0, 0x0000000000000000
2026/08/28 09:34:48.113, 79, 94, 0, 2450, 2450, 59.38, P0, 0x0000000000000000
2026/08/28 09:34:48.213, 79, 94, 0, 2450, 2450, 59.38, P0, 0x0000000000000000
2026/08/28 09:34:48.313, 79, 94, 0, 2450, 2450, 59.38, P0, 0x0000000000000000
2026/08/28 09:34:48.414, 79, 94, 0, 2450, 2450, 59.38, P0, 0x0000000000000000
2026/08/28 09:34:48.514, 79, 94, 0, 2450, 2450, 59.38, P0, 0x0000000000000000
2026/08/28 09:34:48.614, 79, 94, 0, 2444, 2444, 74.32, P0, 0x0000000000000000
2026/08/28 09:34:48.714, 79, 94, 0, 2444, 2444, 74.32, P0, 0x0000000000000000
2026/08/28 09:34:48.814, 79, 94, 0, 2444, 2444, 74.32, P0, 0x0000000000000000
2026/08/28 09:34:48.914, 79, 94, 0, 2444, 2444, 74.32, P0, 0x0000000000000000
2026/08/28 09:34:49.015, 79, 94, 0, 2444, 2444, 74.32, P0, 0x0000000000000000
2026/08/28 09:34:49.115, 77, 94, 0, 2437, 2437, 78.53, P0, 0x0000000000000000
2026/08/28 09:34:49.215, 77, 94, 0, 2437, 2437, 78.53, P0, 0x0000000000000000
2026/08/28 09:34:49.315, 77, 94, 0, 2437, 2437, 78.53, P0, 0x0000000000000000
2026/08/28 09:34:49.415, 77, 94, 0, 2437, 2437, 78.53, P0, 0x0000000000000000
2026/08/28 09:34:49.515, 77, 94, 0, 2437, 2437, 78.53, P0, 0x0000000000000000
2026/08/28 09:34:49.615, 78, 94, 0, 2424, 2424, 79.15, P0, 0x0000000000000000
2026/08/28 09:34:49.716, 78, 94, 0, 2424, 2424, 79.15, P0, 0x0000000000000000
2026/08/28 09:34:49.816, 78, 94, 0, 2424, 2424, 79.15, P0, 0x0000000000000000
2026/08/28 09:34:49.916, 78, 94, 0, 2424, 2424, 79.15, P0, 0x0000000000000000
2026/08/28 09:34:50.016, 78, 94, 0, 2424, 2424, 79.15, P0, 0x0000000000000000
2026/08/28 09:34:50.116, 77, 96, 0, 2424, 2424, 79.10, P0, 0x0000000000000020
2026/08/28 09:34:50.217, 77, 96, 0, 2424, 2424, 79.10, P0, 0x0000000000000020
2026/08/28 09:34:50.317, 77, 96, 0, 2424, 2424, 79.10, P0, 0x0000000000000020
2026/08/28 09:34:50.417, 77, 96, 0, 2424, 2424, 79.10, P0, 0x0000000000000020
2026/08/28 09:34:50.517, 77, 96, 0, 2424, 2424, 79.10, P0, 0x0000000000000020
2026/08/28 09:34:50.617, 79, 96, 0, 2431, 2431, 78.92, P0, 0x0000000000000000
2026/08/28 09:34:50.718, 79, 96, 0, 2431, 2431, 78.92, P0, 0x0000000000000000
2026/08/28 09:34:50.818, 79, 96, 0, 2431, 2431, 78.92, P0, 0x0000000000000000
2026/08/28 09:34:50.918, 79, 96, 0, 2431, 2431, 78.92, P0, 0x0000000000000000
2026/08/28 09:34:51.018, 79, 96, 0, 2431, 2431, 78.92, P0, 0x0000000000000000
2026/08/28 09:34:51.118, 79, 96, 0, 2418, 2418, 78.69, P0, 0x0000000000000000
2026/08/28 09:34:51.218, 79, 96, 0, 2418, 2418, 78.69, P0, 0x0000000000000000
2026/08/28 09:34:51.318, 79, 96, 0, 2418, 2418, 78.69, P0, 0x0000000000000000
2026/08/28 09:34:51.419, 79, 96, 0, 2418, 2418, 78.69, P0, 0x0000000000000000
2026/08/28 09:34:51.519, 79, 96, 0, 2418, 2418, 78.69, P0, 0x0000000000000000
2026/08/28 09:34:51.619, 79, 96, 0, 2444, 2444, 77.92, P0, 0x0000000000000000
2026/08/28 09:34:51.719, 79, 96, 0, 2444, 2444, 77.92, P0, 0x0000000000000000
2026/08/28 09:34:51.819, 79, 96, 0, 2444, 2444, 77.92, P0, 0x0000000000000000
2026/08/28 09:34:51.920, 79, 96, 0, 2444, 2444, 77.92, P0, 0x0000000000000000
2026/08/28 09:34:52.020, 79, 96, 0, 2444, 2444, 77.92, P0, 0x0000000000000000
2026/08/28 09:34:52.121, 78, 96, 0, 2444, 2444, 79.01, P0, 0x0000000000000000
2026/08/28 09:34:52.221, 78, 96, 0, 2444, 2444, 79.01, P0, 0x0000000000000000
2026/08/28 09:34:52.321, 78, 96, 0, 2444, 2444, 79.01, P0, 0x0000000000000000
2026/08/28 09:34:52.421, 78, 96, 0, 2444, 2444, 79.01, P0, 0x0000000000000000
2026/08/28 09:34:52.521, 78, 96, 0, 2444, 2444, 79.01, P0, 0x0000000000000000
2026/08/28 09:34:52.621, 80, 96, 0, 2437, 2437, 79.70, P0, 0x0000000000000000
2026/08/28 09:34:52.722, 80, 96, 0, 2437, 2437, 79.70, P0, 0x0000000000000000
2026/08/28 09:34:52.822, 80, 96, 0, 2437, 2437, 79.70, P0, 0x0000000000000000
2026/08/28 09:34:52.922, 80, 96, 0, 2437, 2437, 79.70, P0, 0x0000000000000000
2026/08/28 09:34:53.022, 80, 96, 0, 2437, 2437, 79.70, P0, 0x0000000000000000
2026/08/28 09:34:53.122, 78, 96, 0, 2437, 2437, 78.91, P0, 0x0000000000000020
2026/08/28 09:34:53.223, 78, 96, 0, 2437, 2437, 78.91, P0, 0x0000000000000020
2026/08/28 09:34:53.323, 78, 96, 0, 2437, 2437, 78.91, P0, 0x0000000000000020
2026/08/28 09:34:53.423, 78, 96, 0, 2437, 2437, 78.91, P0, 0x0000000000000020
2026/08/28 09:34:53.523, 78, 96, 0, 2437, 2437, 78.91, P0, 0x0000000000000020
2026/08/28 09:34:53.623, 80, 96, 0, 2431, 2431, 79.22, P0, 0x0000000000000000
2026/08/28 09:34:53.723, 80, 96, 0, 2431, 2431, 79.22, P0, 0x0000000000000000
2026/08/28 09:34:53.824, 80, 96, 0, 2431, 2431, 79.22, P0, 0x0000000000000000
2026/08/28 09:34:53.924, 80, 96, 0, 2431, 2431, 79.22, P0, 0x0000000000000000
2026/08/28 09:34:54.024, 80, 96, 0, 2431, 2431, 79.22, P0, 0x0000000000000000
2026/08/28 09:34:54.124, 78, 96, 0, 2424, 2424, 80.65, P0, 0x0000000000000000
2026/08/28 09:34:54.224, 78, 96, 0, 2424, 2424, 80.65, P0, 0x0000000000000000
2026/08/28 09:34:54.324, 78, 96, 0, 2424, 2424, 80.65, P0, 0x0000000000000000
2026/08/28 09:34:54.425, 78, 96, 0, 2424, 2424, 80.65, P0, 0x0000000000000000
2026/08/28 09:34:54.525, 78, 96, 0, 2424, 2424, 80.65, P0, 0x0000000000000000
2026/08/28 09:34:54.625, 75, 96, 0, 2418, 2418, 73.26, P0, 0x0000000000000000
2026/08/28 09:34:54.726, 75, 96, 0, 2418, 2418, 73.26, P0, 0x0000000000000000
2026/08/28 09:34:54.826, 75, 96, 0, 2418, 2418, 73.26, P0, 0x0000000000000000
2026/08/28 09:34:54.926, 75, 96, 0, 2418, 2418, 73.26, P0, 0x0000000000000000
2026/08/28 09:34:55.026, 75, 96, 0, 2418, 2418, 73.26, P0, 0x0000000000000000
2026/08/28 09:34:55.127, 74, 96, 0, 2463, 2463, 58.15, P0, 0x0000000000000000
2026/08/28 09:34:55.227, 74, 96, 0, 2463, 2463, 58.15, P0, 0x0000000000000000
2026/08/28 09:34:55.327, 74, 96, 0, 2463, 2463, 58.15, P0, 0x0000000000000000
2026/08/28 09:34:55.427, 74, 96, 0, 2463, 2463, 58.15, P0, 0x0000000000000000
2026/08/28 09:34:55.527, 74, 96, 0, 2463, 2463, 58.15, P0, 0x0000000000000000
2026/08/28 09:34:55.628, 74, 96, 0, 2463, 2463, 49.25, P0, 0x0000000000000000
2026/08/28 09:34:55.728, 74, 96, 0, 2463, 2463, 49.25, P0, 0x0000000000000000
2026/08/28 09:34:55.828, 74, 96, 0, 2463, 2463, 49.25, P0, 0x0000000000000000
2026/08/28 09:34:55.928, 74, 96, 0, 2463, 2463, 49.25, P0, 0x0000000000000000
2026/08/28 09:34:56.028, 74, 96, 0, 2463, 2463, 49.25, P0, 0x0000000000000000
2026/08/28 09:34:56.128, 79, 96, 0, 2457, 2457, 56.96, P0, 0x0000000000000000
2026/08/28 09:34:56.229, 79, 96, 0, 2457, 2457, 56.96, P0, 0x0000000000000000
2026/08/28 09:34:56.329, 79, 96, 0, 2457, 2457, 56.96, P0, 0x0000000000000000
2026/08/28 09:34:56.429, 79, 96, 0, 2457, 2457, 56.96, P0, 0x0000000000000000
2026/08/28 09:34:56.529, 79, 96, 0, 2457, 2457, 56.96, P0, 0x0000000000000000
2026/08/28 09:34:56.629, 79, 96, 0, 2444, 2444, 71.07, P0, 0x0000000000000000
2026/08/28 09:34:56.730, 79, 96, 0, 2444, 2444, 71.07, P0, 0x0000000000000000
2026/08/28 09:34:56.830, 79, 96, 0, 2444, 2444, 71.07, P0, 0x0000000000000000
2026/08/28 09:34:56.930, 79, 96, 0, 2444, 2444, 71.07, P0, 0x0000000000000000
2026/08/28 09:34:57.030, 79, 96, 0, 2444, 2444, 71.07, P0, 0x0000000000000000
2026/08/28 09:34:57.131, 81, 96, 0, 2424, 2424, 78.35, P0, 0x0000000000000000
2026/08/28 09:34:57.231, 81, 96, 0, 2424, 2424, 78.35, P0, 0x0000000000000000
2026/08/28 09:34:57.331, 81, 96, 0, 2424, 2424, 78.35, P0, 0x0000000000000000
2026/08/28 09:34:57.431, 81, 96, 0, 2424, 2424, 78.35, P0, 0x0000000000000000
2026/08/28 09:34:57.531, 81, 96, 0, 2424, 2424, 78.35, P0, 0x0000000000000000
2026/08/28 09:34:57.632, 78, 96, 0, 2424, 2424, 79.18, P0, 0x0000000000000000
2026/08/28 09:34:57.732, 78, 96, 0, 2424, 2424, 79.18, P0, 0x0000000000000000
2026/08/28 09:34:57.832, 78, 96, 0, 2424, 2424, 79.18, P0, 0x0000000000000000
2026/08/28 09:34:57.932, 78, 96, 0, 2424, 2424, 79.18, P0, 0x0000000000000000
2026/08/28 09:34:58.032, 78, 96, 0, 2424, 2424, 79.18, P0, 0x0000000000000000
2026/08/28 09:34:58.133, 80, 96, 0, 2424, 2424, 79.93, P0, 0x0000000000000000
2026/08/28 09:34:58.233, 80, 96, 0, 2424, 2424, 79.93, P0, 0x0000000000000000
2026/08/28 09:34:58.333, 80, 96, 0, 2424, 2424, 79.93, P0, 0x0000000000000000
2026/08/28 09:34:58.433, 80, 96, 0, 2424, 2424, 79.93, P0, 0x0000000000000000
2026/08/28 09:34:58.533, 80, 96, 0, 2424, 2424, 79.93, P0, 0x0000000000000000
2026/08/28 09:34:58.634, 80, 96, 0, 2392, 2392, 80.18, P0, 0x0000000000000000
2026/08/28 09:34:58.734, 80, 96, 0, 2392, 2392, 80.18, P0, 0x0000000000000000
2026/08/28 09:34:58.834, 80, 96, 0, 2392, 2392, 80.18, P0, 0x0000000000000000
2026/08/28 09:34:58.934, 80, 96, 0, 2392, 2392, 80.18, P0, 0x0000000000000000
2026/08/28 09:34:59.034, 80, 96, 0, 2392, 2392, 80.18, P0, 0x0000000000000000
2026/08/28 09:34:59.134, 74, 75, 0, 2424, 2424, 77.30, P0, 0x0000000000000000
2026/08/28 09:34:59.234, 74, 75, 0, 2424, 2424, 77.30, P0, 0x0000000000000000
2026/08/28 09:34:59.335, 74, 75, 0, 2424, 2424, 77.30, P0, 0x0000000000000000
2026/08/28 09:34:59.435, 74, 75, 0, 2424, 2424, 77.30, P0, 0x0000000000000000
2026/08/28 09:34:59.535, 74, 75, 0, 2424, 2424, 77.30, P0, 0x0000000000000000
2026/08/28 09:34:59.636, 75, 75, 0, 2431, 2431, 71.37, P0, 0x0000000000000000
2026/08/28 09:34:59.736, 75, 75, 0, 2431, 2431, 71.37, P0, 0x0000000000000000
2026/08/28 09:34:59.836, 75, 75, 0, 2431, 2431, 71.37, P0, 0x0000000000000000
2026/08/28 09:34:59.936, 75, 75, 0, 2431, 2431, 71.37, P0, 0x0000000000000000
2026/08/28 09:35:00.036, 75, 75, 0, 2431, 2431, 71.37, P0, 0x0000000000000000
2026/08/28 09:35:00.137, 75, 96, 0, 2463, 2463, 57.92, P0, 0x0000000000000000
2026/08/28 09:35:00.237, 75, 96, 0, 2463, 2463, 57.92, P0, 0x0000000000000000
2026/08/28 09:35:00.337, 75, 96, 0, 2463, 2463, 57.92, P0, 0x0000000000000000
2026/08/28 09:35:00.437, 75, 96, 0, 2463, 2463, 57.92, P0, 0x0000000000000000
2026/08/28 09:35:00.537, 75, 96, 0, 2463, 2463, 57.92, P0, 0x0000000000000000
2026/08/28 09:35:00.638, 74, 96, 0, 2463, 2463, 49.49, P0, 0x0000000000000000
2026/08/28 09:35:00.738, 74, 96, 0, 2463, 2463, 49.49, P0, 0x0000000000000000
2026/08/28 09:35:00.838, 74, 96, 0, 2463, 2463, 49.49, P0, 0x0000000000000000
2026/08/28 09:35:00.938, 74, 96, 0, 2463, 2463, 49.49, P0, 0x0000000000000000
2026/08/28 09:35:01.038, 74, 96, 0, 2463, 2463, 49.49, P0, 0x0000000000000000
2026/08/28 09:35:01.139, 74, 96, 0, 2463, 2463, 49.47, P0, 0x0000000000000000
2026/08/28 09:35:01.239, 74, 96, 0, 2463, 2463, 49.47, P0, 0x0000000000000000
2026/08/28 09:35:01.339, 74, 96, 0, 2463, 2463, 49.47, P0, 0x0000000000000000
2026/08/28 09:35:01.440, 74, 96, 0, 2463, 2463, 49.47, P0, 0x0000000000000000
2026/08/28 09:35:01.540, 74, 96, 0, 2463, 2463, 49.47, P0, 0x0000000000000000
2026/08/28 09:35:01.640, 77, 96, 0, 2463, 2463, 50.26, P0, 0x0000000000000000
2026/08/28 09:35:01.740, 77, 96, 0, 2463, 2463, 50.26, P0, 0x0000000000000000
2026/08/28 09:35:01.841, 77, 96, 0, 2463, 2463, 50.26, P0, 0x0000000000000000
2026/08/28 09:35:01.941, 77, 96, 0, 2463, 2463, 50.26, P0, 0x0000000000000000
2026/08/28 09:35:02.041, 77, 96, 0, 2463, 2463, 50.26, P0, 0x0000000000000000
2026/08/28 09:35:02.141, 80, 96, 0, 2444, 2444, 64.43, P0, 0x0000000000000000
2026/08/28 09:35:02.241, 80, 96, 0, 2444, 2444, 64.43, P0, 0x0000000000000000
2026/08/28 09:35:02.341, 80, 96, 0, 2444, 2444, 64.43, P0, 0x0000000000000000
2026/08/28 09:35:02.441, 80, 96, 0, 2444, 2444, 64.43, P0, 0x0000000000000000
2026/08/28 09:35:02.542, 80, 96, 0, 2444, 2444, 64.43, P0, 0x0000000000000000
2026/08/28 09:35:02.642, 76, 96, 0, 2437, 2437, 78.27, P0, 0x0000000000000000
2026/08/28 09:35:02.742, 76, 96, 0, 2437, 2437, 78.27, P0, 0x0000000000000000
2026/08/28 09:35:02.842, 76, 96, 0, 2437, 2437, 78.27, P0, 0x0000000000000000
2026/08/28 09:35:02.942, 76, 96, 0, 2437, 2437, 78.27, P0, 0x0000000000000000
2026/08/28 09:35:03.042, 76, 96, 0, 2437, 2437, 78.27, P0, 0x0000000000000000
2026/08/28 09:35:03.142, 79, 96, 0, 2431, 2431, 79.19, P0, 0x0000000000000020
2026/08/28 09:35:03.243, 79, 96, 0, 2431, 2431, 79.19, P0, 0x0000000000000020
2026/08/28 09:35:03.343, 79, 96, 0, 2431, 2431, 79.19, P0, 0x0000000000000020
2026/08/28 09:35:03.443, 79, 96, 0, 2431, 2431, 79.19, P0, 0x0000000000000020
2026/08/28 09:35:03.543, 79, 96, 0, 2431, 2431, 79.19, P0, 0x0000000000000020
2026/08/28 09:35:03.643, 83, 96, 0, 2431, 2431, 79.80, P0, 0x0000000000000000
2026/08/28 09:35:03.743, 83, 96, 0, 2431, 2431, 79.80, P0, 0x0000000000000000
2026/08/28 09:35:03.844, 83, 96, 0, 2431, 2431, 79.80, P0, 0x0000000000000000
2026/08/28 09:35:03.944, 83, 96, 0, 2431, 2431, 79.80, P0, 0x0000000000000000
2026/08/28 09:35:04.044, 83, 96, 0, 2431, 2431, 79.80, P0, 0x0000000000000000
2026/08/28 09:35:04.144, 79, 76, 0, 2418, 2418, 76.64, P0, 0x0000000000000000
2026/08/28 09:35:04.244, 79, 76, 0, 2418, 2418, 76.64, P0, 0x0000000000000000
2026/08/28 09:35:04.345, 79, 76, 0, 2418, 2418, 76.64, P0, 0x0000000000000000
2026/08/28 09:35:04.445, 79, 76, 0, 2418, 2418, 76.64, P0, 0x0000000000000000
2026/08/28 09:35:04.545, 79, 76, 0, 2418, 2418, 76.64, P0, 0x0000000000000000
2026/08/28 09:35:04.645, 75, 76, 0, 2424, 2424, 67.09, P0, 0x0000000000000000
2026/08/28 09:35:04.745, 75, 76, 0, 2424, 2424, 67.09, P0, 0x0000000000000000
2026/08/28 09:35:04.846, 75, 76, 0, 2424, 2424, 67.09, P0, 0x0000000000000000
2026/08/28 09:35:04.946, 75, 76, 0, 2424, 2424, 67.09, P0, 0x0000000000000000
2026/08/28 09:35:05.046, 75, 76, 0, 2424, 2424, 67.09, P0, 0x0000000000000000
2026/08/28 09:35:05.146, 75, 96, 0, 2463, 2463, 55.01, P0, 0x0000000000000000
2026/08/28 09:35:05.247, 75, 96, 0, 2463, 2463, 55.01, P0, 0x0000000000000000
2026/08/28 09:35:05.347, 75, 96, 0, 2463, 2463, 55.01, P0, 0x0000000000000000
2026/08/28 09:35:05.447, 75, 96, 0, 2463, 2463, 55.01, P0, 0x0000000000000000
2026/08/28 09:35:05.547, 75, 96, 0, 2463, 2463, 55.01, P0, 0x0000000000000000
2026/08/28 09:35:05.648, 79, 96, 0, 2463, 2463, 51.19, P0, 0x0000000000000000
2026/08/28 09:35:05.748, 79, 96, 0, 2463, 2463, 51.19, P0, 0x0000000000000000
2026/08/28 09:35:05.848, 79, 96, 0, 2463, 2463, 51.19, P0, 0x0000000000000000
2026/08/28 09:35:05.948, 79, 96, 0, 2463, 2463, 51.19, P0, 0x0000000000000000
2026/08/28 09:35:06.048, 79, 96, 0, 2463, 2463, 51.19, P0, 0x0000000000000000
2026/08/28 09:35:06.148, 79, 96, 0, 2437, 2437, 65.60, P0, 0x0000000000000000
2026/08/28 09:35:06.248, 79, 96, 0, 2437, 2437, 65.60, P0, 0x0000000000000000
2026/08/28 09:35:06.349, 79, 96, 0, 2437, 2437, 65.60, P0, 0x0000000000000000
2026/08/28 09:35:06.449, 79, 96, 0, 2437, 2437, 65.60, P0, 0x0000000000000000
2026/08/28 09:35:06.549, 79, 96, 0, 2437, 2437, 65.60, P0, 0x0000000000000000
2026/08/28 09:35:06.649, 80, 96, 0, 2444, 2444, 78.51, P0, 0x0000000000000000
2026/08/28 09:35:06.749, 80, 96, 0, 2444, 2444, 78.51, P0, 0x0000000000000000
2026/08/28 09:35:06.849, 80, 96, 0, 2444, 2444, 78.51, P0, 0x0000000000000000
2026/08/28 09:35:06.950, 80, 96, 0, 2444, 2444, 78.51, P0, 0x0000000000000000
2026/08/28 09:35:07.050, 80, 96, 0, 2444, 2444, 78.51, P0, 0x0000000000000000
2026/08/28 09:35:07.150, 80, 96, 0, 2424, 2424, 76.58, P0, 0x0000000000000000
2026/08/28 09:35:07.250, 80, 96, 0, 2424, 2424, 76.58, P0, 0x0000000000000000
2026/08/28 09:35:07.350, 80, 96, 0, 2424, 2424, 76.58, P0, 0x0000000000000000
2026/08/28 09:35:07.451, 80, 96, 0, 2424, 2424, 76.58, P0, 0x0000000000000000
2026/08/28 09:35:07.551, 80, 96, 0, 2424, 2424, 76.58, P0, 0x0000000000000000
2026/08/28 09:35:07.651, 75, 96, 0, 2457, 2457, 65.48, P0, 0x0000000000000000
2026/08/28 09:35:07.751, 75, 96, 0, 2457, 2457, 65.48, P0, 0x0000000000000000
2026/08/28 09:35:07.852, 75, 96, 0, 2457, 2457, 65.48, P0, 0x0000000000000000
2026/08/28 09:35:07.952, 75, 96, 0, 2457, 2457, 65.48, P0, 0x0000000000000000
2026/08/28 09:35:08.052, 75, 96, 0, 2457, 2457, 65.48, P0, 0x0000000000000000
2026/08/28 09:35:08.152, 81, 96, 0, 2457, 2457, 60.28, P0, 0x0000000000000000
2026/08/28 09:35:08.252, 81, 96, 0, 2457, 2457, 60.28, P0, 0x0000000000000000
2026/08/28 09:35:08.352, 81, 96, 0, 2457, 2457, 60.28, P0, 0x0000000000000000
2026/08/28 09:35:08.453, 81, 96, 0, 2457, 2457, 60.28, P0, 0x0000000000000000
2026/08/28 09:35:08.553, 81, 96, 0, 2457, 2457, 60.28, P0, 0x0000000000000000
2026/08/28 09:35:08.653, 80, 96, 0, 2424, 2424, 69.51, P0, 0x0000000000000000
2026/08/28 09:35:08.753, 80, 96, 0, 2424, 2424, 69.51, P0, 0x0000000000000000
2026/08/28 09:35:08.853, 80, 96, 0, 2424, 2424, 69.51, P0, 0x0000000000000000
2026/08/28 09:35:08.954, 80, 96, 0, 2424, 2424, 69.51, P0, 0x0000000000000000
2026/08/28 09:35:09.054, 80, 96, 0, 2424, 2424, 69.51, P0, 0x0000000000000000
2026/08/28 09:35:09.154, 80, 96, 0, 2431, 2431, 78.49, P0, 0x0000000000000000
2026/08/28 09:35:09.254, 80, 96, 0, 2431, 2431, 78.49, P0, 0x0000000000000000
2026/08/28 09:35:09.354, 80, 96, 0, 2431, 2431, 78.49, P0, 0x0000000000000000
2026/08/28 09:35:09.455, 80, 96, 0, 2431, 2431, 78.49, P0, 0x0000000000000000
2026/08/28 09:35:09.555, 80, 96, 0, 2431, 2431, 78.49, P0, 0x0000000000000000
2026/08/28 09:35:09.655, 78, 96, 0, 2424, 2424, 79.22, P0, 0x0000000000000000
2026/08/28 09:35:09.755, 78, 96, 0, 2424, 2424, 79.22, P0, 0x0000000000000000
2026/08/28 09:35:09.856, 78, 96, 0, 2424, 2424, 79.22, P0, 0x0000000000000000
2026/08/28 09:35:09.956, 78, 96, 0, 2424, 2424, 79.22, P0, 0x0000000000000000
2026/08/28 09:35:10.056, 78, 96, 0, 2424, 2424, 79.22, P0, 0x0000000000000000
2026/08/28 09:35:10.156, 80, 96, 0, 2392, 2392, 77.07, P0, 0x0000000000000000
2026/08/28 09:35:10.256, 80, 96, 0, 2392, 2392, 77.07, P0, 0x0000000000000000
2026/08/28 09:35:10.357, 80, 96, 0, 2392, 2392, 77.07, P0, 0x0000000000000000
2026/08/28 09:35:10.457, 80, 96, 0, 2392, 2392, 77.07, P0, 0x0000000000000000
2026/08/28 09:35:10.557, 80, 96, 0, 2392, 2392, 77.07, P0, 0x0000000000000000
2026/08/28 09:35:10.657, 80, 96, 0, 2431, 2431, 78.11, P0, 0x0000000000000000
2026/08/28 09:35:10.757, 80, 96, 0, 2431, 2431, 78.11, P0, 0x0000000000000000
2026/08/28 09:35:10.857, 80, 96, 0, 2431, 2431, 78.11, P0, 0x0000000000000000
2026/08/28 09:35:10.957, 80, 96, 0, 2431, 2431, 78.11, P0, 0x0000000000000000
2026/08/28 09:35:11.058, 80, 96, 0, 2431, 2431, 78.11, P0, 0x0000000000000000
2026/08/28 09:35:11.158, 78, 96, 0, 2223, 2223, 76.80, P0, 0x0000000000000000
2026/08/28 09:35:11.258, 78, 96, 0, 2223, 2223, 76.80, P0, 0x0000000000000000
2026/08/28 09:35:11.358, 78, 96, 0, 2223, 2223, 76.80, P0, 0x0000000000000000
2026/08/28 09:35:11.458, 78, 96, 0, 2223, 2223, 76.80, P0, 0x0000000000000000
2026/08/28 09:35:11.558, 78, 96, 0, 2223, 2223, 76.80, P0, 0x0000000000000000
2026/08/28 09:35:11.659, 73, 96, 0, 2353, 2353, 72.36, P0, 0x0000000000000000
2026/08/28 09:35:11.759, 73, 96, 0, 2353, 2353, 72.36, P0, 0x0000000000000000
2026/08/28 09:35:11.859, 73, 96, 0, 2353, 2353, 72.36, P0, 0x0000000000000000
2026/08/28 09:35:11.960, 73, 96, 0, 2353, 2353, 72.36, P0, 0x0000000000000000
2026/08/28 09:35:12.060, 73, 96, 0, 2353, 2353, 72.36, P0, 0x0000000000000000
2026/08/28 09:35:12.161, 75, 96, 0, 2463, 2463, 60.55, P0, 0x0000000000000000
2026/08/28 09:35:12.261, 75, 96, 0, 2463, 2463, 60.55, P0, 0x0000000000000000
2026/08/28 09:35:12.361, 75, 96, 0, 2463, 2463, 60.55, P0, 0x0000000000000000
2026/08/28 09:35:12.461, 75, 96, 0, 2463, 2463, 60.55, P0, 0x0000000000000000
2026/08/28 09:35:12.561, 75, 96, 0, 2463, 2463, 60.55, P0, 0x0000000000000000
2026/08/28 09:35:12.662, 75, 96, 0, 2463, 2463, 50.67, P0, 0x0000000000000000
2026/08/28 09:35:12.762, 75, 96, 0, 2463, 2463, 50.67, P0, 0x0000000000000000
2026/08/28 09:35:12.862, 75, 96, 0, 2463, 2463, 50.67, P0, 0x0000000000000000
2026/08/28 09:35:12.962, 75, 96, 0, 2463, 2463, 50.67, P0, 0x0000000000000000
2026/08/28 09:35:13.063, 75, 96, 0, 2463, 2463, 50.67, P0, 0x0000000000000000
2026/08/28 09:35:13.163, 81, 96, 0, 2457, 2457, 57.10, P0, 0x0000000000000000
2026/08/28 09:35:13.263, 81, 96, 0, 2457, 2457, 57.10, P0, 0x0000000000000000
2026/08/28 09:35:13.363, 81, 96, 0, 2457, 2457, 57.10, P0, 0x0000000000000000
2026/08/28 09:35:13.463, 81, 96, 0, 2457, 2457, 57.10, P0, 0x0000000000000000
2026/08/28 09:35:13.563, 81, 96, 0, 2457, 2457, 57.10, P0, 0x0000000000000000
2026/08/28 09:35:13.664, 80, 96, 0, 2437, 2437, 70.96, P0, 0x0000000000000000
2026/08/28 09:35:13.764, 80, 96, 0, 2437, 2437, 70.96, P0, 0x0000000000000000
2026/08/28 09:35:13.864, 80, 96, 0, 2437, 2437, 70.96, P0, 0x0000000000000000
2026/08/28 09:35:13.964, 80, 96, 0, 2437, 2437, 70.96, P0, 0x0000000000000000
2026/08/28 09:35:14.064, 80, 96, 0, 2437, 2437, 70.96, P0, 0x0000000000000000
2026/08/28 09:35:14.164, 81, 96, 0, 2418, 2418, 78.93, P0, 0x0000000000000000
2026/08/28 09:35:14.265, 81, 96, 0, 2418, 2418, 78.93, P0, 0x0000000000000000
2026/08/28 09:35:14.365, 81, 96, 0, 2418, 2418, 78.93, P0, 0x0000000000000000
2026/08/28 09:35:14.465, 81, 96, 0, 2418, 2418, 78.93, P0, 0x0000000000000000
2026/08/28 09:35:14.565, 81, 96, 0, 2418, 2418, 78.93, P0, 0x0000000000000000
2026/08/28 09:35:14.665, 81, 96, 0, 2431, 2431, 79.47, P0, 0x0000000000000000
2026/08/28 09:35:14.766, 81, 96, 0, 2431, 2431, 79.47, P0, 0x0000000000000000
2026/08/28 09:35:14.866, 81, 96, 0, 2431, 2431, 79.47, P0, 0x0000000000000000
2026/08/28 09:35:14.966, 81, 96, 0, 2431, 2431, 79.47, P0, 0x0000000000000000
2026/08/28 09:35:15.066, 81, 96, 0, 2431, 2431, 79.47, P0, 0x0000000000000000
2026/08/28 09:35:15.166, 81, 96, 0, 2424, 2424, 79.27, P0, 0x0000000000000000
2026/08/28 09:35:15.267, 81, 96, 0, 2424, 2424, 79.27, P0, 0x0000000000000000
2026/08/28 09:35:15.367, 81, 96, 0, 2424, 2424, 79.27, P0, 0x0000000000000000
2026/08/28 09:35:15.467, 81, 96, 0, 2424, 2424, 79.27, P0, 0x0000000000000000
2026/08/28 09:35:15.567, 81, 96, 0, 2424, 2424, 79.27, P0, 0x0000000000000000
2026/08/28 09:35:15.668, 76, 96, 0, 2431, 2431, 72.14, P0, 0x0000000000000000
2026/08/28 09:35:15.768, 76, 96, 0, 2431, 2431, 72.14, P0, 0x0000000000000000
2026/08/28 09:35:15.868, 76, 96, 0, 2431, 2431, 72.14, P0, 0x0000000000000000
2026/08/28 09:35:15.968, 76, 96, 0, 2431, 2431, 72.14, P0, 0x0000000000000000
2026/08/28 09:35:16.068, 76, 96, 0, 2431, 2431, 72.14, P0, 0x0000000000000000
2026/08/28 09:35:16.169, 76, 96, 0, 2463, 2463, 58.00, P0, 0x0000000000000000
2026/08/28 09:35:16.269, 76, 96, 0, 2463, 2463, 58.00, P0, 0x0000000000000000
2026/08/28 09:35:16.369, 76, 96, 0, 2463, 2463, 58.00, P0, 0x0000000000000000
2026/08/28 09:35:16.469, 76, 96, 0, 2463, 2463, 58.00, P0, 0x0000000000000000
2026/08/28 09:35:16.570, 76, 96, 0, 2463, 2463, 58.00, P0, 0x0000000000000000
2026/08/28 09:35:16.670, 75, 96, 0, 2463, 2463, 49.85, P0, 0x0000000000000000
2026/08/28 09:35:16.770, 75, 96, 0, 2463, 2463, 49.85, P0, 0x0000000000000000
2026/08/28 09:35:16.870, 75, 96, 0, 2463, 2463, 49.85, P0, 0x0000000000000000
2026/08/28 09:35:16.970, 75, 96, 0, 2463, 2463, 49.85, P0, 0x0000000000000000
2026/08/28 09:35:17.071, 75, 96, 0, 2463, 2463, 49.85, P0, 0x0000000000000000
2026/08/28 09:35:17.171, 75, 96, 0, 2463, 2463, 49.85, P0, 0x0000000000000000
2026/08/28 09:35:17.271, 75, 96, 0, 2463, 2463, 49.85, P0, 0x0000000000000000
2026/08/28 09:35:17.371, 75, 96, 0, 2463, 2463, 49.85, P0, 0x0000000000000000
2026/08/28 09:35:17.472, 75, 96, 0, 2463, 2463, 49.85, P0, 0x0000000000000000
2026/08/28 09:35:17.572, 75, 96, 0, 2463, 2463, 49.85, P0, 0x0000000000000000
2026/08/28 09:35:17.672, 75, 96, 0, 2463, 2463, 49.64, P0, 0x0000000000000000
2026/08/28 09:35:17.772, 75, 96, 0, 2463, 2463, 49.64, P0, 0x0000000000000000
2026/08/28 09:35:17.873, 75, 96, 0, 2463, 2463, 49.64, P0, 0x0000000000000000
2026/08/28 09:35:17.973, 75, 96, 0, 2463, 2463, 49.64, P0, 0x0000000000000000
2026/08/28 09:35:18.073, 75, 96, 0, 2463, 2463, 49.64, P0, 0x0000000000000000
2026/08/28 09:35:18.174, 75, 96, 0, 2463, 2463, 49.58, P0, 0x0000000000000000
2026/08/28 09:35:18.274, 75, 96, 0, 2463, 2463, 49.58, P0, 0x0000000000000000
2026/08/28 09:35:18.374, 75, 96, 0, 2463, 2463, 49.58, P0, 0x0000000000000000
2026/08/28 09:35:18.475, 75, 96, 0, 2463, 2463, 49.58, P0, 0x0000000000000000
2026/08/28 09:35:18.575, 75, 96, 0, 2463, 2463, 49.58, P0, 0x0000000000000000
2026/08/28 09:35:18.675, 75, 96, 0, 2463, 2463, 49.76, P0, 0x0000000000000000
2026/08/28 09:35:18.776, 75, 96, 0, 2463, 2463, 49.76, P0, 0x0000000000000000
2026/08/28 09:35:18.876, 75, 96, 0, 2463, 2463, 49.76, P0, 0x0000000000000000
2026/08/28 09:35:18.976, 75, 96, 0, 2463, 2463, 49.76, P0, 0x0000000000000000
2026/08/28 09:35:19.076, 75, 96, 0, 2463, 2463, 49.76, P0, 0x0000000000000000
2026/08/28 09:35:19.177, 75, 96, 0, 2463, 2463, 49.70, P0, 0x0000000000000000
2026/08/28 09:35:19.277, 75, 96, 0, 2463, 2463, 49.70, P0, 0x0000000000000000
2026/08/28 09:35:19.377, 75, 96, 0, 2463, 2463, 49.70, P0, 0x0000000000000000
2026/08/28 09:35:19.477, 75, 96, 0, 2463, 2463, 49.70, P0, 0x0000000000000000
2026/08/28 09:35:19.577, 75, 96, 0, 2463, 2463, 49.70, P0, 0x0000000000000000
2026/08/28 09:35:19.678, 75, 96, 0, 2463, 2463, 50.02, P0, 0x0000000000000000
2026/08/28 09:35:19.778, 75, 96, 0, 2463, 2463, 50.02, P0, 0x0000000000000000
2026/08/28 09:35:19.878, 75, 96, 0, 2463, 2463, 50.02, P0, 0x0000000000000000
2026/08/28 09:35:19.978, 75, 96, 0, 2463, 2463, 50.02, P0, 0x0000000000000000
2026/08/28 09:35:20.079, 75, 96, 0, 2463, 2463, 50.02, P0, 0x0000000000000000
2026/08/28 09:35:20.179, 81, 96, 0, 2437, 2437, 64.61, P0, 0x0000000000000000
2026/08/28 09:35:20.279, 81, 96, 0, 2437, 2437, 64.61, P0, 0x0000000000000000
2026/08/28 09:35:20.380, 81, 96, 0, 2437, 2437, 64.61, P0, 0x0000000000000000
2026/08/28 09:35:20.480, 81, 96, 0, 2437, 2437, 64.61, P0, 0x0000000000000000
2026/08/28 09:35:20.580, 81, 96, 0, 2437, 2437, 64.61, P0, 0x0000000000000000
2026/08/28 09:35:20.680, 81, 96, 0, 2431, 2431, 78.70, P0, 0x0000000000000000
2026/08/28 09:35:20.780, 81, 96, 0, 2431, 2431, 78.70, P0, 0x0000000000000000
2026/08/28 09:35:20.880, 81, 96, 0, 2431, 2431, 78.70, P0, 0x0000000000000000
2026/08/28 09:35:20.981, 81, 96, 0, 2431, 2431, 78.70, P0, 0x0000000000000000
2026/08/28 09:35:21.081, 81, 96, 0, 2431, 2431, 78.70, P0, 0x0000000000000000
2026/08/28 09:35:21.181, 80, 96, 0, 2424, 2424, 78.56, P0, 0x0000000000000020
2026/08/28 09:35:21.281, 80, 96, 0, 2424, 2424, 78.56, P0, 0x0000000000000020
2026/08/28 09:35:21.381, 80, 96, 0, 2424, 2424, 78.56, P0, 0x0000000000000020
2026/08/28 09:35:21.482, 80, 96, 0, 2424, 2424, 78.56, P0, 0x0000000000000020
2026/08/28 09:35:21.582, 80, 96, 0, 2424, 2424, 78.56, P0, 0x0000000000000020
2026/08/28 09:35:21.682, 81, 96, 0, 2418, 2418, 79.56, P0, 0x0000000000000000
2026/08/28 09:35:21.782, 81, 96, 0, 2418, 2418, 79.56, P0, 0x0000000000000000
2026/08/28 09:35:21.882, 81, 96, 0, 2418, 2418, 79.56, P0, 0x0000000000000000
2026/08/28 09:35:21.983, 81, 96, 0, 2418, 2418, 79.56, P0, 0x0000000000000000
2026/08/28 09:35:22.083, 81, 96, 0, 2418, 2418, 79.56, P0, 0x0000000000000000
2026/08/28 09:35:22.183, 80, 73, 0, 2418, 2418, 79.03, P0, 0x0000000000000000
2026/08/28 09:35:22.283, 80, 73, 0, 2418, 2418, 79.03, P0, 0x0000000000000000
2026/08/28 09:35:22.383, 80, 73, 0, 2418, 2418, 79.03, P0, 0x0000000000000000
2026/08/28 09:35:22.483, 80, 73, 0, 2418, 2418, 79.03, P0, 0x0000000000000000
2026/08/28 09:35:22.584, 80, 73, 0, 2418, 2418, 79.03, P0, 0x0000000000000000
2026/08/28 09:35:22.684, 76, 73, 0, 2418, 2418, 67.71, P0, 0x0000000000000000
2026/08/28 09:35:22.784, 76, 73, 0, 2418, 2418, 67.71, P0, 0x0000000000000000
2026/08/28 09:35:22.885, 76, 73, 0, 2418, 2418, 67.71, P0, 0x0000000000000000
2026/08/28 09:35:22.985, 76, 73, 0, 2418, 2418, 67.71, P0, 0x0000000000000000
2026/08/28 09:35:23.085, 76, 73, 0, 2418, 2418, 67.71, P0, 0x0000000000000000
2026/08/28 09:35:23.185, 82, 96, 0, 2450, 2450, 62.71, P0, 0x0000000000000000
2026/08/28 09:35:23.285, 82, 96, 0, 2450, 2450, 62.71, P0, 0x0000000000000000
2026/08/28 09:35:23.386, 82, 96, 0, 2450, 2450, 62.71, P0, 0x0000000000000000
2026/08/28 09:35:23.486, 82, 96, 0, 2450, 2450, 62.71, P0, 0x0000000000000000
2026/08/28 09:35:23.586, 82, 96, 0, 2450, 2450, 62.71, P0, 0x0000000000000000
2026/08/28 09:35:23.686, 81, 96, 0, 2424, 2424, 72.44, P0, 0x0000000000000000
2026/08/28 09:35:23.786, 81, 96, 0, 2424, 2424, 72.44, P0, 0x0000000000000000
2026/08/28 09:35:23.887, 81, 96, 0, 2424, 2424, 72.44, P0, 0x0000000000000000
2026/08/28 09:35:23.987, 81, 96, 0, 2424, 2424, 72.44, P0, 0x0000000000000000
2026/08/28 09:35:24.087, 81, 96, 0, 2424, 2424, 72.44, P0, 0x0000000000000000
2026/08/28 09:35:24.187, 80, 96, 0, 2424, 2424, 79.18, P0, 0x0000000000000000
2026/08/28 09:35:24.287, 80, 96, 0, 2424, 2424, 79.18, P0, 0x0000000000000000
2026/08/28 09:35:24.388, 80, 96, 0, 2424, 2424, 79.18, P0, 0x0000000000000000
2026/08/28 09:35:24.488, 80, 96, 0, 2424, 2424, 79.18, P0, 0x0000000000000000
2026/08/28 09:35:24.588, 80, 96, 0, 2424, 2424, 79.18, P0, 0x0000000000000000
2026/08/28 09:35:24.688, 83, 96, 0, 2405, 2405, 78.60, P0, 0x0000000000000000
2026/08/28 09:35:24.788, 83, 96, 0, 2405, 2405, 78.60, P0, 0x0000000000000000
2026/08/28 09:35:24.888, 83, 96, 0, 2405, 2405, 78.60, P0, 0x0000000000000000
2026/08/28 09:35:24.989, 83, 96, 0, 2405, 2405, 78.60, P0, 0x0000000000000000
2026/08/28 09:35:25.089, 83, 96, 0, 2405, 2405, 78.60, P0, 0x0000000000000000
2026/08/28 09:35:25.189, 83, 96, 0, 2411, 2411, 75.40, P0, 0x0000000000000000
2026/08/28 09:35:25.289, 83, 96, 0, 2411, 2411, 75.40, P0, 0x0000000000000000
2026/08/28 09:35:25.389, 83, 96, 0, 2411, 2411, 75.40, P0, 0x0000000000000000
2026/08/28 09:35:25.490, 83, 96, 0, 2411, 2411, 75.40, P0, 0x0000000000000000
2026/08/28 09:35:25.590, 83, 96, 0, 2457, 2457, 75.40, P0, 0x0000000000000000
2026/08/28 09:35:25.690, 76, 96, 0, 2457, 2457, 62.90, P0, 0x0000000000000000
2026/08/28 09:35:25.790, 76, 96, 0, 2457, 2457, 62.90, P0, 0x0000000000000000
2026/08/28 09:35:25.890, 76, 96, 0, 2457, 2457, 62.90, P0, 0x0000000000000000
2026/08/28 09:35:25.991, 76, 96, 0, 2457, 2457, 62.90, P0, 0x0000000000000000
2026/08/28 09:35:26.091, 76, 96, 0, 2463, 2463, 62.90, P0, 0x0000000000000000
2026/08/28 09:35:26.191, 76, 96, 0, 2463, 2463, 51.00, P0, 0x0000000000000000
2026/08/28 09:35:26.291, 76, 96, 0, 2463, 2463, 51.00, P0, 0x0000000000000000
2026/08/28 09:35:26.392, 76, 96, 0, 2463, 2463, 51.00, P0, 0x0000000000000000
2026/08/28 09:35:26.492, 76, 96, 0, 2463, 2463, 51.00, P0, 0x0000000000000000
2026/08/28 09:35:26.592, 76, 96, 0, 2463, 2463, 49.99, P0, 0x0000000000000000
2026/08/28 09:35:26.692, 76, 96, 0, 2463, 2463, 49.99, P0, 0x0000000000000000
2026/08/28 09:35:26.792, 76, 96, 0, 2463, 2463, 49.99, P0, 0x0000000000000000
2026/08/28 09:35:26.893, 76, 96, 0, 2463, 2463, 49.99, P0, 0x0000000000000000
2026/08/28 09:35:26.993, 76, 96, 0, 2463, 2463, 49.99, P0, 0x0000000000000000
2026/08/28 09:35:27.093, 76, 96, 0, 2463, 2463, 49.87, P0, 0x0000000000000000
2026/08/28 09:35:27.193, 76, 96, 0, 2463, 2463, 49.87, P0, 0x0000000000000000
2026/08/28 09:35:27.293, 76, 96, 0, 2463, 2463, 49.87, P0, 0x0000000000000000
2026/08/28 09:35:27.394, 76, 96, 0, 2463, 2463, 49.87, P0, 0x0000000000000000
2026/08/28 09:35:27.494, 76, 96, 0, 2463, 2463, 49.87, P0, 0x0000000000000000
2026/08/28 09:35:27.594, 81, 96, 0, 2437, 2437, 62.03, P0, 0x0000000000000000
2026/08/28 09:35:27.694, 81, 96, 0, 2437, 2437, 62.03, P0, 0x0000000000000000
2026/08/28 09:35:27.794, 81, 96, 0, 2437, 2437, 62.03, P0, 0x0000000000000000
2026/08/28 09:35:27.894, 81, 96, 0, 2437, 2437, 62.03, P0, 0x0000000000000000
2026/08/28 09:35:27.994, 81, 96, 0, 2437, 2437, 62.03, P0, 0x0000000000000000
2026/08/28 09:35:28.095, 81, 96, 0, 2431, 2431, 77.08, P0, 0x0000000000000000
2026/08/28 09:35:28.195, 81, 96, 0, 2431, 2431, 77.08, P0, 0x0000000000000000
2026/08/28 09:35:28.295, 81, 96, 0, 2431, 2431, 77.08, P0, 0x0000000000000000
2026/08/28 09:35:28.395, 81, 96, 0, 2431, 2431, 77.08, P0, 0x0000000000000000
2026/08/28 09:35:28.496, 81, 96, 0, 2431, 2431, 77.08, P0, 0x0000000000000000
2026/08/28 09:35:28.596, 82, 96, 0, 2424, 2424, 79.44, P0, 0x0000000000000000
2026/08/28 09:35:28.696, 82, 96, 0, 2424, 2424, 79.44, P0, 0x0000000000000000
2026/08/28 09:35:28.796, 82, 96, 0, 2424, 2424, 79.44, P0, 0x0000000000000000
2026/08/28 09:35:28.896, 82, 96, 0, 2424, 2424, 79.44, P0, 0x0000000000000000
2026/08/28 09:35:28.997, 82, 96, 0, 2424, 2424, 79.44, P0, 0x0000000000000000
2026/08/28 09:35:29.097, 76, 96, 0, 2418, 2418, 73.53, P0, 0x0000000000000000
2026/08/28 09:35:29.197, 76, 96, 0, 2418, 2418, 73.53, P0, 0x0000000000000000
2026/08/28 09:35:29.297, 76, 96, 0, 2418, 2418, 73.53, P0, 0x0000000000000000
2026/08/28 09:35:29.398, 76, 96, 0, 2418, 2418, 73.53, P0, 0x0000000000000000
2026/08/28 09:35:29.498, 76, 96, 0, 2418, 2418, 73.53, P0, 0x0000000000000000
2026/08/28 09:35:29.598, 76, 96, 0, 2463, 2463, 58.50, P0, 0x0000000000000000
2026/08/28 09:35:29.698, 76, 96, 0, 2463, 2463, 58.50, P0, 0x0000000000000000
2026/08/28 09:35:29.799, 76, 96, 0, 2463, 2463, 58.50, P0, 0x0000000000000000
2026/08/28 09:35:29.899, 76, 96, 0, 2463, 2463, 58.50, P0, 0x0000000000000000
2026/08/28 09:35:29.999, 76, 96, 0, 2463, 2463, 58.50, P0, 0x0000000000000000
2026/08/28 09:35:30.099, 76, 96, 0, 2463, 2463, 50.01, P0, 0x0000000000000000
2026/08/28 09:35:30.200, 76, 96, 0, 2463, 2463, 50.01, P0, 0x0000000000000000
2026/08/28 09:35:30.300, 76, 96, 0, 2463, 2463, 50.01, P0, 0x0000000000000000
2026/08/28 09:35:30.400, 76, 96, 0, 2463, 2463, 50.01, P0, 0x0000000000000000
2026/08/28 09:35:30.500, 76, 96, 0, 2463, 2463, 50.01, P0, 0x0000000000000000
2026/08/28 09:35:30.600, 81, 96, 0, 2450, 2450, 58.63, P0, 0x0000000000000000
2026/08/28 09:35:30.701, 81, 96, 0, 2450, 2450, 58.63, P0, 0x0000000000000000
2026/08/28 09:35:30.801, 81, 96, 0, 2450, 2450, 58.63, P0, 0x0000000000000000
2026/08/28 09:35:30.901, 81, 96, 0, 2450, 2450, 58.63, P0, 0x0000000000000000
2026/08/28 09:35:31.001, 81, 96, 0, 2450, 2450, 58.63, P0, 0x0000000000000000
2026/08/28 09:35:31.101, 82, 96, 0, 2424, 2424, 72.80, P0, 0x0000000000000000
2026/08/28 09:35:31.201, 82, 96, 0, 2424, 2424, 72.80, P0, 0x0000000000000000
2026/08/28 09:35:31.301, 82, 96, 0, 2424, 2424, 72.80, P0, 0x0000000000000000
2026/08/28 09:35:31.402, 82, 96, 0, 2424, 2424, 72.80, P0, 0x0000000000000000
2026/08/28 09:35:31.502, 82, 96, 0, 2424, 2424, 72.80, P0, 0x0000000000000000
2026/08/28 09:35:31.602, 81, 96, 0, 2424, 2424, 79.45, P0, 0x0000000000000000
2026/08/28 09:35:31.702, 81, 96, 0, 2424, 2424, 79.45, P0, 0x0000000000000000
2026/08/28 09:35:31.802, 81, 96, 0, 2424, 2424, 79.45, P0, 0x0000000000000000
2026/08/28 09:35:31.903, 81, 96, 0, 2424, 2424, 79.45, P0, 0x0000000000000000
2026/08/28 09:35:32.003, 81, 96, 0, 2424, 2424, 79.45, P0, 0x0000000000000000
2026/08/28 09:35:32.103, 82, 94, 0, 2418, 2418, 78.78, P0, 0x0000000000000000
2026/08/28 09:35:32.203, 82, 94, 0, 2418, 2418, 78.78, P0, 0x0000000000000000
2026/08/28 09:35:32.303, 82, 94, 0, 2418, 2418, 78.78, P0, 0x0000000000000000
2026/08/28 09:35:32.403, 82, 94, 0, 2418, 2418, 78.78, P0, 0x0000000000000000
2026/08/28 09:35:32.504, 82, 94, 0, 2418, 2418, 78.78, P0, 0x0000000000000000
2026/08/28 09:35:32.604, 82, 94, 0, 2385, 2385, 78.30, P0, 0x0000000000000000
2026/08/28 09:35:32.704, 82, 94, 0, 2385, 2385, 78.30, P0, 0x0000000000000000
2026/08/28 09:35:32.804, 82, 94, 0, 2385, 2385, 78.30, P0, 0x0000000000000000
2026/08/28 09:35:32.904, 82, 94, 0, 2385, 2385, 78.30, P0, 0x0000000000000000
2026/08/28 09:35:33.004, 82, 94, 0, 2385, 2385, 78.30, P0, 0x0000000000000000
2026/08/28 09:35:33.105, 79, 96, 0, 2411, 2411, 75.60, P0, 0x0000000000000020
2026/08/28 09:35:33.205, 79, 96, 0, 2411, 2411, 75.60, P0, 0x0000000000000020
2026/08/28 09:35:33.305, 79, 96, 0, 2411, 2411, 75.60, P0, 0x0000000000000020
2026/08/28 09:35:33.405, 79, 96, 0, 2411, 2411, 75.60, P0, 0x0000000000000020
2026/08/28 09:35:33.505, 79, 96, 0, 2411, 2411, 75.60, P0, 0x0000000000000020
2026/08/28 09:35:33.606, 78, 96, 0, 2411, 2411, 74.62, P0, 0x0000000000000000
2026/08/28 09:35:33.706, 78, 96, 0, 2411, 2411, 74.62, P0, 0x0000000000000000
2026/08/28 09:35:33.806, 78, 96, 0, 2411, 2411, 74.62, P0, 0x0000000000000000
2026/08/28 09:35:33.906, 78, 96, 0, 2411, 2411, 74.62, P0, 0x0000000000000000
2026/08/28 09:35:34.006, 78, 96, 0, 2411, 2411, 74.62, P0, 0x0000000000000000
2026/08/28 09:35:34.106, 83, 81, 0, 2372, 2372, 75.26, P0, 0x0000000000000000
2026/08/28 09:35:34.207, 83, 81, 0, 2372, 2372, 75.26, P0, 0x0000000000000000
2026/08/28 09:35:34.307, 83, 81, 0, 2372, 2372, 75.26, P0, 0x0000000000000000
2026/08/28 09:35:34.407, 83, 81, 0, 2372, 2372, 75.26, P0, 0x0000000000000000
2026/08/28 09:35:34.508, 83, 81, 0, 2372, 2372, 75.26, P0, 0x0000000000000000
2026/08/28 09:35:34.608, 76, 81, 0, 2431, 2431, 66.77, P0, 0x0000000000000000
2026/08/28 09:35:34.708, 76, 81, 0, 2431, 2431, 66.77, P0, 0x0000000000000000
2026/08/28 09:35:34.808, 76, 81, 0, 2431, 2431, 66.77, P0, 0x0000000000000000
2026/08/28 09:35:34.909, 76, 81, 0, 2431, 2431, 66.77, P0, 0x0000000000000000
2026/08/28 09:35:35.009, 76, 81, 0, 2431, 2431, 66.77, P0, 0x0000000000000000
2026/08/28 09:35:35.109, 82, 96, 0, 2450, 2450, 63.56, P0, 0x0000000000000000
2026/08/28 09:35:35.209, 82, 96, 0, 2450, 2450, 63.56, P0, 0x0000000000000000
2026/08/28 09:35:35.309, 82, 96, 0, 2450, 2450, 63.56, P0, 0x0000000000000000
2026/08/28 09:35:35.410, 82, 96, 0, 2450, 2450, 63.56, P0, 0x0000000000000000
2026/08/28 09:35:35.510, 82, 96, 0, 2450, 2450, 63.56, P0, 0x0000000000000000
2026/08/28 09:35:35.610, 81, 96, 0, 2424, 2424, 72.54, P0, 0x0000000000000000
2026/08/28 09:35:35.710, 81, 96, 0, 2424, 2424, 72.54, P0, 0x0000000000000000
2026/08/28 09:35:35.810, 81, 96, 0, 2424, 2424, 72.54, P0, 0x0000000000000000
2026/08/28 09:35:35.910, 81, 96, 0, 2424, 2424, 72.54, P0, 0x0000000000000000
2026/08/28 09:35:36.011, 81, 96, 0, 2424, 2424, 72.54, P0, 0x0000000000000000
2026/08/28 09:35:36.111, 81, 96, 0, 2424, 2424, 79.51, P0, 0x0000000000000000
2026/08/28 09:35:36.211, 81, 96, 0, 2424, 2424, 79.51, P0, 0x0000000000000000
2026/08/28 09:35:36.311, 81, 96, 0, 2424, 2424, 79.51, P0, 0x0000000000000000
2026/08/28 09:35:36.411, 81, 96, 0, 2424, 2424, 79.51, P0, 0x0000000000000000
2026/08/28 09:35:36.511, 81, 96, 0, 2424, 2424, 79.51, P0, 0x0000000000000000
2026/08/28 09:35:36.612, 81, 96, 0, 2411, 2411, 79.46, P0, 0x0000000000000000
2026/08/28 09:35:36.712, 81, 96, 0, 2411, 2411, 79.46, P0, 0x0000000000000000
2026/08/28 09:35:36.812, 81, 96, 0, 2411, 2411, 79.46, P0, 0x0000000000000000
2026/08/28 09:35:36.912, 81, 96, 0, 2411, 2411, 79.46, P0, 0x0000000000000000
2026/08/28 09:35:37.012, 81, 96, 0, 2411, 2411, 79.46, P0, 0x0000000000000000
2026/08/28 09:35:37.112, 80, 96, 0, 2379, 2379, 77.74, P0, 0x0000000000000000
2026/08/28 09:35:37.213, 80, 96, 0, 2379, 2379, 77.74, P0, 0x0000000000000000
2026/08/28 09:35:37.313, 80, 96, 0, 2379, 2379, 77.74, P0, 0x0000000000000000
2026/08/28 09:35:37.413, 80, 96, 0, 2379, 2379, 77.74, P0, 0x0000000000000000
2026/08/28 09:35:37.513, 80, 96, 0, 2379, 2379, 77.74, P0, 0x0000000000000000
2026/08/28 09:35:37.613, 81, 96, 0, 2418, 2418, 79.07, P0, 0x0000000000000000
2026/08/28 09:35:37.713, 81, 96, 0, 2418, 2418, 79.07, P0, 0x0000000000000000
2026/08/28 09:35:37.814, 81, 96, 0, 2418, 2418, 79.07, P0, 0x0000000000000000
2026/08/28 09:35:37.914, 81, 96, 0, 2418, 2418, 79.07, P0, 0x0000000000000000
2026/08/28 09:35:38.014, 81, 96, 0, 2418, 2418, 79.07, P0, 0x0000000000000000
2026/08/28 09:35:38.114, 76, 96, 0, 2405, 2405, 74.46, P0, 0x0000000000000020
2026/08/28 09:35:38.214, 76, 96, 0, 2405, 2405, 74.46, P0, 0x0000000000000020
2026/08/28 09:35:38.315, 76, 96, 0, 2405, 2405, 74.46, P0, 0x0000000000000020
2026/08/28 09:35:38.415, 76, 96, 0, 2405, 2405, 74.46, P0, 0x0000000000000020
2026/08/28 09:35:38.515, 76, 96, 0, 2405, 2405, 74.46, P0, 0x0000000000000020
2026/08/28 09:35:38.615, 77, 96, 0, 2424, 2424, 66.76, P0, 0x0000000000000000
2026/08/28 09:35:38.715, 77, 96, 0, 2424, 2424, 66.76, P0, 0x0000000000000000
2026/08/28 09:35:38.816, 77, 96, 0, 2424, 2424, 66.76, P0, 0x0000000000000000
2026/08/28 09:35:38.916, 77, 96, 0, 2424, 2424, 66.76, P0, 0x0000000000000000
2026/08/28 09:35:39.016, 77, 96, 0, 2424, 2424, 66.76, P0, 0x0000000000000000
2026/08/28 09:35:39.116, 77, 96, 0, 2463, 2463, 57.90, P0, 0x0000000000000000
2026/08/28 09:35:39.217, 77, 96, 0, 2463, 2463, 57.90, P0, 0x0000000000000000
2026/08/28 09:35:39.317, 77, 96, 0, 2463, 2463, 57.90, P0, 0x0000000000000000
2026/08/28 09:35:39.417, 77, 96, 0, 2463, 2463, 57.90, P0, 0x0000000000000000
2026/08/28 09:35:39.517, 77, 96, 0, 2463, 2463, 57.90, P0, 0x0000000000000000
2026/08/28 09:35:39.618, 77, 96, 0, 2463, 2463, 50.26, P0, 0x0000000000000000
2026/08/28 09:35:39.718, 77, 96, 0, 2463, 2463, 50.26, P0, 0x0000000000000000
2026/08/28 09:35:39.818, 77, 96, 0, 2463, 2463, 50.26, P0, 0x0000000000000000
2026/08/28 09:35:39.918, 77, 96, 0, 2463, 2463, 50.26, P0, 0x0000000000000000
2026/08/28 09:35:40.019, 77, 96, 0, 2463, 2463, 50.26, P0, 0x0000000000000000
2026/08/28 09:35:40.119, 76, 96, 0, 2463, 2463, 50.29, P0, 0x0000000000000000
2026/08/28 09:35:40.219, 76, 96, 0, 2463, 2463, 50.29, P0, 0x0000000000000000
2026/08/28 09:35:40.320, 76, 96, 0, 2463, 2463, 50.29, P0, 0x0000000000000000
2026/08/28 09:35:40.420, 76, 96, 0, 2463, 2463, 50.29, P0, 0x0000000000000000
2026/08/28 09:35:40.520, 76, 96, 0, 2463, 2463, 50.29, P0, 0x0000000000000000
2026/08/28 09:35:40.620, 76, 96, 0, 2463, 2463, 50.26, P0, 0x0000000000000000
2026/08/28 09:35:40.721, 76, 96, 0, 2463, 2463, 50.26, P0, 0x0000000000000000
2026/08/28 09:35:40.821, 76, 96, 0, 2463, 2463, 50.26, P0, 0x0000000000000000
2026/08/28 09:35:40.921, 76, 96, 0, 2463, 2463, 50.26, P0, 0x0000000000000000
2026/08/28 09:35:41.021, 76, 96, 0, 2463, 2463, 50.26, P0, 0x0000000000000000
2026/08/28 09:35:41.121, 76, 96, 0, 2463, 2463, 50.21, P0, 0x0000000000000000
2026/08/28 09:35:41.222, 76, 96, 0, 2463, 2463, 50.21, P0, 0x0000000000000000
2026/08/28 09:35:41.322, 76, 96, 0, 2463, 2463, 50.21, P0, 0x0000000000000000
2026/08/28 09:35:41.422, 76, 96, 0, 2463, 2463, 50.21, P0, 0x0000000000000000
2026/08/28 09:35:41.522, 76, 96, 0, 2463, 2463, 50.21, P0, 0x0000000000000000
2026/08/28 09:35:41.622, 76, 96, 0, 2463, 2463, 50.20, P0, 0x0000000000000000
2026/08/28 09:35:41.723, 76, 96, 0, 2463, 2463, 50.20, P0, 0x0000000000000000
2026/08/28 09:35:41.823, 76, 96, 0, 2463, 2463, 50.20, P0, 0x0000000000000000
2026/08/28 09:35:41.923, 76, 96, 0, 2463, 2463, 50.20, P0, 0x0000000000000000
2026/08/28 09:35:42.024, 76, 96, 0, 2463, 2463, 50.20, P0, 0x0000000000000000
2026/08/28 09:35:42.124, 76, 96, 0, 2463, 2463, 50.09, P0, 0x0000000000000000
2026/08/28 09:35:42.224, 76, 96, 0, 2463, 2463, 50.09, P0, 0x0000000000000000
2026/08/28 09:35:42.324, 76, 96, 0, 2463, 2463, 50.09, P0, 0x0000000000000000
2026/08/28 09:35:42.425, 76, 96, 0, 2463, 2463, 50.09, P0, 0x0000000000000000
2026/08/28 09:35:42.525, 76, 96, 0, 2463, 2463, 50.09, P0, 0x0000000000000000
2026/08/28 09:35:42.625, 76, 96, 0, 2463, 2463, 49.99, P0, 0x0000000000000000
2026/08/28 09:35:42.725, 76, 96, 0, 2463, 2463, 49.99, P0, 0x0000000000000000
2026/08/28 09:35:42.826, 76, 96, 0, 2463, 2463, 49.99, P0, 0x0000000000000000
2026/08/28 09:35:42.926, 76, 96, 0, 2463, 2463, 49.99, P0, 0x0000000000000000
2026/08/28 09:35:43.026, 76, 96, 0, 2463, 2463, 49.99, P0, 0x0000000000000000
2026/08/28 09:35:43.126, 81, 96, 0, 2457, 2457, 56.33, P0, 0x0000000000000000
2026/08/28 09:35:43.227, 81, 96, 0, 2457, 2457, 56.33, P0, 0x0000000000000000
2026/08/28 09:35:43.327, 81, 96, 0, 2457, 2457, 56.33, P0, 0x0000000000000000
2026/08/28 09:35:43.427, 81, 96, 0, 2457, 2457, 56.33, P0, 0x0000000000000000
2026/08/28 09:35:43.527, 81, 96, 0, 2457, 2457, 56.33, P0, 0x0000000000000000
2026/08/28 09:35:43.627, 80, 96, 0, 2431, 2431, 70.23, P0, 0x0000000000000000
2026/08/28 09:35:43.728, 80, 96, 0, 2431, 2431, 70.23, P0, 0x0000000000000000
2026/08/28 09:35:43.828, 80, 96, 0, 2431, 2431, 70.23, P0, 0x0000000000000000
2026/08/28 09:35:43.928, 80, 96, 0, 2431, 2431, 70.23, P0, 0x0000000000000000
2026/08/28 09:35:44.028, 80, 96, 0, 2431, 2431, 70.23, P0, 0x0000000000000000
2026/08/28 09:35:44.128, 82, 96, 0, 2418, 2418, 79.62, P0, 0x0000000000000000
2026/08/28 09:35:44.229, 82, 96, 0, 2418, 2418, 79.62, P0, 0x0000000000000000
2026/08/28 09:35:44.329, 82, 96, 0, 2418, 2418, 79.62, P0, 0x0000000000000000
2026/08/28 09:35:44.429, 82, 96, 0, 2418, 2418, 79.62, P0, 0x0000000000000000
2026/08/28 09:35:44.529, 82, 96, 0, 2418, 2418, 79.62, P0, 0x0000000000000000
2026/08/28 09:35:44.629, 80, 96, 0, 2424, 2424, 79.87, P0, 0x0000000000000000
2026/08/28 09:35:44.729, 80, 96, 0, 2424, 2424, 79.87, P0, 0x0000000000000000
2026/08/28 09:35:44.829, 80, 96, 0, 2424, 2424, 79.87, P0, 0x0000000000000000
2026/08/28 09:35:44.930, 80, 96, 0, 2424, 2424, 79.87, P0, 0x0000000000000000
2026/08/28 09:35:45.030, 80, 96, 0, 2424, 2424, 79.87, P0, 0x0000000000000000
2026/08/28 09:35:45.130, 81, 94, 0, 2379, 2379, 76.95, P0, 0x0000000000000000
2026/08/28 09:35:45.230, 81, 94, 0, 2379, 2379, 76.95, P0, 0x0000000000000000
2026/08/28 09:35:45.330, 81, 94, 0, 2379, 2379, 76.95, P0, 0x0000000000000000
2026/08/28 09:35:45.431, 81, 94, 0, 2379, 2379, 76.95, P0, 0x0000000000000000
2026/08/28 09:35:45.531, 81, 94, 0, 2379, 2379, 76.95, P0, 0x0000000000000000
2026/08/28 09:35:45.631, 82, 94, 0, 2424, 2424, 77.11, P0, 0x0000000000000000
2026/08/28 09:35:45.731, 82, 94, 0, 2424, 2424, 77.11, P0, 0x0000000000000000
2026/08/28 09:35:45.831, 82, 94, 0, 2424, 2424, 77.11, P0, 0x0000000000000000
2026/08/28 09:35:45.931, 82, 94, 0, 2424, 2424, 77.11, P0, 0x0000000000000000
2026/08/28 09:35:46.032, 82, 94, 0, 2424, 2424, 77.11, P0, 0x0000000000000000
2026/08/28 09:35:46.132, 78, 96, 0, 2405, 2405, 75.59, P0, 0x0000000000000000
2026/08/28 09:35:46.232, 78, 96, 0, 2405, 2405, 75.59, P0, 0x0000000000000000
2026/08/28 09:35:46.332, 78, 96, 0, 2405, 2405, 75.59, P0, 0x0000000000000000
2026/08/28 09:35:46.432, 78, 96, 0, 2405, 2405, 75.59, P0, 0x0000000000000000
2026/08/28 09:35:46.533, 78, 96, 0, 2405, 2405, 75.59, P0, 0x0000000000000000
2026/08/28 09:35:46.633, 77, 96, 0, 2457, 2457, 60.96, P0, 0x0000000000000000
2026/08/28 09:35:46.733, 77, 96, 0, 2457, 2457, 60.96, P0, 0x0000000000000000
2026/08/28 09:35:46.833, 77, 96, 0, 2457, 2457, 60.96, P0, 0x0000000000000000
2026/08/28 09:35:46.933, 77, 96, 0, 2457, 2457, 60.96, P0, 0x0000000000000000
2026/08/28 09:35:47.034, 77, 96, 0, 2457, 2457, 60.96, P0, 0x0000000000000000
2026/08/28 09:35:47.134, 77, 96, 0, 2463, 2463, 50.14, P0, 0x0000000000000000
2026/08/28 09:35:47.234, 77, 96, 0, 2463, 2463, 50.14, P0, 0x0000000000000000
2026/08/28 09:35:47.335, 77, 96, 0, 2463, 2463, 50.14, P0, 0x0000000000000000
2026/08/28 09:35:47.435, 77, 96, 0, 2463, 2463, 50.14, P0, 0x0000000000000000
2026/08/28 09:35:47.535, 77, 96, 0, 2463, 2463, 50.14, P0, 0x0000000000000000
2026/08/28 09:35:47.635, 77, 96, 0, 2463, 2463, 50.34, P0, 0x0000000000000000
2026/08/28 09:35:47.736, 77, 96, 0, 2463, 2463, 50.34, P0, 0x0000000000000000
2026/08/28 09:35:47.836, 77, 96, 0, 2463, 2463, 50.34, P0, 0x0000000000000000
2026/08/28 09:35:47.936, 77, 96, 0, 2463, 2463, 50.34, P0, 0x0000000000000000
2026/08/28 09:35:48.037, 77, 96, 0, 2463, 2463, 50.34, P0, 0x0000000000000000
2026/08/28 09:35:48.137, 76, 96, 0, 2463, 2463, 50.25, P0, 0x0000000000000000
2026/08/28 09:35:48.237, 76, 96, 0, 2463, 2463, 50.25, P0, 0x0000000000000000
2026/08/28 09:35:48.337, 76, 96, 0, 2463, 2463, 50.25, P0, 0x0000000000000000
2026/08/28 09:35:48.437, 76, 96, 0, 2463, 2463, 50.25, P0, 0x0000000000000000
2026/08/28 09:35:48.538, 76, 96, 0, 2463, 2463, 50.25, P0, 0x0000000000000000
2026/08/28 09:35:48.638, 81, 96, 0, 2463, 2463, 56.11, P0, 0x0000000000000000
2026/08/28 09:35:48.738, 81, 96, 0, 2463, 2463, 56.11, P0, 0x0000000000000000
2026/08/28 09:35:48.838, 81, 96, 0, 2463, 2463, 56.11, P0, 0x0000000000000000
2026/08/28 09:35:48.938, 81, 96, 0, 2463, 2463, 56.11, P0, 0x0000000000000000
2026/08/28 09:35:49.038, 81, 96, 0, 2463, 2463, 56.11, P0, 0x0000000000000000
2026/08/28 09:35:49.139, 80, 96, 0, 2431, 2431, 69.80, P0, 0x0000000000000000
2026/08/28 09:35:49.239, 80, 96, 0, 2431, 2431, 69.80, P0, 0x0000000000000000
2026/08/28 09:35:49.339, 80, 96, 0, 2431, 2431, 69.80, P0, 0x0000000000000000
2026/08/28 09:35:49.439, 80, 96, 0, 2431, 2431, 69.80, P0, 0x0000000000000000
2026/08/28 09:35:49.539, 80, 96, 0, 2431, 2431, 69.80, P0, 0x0000000000000000
2026/08/28 09:35:49.639, 83, 96, 0, 2424, 2424, 79.56, P0, 0x0000000000000000
2026/08/28 09:35:49.739, 83, 96, 0, 2424, 2424, 79.56, P0, 0x0000000000000000
2026/08/28 09:35:49.840, 83, 96, 0, 2424, 2424, 79.56, P0, 0x0000000000000000
2026/08/28 09:35:49.940, 83, 96, 0, 2424, 2424, 79.56, P0, 0x0000000000000000
2026/08/28 09:35:50.040, 83, 96, 0, 2424, 2424, 79.56, P0, 0x0000000000000000
2026/08/28 09:35:50.140, 82, 96, 0, 2424, 2424, 81.16, P0, 0x0000000000000000
2026/08/28 09:35:50.240, 82, 96, 0, 2424, 2424, 81.16, P0, 0x0000000000000000
2026/08/28 09:35:50.341, 82, 96, 0, 2424, 2424, 81.16, P0, 0x0000000000000000
2026/08/28 09:35:50.441, 82, 96, 0, 2424, 2424, 81.16, P0, 0x0000000000000000
2026/08/28 09:35:50.541, 82, 96, 0, 2424, 2424, 81.16, P0, 0x0000000000000000
2026/08/28 09:35:50.641, 82, 96, 0, 2392, 2392, 77.48, P0, 0x0000000000000000
2026/08/28 09:35:50.741, 82, 96, 0, 2392, 2392, 77.48, P0, 0x0000000000000000
2026/08/28 09:35:50.841, 82, 96, 0, 2392, 2392, 77.48, P0, 0x0000000000000000
2026/08/28 09:35:50.941, 82, 96, 0, 2392, 2392, 77.48, P0, 0x0000000000000000
2026/08/28 09:35:51.042, 82, 96, 0, 2392, 2392, 77.48, P0, 0x0000000000000000
2026/08/28 09:35:51.142, 77, 96, 0, 2424, 2424, 68.31, P0, 0x0000000000000000
2026/08/28 09:35:51.242, 77, 96, 0, 2424, 2424, 68.31, P0, 0x0000000000000000
2026/08/28 09:35:51.342, 77, 96, 0, 2424, 2424, 68.31, P0, 0x0000000000000000
2026/08/28 09:35:51.443, 77, 96, 0, 2424, 2424, 68.31, P0, 0x0000000000000000
2026/08/28 09:35:51.543, 77, 96, 0, 2424, 2424, 68.31, P0, 0x0000000000000000
2026/08/28 09:35:51.643, 77, 96, 0, 2463, 2463, 57.13, P0, 0x0000000000000000
2026/08/28 09:35:51.743, 77, 96, 0, 2463, 2463, 57.13, P0, 0x0000000000000000
2026/08/28 09:35:51.844, 77, 96, 0, 2463, 2463, 57.13, P0, 0x0000000000000000
2026/08/28 09:35:51.944, 77, 96, 0, 2463, 2463, 57.13, P0, 0x0000000000000000
2026/08/28 09:35:52.044, 77, 96, 0, 2463, 2463, 57.13, P0, 0x0000000000000000
2026/08/28 09:35:52.144, 77, 96, 0, 2463, 2463, 50.44, P0, 0x0000000000000000
2026/08/28 09:35:52.244, 77, 96, 0, 2463, 2463, 50.44, P0, 0x0000000000000000
2026/08/28 09:35:52.345, 77, 96, 0, 2463, 2463, 50.44, P0, 0x0000000000000000
2026/08/28 09:35:52.445, 77, 96, 0, 2463, 2463, 50.44, P0, 0x0000000000000000
2026/08/28 09:35:52.545, 77, 96, 0, 2463, 2463, 50.44, P0, 0x0000000000000000
2026/08/28 09:35:52.646, 77, 96, 0, 2463, 2463, 50.31, P0, 0x0000000000000000
2026/08/28 09:35:52.746, 77, 96, 0, 2463, 2463, 50.31, P0, 0x0000000000000000
2026/08/28 09:35:52.846, 77, 96, 0, 2463, 2463, 50.31, P0, 0x0000000000000000
2026/08/28 09:35:52.946, 77, 96, 0, 2463, 2463, 50.31, P0, 0x0000000000000000
2026/08/28 09:35:53.047, 77, 96, 0, 2463, 2463, 50.31, P0, 0x0000000000000000
2026/08/28 09:35:53.147, 77, 96, 0, 2463, 2463, 50.31, P0, 0x0000000000000000
2026/08/28 09:35:53.247, 77, 96, 0, 2463, 2463, 50.31, P0, 0x0000000000000000
2026/08/28 09:35:53.347, 77, 96, 0, 2463, 2463, 50.31, P0, 0x0000000000000000
2026/08/28 09:35:53.447, 77, 96, 0, 2463, 2463, 50.31, P0, 0x0000000000000000
2026/08/28 09:35:53.548, 77, 96, 0, 2463, 2463, 50.31, P0, 0x0000000000000000
2026/08/28 09:35:53.648, 76, 96, 0, 2463, 2463, 50.28, P0, 0x0000000000000000
2026/08/28 09:35:53.748, 76, 96, 0, 2463, 2463, 50.28, P0, 0x0000000000000000
2026/08/28 09:35:53.848, 76, 96, 0, 2463, 2463, 50.28, P0, 0x0000000000000000
2026/08/28 09:35:53.949, 76, 96, 0, 2463, 2463, 50.28, P0, 0x0000000000000000
2026/08/28 09:35:54.049, 76, 96, 0, 2463, 2463, 50.28, P0, 0x0000000000000000
2026/08/28 09:35:54.149, 76, 96, 0, 2463, 2463, 50.21, P0, 0x0000000000000000
2026/08/28 09:35:54.249, 76, 96, 0, 2463, 2463, 50.21, P0, 0x0000000000000000
2026/08/28 09:35:54.350, 76, 96, 0, 2463, 2463, 50.21, P0, 0x0000000000000000
2026/08/28 09:35:54.450, 76, 96, 0, 2463, 2463, 50.21, P0, 0x0000000000000000
2026/08/28 09:35:54.550, 76, 96, 0, 2463, 2463, 50.21, P0, 0x0000000000000000
2026/08/28 09:35:54.650, 76, 96, 0, 2463, 2463, 50.17, P0, 0x0000000000000000
2026/08/28 09:35:54.751, 76, 96, 0, 2463, 2463, 50.17, P0, 0x0000000000000000
2026/08/28 09:35:54.851, 76, 96, 0, 2463, 2463, 50.17, P0, 0x0000000000000000
2026/08/28 09:35:54.951, 76, 96, 0, 2463, 2463, 50.17, P0, 0x0000000000000000
2026/08/28 09:35:55.051, 76, 96, 0, 2463, 2463, 50.17, P0, 0x0000000000000000
2026/08/28 09:35:55.152, 76, 96, 0, 2463, 2463, 50.10, P0, 0x0000000000000000
2026/08/28 09:35:55.252, 76, 96, 0, 2463, 2463, 50.10, P0, 0x0000000000000000
2026/08/28 09:35:55.352, 76, 96, 0, 2463, 2463, 50.10, P0, 0x0000000000000000
2026/08/28 09:35:55.452, 76, 96, 0, 2463, 2463, 50.10, P0, 0x0000000000000000
2026/08/28 09:35:55.553, 76, 96, 0, 2463, 2463, 50.10, P0, 0x0000000000000000
2026/08/28 09:35:55.654, 76, 96, 0, 2463, 2463, 49.91, P0, 0x0000000000000000
2026/08/28 09:35:55.754, 76, 96, 0, 2463, 2463, 49.91, P0, 0x0000000000000000
2026/08/28 09:35:55.854, 76, 96, 0, 2463, 2463, 49.91, P0, 0x0000000000000000
2026/08/28 09:35:55.954, 76, 96, 0, 2463, 2463, 49.91, P0, 0x0000000000000000
2026/08/28 09:35:56.054, 76, 96, 0, 2463, 2463, 49.91, P0, 0x0000000000000000
2026/08/28 09:35:56.154, 80, 94, 0, 2444, 2444, 60.63, P0, 0x0000000000000000
2026/08/28 09:35:56.255, 80, 94, 0, 2444, 2444, 60.63, P0, 0x0000000000000000
2026/08/28 09:35:56.355, 80, 94, 0, 2444, 2444, 60.63, P0, 0x0000000000000000
2026/08/28 09:35:56.455, 80, 94, 0, 2444, 2444, 60.63, P0, 0x0000000000000000
2026/08/28 09:35:56.555, 80, 94, 0, 2444, 2444, 60.63, P0, 0x0000000000000000
2026/08/28 09:35:56.655, 82, 94, 0, 2418, 2418, 75.91, P0, 0x0000000000000000
2026/08/28 09:35:56.756, 82, 94, 0, 2418, 2418, 75.91, P0, 0x0000000000000000
2026/08/28 09:35:56.856, 82, 94, 0, 2418, 2418, 75.91, P0, 0x0000000000000000
2026/08/28 09:35:56.956, 82, 94, 0, 2418, 2418, 75.91, P0, 0x0000000000000000
2026/08/28 09:35:57.056, 82, 94, 0, 2418, 2418, 75.91, P0, 0x0000000000000000
2026/08/28 09:35:57.156, 82, 96, 0, 2418, 2418, 78.66, P0, 0x0000000000000000
2026/08/28 09:35:57.256, 82, 96, 0, 2418, 2418, 78.66, P0, 0x0000000000000000
2026/08/28 09:35:57.357, 82, 96, 0, 2418, 2418, 78.66, P0, 0x0000000000000000
2026/08/28 09:35:57.457, 82, 96, 0, 2418, 2418, 78.66, P0, 0x0000000000000000
2026/08/28 09:35:57.557, 82, 96, 0, 2418, 2418, 78.66, P0, 0x0000000000000000
2026/08/28 09:35:57.657, 82, 96, 0, 2359, 2359, 77.13, P0, 0x0000000000000000
2026/08/28 09:35:57.757, 82, 96, 0, 2359, 2359, 77.13, P0, 0x0000000000000000
2026/08/28 09:35:57.858, 82, 96, 0, 2359, 2359, 77.13, P0, 0x0000000000000000
2026/08/28 09:35:57.958, 82, 96, 0, 2359, 2359, 77.13, P0, 0x0000000000000000
2026/08/28 09:35:58.058, 82, 96, 0, 2359, 2359, 77.13, P0, 0x0000000000000000
2026/08/28 09:35:58.158, 82, 96, 0, 2392, 2392, 74.70, P0, 0x0000000000000020
2026/08/28 09:35:58.258, 82, 96, 0, 2392, 2392, 74.70, P0, 0x0000000000000020
2026/08/28 09:35:58.358, 82, 96, 0, 2392, 2392, 74.70, P0, 0x0000000000000020
2026/08/28 09:35:58.459, 82, 96, 0, 2392, 2392, 74.70, P0, 0x0000000000000020
2026/08/28 09:35:58.559, 82, 96, 0, 2392, 2392, 74.70, P0, 0x0000000000000020
2026/08/28 09:35:58.659, 81, 96, 0, 2236, 2236, 73.33, P0, 0x0000000000000020
2026/08/28 09:35:58.759, 81, 96, 0, 2236, 2236, 73.33, P0, 0x0000000000000020
2026/08/28 09:35:58.859, 81, 96, 0, 2236, 2236, 73.33, P0, 0x0000000000000020
2026/08/28 09:35:58.960, 81, 96, 0, 2236, 2236, 73.33, P0, 0x0000000000000020
2026/08/28 09:35:59.060, 81, 96, 0, 2236, 2236, 73.33, P0, 0x0000000000000020
2026/08/28 09:35:59.160, 79, 56, 0, 2262, 2262, 73.49, P0, 0x0000000000000000
2026/08/28 09:35:59.260, 79, 56, 0, 2262, 2262, 73.49, P0, 0x0000000000000000
2026/08/28 09:35:59.360, 79, 56, 0, 2262, 2262, 73.49, P0, 0x0000000000000000
2026/08/28 09:35:59.461, 79, 56, 0, 2262, 2262, 73.49, P0, 0x0000000000000000
2026/08/28 09:35:59.561, 79, 56, 0, 2262, 2262, 73.49, P0, 0x0000000000000000
2026/08/28 09:35:59.661, 82, 56, 0, 2249, 2249, 75.81, P0, 0x0000000000000000
2026/08/28 09:35:59.761, 82, 56, 0, 2249, 2249, 75.81, P0, 0x0000000000000000
2026/08/28 09:35:59.861, 82, 56, 0, 2249, 2249, 75.81, P0, 0x0000000000000000
2026/08/28 09:35:59.961, 82, 56, 0, 2249, 2249, 75.81, P0, 0x0000000000000000
2026/08/28 09:36:00.062, 82, 56, 0, 2249, 2249, 75.81, P0, 0x0000000000000000
2026/08/28 09:36:00.162, 82, 96, 0, 2424, 2424, 78.98, P0, 0x0000000000000000
2026/08/28 09:36:00.262, 82, 96, 0, 2424, 2424, 78.98, P0, 0x0000000000000000
2026/08/28 09:36:00.362, 82, 96, 0, 2424, 2424, 78.98, P0, 0x0000000000000000
2026/08/28 09:36:00.462, 82, 96, 0, 2424, 2424, 78.98, P0, 0x0000000000000000
2026/08/28 09:36:00.562, 82, 96, 0, 2424, 2424, 78.98, P0, 0x0000000000000000
2026/08/28 09:36:00.662, 83, 96, 0, 2424, 2424, 79.35, P0, 0x0000000000000020
2026/08/28 09:36:00.763, 83, 96, 0, 2424, 2424, 79.35, P0, 0x0000000000000020
2026/08/28 09:36:00.863, 83, 96, 0, 2424, 2424, 79.35, P0, 0x0000000000000020
2026/08/28 09:36:00.963, 83, 96, 0, 2424, 2424, 79.35, P0, 0x0000000000000020
2026/08/28 09:36:01.063, 83, 96, 0, 2424, 2424, 79.35, P0, 0x0000000000000020
2026/08/28 09:36:01.163, 82, 96, 0, 2398, 2398, 77.99, P0, 0x0000000000000020
2026/08/28 09:36:01.263, 82, 96, 0, 2398, 2398, 77.99, P0, 0x0000000000000020
2026/08/28 09:36:01.363, 82, 96, 0, 2398, 2398, 77.99, P0, 0x0000000000000020
2026/08/28 09:36:01.463, 82, 96, 0, 2398, 2398, 77.99, P0, 0x0000000000000020
2026/08/28 09:36:01.564, 82, 96, 0, 2398, 2398, 77.99, P0, 0x0000000000000020
2026/08/28 09:36:01.664, 83, 96, 0, 2392, 2392, 76.77, P0, 0x0000000000000000
2026/08/28 09:36:01.764, 83, 96, 0, 2392, 2392, 76.77, P0, 0x0000000000000000
2026/08/28 09:36:01.864, 83, 96, 0, 2392, 2392, 76.77, P0, 0x0000000000000000
2026/08/28 09:36:01.964, 83, 96, 0, 2392, 2392, 76.77, P0, 0x0000000000000000
2026/08/28 09:36:02.065, 83, 96, 0, 2392, 2392, 76.77, P0, 0x0000000000000000
2026/08/28 09:36:02.165, 78, 96, 0, 2405, 2405, 72.61, P0, 0x0000000000000020
2026/08/28 09:36:02.265, 78, 96, 0, 2405, 2405, 72.61, P0, 0x0000000000000020
2026/08/28 09:36:02.365, 78, 96, 0, 2405, 2405, 72.61, P0, 0x0000000000000020
2026/08/28 09:36:02.466, 78, 96, 0, 2405, 2405, 72.61, P0, 0x0000000000000020
2026/08/28 09:36:02.566, 78, 96, 0, 2405, 2405, 72.61, P0, 0x0000000000000020
2026/08/28 09:36:02.666, 77, 96, 0, 2392, 2392, 62.28, P0, 0x0000000000000000
2026/08/28 09:36:02.766, 77, 96, 0, 2392, 2392, 62.28, P0, 0x0000000000000000
2026/08/28 09:36:02.867, 77, 96, 0, 2392, 2392, 62.28, P0, 0x0000000000000000
2026/08/28 09:36:02.967, 77, 96, 0, 2392, 2392, 62.28, P0, 0x0000000000000000
2026/08/28 09:36:03.067, 77, 96, 0, 2392, 2392, 62.28, P0, 0x0000000000000000
2026/08/28 09:36:03.167, 77, 96, 0, 2463, 2463, 53.55, P0, 0x0000000000000000
2026/08/28 09:36:03.268, 77, 96, 0, 2463, 2463, 53.55, P0, 0x0000000000000000
2026/08/28 09:36:03.368, 77, 96, 0, 2463, 2463, 53.55, P0, 0x0000000000000000
2026/08/28 09:36:03.468, 77, 96, 0, 2463, 2463, 53.55, P0, 0x0000000000000000
2026/08/28 09:36:03.568, 77, 96, 0, 2463, 2463, 53.55, P0, 0x0000000000000000
2026/08/28 09:36:03.669, 77, 96, 0, 2463, 2463, 50.52, P0, 0x0000000000000000
2026/08/28 09:36:03.769, 77, 96, 0, 2463, 2463, 50.52, P0, 0x0000000000000000
2026/08/28 09:36:03.869, 77, 96, 0, 2463, 2463, 50.52, P0, 0x0000000000000000
2026/08/28 09:36:03.969, 77, 96, 0, 2463, 2463, 50.52, P0, 0x0000000000000000
2026/08/28 09:36:04.070, 77, 96, 0, 2463, 2463, 50.52, P0, 0x0000000000000000
2026/08/28 09:36:04.170, 77, 96, 0, 2463, 2463, 50.42, P0, 0x0000000000000000
2026/08/28 09:36:04.270, 77, 96, 0, 2463, 2463, 50.42, P0, 0x0000000000000000
2026/08/28 09:36:04.370, 77, 96, 0, 2463, 2463, 50.42, P0, 0x0000000000000000
2026/08/28 09:36:04.471, 77, 96, 0, 2463, 2463, 50.42, P0, 0x0000000000000000
2026/08/28 09:36:04.571, 77, 96, 0, 2463, 2463, 50.42, P0, 0x0000000000000000
2026/08/28 09:36:04.671, 77, 96, 0, 2463, 2463, 50.32, P0, 0x0000000000000000
2026/08/28 09:36:04.771, 77, 96, 0, 2463, 2463, 50.32, P0, 0x0000000000000000
2026/08/28 09:36:04.872, 77, 96, 0, 2463, 2463, 50.32, P0, 0x0000000000000000
2026/08/28 09:36:04.972, 77, 96, 0, 2463, 2463, 50.32, P0, 0x0000000000000000
2026/08/28 09:36:05.072, 77, 96, 0, 2463, 2463, 50.32, P0, 0x0000000000000000
2026/08/28 09:36:05.173, 76, 96, 0, 2463, 2463, 50.29, P0, 0x0000000000000000
2026/08/28 09:36:05.273, 76, 96, 0, 2463, 2463, 50.29, P0, 0x0000000000000000
2026/08/28 09:36:05.373, 76, 96, 0, 2463, 2463, 50.29, P0, 0x0000000000000000
2026/08/28 09:36:05.474, 76, 96, 0, 2463, 2463, 50.29, P0, 0x0000000000000000
2026/08/28 09:36:05.574, 76, 96, 0, 2463, 2463, 50.29, P0, 0x0000000000000000
2026/08/28 09:36:05.674, 77, 96, 0, 2463, 2463, 50.31, P0, 0x0000000000000000
2026/08/28 09:36:05.775, 77, 96, 0, 2463, 2463, 50.31, P0, 0x0000000000000000
2026/08/28 09:36:05.875, 77, 96, 0, 2463, 2463, 50.31, P0, 0x0000000000000000
2026/08/28 09:36:05.975, 77, 96, 0, 2463, 2463, 50.31, P0, 0x0000000000000000
2026/08/28 09:36:06.075, 77, 96, 0, 2463, 2463, 50.31, P0, 0x0000000000000000
2026/08/28 09:36:06.175, 76, 96, 0, 2463, 2463, 50.30, P0, 0x0000000000000000
2026/08/28 09:36:06.276, 76, 96, 0, 2463, 2463, 50.30, P0, 0x0000000000000000
2026/08/28 09:36:06.376, 76, 96, 0, 2463, 2463, 50.30, P0, 0x0000000000000000
2026/08/28 09:36:06.476, 76, 96, 0, 2463, 2463, 50.30, P0, 0x0000000000000000
2026/08/28 09:36:06.577, 76, 96, 0, 2463, 2463, 50.30, P0, 0x0000000000000000
2026/08/28 09:36:06.677, 76, 96, 0, 2463, 2463, 50.03, P0, 0x0000000000000000
2026/08/28 09:36:06.777, 76, 96, 0, 2463, 2463, 50.03, P0, 0x0000000000000000
2026/08/28 09:36:06.877, 76, 96, 0, 2463, 2463, 50.03, P0, 0x0000000000000000
2026/08/28 09:36:06.978, 76, 96, 0, 2463, 2463, 50.03, P0, 0x0000000000000000
2026/08/28 09:36:07.078, 76, 96, 0, 2463, 2463, 50.03, P0, 0x0000000000000000
2026/08/28 09:36:07.178, 76, 96, 0, 2463, 2463, 49.92, P0, 0x0000000000000000
2026/08/28 09:36:07.278, 76, 96, 0, 2463, 2463, 49.92, P0, 0x0000000000000000
2026/08/28 09:36:07.379, 76, 96, 0, 2463, 2463, 49.92, P0, 0x0000000000000000
2026/08/28 09:36:07.479, 76, 96, 0, 2463, 2463, 49.92, P0, 0x0000000000000000
2026/08/28 09:36:07.579, 76, 96, 0, 2463, 2463, 49.92, P0, 0x0000000000000000
2026/08/28 09:36:07.679, 80, 96, 0, 2463, 2463, 52.40, P0, 0x0000000000000000
2026/08/28 09:36:07.779, 80, 96, 0, 2463, 2463, 52.40, P0, 0x0000000000000000
2026/08/28 09:36:07.879, 80, 96, 0, 2463, 2463, 52.40, P0, 0x0000000000000000
2026/08/28 09:36:07.980, 80, 96, 0, 2463, 2463, 52.40, P0, 0x0000000000000000
2026/08/28 09:36:08.080, 80, 96, 0, 2463, 2463, 52.40, P0, 0x0000000000000000
2026/08/28 09:36:08.180, 81, 96, 0, 2431, 2431, 67.19, P0, 0x0000000000000000
2026/08/28 09:36:08.280, 81, 96, 0, 2431, 2431, 67.19, P0, 0x0000000000000000
2026/08/28 09:36:08.380, 81, 96, 0, 2431, 2431, 67.19, P0, 0x0000000000000000
2026/08/28 09:36:08.481, 81, 96, 0, 2431, 2431, 67.19, P0, 0x0000000000000000
2026/08/28 09:36:08.581, 81, 96, 0, 2431, 2431, 67.19, P0, 0x0000000000000000
2026/08/28 09:36:08.681, 81, 96, 0, 2424, 2424, 79.12, P0, 0x0000000000000000
2026/08/28 09:36:08.781, 81, 96, 0, 2424, 2424, 79.12, P0, 0x0000000000000000
2026/08/28 09:36:08.881, 81, 96, 0, 2424, 2424, 79.12, P0, 0x0000000000000000
2026/08/28 09:36:08.981, 81, 96, 0, 2424, 2424, 79.12, P0, 0x0000000000000000
2026/08/28 09:36:09.082, 81, 96, 0, 2424, 2424, 79.12, P0, 0x0000000000000000
2026/08/28 09:36:09.182, 81, 96, 0, 2418, 2418, 78.82, P0, 0x0000000000000000
2026/08/28 09:36:09.282, 81, 96, 0, 2418, 2418, 78.82, P0, 0x0000000000000000
2026/08/28 09:36:09.382, 81, 96, 0, 2418, 2418, 78.82, P0, 0x0000000000000000
2026/08/28 09:36:09.482, 81, 96, 0, 2418, 2418, 78.82, P0, 0x0000000000000000
2026/08/28 09:36:09.583, 81, 96, 0, 2418, 2418, 78.82, P0, 0x0000000000000000
2026/08/28 09:36:09.683, 83, 96, 0, 2418, 2418, 78.99, P0, 0x0000000000000000
2026/08/28 09:36:09.783, 83, 96, 0, 2418, 2418, 78.99, P0, 0x0000000000000000
2026/08/28 09:36:09.883, 83, 96, 0, 2418, 2418, 78.99, P0, 0x0000000000000000
2026/08/28 09:36:09.983, 83, 96, 0, 2418, 2418, 78.99, P0, 0x0000000000000000
2026/08/28 09:36:10.083, 83, 96, 0, 2418, 2418, 78.99, P0, 0x0000000000000000
2026/08/28 09:36:10.184, 78, 52, 0, 2418, 2418, 75.03, P0, 0x0000000000000000
2026/08/28 09:36:10.284, 78, 52, 0, 2418, 2418, 75.03, P0, 0x0000000000000000
2026/08/28 09:36:10.384, 78, 52, 0, 2418, 2418, 75.03, P0, 0x0000000000000000
2026/08/28 09:36:10.484, 78, 52, 0, 2418, 2418, 75.03, P0, 0x0000000000000000
2026/08/28 09:36:10.585, 78, 52, 0, 2418, 2418, 75.03, P0, 0x0000000000000000
2026/08/28 09:36:10.685, 82, 52, 0, 2457, 2457, 65.41, P0, 0x0000000000000000
2026/08/28 09:36:10.785, 82, 52, 0, 2457, 2457, 65.41, P0, 0x0000000000000000
2026/08/28 09:36:10.885, 82, 52, 0, 2457, 2457, 65.41, P0, 0x0000000000000000
2026/08/28 09:36:10.985, 82, 52, 0, 2457, 2457, 65.41, P0, 0x0000000000000000
2026/08/28 09:36:11.086, 82, 52, 0, 2457, 2457, 65.41, P0, 0x0000000000000000
2026/08/28 09:36:11.186, 81, 96, 0, 2424, 2424, 69.95, P0, 0x0000000000000000
2026/08/28 09:36:11.286, 81, 96, 0, 2424, 2424, 69.95, P0, 0x0000000000000000
2026/08/28 09:36:11.387, 81, 96, 0, 2424, 2424, 69.95, P0, 0x0000000000000000
2026/08/28 09:36:11.487, 81, 96, 0, 2424, 2424, 69.95, P0, 0x0000000000000000
2026/08/28 09:36:11.587, 81, 96, 0, 2424, 2424, 69.95, P0, 0x0000000000000000
2026/08/28 09:36:11.687, 82, 96, 0, 2418, 2418, 79.42, P0, 0x0000000000000000
2026/08/28 09:36:11.787, 82, 96, 0, 2418, 2418, 79.42, P0, 0x0000000000000000
2026/08/28 09:36:11.887, 82, 96, 0, 2418, 2418, 79.42, P0, 0x0000000000000000
2026/08/28 09:36:11.988, 82, 96, 0, 2418, 2418, 79.42, P0, 0x0000000000000000
2026/08/28 09:36:12.088, 82, 96, 0, 2418, 2418, 79.42, P0, 0x0000000000000000
2026/08/28 09:36:12.188, 80, 96, 0, 2379, 2379, 77.36, P0, 0x0000000000000020
2026/08/28 09:36:12.288, 80, 96, 0, 2379, 2379, 77.36, P0, 0x0000000000000020
2026/08/28 09:36:12.388, 80, 96, 0, 2379, 2379, 77.36, P0, 0x0000000000000020
2026/08/28 09:36:12.489, 80, 96, 0, 2379, 2379, 77.36, P0, 0x0000000000000020
2026/08/28 09:36:12.589, 80, 96, 0, 2379, 2379, 77.36, P0, 0x0000000000000020
2026/08/28 09:36:12.689, 80, 96, 0, 2398, 2398, 75.02, P0, 0x0000000000000000
2026/08/28 09:36:12.789, 80, 96, 0, 2398, 2398, 75.02, P0, 0x0000000000000000
2026/08/28 09:36:12.889, 80, 96, 0, 2398, 2398, 75.02, P0, 0x0000000000000000
2026/08/28 09:36:12.990, 80, 96, 0, 2398, 2398, 75.02, P0, 0x0000000000000000
2026/08/28 09:36:13.090, 80, 96, 0, 2398, 2398, 75.02, P0, 0x0000000000000000
2026/08/28 09:36:13.190, 78, 96, 0, 2398, 2398, 73.99, P0, 0x0000000000000000
2026/08/28 09:36:13.290, 78, 96, 0, 2398, 2398, 73.99, P0, 0x0000000000000000
2026/08/28 09:36:13.391, 78, 96, 0, 2398, 2398, 73.99, P0, 0x0000000000000000
2026/08/28 09:36:13.491, 78, 96, 0, 2398, 2398, 73.99, P0, 0x0000000000000000
2026/08/28 09:36:13.591, 78, 96, 0, 2398, 2398, 73.99, P0, 0x0000000000000000
2026/08/28 09:36:13.691, 83, 96, 0, 2424, 2424, 77.00, P0, 0x0000000000000000
2026/08/28 09:36:13.792, 83, 96, 0, 2424, 2424, 77.00, P0, 0x0000000000000000
2026/08/28 09:36:13.892, 83, 96, 0, 2424, 2424, 77.00, P0, 0x0000000000000000
2026/08/28 09:36:13.992, 83, 96, 0, 2424, 2424, 77.00, P0, 0x0000000000000000
2026/08/28 09:36:14.092, 83, 96, 0, 2424, 2424, 77.00, P0, 0x0000000000000000
2026/08/28 09:36:14.192, 81, 96, 0, 2431, 2431, 79.41, P0, 0x0000000000000000
2026/08/28 09:36:14.293, 81, 96, 0, 2431, 2431, 79.41, P0, 0x0000000000000000
2026/08/28 09:36:14.393, 81, 96, 0, 2431, 2431, 79.41, P0, 0x0000000000000000
2026/08/28 09:36:14.493, 81, 96, 0, 2431, 2431, 79.41, P0, 0x0000000000000000
2026/08/28 09:36:14.593, 81, 96, 0, 2431, 2431, 79.41, P0, 0x0000000000000000
2026/08/28 09:36:14.693, 82, 96, 0, 2418, 2418, 80.12, P0, 0x0000000000000000
2026/08/28 09:36:14.793, 82, 96, 0, 2418, 2418, 80.12, P0, 0x0000000000000000
2026/08/28 09:36:14.894, 82, 96, 0, 2418, 2418, 80.12, P0, 0x0000000000000000
2026/08/28 09:36:14.994, 82, 96, 0, 2418, 2418, 80.12, P0, 0x0000000000000000
2026/08/28 09:36:15.094, 82, 96, 0, 2418, 2418, 80.12, P0, 0x0000000000000000
2026/08/28 09:36:15.194, 81, 96, 0, 2418, 2418, 76.24, P0, 0x0000000000000000
2026/08/28 09:36:15.294, 81, 96, 0, 2418, 2418, 76.24, P0, 0x0000000000000000
2026/08/28 09:36:15.394, 81, 96, 0, 2418, 2418, 76.24, P0, 0x0000000000000000
2026/08/28 09:36:15.495, 81, 96, 0, 2418, 2418, 76.24, P0, 0x0000000000000000
2026/08/28 09:36:15.595, 81, 96, 0, 2418, 2418, 76.24, P0, 0x0000000000000000
2026/08/28 09:36:15.695, 83, 96, 0, 2424, 2424, 75.66, P0, 0x0000000000000000
2026/08/28 09:36:15.795, 83, 96, 0, 2424, 2424, 75.66, P0, 0x0000000000000000
2026/08/28 09:36:15.896, 83, 96, 0, 2424, 2424, 75.66, P0, 0x0000000000000000
2026/08/28 09:36:15.996, 83, 96, 0, 2424, 2424, 75.66, P0, 0x0000000000000000
2026/08/28 09:36:16.096, 83, 96, 0, 2424, 2424, 75.66, P0, 0x0000000000000000
2026/08/28 09:36:16.196, 82, 96, 0, 2424, 2424, 79.92, P0, 0x0000000000000000
2026/08/28 09:36:16.296, 82, 96, 0, 2424, 2424, 79.92, P0, 0x0000000000000000
2026/08/28 09:36:16.396, 82, 96, 0, 2424, 2424, 79.92, P0, 0x0000000000000000
2026/08/28 09:36:16.497, 82, 96, 0, 2424, 2424, 79.92, P0, 0x0000000000000000
2026/08/28 09:36:16.597, 82, 96, 0, 2424, 2424, 79.92, P0, 0x0000000000000000
2026/08/28 09:36:16.697, 81, 96, 0, 2398, 2398, 76.00, P0, 0x0000000000000000
2026/08/28 09:36:16.797, 81, 96, 0, 2398, 2398, 76.00, P0, 0x0000000000000000
2026/08/28 09:36:16.897, 81, 96, 0, 2398, 2398, 76.00, P0, 0x0000000000000000
2026/08/28 09:36:16.997, 81, 96, 0, 2398, 2398, 76.00, P0, 0x0000000000000000
2026/08/28 09:36:17.098, 81, 96, 0, 2398, 2398, 76.00, P0, 0x0000000000000000
2026/08/28 09:36:17.198, 77, 96, 0, 2450, 2450, 64.39, P0, 0x0000000000000000
2026/08/28 09:36:17.298, 77, 96, 0, 2450, 2450, 64.39, P0, 0x0000000000000000
2026/08/28 09:36:17.399, 77, 96, 0, 2450, 2450, 64.39, P0, 0x0000000000000000
2026/08/28 09:36:17.499, 77, 96, 0, 2450, 2450, 64.39, P0, 0x0000000000000000
2026/08/28 09:36:17.599, 77, 96, 0, 2450, 2450, 64.39, P0, 0x0000000000000000
2026/08/28 09:36:17.700, 77, 96, 0, 2463, 2463, 53.54, P0, 0x0000000000000000
2026/08/28 09:36:17.800, 77, 96, 0, 2463, 2463, 53.54, P0, 0x0000000000000000
2026/08/28 09:36:17.900, 77, 96, 0, 2463, 2463, 53.54, P0, 0x0000000000000000
2026/08/28 09:36:18.001, 77, 96, 0, 2463, 2463, 53.54, P0, 0x0000000000000000
2026/08/28 09:36:18.101, 77, 96, 0, 2463, 2463, 53.54, P0, 0x0000000000000000
2026/08/28 09:36:18.201, 76, 96, 0, 2463, 2463, 50.34, P0, 0x0000000000000000
2026/08/28 09:36:18.301, 76, 96, 0, 2463, 2463, 50.34, P0, 0x0000000000000000
2026/08/28 09:36:18.401, 76, 96, 0, 2463, 2463, 50.34, P0, 0x0000000000000000
2026/08/28 09:36:18.502, 76, 96, 0, 2463, 2463, 50.34, P0, 0x0000000000000000
2026/08/28 09:36:18.602, 76, 96, 0, 2463, 2463, 50.34, P0, 0x0000000000000000
2026/08/28 09:36:18.702, 76, 96, 0, 2463, 2463, 50.29, P0, 0x0000000000000000
2026/08/28 09:36:18.803, 76, 96, 0, 2463, 2463, 50.29, P0, 0x0000000000000000
2026/08/28 09:36:18.903, 76, 96, 0, 2463, 2463, 50.29, P0, 0x0000000000000000
2026/08/28 09:36:19.003, 76, 96, 0, 2463, 2463, 50.29, P0, 0x0000000000000000
2026/08/28 09:36:19.103, 76, 96, 0, 2463, 2463, 50.29, P0, 0x0000000000000000
2026/08/28 09:36:19.204, 80, 96, 0, 2463, 2463, 54.57, P0, 0x0000000000000000
2026/08/28 09:36:19.304, 80, 96, 0, 2463, 2463, 54.57, P0, 0x0000000000000000
2026/08/28 09:36:19.404, 80, 96, 0, 2463, 2463, 54.57, P0, 0x0000000000000000
2026/08/28 09:36:19.504, 80, 96, 0, 2463, 2463, 54.57, P0, 0x0000000000000000
2026/08/28 09:36:19.604, 80, 96, 0, 2463, 2463, 54.57, P0, 0x0000000000000000
2026/08/28 09:36:19.705, 82, 96, 0, 2431, 2431, 68.86, P0, 0x0000000000000000
2026/08/28 09:36:19.805, 82, 96, 0, 2431, 2431, 68.86, P0, 0x0000000000000000
2026/08/28 09:36:19.905, 82, 96, 0, 2431, 2431, 68.86, P0, 0x0000000000000000
2026/08/28 09:36:20.006, 82, 96, 0, 2431, 2431, 68.86, P0, 0x0000000000000000
2026/08/28 09:36:20.106, 82, 96, 0, 2431, 2431, 68.86, P0, 0x0000000000000000
2026/08/28 09:36:20.206, 80, 96, 0, 2424, 2424, 79.34, P0, 0x0000000000000000
2026/08/28 09:36:20.306, 80, 96, 0, 2424, 2424, 79.34, P0, 0x0000000000000000
2026/08/28 09:36:20.406, 80, 96, 0, 2424, 2424, 79.34, P0, 0x0000000000000000
2026/08/28 09:36:20.506, 80, 96, 0, 2424, 2424, 79.34, P0, 0x0000000000000000
2026/08/28 09:36:20.607, 80, 96, 0, 2424, 2424, 79.34, P0, 0x0000000000000000
2026/08/28 09:36:20.707, 82, 96, 0, 2424, 2424, 80.50, P0, 0x0000000000000000
2026/08/28 09:36:20.807, 82, 96, 0, 2424, 2424, 80.50, P0, 0x0000000000000000
2026/08/28 09:36:20.908, 82, 96, 0, 2424, 2424, 80.50, P0, 0x0000000000000000
2026/08/28 09:36:21.008, 82, 96, 0, 2424, 2424, 80.50, P0, 0x0000000000000000
2026/08/28 09:36:21.108, 82, 96, 0, 2424, 2424, 80.50, P0, 0x0000000000000000
2026/08/28 09:36:21.208, 78, 94, 0, 2405, 2405, 78.02, P0, 0x0000000000000020
2026/08/28 09:36:21.308, 78, 94, 0, 2405, 2405, 78.02, P0, 0x0000000000000020
2026/08/28 09:36:21.408, 78, 94, 0, 2405, 2405, 78.02, P0, 0x0000000000000020
2026/08/28 09:36:21.508, 78, 94, 0, 2405, 2405, 78.02, P0, 0x0000000000000020
2026/08/28 09:36:21.609, 78, 94, 0, 2405, 2405, 78.02, P0, 0x0000000000000020
2026/08/28 09:36:21.709, 82, 94, 0, 2418, 2418, 75.75, P0, 0x0000000000000000
2026/08/28 09:36:21.809, 82, 94, 0, 2418, 2418, 75.75, P0, 0x0000000000000000
2026/08/28 09:36:21.909, 82, 94, 0, 2418, 2418, 75.75, P0, 0x0000000000000000
2026/08/28 09:36:22.010, 82, 94, 0, 2418, 2418, 75.75, P0, 0x0000000000000000
2026/08/28 09:36:22.110, 82, 94, 0, 2418, 2418, 75.75, P0, 0x0000000000000000
2026/08/28 09:36:22.210, 77, 96, 0, 2431, 2431, 69.53, P0, 0x0000000000000000
2026/08/28 09:36:22.311, 77, 96, 0, 2431, 2431, 69.53, P0, 0x0000000000000000
2026/08/28 09:36:22.411, 77, 96, 0, 2431, 2431, 69.53, P0, 0x0000000000000000
2026/08/28 09:36:22.511, 77, 96, 0, 2431, 2431, 69.53, P0, 0x0000000000000000
2026/08/28 09:36:22.611, 77, 96, 0, 2463, 2463, 69.53, P0, 0x0000000000000000
2026/08/28 09:36:22.712, 76, 96, 0, 2463, 2463, 56.03, P0, 0x0000000000000000
2026/08/28 09:36:22.812, 76, 96, 0, 2463, 2463, 56.03, P0, 0x0000000000000000
2026/08/28 09:36:22.912, 76, 96, 0, 2463, 2463, 56.03, P0, 0x0000000000000000
2026/08/28 09:36:23.012, 76, 96, 0, 2463, 2463, 56.03, P0, 0x0000000000000000
2026/08/28 09:36:23.113, 76, 96, 0, 2463, 2463, 50.28, P0, 0x0000000000000000
2026/08/28 09:36:23.213, 76, 96, 0, 2463, 2463, 50.28, P0, 0x0000000000000000
2026/08/28 09:36:23.313, 76, 96, 0, 2463, 2463, 50.28, P0, 0x0000000000000000
2026/08/28 09:36:23.414, 76, 96, 0, 2463, 2463, 50.28, P0, 0x0000000000000000
2026/08/28 09:36:23.514, 76, 96, 0, 2463, 2463, 50.28, P0, 0x0000000000000000
2026/08/28 09:36:23.614, 81, 96, 0, 2463, 2463, 55.80, P0, 0x0000000000000000
2026/08/28 09:36:23.715, 81, 96, 0, 2463, 2463, 55.80, P0, 0x0000000000000000
2026/08/28 09:36:23.815, 81, 96, 0, 2463, 2463, 55.80, P0, 0x0000000000000000
2026/08/28 09:36:23.915, 81, 96, 0, 2463, 2463, 55.80, P0, 0x0000000000000000
2026/08/28 09:36:24.015, 81, 96, 0, 2463, 2463, 55.80, P0, 0x0000000000000000
2026/08/28 09:36:24.116, 81, 96, 0, 2431, 2431, 69.62, P0, 0x0000000000000000
2026/08/28 09:36:24.216, 81, 96, 0, 2431, 2431, 69.62, P0, 0x0000000000000000
2026/08/28 09:36:24.316, 81, 96, 0, 2431, 2431, 69.62, P0, 0x0000000000000000
2026/08/28 09:36:24.416, 81, 96, 0, 2431, 2431, 69.62, P0, 0x0000000000000000
2026/08/28 09:36:24.516, 81, 96, 0, 2431, 2431, 69.62, P0, 0x0000000000000000
2026/08/28 09:36:24.617, 82, 96, 0, 2418, 2418, 79.44, P0, 0x0000000000000000
2026/08/28 09:36:24.717, 82, 96, 0, 2418, 2418, 79.44, P0, 0x0000000000000000
2026/08/28 09:36:24.817, 82, 96, 0, 2418, 2418, 79.44, P0, 0x0000000000000000
2026/08/28 09:36:24.917, 82, 96, 0, 2418, 2418, 79.44, P0, 0x0000000000000000
2026/08/28 09:36:25.017, 82, 96, 0, 2418, 2418, 79.44, P0, 0x0000000000000000
2026/08/28 09:36:25.118, 80, 96, 0, 2385, 2385, 78.23, P0, 0x0000000000000000
2026/08/28 09:36:25.218, 80, 96, 0, 2385, 2385, 78.23, P0, 0x0000000000000000
2026/08/28 09:36:25.318, 80, 96, 0, 2385, 2385, 78.23, P0, 0x0000000000000000
2026/08/28 09:36:25.418, 80, 96, 0, 2385, 2385, 78.23, P0, 0x0000000000000000
2026/08/28 09:36:25.519, 80, 96, 0, 2385, 2385, 78.23, P0, 0x0000000000000000
2026/08/28 09:36:25.619, 82, 96, 0, 2424, 2424, 77.95, P0, 0x0000000000000000
2026/08/28 09:36:25.719, 82, 96, 0, 2424, 2424, 77.95, P0, 0x0000000000000000
2026/08/28 09:36:25.819, 82, 96, 0, 2424, 2424, 77.95, P0, 0x0000000000000000
2026/08/28 09:36:25.919, 82, 96, 0, 2424, 2424, 77.95, P0, 0x0000000000000000
2026/08/28 09:36:26.019, 82, 96, 0, 2424, 2424, 77.95, P0, 0x0000000000000000
2026/08/28 09:36:26.120, 79, 96, 0, 2392, 2392, 77.12, P0, 0x0000000000000000
2026/08/28 09:36:26.220, 79, 96, 0, 2392, 2392, 77.12, P0, 0x0000000000000000
2026/08/28 09:36:26.320, 79, 96, 0, 2392, 2392, 77.12, P0, 0x0000000000000000
2026/08/28 09:36:26.420, 79, 96, 0, 2392, 2392, 77.12, P0, 0x0000000000000000
2026/08/28 09:36:26.520, 79, 96, 0, 2392, 2392, 77.12, P0, 0x0000000000000000
2026/08/28 09:36:26.620, 81, 96, 0, 2424, 2424, 77.20, P0, 0x0000000000000000
2026/08/28 09:36:26.721, 81, 96, 0, 2424, 2424, 77.20, P0, 0x0000000000000000
2026/08/28 09:36:26.821, 81, 96, 0, 2424, 2424, 77.20, P0, 0x0000000000000000
2026/08/28 09:36:26.921, 81, 96, 0, 2424, 2424, 77.20, P0, 0x0000000000000000
2026/08/28 09:36:27.021, 81, 96, 0, 2424, 2424, 77.20, P0, 0x0000000000000000
2026/08/28 09:36:27.122, 77, 86, 0, 2379, 2379, 75.52, P0, 0x0000000000000000
2026/08/28 09:36:27.222, 77, 86, 0, 2379, 2379, 75.52, P0, 0x0000000000000000
2026/08/28 09:36:27.322, 77, 86, 0, 2379, 2379, 75.52, P0, 0x0000000000000000
2026/08/28 09:36:27.422, 77, 86, 0, 2379, 2379, 75.52, P0, 0x0000000000000000
2026/08/28 09:36:27.522, 77, 86, 0, 2379, 2379, 75.52, P0, 0x0000000000000000
2026/08/28 09:36:27.623, 77, 86, 0, 2437, 2437, 66.44, P0, 0x0000000000000000
2026/08/28 09:36:27.723, 77, 86, 0, 2437, 2437, 66.44, P0, 0x0000000000000000
2026/08/28 09:36:27.823, 77, 86, 0, 2437, 2437, 66.44, P0, 0x0000000000000000
2026/08/28 09:36:27.923, 77, 86, 0, 2437, 2437, 66.44, P0, 0x0000000000000000
2026/08/28 09:36:28.024, 77, 86, 0, 2437, 2437, 66.44, P0, 0x0000000000000000
2026/08/28 09:36:28.124, 76, 96, 0, 2463, 2463, 56.49, P0, 0x0000000000000000
2026/08/28 09:36:28.224, 76, 96, 0, 2463, 2463, 56.49, P0, 0x0000000000000000
2026/08/28 09:36:28.324, 76, 96, 0, 2463, 2463, 56.49, P0, 0x0000000000000000
2026/08/28 09:36:28.425, 76, 96, 0, 2463, 2463, 56.49, P0, 0x0000000000000000
2026/08/28 09:36:28.525, 76, 96, 0, 2463, 2463, 56.49, P0, 0x0000000000000000
2026/08/28 09:36:28.625, 76, 96, 0, 2463, 2463, 49.90, P0, 0x0000000000000000
2026/08/28 09:36:28.725, 76, 96, 0, 2463, 2463, 49.90, P0, 0x0000000000000000
2026/08/28 09:36:28.826, 76, 96, 0, 2463, 2463, 49.90, P0, 0x0000000000000000
2026/08/28 09:36:28.926, 76, 96, 0, 2463, 2463, 49.90, P0, 0x0000000000000000
2026/08/28 09:36:29.026, 76, 96, 0, 2463, 2463, 49.90, P0, 0x0000000000000000
2026/08/28 09:36:29.127, 76, 96, 0, 2463, 2463, 49.77, P0, 0x0000000000000000
2026/08/28 09:36:29.227, 76, 96, 0, 2463, 2463, 49.77, P0, 0x0000000000000000
2026/08/28 09:36:29.327, 76, 96, 0, 2463, 2463, 49.77, P0, 0x0000000000000000
2026/08/28 09:36:29.427, 76, 96, 0, 2463, 2463, 49.77, P0, 0x0000000000000000
2026/08/28 09:36:29.528, 76, 96, 0, 2463, 2463, 49.77, P0, 0x0000000000000000
2026/08/28 09:36:29.628, 76, 96, 0, 2463, 2463, 49.63, P0, 0x0000000000000000
2026/08/28 09:36:29.728, 76, 96, 0, 2463, 2463, 49.63, P0, 0x0000000000000000
2026/08/28 09:36:29.828, 76, 96, 0, 2463, 2463, 49.63, P0, 0x0000000000000000
2026/08/28 09:36:29.929, 76, 96, 0, 2463, 2463, 49.63, P0, 0x0000000000000000
2026/08/28 09:36:30.029, 76, 96, 0, 2463, 2463, 49.63, P0, 0x0000000000000000
2026/08/28 09:36:30.129, 76, 96, 0, 2463, 2463, 49.72, P0, 0x0000000000000000
2026/08/28 09:36:30.229, 76, 96, 0, 2463, 2463, 49.72, P0, 0x0000000000000000
2026/08/28 09:36:30.330, 76, 96, 0, 2463, 2463, 49.72, P0, 0x0000000000000000
2026/08/28 09:36:30.430, 76, 96, 0, 2463, 2463, 49.72, P0, 0x0000000000000000
2026/08/28 09:36:30.530, 76, 96, 0, 2463, 2463, 49.72, P0, 0x0000000000000000
2026/08/28 09:36:30.631, 76, 96, 0, 2463, 2463, 50.00, P0, 0x0000000000000000
2026/08/28 09:36:30.731, 76, 96, 0, 2463, 2463, 50.00, P0, 0x0000000000000000
2026/08/28 09:36:30.831, 76, 96, 0, 2463, 2463, 50.00, P0, 0x0000000000000000
2026/08/28 09:36:30.931, 76, 96, 0, 2463, 2463, 50.00, P0, 0x0000000000000000
2026/08/28 09:36:31.032, 76, 96, 0, 2463, 2463, 50.00, P0, 0x0000000000000000
2026/08/28 09:36:31.132, 76, 96, 0, 2463, 2463, 49.87, P0, 0x0000000000000000
2026/08/28 09:36:31.232, 76, 96, 0, 2463, 2463, 49.87, P0, 0x0000000000000000
2026/08/28 09:36:31.332, 76, 96, 0, 2463, 2463, 49.87, P0, 0x0000000000000000
2026/08/28 09:36:31.433, 76, 96, 0, 2463, 2463, 49.87, P0, 0x0000000000000000
2026/08/28 09:36:31.533, 76, 96, 0, 2463, 2463, 49.87, P0, 0x0000000000000000
2026/08/28 09:36:31.633, 76, 96, 0, 2463, 2463, 49.67, P0, 0x0000000000000000
2026/08/28 09:36:31.733, 76, 96, 0, 2463, 2463, 49.67, P0, 0x0000000000000000
2026/08/28 09:36:31.834, 76, 96, 0, 2463, 2463, 49.67, P0, 0x0000000000000000
2026/08/28 09:36:31.934, 76, 96, 0, 2463, 2463, 49.67, P0, 0x0000000000000000
2026/08/28 09:36:32.034, 76, 96, 0, 2463, 2463, 49.67, P0, 0x0000000000000000
2026/08/28 09:36:32.134, 75, 96, 0, 2463, 2463, 49.60, P0, 0x0000000000000000
2026/08/28 09:36:32.235, 75, 96, 0, 2463, 2463, 49.60, P0, 0x0000000000000000
2026/08/28 09:36:32.335, 75, 96, 0, 2463, 2463, 49.60, P0, 0x0000000000000000
2026/08/28 09:36:32.435, 75, 96, 0, 2463, 2463, 49.60, P0, 0x0000000000000000
2026/08/28 09:36:32.535, 75, 96, 0, 2463, 2463, 49.60, P0, 0x0000000000000000
2026/08/28 09:36:32.635, 80, 96, 0, 2437, 2437, 62.13, P0, 0x0000000000000000
2026/08/28 09:36:32.736, 80, 96, 0, 2437, 2437, 62.13, P0, 0x0000000000000000
2026/08/28 09:36:32.836, 80, 96, 0, 2437, 2437, 62.13, P0, 0x0000000000000000
2026/08/28 09:36:32.936, 80, 96, 0, 2437, 2437, 62.13, P0, 0x0000000000000000
2026/08/28 09:36:33.036, 80, 96, 0, 2437, 2437, 62.13, P0, 0x0000000000000000
2026/08/28 09:36:33.137, 82, 96, 0, 2405, 2405, 76.65, P0, 0x0000000000000000
2026/08/28 09:36:33.237, 82, 96, 0, 2405, 2405, 76.65, P0, 0x0000000000000000
2026/08/28 09:36:33.337, 82, 96, 0, 2405, 2405, 76.65, P0, 0x0000000000000000
2026/08/28 09:36:33.437, 82, 96, 0, 2405, 2405, 76.65, P0, 0x0000000000000000
2026/08/28 09:36:33.537, 82, 96, 0, 2405, 2405, 76.65, P0, 0x0000000000000000
2026/08/28 09:36:33.638, 75, 96, 0, 2431, 2431, 77.25, P0, 0x0000000000000000
2026/08/28 09:36:33.738, 75, 96, 0, 2431, 2431, 77.25, P0, 0x0000000000000000
2026/08/28 09:36:33.838, 75, 96, 0, 2431, 2431, 77.25, P0, 0x0000000000000000
2026/08/28 09:36:33.938, 75, 96, 0, 2431, 2431, 77.25, P0, 0x0000000000000000
2026/08/28 09:36:34.038, 75, 96, 0, 2431, 2431, 77.25, P0, 0x0000000000000000
2026/08/28 09:36:34.139, 79, 94, 0, 2431, 2431, 76.24, P0, 0x0000000000000000
2026/08/28 09:36:34.239, 79, 94, 0, 2431, 2431, 76.24, P0, 0x0000000000000000
2026/08/28 09:36:34.339, 79, 94, 0, 2431, 2431, 76.24, P0, 0x0000000000000000
2026/08/28 09:36:34.439, 79, 94, 0, 2431, 2431, 76.24, P0, 0x0000000000000000
2026/08/28 09:36:34.540, 79, 94, 0, 2431, 2431, 76.24, P0, 0x0000000000000000
2026/08/28 09:36:34.640, 82, 94, 0, 2418, 2418, 78.72, P0, 0x0000000000000000
2026/08/28 09:36:34.740, 82, 94, 0, 2418, 2418, 78.72, P0, 0x0000000000000000
2026/08/28 09:36:34.840, 82, 94, 0, 2418, 2418, 78.72, P0, 0x0000000000000000
2026/08/28 09:36:34.940, 82, 94, 0, 2418, 2418, 78.72, P0, 0x0000000000000000
2026/08/28 09:36:35.040, 82, 94, 0, 2418, 2418, 78.72, P0, 0x0000000000000000
2026/08/28 09:36:35.140, 80, 96, 0, 2431, 2431, 79.85, P0, 0x0000000000000000
2026/08/28 09:36:35.241, 80, 96, 0, 2431, 2431, 79.85, P0, 0x0000000000000000
2026/08/28 09:36:35.341, 80, 96, 0, 2431, 2431, 79.85, P0, 0x0000000000000000
2026/08/28 09:36:35.441, 80, 96, 0, 2431, 2431, 79.85, P0, 0x0000000000000000
2026/08/28 09:36:35.541, 80, 96, 0, 2431, 2431, 79.85, P0, 0x0000000000000000
2026/08/28 09:36:35.641, 82, 96, 0, 2340, 2340, 76.76, P0, 0x0000000000000000
2026/08/28 09:36:35.741, 82, 96, 0, 2340, 2340, 76.76, P0, 0x0000000000000000
2026/08/28 09:36:35.841, 82, 96, 0, 2340, 2340, 76.76, P0, 0x0000000000000000
2026/08/28 09:36:35.942, 82, 96, 0, 2340, 2340, 76.76, P0, 0x0000000000000000
2026/08/28 09:36:36.042, 82, 96, 0, 2340, 2340, 76.76, P0, 0x0000000000000000
2026/08/28 09:36:36.142, 79, 96, 0, 2424, 2424, 75.38, P0, 0x0000000000000020
2026/08/28 09:36:36.242, 79, 96, 0, 2424, 2424, 75.38, P0, 0x0000000000000020
2026/08/28 09:36:36.343, 79, 96, 0, 2424, 2424, 75.38, P0, 0x0000000000000020
2026/08/28 09:36:36.443, 79, 96, 0, 2424, 2424, 75.38, P0, 0x0000000000000020
2026/08/28 09:36:36.543, 79, 96, 0, 2424, 2424, 75.38, P0, 0x0000000000000020
2026/08/28 09:36:36.643, 81, 96, 0, 2242, 2242, 75.32, P0, 0x0000000000000020
2026/08/28 09:36:36.743, 81, 96, 0, 2242, 2242, 75.32, P0, 0x0000000000000020
2026/08/28 09:36:36.844, 81, 96, 0, 2242, 2242, 75.32, P0, 0x0000000000000020
2026/08/28 09:36:36.944, 81, 96, 0, 2242, 2242, 75.32, P0, 0x0000000000000020
2026/08/28 09:36:37.044, 81, 96, 0, 2242, 2242, 75.32, P0, 0x0000000000000020
2026/08/28 09:36:37.144, 80, 94, 0, 2385, 2385, 74.11, P0, 0x0000000000000000
2026/08/28 09:36:37.244, 80, 94, 0, 2385, 2385, 74.11, P0, 0x0000000000000000
2026/08/28 09:36:37.344, 80, 94, 0, 2385, 2385, 74.11, P0, 0x0000000000000000
2026/08/28 09:36:37.445, 80, 94, 0, 2385, 2385, 74.11, P0, 0x0000000000000000
2026/08/28 09:36:37.545, 80, 94, 0, 2385, 2385, 74.11, P0, 0x0000000000000000
2026/08/28 09:36:37.645, 80, 94, 0, 2073, 2073, 67.03, P0, 0x0000000000000000
2026/08/28 09:36:37.745, 80, 94, 0, 2073, 2073, 67.03, P0, 0x0000000000000000
2026/08/28 09:36:37.845, 80, 94, 0, 2073, 2073, 67.03, P0, 0x0000000000000000
2026/08/28 09:36:37.946, 80, 94, 0, 2073, 2073, 67.03, P0, 0x0000000000000000
2026/08/28 09:36:38.046, 80, 94, 0, 2073, 2073, 67.03, P0, 0x0000000000000000
2026/08/28 09:36:38.146, 76, 96, 0, 2463, 2463, 54.78, P0, 0x0000000000000000
2026/08/28 09:36:38.246, 76, 96, 0, 2463, 2463, 54.78, P0, 0x0000000000000000
2026/08/28 09:36:38.347, 76, 96, 0, 2463, 2463, 54.78, P0, 0x0000000000000000
2026/08/28 09:36:38.447, 76, 96, 0, 2463, 2463, 54.78, P0, 0x0000000000000000
2026/08/28 09:36:38.547, 76, 96, 0, 2463, 2463, 54.78, P0, 0x0000000000000000
2026/08/28 09:36:38.647, 76, 96, 0, 2463, 2463, 50.47, P0, 0x0000000000000000
2026/08/28 09:36:38.748, 76, 96, 0, 2463, 2463, 50.47, P0, 0x0000000000000000
2026/08/28 09:36:38.848, 76, 96, 0, 2463, 2463, 50.47, P0, 0x0000000000000000
2026/08/28 09:36:38.948, 76, 96, 0, 2463, 2463, 50.47, P0, 0x0000000000000000
2026/08/28 09:36:39.048, 76, 96, 0, 2463, 2463, 50.47, P0, 0x0000000000000000
2026/08/28 09:36:39.149, 76, 96, 0, 2463, 2463, 49.90, P0, 0x0000000000000000
2026/08/28 09:36:39.249, 76, 96, 0, 2463, 2463, 49.90, P0, 0x0000000000000000
2026/08/28 09:36:39.349, 76, 96, 0, 2463, 2463, 49.90, P0, 0x0000000000000000
2026/08/28 09:36:39.449, 76, 96, 0, 2463, 2463, 49.90, P0, 0x0000000000000000
2026/08/28 09:36:39.550, 76, 96, 0, 2463, 2463, 49.90, P0, 0x0000000000000000
2026/08/28 09:36:39.650, 76, 96, 0, 2463, 2463, 49.81, P0, 0x0000000000000000
2026/08/28 09:36:39.750, 76, 96, 0, 2463, 2463, 49.81, P0, 0x0000000000000000
2026/08/28 09:36:39.850, 76, 96, 0, 2463, 2463, 49.81, P0, 0x0000000000000000
2026/08/28 09:36:39.951, 76, 96, 0, 2463, 2463, 49.81, P0, 0x0000000000000000
2026/08/28 09:36:40.051, 76, 96, 0, 2463, 2463, 49.81, P0, 0x0000000000000000
2026/08/28 09:36:40.151, 76, 96, 0, 2463, 2463, 49.87, P0, 0x0000000000000000
2026/08/28 09:36:40.251, 76, 96, 0, 2463, 2463, 49.87, P0, 0x0000000000000000
2026/08/28 09:36:40.351, 76, 96, 0, 2463, 2463, 49.87, P0, 0x0000000000000000
2026/08/28 09:36:40.452, 76, 96, 0, 2463, 2463, 49.87, P0, 0x0000000000000000
2026/08/28 09:36:40.552, 76, 96, 0, 2463, 2463, 49.87, P0, 0x0000000000000000
2026/08/28 09:36:40.652, 76, 96, 0, 2463, 2463, 49.82, P0, 0x0000000000000000
2026/08/28 09:36:40.752, 76, 96, 0, 2463, 2463, 49.82, P0, 0x0000000000000000
2026/08/28 09:36:40.852, 76, 96, 0, 2463, 2463, 49.82, P0, 0x0000000000000000
2026/08/28 09:36:40.953, 76, 96, 0, 2463, 2463, 49.82, P0, 0x0000000000000000
2026/08/28 09:36:41.053, 76, 96, 0, 2463, 2463, 49.82, P0, 0x0000000000000000
2026/08/28 09:36:41.153, 80, 94, 0, 2437, 2437, 62.83, P0, 0x0000000000000000
2026/08/28 09:36:41.253, 80, 94, 0, 2437, 2437, 62.83, P0, 0x0000000000000000
2026/08/28 09:36:41.353, 80, 94, 0, 2437, 2437, 62.83, P0, 0x0000000000000000
2026/08/28 09:36:41.454, 80, 94, 0, 2437, 2437, 62.83, P0, 0x0000000000000000
2026/08/28 09:36:41.554, 80, 94, 0, 2437, 2437, 62.83, P0, 0x0000000000000000
2026/08/28 09:36:41.654, 82, 94, 0, 2424, 2424, 77.70, P0, 0x0000000000000000
2026/08/28 09:36:41.754, 82, 94, 0, 2424, 2424, 77.70, P0, 0x0000000000000000
2026/08/28 09:36:41.854, 82, 94, 0, 2424, 2424, 77.70, P0, 0x0000000000000000
2026/08/28 09:36:41.954, 82, 94, 0, 2424, 2424, 77.70, P0, 0x0000000000000000
2026/08/28 09:36:42.055, 82, 94, 0, 2424, 2424, 77.70, P0, 0x0000000000000000
2026/08/28 09:36:42.155, 79, 94, 0, 2418, 2418, 78.03, P0, 0x0000000000000020
2026/08/28 09:36:42.255, 79, 94, 0, 2418, 2418, 78.03, P0, 0x0000000000000020
2026/08/28 09:36:42.355, 79, 94, 0, 2418, 2418, 78.03, P0, 0x0000000000000020
2026/08/28 09:36:42.455, 79, 94, 0, 2418, 2418, 78.03, P0, 0x0000000000000020
2026/08/28 09:36:42.556, 79, 94, 0, 2418, 2418, 78.03, P0, 0x0000000000000020
2026/08/28 09:36:42.656, 81, 94, 0, 2418, 2418, 78.15, P0, 0x0000000000000000
2026/08/28 09:36:42.756, 81, 94, 0, 2418, 2418, 78.15, P0, 0x0000000000000000
2026/08/28 09:36:42.856, 81, 94, 0, 2418, 2418, 78.15, P0, 0x0000000000000000
2026/08/28 09:36:42.956, 81, 94, 0, 2418, 2418, 78.15, P0, 0x0000000000000000
2026/08/28 09:36:43.057, 81, 94, 0, 2418, 2418, 78.15, P0, 0x0000000000000000
2026/08/28 09:36:43.157, 80, 96, 0, 2418, 2418, 80.54, P0, 0x0000000000000000
2026/08/28 09:36:43.257, 80, 96, 0, 2418, 2418, 80.54, P0, 0x0000000000000000
2026/08/28 09:36:43.357, 80, 96, 0, 2418, 2418, 80.54, P0, 0x0000000000000000
2026/08/28 09:36:43.458, 80, 96, 0, 2418, 2418, 80.54, P0, 0x0000000000000000
2026/08/28 09:36:43.558, 80, 96, 0, 2418, 2418, 80.54, P0, 0x0000000000000000
2026/08/28 09:36:43.658, 81, 96, 0, 2418, 2418, 80.11, P0, 0x0000000000000000
2026/08/28 09:36:43.759, 81, 96, 0, 2418, 2418, 80.11, P0, 0x0000000000000000
2026/08/28 09:36:43.859, 81, 96, 0, 2418, 2418, 80.11, P0, 0x0000000000000000
2026/08/28 09:36:43.959, 81, 96, 0, 2418, 2418, 80.11, P0, 0x0000000000000000
2026/08/28 09:36:44.059, 81, 96, 0, 2418, 2418, 80.11, P0, 0x0000000000000000
2026/08/28 09:36:44.159, 80, 96, 0, 2359, 2359, 76.43, P0, 0x0000000000000000
2026/08/28 09:36:44.259, 80, 96, 0, 2359, 2359, 76.43, P0, 0x0000000000000000
2026/08/28 09:36:44.359, 80, 96, 0, 2359, 2359, 76.43, P0, 0x0000000000000000
2026/08/28 09:36:44.460, 80, 96, 0, 2359, 2359, 76.43, P0, 0x0000000000000000
2026/08/28 09:36:44.560, 80, 96, 0, 2359, 2359, 76.43, P0, 0x0000000000000000
2026/08/28 09:36:44.660, 77, 96, 0, 2346, 2346, 66.01, P0, 0x0000000000000000
2026/08/28 09:36:44.760, 77, 96, 0, 2346, 2346, 66.01, P0, 0x0000000000000000
2026/08/28 09:36:44.861, 77, 96, 0, 2346, 2346, 66.01, P0, 0x0000000000000000
2026/08/28 09:36:44.961, 77, 96, 0, 2346, 2346, 66.01, P0, 0x0000000000000000
2026/08/28 09:36:45.061, 77, 96, 0, 2346, 2346, 66.01, P0, 0x0000000000000000
2026/08/28 09:36:45.161, 81, 96, 0, 2457, 2457, 62.79, P0, 0x0000000000000000
2026/08/28 09:36:45.262, 81, 96, 0, 2457, 2457, 62.79, P0, 0x0000000000000000
2026/08/28 09:36:45.362, 81, 96, 0, 2457, 2457, 62.79, P0, 0x0000000000000000
2026/08/28 09:36:45.462, 81, 96, 0, 2457, 2457, 62.79, P0, 0x0000000000000000
2026/08/28 09:36:45.562, 81, 96, 0, 2457, 2457, 62.79, P0, 0x0000000000000000
2026/08/28 09:36:45.662, 81, 96, 0, 2424, 2424, 72.18, P0, 0x0000000000000000
2026/08/28 09:36:45.762, 81, 96, 0, 2424, 2424, 72.18, P0, 0x0000000000000000
2026/08/28 09:36:45.863, 81, 96, 0, 2424, 2424, 72.18, P0, 0x0000000000000000
2026/08/28 09:36:45.963, 81, 96, 0, 2424, 2424, 72.18, P0, 0x0000000000000000
2026/08/28 09:36:46.063, 81, 96, 0, 2424, 2424, 72.18, P0, 0x0000000000000000
2026/08/28 09:36:46.163, 81, 96, 0, 2418, 2418, 79.48, P0, 0x0000000000000000
2026/08/28 09:36:46.263, 81, 96, 0, 2418, 2418, 79.48, P0, 0x0000000000000000
2026/08/28 09:36:46.363, 81, 96, 0, 2418, 2418, 79.48, P0, 0x0000000000000000
2026/08/28 09:36:46.464, 81, 96, 0, 2418, 2418, 79.48, P0, 0x0000000000000000
2026/08/28 09:36:46.564, 81, 96, 0, 2418, 2418, 79.48, P0, 0x0000000000000000
2026/08/28 09:36:46.664, 80, 96, 0, 2424, 2424, 76.03, P0, 0x0000000000000020
2026/08/28 09:36:46.764, 80, 96, 0, 2424, 2424, 76.03, P0, 0x0000000000000020
2026/08/28 09:36:46.865, 80, 96, 0, 2424, 2424, 76.03, P0, 0x0000000000000020
2026/08/28 09:36:46.965, 80, 96, 0, 2424, 2424, 76.03, P0, 0x0000000000000020
2026/08/28 09:36:47.065, 80, 96, 0, 2424, 2424, 76.03, P0, 0x0000000000000020
2026/08/28 09:36:47.165, 77, 96, 0, 2424, 2424, 70.34, P0, 0x0000000000000000
2026/08/28 09:36:47.265, 77, 96, 0, 2424, 2424, 70.34, P0, 0x0000000000000000
2026/08/28 09:36:47.366, 77, 96, 0, 2424, 2424, 70.34, P0, 0x0000000000000000
2026/08/28 09:36:47.466, 77, 96, 0, 2424, 2424, 70.34, P0, 0x0000000000000000
2026/08/28 09:36:47.566, 77, 96, 0, 2424, 2424, 70.34, P0, 0x0000000000000000
2026/08/28 09:36:47.667, 77, 96, 0, 2463, 2463, 59.35, P0, 0x0000000000000000
2026/08/28 09:36:47.767, 77, 96, 0, 2463, 2463, 59.35, P0, 0x0000000000000000
2026/08/28 09:36:47.867, 77, 96, 0, 2463, 2463, 59.35, P0, 0x0000000000000000
2026/08/28 09:36:47.967, 77, 96, 0, 2463, 2463, 59.35, P0, 0x0000000000000000
2026/08/28 09:36:48.068, 77, 96, 0, 2463, 2463, 59.35, P0, 0x0000000000000000
2026/08/28 09:36:48.168, 76, 96, 0, 2463, 2463, 50.12, P0, 0x0000000000000000
2026/08/28 09:36:48.268, 76, 96, 0, 2463, 2463, 50.12, P0, 0x0000000000000000
2026/08/28 09:36:48.368, 76, 96, 0, 2463, 2463, 50.12, P0, 0x0000000000000000
2026/08/28 09:36:48.469, 76, 96, 0, 2463, 2463, 50.12, P0, 0x0000000000000000
2026/08/28 09:36:48.569, 76, 96, 0, 2463, 2463, 50.12, P0, 0x0000000000000000
2026/08/28 09:36:48.669, 76, 96, 0, 2463, 2463, 50.25, P0, 0x0000000000000000
2026/08/28 09:36:48.769, 76, 96, 0, 2463, 2463, 50.25, P0, 0x0000000000000000
2026/08/28 09:36:48.870, 76, 96, 0, 2463, 2463, 50.25, P0, 0x0000000000000000
2026/08/28 09:36:48.970, 76, 96, 0, 2463, 2463, 50.25, P0, 0x0000000000000000
2026/08/28 09:36:49.070, 76, 96, 0, 2463, 2463, 50.25, P0, 0x0000000000000000
2026/08/28 09:36:49.170, 79, 94, 0, 2437, 2437, 62.15, P0, 0x0000000000000000
2026/08/28 09:36:49.270, 79, 94, 0, 2437, 2437, 62.15, P0, 0x0000000000000000
2026/08/28 09:36:49.370, 79, 94, 0, 2437, 2437, 62.15, P0, 0x0000000000000000
2026/08/28 09:36:49.471, 79, 94, 0, 2437, 2437, 62.15, P0, 0x0000000000000000
2026/08/28 09:36:49.571, 79, 94, 0, 2437, 2437, 62.15, P0, 0x0000000000000000
2026/08/28 09:36:49.671, 81, 94, 0, 2424, 2424, 76.66, P0, 0x0000000000000000
2026/08/28 09:36:49.771, 81, 94, 0, 2424, 2424, 76.66, P0, 0x0000000000000000
2026/08/28 09:36:49.872, 81, 94, 0, 2424, 2424, 76.66, P0, 0x0000000000000000
2026/08/28 09:36:49.972, 81, 94, 0, 2424, 2424, 76.66, P0, 0x0000000000000000
2026/08/28 09:36:50.072, 81, 94, 0, 2424, 2424, 76.66, P0, 0x0000000000000000
2026/08/28 09:36:50.173, 81, 94, 0, 2424, 2424, 79.39, P0, 0x0000000000000000
2026/08/28 09:36:50.273, 81, 94, 0, 2424, 2424, 79.39, P0, 0x0000000000000000
2026/08/28 09:36:50.373, 81, 94, 0, 2424, 2424, 79.39, P0, 0x0000000000000000
2026/08/28 09:36:50.473, 81, 94, 0, 2424, 2424, 79.39, P0, 0x0000000000000000
2026/08/28 09:36:50.573, 81, 94, 0, 2424, 2424, 79.39, P0, 0x0000000000000000
2026/08/28 09:36:50.673, 80, 94, 0, 2418, 2418, 79.52, P0, 0x0000000000000020
2026/08/28 09:36:50.774, 80, 94, 0, 2418, 2418, 79.52, P0, 0x0000000000000020
2026/08/28 09:36:50.874, 80, 94, 0, 2418, 2418, 79.52, P0, 0x0000000000000020
2026/08/28 09:36:50.974, 80, 94, 0, 2418, 2418, 79.52, P0, 0x0000000000000020
2026/08/28 09:36:51.074, 80, 94, 0, 2418, 2418, 79.52, P0, 0x0000000000000020
2026/08/28 09:36:51.174, 82, 96, 0, 2379, 2379, 78.18, P0, 0x0000000000000000
2026/08/28 09:36:51.274, 82, 96, 0, 2379, 2379, 78.18, P0, 0x0000000000000000
2026/08/28 09:36:51.375, 82, 96, 0, 2379, 2379, 78.18, P0, 0x0000000000000000
2026/08/28 09:36:51.475, 82, 96, 0, 2379, 2379, 78.18, P0, 0x0000000000000000
2026/08/28 09:36:51.575, 82, 96, 0, 2379, 2379, 78.18, P0, 0x0000000000000000
2026/08/28 09:36:51.675, 81, 96, 0, 2132, 2132, 71.65, P0, 0x0000000000000020
2026/08/28 09:36:51.775, 81, 96, 0, 2132, 2132, 71.65, P0, 0x0000000000000020
2026/08/28 09:36:51.875, 81, 96, 0, 2132, 2132, 71.65, P0, 0x0000000000000020
2026/08/28 09:36:51.976, 81, 96, 0, 2132, 2132, 71.65, P0, 0x0000000000000020
2026/08/28 09:36:52.076, 81, 96, 0, 2132, 2132, 71.65, P0, 0x0000000000000020
2026/08/28 09:36:52.176, 77, 96, 0, 2379, 2379, 63.27, P0, 0x0000000000000000
2026/08/28 09:36:52.276, 77, 96, 0, 2379, 2379, 63.27, P0, 0x0000000000000000
2026/08/28 09:36:52.376, 77, 96, 0, 2379, 2379, 63.27, P0, 0x0000000000000000
2026/08/28 09:36:52.477, 77, 96, 0, 2379, 2379, 63.27, P0, 0x0000000000000000
2026/08/28 09:36:52.577, 77, 96, 0, 2379, 2379, 63.27, P0, 0x0000000000000000
2026/08/28 09:36:52.677, 80, 96, 0, 2463, 2463, 57.36, P0, 0x0000000000000000
2026/08/28 09:36:52.777, 80, 96, 0, 2463, 2463, 57.36, P0, 0x0000000000000000
2026/08/28 09:36:52.877, 80, 96, 0, 2463, 2463, 57.36, P0, 0x0000000000000000
2026/08/28 09:36:52.978, 80, 96, 0, 2463, 2463, 57.36, P0, 0x0000000000000000
2026/08/28 09:36:53.078, 80, 96, 0, 2463, 2463, 57.36, P0, 0x0000000000000000
2026/08/28 09:36:53.178, 81, 96, 0, 2431, 2431, 66.83, P0, 0x0000000000000000
2026/08/28 09:36:53.279, 81, 96, 0, 2431, 2431, 66.83, P0, 0x0000000000000000
2026/08/28 09:36:53.379, 81, 96, 0, 2431, 2431, 66.83, P0, 0x0000000000000000
2026/08/28 09:36:53.479, 81, 96, 0, 2431, 2431, 66.83, P0, 0x0000000000000000
2026/08/28 09:36:53.579, 81, 96, 0, 2431, 2431, 66.83, P0, 0x0000000000000000
2026/08/28 09:36:53.679, 79, 96, 0, 2424, 2424, 79.20, P0, 0x0000000000000000
2026/08/28 09:36:53.779, 79, 96, 0, 2424, 2424, 79.20, P0, 0x0000000000000000
2026/08/28 09:36:53.880, 79, 96, 0, 2424, 2424, 79.20, P0, 0x0000000000000000
2026/08/28 09:36:53.980, 79, 96, 0, 2424, 2424, 79.20, P0, 0x0000000000000000
2026/08/28 09:36:54.080, 79, 96, 0, 2424, 2424, 79.20, P0, 0x0000000000000000
2026/08/28 09:36:54.180, 82, 96, 0, 2418, 2418, 79.55, P0, 0x0000000000000000
2026/08/28 09:36:54.280, 82, 96, 0, 2418, 2418, 79.55, P0, 0x0000000000000000
2026/08/28 09:36:54.380, 82, 96, 0, 2418, 2418, 79.55, P0, 0x0000000000000000
2026/08/28 09:36:54.480, 82, 96, 0, 2418, 2418, 79.55, P0, 0x0000000000000000
2026/08/28 09:36:54.581, 82, 96, 0, 2418, 2418, 79.55, P0, 0x0000000000000000
2026/08/28 09:36:54.681, 82, 96, 0, 2418, 2418, 77.93, P0, 0x0000000000000000
2026/08/28 09:36:54.781, 82, 96, 0, 2418, 2418, 77.93, P0, 0x0000000000000000
2026/08/28 09:36:54.881, 82, 96, 0, 2418, 2418, 77.93, P0, 0x0000000000000000
2026/08/28 09:36:54.981, 82, 96, 0, 2418, 2418, 77.93, P0, 0x0000000000000000
2026/08/28 09:36:55.081, 82, 96, 0, 2418, 2418, 77.93, P0, 0x0000000000000000
2026/08/28 09:36:55.182, 81, 96, 0, 2424, 2424, 77.71, P0, 0x0000000000000000
2026/08/28 09:36:55.282, 81, 96, 0, 2424, 2424, 77.71, P0, 0x0000000000000000
2026/08/28 09:36:55.382, 81, 96, 0, 2424, 2424, 77.71, P0, 0x0000000000000000
2026/08/28 09:36:55.482, 81, 96, 0, 2424, 2424, 77.71, P0, 0x0000000000000000
2026/08/28 09:36:55.582, 81, 96, 0, 2424, 2424, 77.71, P0, 0x0000000000000000
2026/08/28 09:36:55.682, 83, 96, 0, 2424, 2424, 80.61, P0, 0x0000000000000000
2026/08/28 09:36:55.783, 83, 96, 0, 2424, 2424, 80.61, P0, 0x0000000000000000
2026/08/28 09:36:55.883, 83, 96, 0, 2424, 2424, 80.61, P0, 0x0000000000000000
2026/08/28 09:36:55.983, 83, 96, 0, 2424, 2424, 80.61, P0, 0x0000000000000000
2026/08/28 09:36:56.083, 83, 96, 0, 2424, 2424, 80.61, P0, 0x0000000000000000
2026/08/28 09:36:56.183, 83, 94, 0, 2424, 2424, 81.19, P0, 0x0000000000000000
2026/08/28 09:36:56.283, 83, 94, 0, 2424, 2424, 81.19, P0, 0x0000000000000000
2026/08/28 09:36:56.384, 83, 94, 0, 2424, 2424, 81.19, P0, 0x0000000000000000
2026/08/28 09:36:56.484, 83, 94, 0, 2424, 2424, 81.19, P0, 0x0000000000000000
2026/08/28 09:36:56.584, 83, 94, 0, 2424, 2424, 81.19, P0, 0x0000000000000000
2026/08/28 09:36:56.684, 81, 94, 0, 2405, 2405, 79.19, P0, 0x0000000000000048
2026/08/28 09:36:56.784, 81, 94, 0, 2405, 2405, 79.19, P0, 0x0000000000000048
2026/08/28 09:36:56.884, 81, 94, 0, 2405, 2405, 79.19, P0, 0x0000000000000048
2026/08/28 09:36:56.984, 81, 94, 0, 2405, 2405, 79.19, P0, 0x0000000000000048
2026/08/28 09:36:57.085, 81, 94, 0, 2405, 2405, 79.19, P0, 0x0000000000000048
2026/08/28 09:36:57.185, 81, 96, 0, 2418, 2418, 78.13, P0, 0x0000000000000000
2026/08/28 09:36:57.285, 81, 96, 0, 2418, 2418, 78.13, P0, 0x0000000000000000
2026/08/28 09:36:57.385, 81, 96, 0, 2418, 2418, 78.13, P0, 0x0000000000000000
2026/08/28 09:36:57.485, 81, 96, 0, 2418, 2418, 78.13, P0, 0x0000000000000000
2026/08/28 09:36:57.585, 81, 96, 0, 2418, 2418, 78.13, P0, 0x0000000000000000
2026/08/28 09:36:57.686, 81, 96, 0, 2359, 2359, 73.89, P0, 0x0000000000000020
2026/08/28 09:36:57.786, 81, 96, 0, 2359, 2359, 73.89, P0, 0x0000000000000020
2026/08/28 09:36:57.886, 81, 96, 0, 2359, 2359, 73.89, P0, 0x0000000000000020
2026/08/28 09:36:57.987, 81, 96, 0, 2359, 2359, 73.89, P0, 0x0000000000000020
2026/08/28 09:36:58.087, 81, 96, 0, 2359, 2359, 73.89, P0, 0x0000000000000020
2026/08/28 09:36:58.187, 77, 96, 0, 2431, 2431, 65.93, P0, 0x0000000000000000
2026/08/28 09:36:58.288, 77, 96, 0, 2431, 2431, 65.93, P0, 0x0000000000000000
2026/08/28 09:36:58.388, 77, 96, 0, 2431, 2431, 65.93, P0, 0x0000000000000000
2026/08/28 09:36:58.488, 77, 96, 0, 2431, 2431, 65.93, P0, 0x0000000000000000
2026/08/28 09:36:58.588, 77, 96, 0, 2431, 2431, 65.93, P0, 0x0000000000000000
2026/08/28 09:36:58.689, 77, 96, 0, 2463, 2463, 56.71, P0, 0x0000000000000000
2026/08/28 09:36:58.789, 77, 96, 0, 2463, 2463, 56.71, P0, 0x0000000000000000
2026/08/28 09:36:58.889, 77, 96, 0, 2463, 2463, 56.71, P0, 0x0000000000000000
2026/08/28 09:36:58.990, 77, 96, 0, 2463, 2463, 56.71, P0, 0x0000000000000000
2026/08/28 09:36:59.090, 77, 96, 0, 2463, 2463, 56.71, P0, 0x0000000000000000
2026/08/28 09:36:59.190, 77, 96, 0, 2463, 2463, 50.56, P0, 0x0000000000000000
2026/08/28 09:36:59.290, 77, 96, 0, 2463, 2463, 50.56, P0, 0x0000000000000000
2026/08/28 09:36:59.391, 77, 96, 0, 2463, 2463, 50.56, P0, 0x0000000000000000
2026/08/28 09:36:59.491, 77, 96, 0, 2463, 2463, 50.56, P0, 0x0000000000000000
2026/08/28 09:36:59.591, 77, 96, 0, 2463, 2463, 50.56, P0, 0x0000000000000000
2026/08/28 09:36:59.691, 77, 96, 0, 2463, 2463, 50.47, P0, 0x0000000000000000
2026/08/28 09:36:59.792, 77, 96, 0, 2463, 2463, 50.47, P0, 0x0000000000000000
2026/08/28 09:36:59.892, 77, 96, 0, 2463, 2463, 50.47, P0, 0x0000000000000000
2026/08/28 09:36:59.992, 77, 96, 0, 2463, 2463, 50.47, P0, 0x0000000000000000
2026/08/28 09:37:00.092, 77, 96, 0, 2463, 2463, 50.47, P0, 0x0000000000000000
2026/08/28 09:37:00.192, 77, 96, 0, 2463, 2463, 50.56, P0, 0x0000000000000000
2026/08/28 09:37:00.293, 77, 96, 0, 2463, 2463, 50.56, P0, 0x0000000000000000
2026/08/28 09:37:00.393, 77, 96, 0, 2463, 2463, 50.56, P0, 0x0000000000000000
2026/08/28 09:37:00.493, 77, 96, 0, 2463, 2463, 50.56, P0, 0x0000000000000000
2026/08/28 09:37:00.593, 77, 96, 0, 2463, 2463, 50.56, P0, 0x0000000000000000
2026/08/28 09:37:00.694, 77, 96, 0, 2463, 2463, 50.60, P0, 0x0000000000000000
2026/08/28 09:37:00.794, 77, 96, 0, 2463, 2463, 50.60, P0, 0x0000000000000000
2026/08/28 09:37:00.894, 77, 96, 0, 2463, 2463, 50.60, P0, 0x0000000000000000
2026/08/28 09:37:00.994, 77, 96, 0, 2463, 2463, 50.60, P0, 0x0000000000000000
2026/08/28 09:37:01.095, 77, 96, 0, 2463, 2463, 50.60, P0, 0x0000000000000000
2026/08/28 09:37:01.195, 77, 96, 0, 2463, 2463, 50.57, P0, 0x0000000000000000
2026/08/28 09:37:01.295, 77, 96, 0, 2463, 2463, 50.57, P0, 0x0000000000000000
2026/08/28 09:37:01.395, 77, 96, 0, 2463, 2463, 50.57, P0, 0x0000000000000000
2026/08/28 09:37:01.496, 77, 96, 0, 2463, 2463, 50.57, P0, 0x0000000000000000
2026/08/28 09:37:01.596, 77, 96, 0, 2463, 2463, 50.57, P0, 0x0000000000000000
2026/08/28 09:37:01.696, 77, 96, 0, 2463, 2463, 50.57, P0, 0x0000000000000000
2026/08/28 09:37:01.797, 77, 96, 0, 2463, 2463, 50.57, P0, 0x0000000000000000
2026/08/28 09:37:01.897, 77, 96, 0, 2463, 2463, 50.57, P0, 0x0000000000000000
2026/08/28 09:37:01.997, 77, 96, 0, 2463, 2463, 50.57, P0, 0x0000000000000000
2026/08/28 09:37:02.098, 77, 96, 0, 2463, 2463, 50.57, P0, 0x0000000000000000
2026/08/28 09:37:02.198, 77, 96, 0, 2463, 2463, 50.46, P0, 0x0000000000000000
2026/08/28 09:37:02.298, 77, 96, 0, 2463, 2463, 50.46, P0, 0x0000000000000000
2026/08/28 09:37:02.399, 77, 96, 0, 2463, 2463, 50.46, P0, 0x0000000000000000
2026/08/28 09:37:02.499, 77, 96, 0, 2463, 2463, 50.46, P0, 0x0000000000000000
2026/08/28 09:37:02.599, 77, 96, 0, 2463, 2463, 50.46, P0, 0x0000000000000000
2026/08/28 09:37:02.699, 77, 96, 0, 2463, 2463, 50.28, P0, 0x0000000000000000
2026/08/28 09:37:02.799, 77, 96, 0, 2463, 2463, 50.28, P0, 0x0000000000000000
2026/08/28 09:37:02.900, 77, 96, 0, 2463, 2463, 50.28, P0, 0x0000000000000000
2026/08/28 09:37:03.000, 77, 96, 0, 2463, 2463, 50.28, P0, 0x0000000000000000
2026/08/28 09:37:03.100, 77, 96, 0, 2463, 2463, 50.28, P0, 0x0000000000000000
2026/08/28 09:37:03.200, 77, 96, 0, 2463, 2463, 50.32, P0, 0x0000000000000000
2026/08/28 09:37:03.301, 77, 96, 0, 2463, 2463, 50.32, P0, 0x0000000000000000
2026/08/28 09:37:03.401, 77, 96, 0, 2463, 2463, 50.32, P0, 0x0000000000000000
2026/08/28 09:37:03.501, 77, 96, 0, 2463, 2463, 50.32, P0, 0x0000000000000000
2026/08/28 09:37:03.601, 77, 96, 0, 2463, 2463, 50.32, P0, 0x0000000000000000
2026/08/28 09:37:03.701, 77, 96, 0, 2463, 2463, 50.40, P0, 0x0000000000000000
2026/08/28 09:37:03.802, 77, 96, 0, 2463, 2463, 50.40, P0, 0x0000000000000000
2026/08/28 09:37:03.902, 77, 96, 0, 2463, 2463, 50.40, P0, 0x0000000000000000
2026/08/28 09:37:04.002, 77, 96, 0, 2463, 2463, 50.40, P0, 0x0000000000000000
2026/08/28 09:37:04.102, 77, 96, 0, 2463, 2463, 50.40, P0, 0x0000000000000000
2026/08/28 09:37:04.203, 77, 96, 0, 2463, 2463, 50.40, P0, 0x0000000000000000
2026/08/28 09:37:04.303, 77, 96, 0, 2463, 2463, 50.40, P0, 0x0000000000000000
2026/08/28 09:37:04.403, 77, 96, 0, 2463, 2463, 50.40, P0, 0x0000000000000000
2026/08/28 09:37:04.503, 77, 96, 0, 2463, 2463, 50.40, P0, 0x0000000000000000
2026/08/28 09:37:04.604, 77, 96, 0, 2463, 2463, 50.40, P0, 0x0000000000000000
2026/08/28 09:37:04.704, 77, 96, 0, 2463, 2463, 50.43, P0, 0x0000000000000000
2026/08/28 09:37:04.804, 77, 96, 0, 2463, 2463, 50.43, P0, 0x0000000000000000
2026/08/28 09:37:04.904, 77, 96, 0, 2463, 2463, 50.43, P0, 0x0000000000000000
2026/08/28 09:37:05.005, 77, 96, 0, 2463, 2463, 50.43, P0, 0x0000000000000000
2026/08/28 09:37:05.105, 77, 96, 0, 2463, 2463, 50.43, P0, 0x0000000000000000
2026/08/28 09:37:05.205, 77, 96, 0, 2463, 2463, 50.38, P0, 0x0000000000000000
2026/08/28 09:37:05.305, 77, 96, 0, 2463, 2463, 50.38, P0, 0x0000000000000000
2026/08/28 09:37:05.405, 77, 96, 0, 2463, 2463, 50.38, P0, 0x0000000000000000
2026/08/28 09:37:05.506, 77, 96, 0, 2463, 2463, 50.38, P0, 0x0000000000000000
2026/08/28 09:37:05.606, 77, 96, 0, 2463, 2463, 50.38, P0, 0x0000000000000000
2026/08/28 09:37:05.706, 77, 96, 0, 2463, 2463, 50.43, P0, 0x0000000000000000
2026/08/28 09:37:05.806, 77, 96, 0, 2463, 2463, 50.43, P0, 0x0000000000000000
2026/08/28 09:37:05.907, 77, 96, 0, 2463, 2463, 50.43, P0, 0x0000000000000000
2026/08/28 09:37:06.007, 77, 96, 0, 2463, 2463, 50.43, P0, 0x0000000000000000
2026/08/28 09:37:06.108, 77, 96, 0, 2463, 2463, 50.43, P0, 0x0000000000000000
2026/08/28 09:37:06.208, 77, 96, 0, 2463, 2463, 50.45, P0, 0x0000000000000000
2026/08/28 09:37:06.308, 77, 96, 0, 2463, 2463, 50.45, P0, 0x0000000000000000
2026/08/28 09:37:06.409, 77, 96, 0, 2463, 2463, 50.45, P0, 0x0000000000000000
2026/08/28 09:37:06.509, 77, 96, 0, 2463, 2463, 50.45, P0, 0x0000000000000000
2026/08/28 09:37:06.609, 77, 96, 0, 2463, 2463, 50.45, P0, 0x0000000000000000
2026/08/28 09:37:06.709, 77, 96, 0, 2463, 2463, 50.23, P0, 0x0000000000000000
2026/08/28 09:37:06.810, 77, 96, 0, 2463, 2463, 50.23, P0, 0x0000000000000000
2026/08/28 09:37:06.910, 77, 96, 0, 2463, 2463, 50.23, P0, 0x0000000000000000
2026/08/28 09:37:07.010, 77, 96, 0, 2463, 2463, 50.23, P0, 0x0000000000000000
2026/08/28 09:37:07.110, 77, 96, 0, 2463, 2463, 50.23, P0, 0x0000000000000000
2026/08/28 09:37:07.210, 77, 96, 0, 2463, 2463, 50.16, P0, 0x0000000000000000
2026/08/28 09:37:07.311, 77, 96, 0, 2463, 2463, 50.16, P0, 0x0000000000000000
2026/08/28 09:37:07.411, 77, 96, 0, 2463, 2463, 50.16, P0, 0x0000000000000000
2026/08/28 09:37:07.511, 77, 96, 0, 2463, 2463, 50.16, P0, 0x0000000000000000
2026/08/28 09:37:07.611, 77, 96, 0, 2463, 2463, 50.16, P0, 0x0000000000000000
2026/08/28 09:37:07.712, 77, 96, 0, 2463, 2463, 50.34, P0, 0x0000000000000000
2026/08/28 09:37:07.812, 77, 96, 0, 2463, 2463, 50.34, P0, 0x0000000000000000
2026/08/28 09:37:07.912, 77, 96, 0, 2463, 2463, 50.34, P0, 0x0000000000000000
2026/08/28 09:37:08.012, 77, 96, 0, 2463, 2463, 50.34, P0, 0x0000000000000000
2026/08/28 09:37:08.113, 77, 96, 0, 2463, 2463, 50.34, P0, 0x0000000000000000
2026/08/28 09:37:08.213, 77, 96, 0, 2463, 2463, 50.36, P0, 0x0000000000000000
2026/08/28 09:37:08.313, 77, 96, 0, 2463, 2463, 50.36, P0, 0x0000000000000000
2026/08/28 09:37:08.413, 77, 96, 0, 2463, 2463, 50.36, P0, 0x0000000000000000
2026/08/28 09:37:08.513, 77, 96, 0, 2463, 2463, 50.36, P0, 0x0000000000000000
2026/08/28 09:37:08.614, 77, 96, 0, 2463, 2463, 50.36, P0, 0x0000000000000000
2026/08/28 09:37:08.714, 82, 96, 0, 2444, 2444, 60.44, P0, 0x0000000000000000
2026/08/28 09:37:08.814, 82, 96, 0, 2444, 2444, 60.44, P0, 0x0000000000000000
2026/08/28 09:37:08.914, 82, 96, 0, 2444, 2444, 60.44, P0, 0x0000000000000000
2026/08/28 09:37:09.015, 82, 96, 0, 2444, 2444, 60.44, P0, 0x0000000000000000
2026/08/28 09:37:09.115, 82, 96, 0, 2444, 2444, 60.44, P0, 0x0000000000000000
2026/08/28 09:37:09.215, 82, 96, 0, 2418, 2418, 75.14, P0, 0x0000000000000000
2026/08/28 09:37:09.315, 82, 96, 0, 2418, 2418, 75.14, P0, 0x0000000000000000
2026/08/28 09:37:09.415, 82, 96, 0, 2418, 2418, 75.14, P0, 0x0000000000000000
2026/08/28 09:37:09.516, 82, 96, 0, 2418, 2418, 75.14, P0, 0x0000000000000000
2026/08/28 09:37:09.616, 82, 96, 0, 2418, 2418, 75.14, P0, 0x0000000000000000
2026/08/28 09:37:09.716, 81, 96, 0, 2424, 2424, 78.96, P0, 0x0000000000000020
2026/08/28 09:37:09.816, 81, 96, 0, 2424, 2424, 78.96, P0, 0x0000000000000020
2026/08/28 09:37:09.916, 81, 96, 0, 2424, 2424, 78.96, P0, 0x0000000000000020
2026/08/28 09:37:10.017, 81, 96, 0, 2424, 2424, 78.96, P0, 0x0000000000000020
2026/08/28 09:37:10.117, 81, 96, 0, 2424, 2424, 78.96, P0, 0x0000000000000020
2026/08/28 09:37:10.217, 81, 94, 0, 2398, 2398, 76.11, P0, 0x0000000000000000
2026/08/28 09:37:10.317, 81, 94, 0, 2398, 2398, 76.11, P0, 0x0000000000000000
2026/08/28 09:37:10.418, 81, 94, 0, 2398, 2398, 76.11, P0, 0x0000000000000000
2026/08/28 09:37:10.518, 81, 94, 0, 2398, 2398, 76.11, P0, 0x0000000000000000
2026/08/28 09:37:10.618, 81, 94, 0, 2398, 2398, 76.11, P0, 0x0000000000000000
2026/08/28 09:37:10.718, 76, 94, 0, 2418, 2418, 74.22, P0, 0x0000000000000000
2026/08/28 09:37:10.819, 76, 94, 0, 2418, 2418, 74.22, P0, 0x0000000000000000
2026/08/28 09:37:10.919, 76, 94, 0, 2418, 2418, 74.22, P0, 0x0000000000000000
2026/08/28 09:37:11.019, 76, 94, 0, 2418, 2418, 74.22, P0, 0x0000000000000000
2026/08/28 09:37:11.119, 76, 94, 0, 2418, 2418, 74.22, P0, 0x0000000000000000
2026/08/28 09:37:11.220, 83, 96, 0, 2411, 2411, 75.92, P0, 0x0000000000000000
2026/08/28 09:37:11.320, 83, 96, 0, 2411, 2411, 75.92, P0, 0x0000000000000000
2026/08/28 09:37:11.420, 83, 96, 0, 2411, 2411, 75.92, P0, 0x0000000000000000
2026/08/28 09:37:11.520, 83, 96, 0, 2411, 2411, 75.92, P0, 0x0000000000000000
2026/08/28 09:37:11.620, 83, 96, 0, 2411, 2411, 75.92, P0, 0x0000000000000000
2026/08/28 09:37:11.720, 78, 96, 0, 2424, 2424, 74.35, P0, 0x0000000000000000
2026/08/28 09:37:11.821, 78, 96, 0, 2424, 2424, 74.35, P0, 0x0000000000000000
2026/08/28 09:37:11.921, 78, 96, 0, 2424, 2424, 74.35, P0, 0x0000000000000000
2026/08/28 09:37:12.021, 78, 96, 0, 2424, 2424, 74.35, P0, 0x0000000000000000
2026/08/28 09:37:12.121, 78, 96, 0, 2424, 2424, 74.35, P0, 0x0000000000000000
2026/08/28 09:37:12.221, 77, 96, 0, 2457, 2457, 59.89, P0, 0x0000000000000000
2026/08/28 09:37:12.322, 77, 96, 0, 2457, 2457, 59.89, P0, 0x0000000000000000
2026/08/28 09:37:12.422, 77, 96, 0, 2457, 2457, 59.89, P0, 0x0000000000000000
2026/08/28 09:37:12.522, 77, 96, 0, 2457, 2457, 59.89, P0, 0x0000000000000000
2026/08/28 09:37:12.622, 77, 96, 0, 2457, 2457, 59.89, P0, 0x0000000000000000
2026/08/28 09:37:12.723, 77, 96, 0, 2463, 2463, 49.73, P0, 0x0000000000000000
2026/08/28 09:37:12.823, 77, 96, 0, 2463, 2463, 49.73, P0, 0x0000000000000000
2026/08/28 09:37:12.924, 77, 96, 0, 2463, 2463, 49.73, P0, 0x0000000000000000
2026/08/28 09:37:13.024, 77, 96, 0, 2463, 2463, 49.73, P0, 0x0000000000000000
2026/08/28 09:37:13.124, 77, 96, 0, 2463, 2463, 49.73, P0, 0x0000000000000000
2026/08/28 09:37:13.224, 77, 96, 0, 2463, 2463, 50.50, P0, 0x0000000000000000
2026/08/28 09:37:13.324, 77, 96, 0, 2463, 2463, 50.50, P0, 0x0000000000000000
2026/08/28 09:37:13.425, 77, 96, 0, 2463, 2463, 50.50, P0, 0x0000000000000000
2026/08/28 09:37:13.525, 77, 96, 0, 2463, 2463, 50.50, P0, 0x0000000000000000
2026/08/28 09:37:13.626, 77, 96, 0, 2463, 2463, 50.50, P0, 0x0000000000000000
2026/08/28 09:37:13.726, 77, 96, 0, 2463, 2463, 50.42, P0, 0x0000000000000000
2026/08/28 09:37:13.826, 77, 96, 0, 2463, 2463, 50.42, P0, 0x0000000000000000
2026/08/28 09:37:13.926, 77, 96, 0, 2463, 2463, 50.42, P0, 0x0000000000000000
2026/08/28 09:37:14.026, 77, 96, 0, 2463, 2463, 50.42, P0, 0x0000000000000000
2026/08/28 09:37:14.127, 77, 96, 0, 2463, 2463, 50.42, P0, 0x0000000000000000
2026/08/28 09:37:14.227, 77, 96, 0, 2463, 2463, 50.43, P0, 0x0000000000000000
2026/08/28 09:37:14.327, 77, 96, 0, 2463, 2463, 50.43, P0, 0x0000000000000000
2026/08/28 09:37:14.427, 77, 96, 0, 2463, 2463, 50.43, P0, 0x0000000000000000
2026/08/28 09:37:14.527, 77, 96, 0, 2463, 2463, 50.43, P0, 0x0000000000000000
2026/08/28 09:37:14.628, 77, 96, 0, 2463, 2463, 50.43, P0, 0x0000000000000000
2026/08/28 09:37:14.728, 77, 96, 0, 2463, 2463, 50.43, P0, 0x0000000000000000
2026/08/28 09:37:14.828, 77, 96, 0, 2463, 2463, 50.43, P0, 0x0000000000000000
2026/08/28 09:37:14.929, 77, 96, 0, 2463, 2463, 50.43, P0, 0x0000000000000000
2026/08/28 09:37:15.029, 77, 96, 0, 2463, 2463, 50.43, P0, 0x0000000000000000
2026/08/28 09:37:15.129, 77, 96, 0, 2463, 2463, 50.43, P0, 0x0000000000000000
2026/08/28 09:37:15.229, 77, 96, 0, 2463, 2463, 50.40, P0, 0x0000000000000000
2026/08/28 09:37:15.330, 77, 96, 0, 2463, 2463, 50.40, P0, 0x0000000000000000
2026/08/28 09:37:15.430, 77, 96, 0, 2463, 2463, 50.40, P0, 0x0000000000000000
2026/08/28 09:37:15.530, 77, 96, 0, 2463, 2463, 50.40, P0, 0x0000000000000000
2026/08/28 09:37:15.630, 77, 96, 0, 2463, 2463, 50.40, P0, 0x0000000000000000
2026/08/28 09:37:15.731, 77, 96, 0, 2463, 2463, 50.37, P0, 0x0000000000000000
2026/08/28 09:37:15.831, 77, 96, 0, 2463, 2463, 50.37, P0, 0x0000000000000000
2026/08/28 09:37:15.931, 77, 96, 0, 2463, 2463, 50.37, P0, 0x0000000000000000
2026/08/28 09:37:16.032, 77, 96, 0, 2463, 2463, 50.37, P0, 0x0000000000000000
2026/08/28 09:37:16.132, 77, 96, 0, 2463, 2463, 50.37, P0, 0x0000000000000000
2026/08/28 09:37:16.235, 77, 96, 0, 2463, 2463, 50.40, P0, 0x0000000000000000
2026/08/28 09:37:16.335, 77, 96, 0, 2463, 2463, 50.40, P0, 0x0000000000000000
2026/08/28 09:37:16.435, 77, 96, 0, 2463, 2463, 50.40, P0, 0x0000000000000000
2026/08/28 09:37:16.535, 77, 96, 0, 2463, 2463, 50.40, P0, 0x0000000000000000
2026/08/28 09:37:16.635, 77, 96, 0, 2463, 2463, 50.44, P0, 0x0000000000000000
2026/08/28 09:37:16.736, 77, 96, 0, 2463, 2463, 50.44, P0, 0x0000000000000000
2026/08/28 09:37:16.836, 77, 96, 0, 2463, 2463, 50.44, P0, 0x0000000000000000
2026/08/28 09:37:16.936, 77, 96, 0, 2463, 2463, 50.44, P0, 0x0000000000000000
2026/08/28 09:37:17.036, 77, 96, 0, 2463, 2463, 50.44, P0, 0x0000000000000000
2026/08/28 09:37:17.136, 81, 96, 0, 2444, 2444, 60.96, P0, 0x0000000000000000
2026/08/28 09:37:17.237, 81, 96, 0, 2444, 2444, 60.96, P0, 0x0000000000000000
2026/08/28 09:37:17.337, 81, 96, 0, 2444, 2444, 60.96, P0, 0x0000000000000000
2026/08/28 09:37:17.437, 81, 96, 0, 2444, 2444, 60.96, P0, 0x0000000000000000
2026/08/28 09:37:17.537, 81, 96, 0, 2444, 2444, 60.96, P0, 0x0000000000000000
2026/08/28 09:37:17.638, 83, 96, 0, 2424, 2424, 75.72, P0, 0x0000000000000000
2026/08/28 09:37:17.738, 83, 96, 0, 2424, 2424, 75.72, P0, 0x0000000000000000
2026/08/28 09:37:17.838, 83, 96, 0, 2424, 2424, 75.72, P0, 0x0000000000000000
2026/08/28 09:37:17.938, 83, 96, 0, 2424, 2424, 75.72, P0, 0x0000000000000000
2026/08/28 09:37:18.038, 83, 96, 0, 2424, 2424, 75.72, P0, 0x0000000000000000
2026/08/28 09:37:18.138, 81, 96, 0, 2418, 2418, 78.93, P0, 0x0000000000000000
2026/08/28 09:37:18.238, 81, 96, 0, 2418, 2418, 78.93, P0, 0x0000000000000000
2026/08/28 09:37:18.339, 81, 96, 0, 2418, 2418, 78.93, P0, 0x0000000000000000
2026/08/28 09:37:18.439, 81, 96, 0, 2418, 2418, 78.93, P0, 0x0000000000000000
2026/08/28 09:37:18.539, 81, 96, 0, 2418, 2418, 78.93, P0, 0x0000000000000000
2026/08/28 09:37:18.639, 82, 96, 0, 2392, 2392, 77.87, P0, 0x0000000000000048
2026/08/28 09:37:18.739, 82, 96, 0, 2392, 2392, 77.87, P0, 0x0000000000000048
2026/08/28 09:37:18.840, 82, 96, 0, 2392, 2392, 77.87, P0, 0x0000000000000048
2026/08/28 09:37:18.940, 82, 96, 0, 2392, 2392, 77.87, P0, 0x0000000000000048
2026/08/28 09:37:19.040, 82, 96, 0, 2392, 2392, 77.87, P0, 0x0000000000000048
2026/08/28 09:37:19.140, 82, 96, 0, 2418, 2418, 74.95, P0, 0x0000000000000000
2026/08/28 09:37:19.240, 82, 96, 0, 2418, 2418, 74.95, P0, 0x0000000000000000
2026/08/28 09:37:19.340, 82, 96, 0, 2418, 2418, 74.95, P0, 0x0000000000000000
2026/08/28 09:37:19.441, 82, 96, 0, 2418, 2418, 74.95, P0, 0x0000000000000000
2026/08/28 09:37:19.541, 82, 96, 0, 2418, 2418, 74.95, P0, 0x0000000000000000
2026/08/28 09:37:19.641, 83, 96, 0, 2424, 2424, 76.54, P0, 0x0000000000000000
2026/08/28 09:37:19.741, 83, 96, 0, 2424, 2424, 76.54, P0, 0x0000000000000000
2026/08/28 09:37:19.842, 83, 96, 0, 2424, 2424, 76.54, P0, 0x0000000000000000
2026/08/28 09:37:19.942, 83, 96, 0, 2424, 2424, 76.54, P0, 0x0000000000000000
2026/08/28 09:37:20.042, 83, 96, 0, 2424, 2424, 76.54, P0, 0x0000000000000000
2026/08/28 09:37:20.142, 82, 96, 0, 2424, 2424, 79.96, P0, 0x0000000000000020
2026/08/28 09:37:20.242, 82, 96, 0, 2424, 2424, 79.96, P0, 0x0000000000000020
2026/08/28 09:37:20.343, 82, 96, 0, 2424, 2424, 79.96, P0, 0x0000000000000020
2026/08/28 09:37:20.443, 82, 96, 0, 2424, 2424, 79.96, P0, 0x0000000000000020
2026/08/28 09:37:20.543, 82, 96, 0, 2424, 2424, 79.96, P0, 0x0000000000000020
2026/08/28 09:37:20.643, 82, 96, 0, 2418, 2418, 77.46, P0, 0x0000000000000000
2026/08/28 09:37:20.743, 82, 96, 0, 2418, 2418, 77.46, P0, 0x0000000000000000
2026/08/28 09:37:20.844, 82, 96, 0, 2418, 2418, 77.46, P0, 0x0000000000000000
2026/08/28 09:37:20.944, 82, 96, 0, 2418, 2418, 77.46, P0, 0x0000000000000000
2026/08/28 09:37:21.044, 82, 96, 0, 2418, 2418, 77.46, P0, 0x0000000000000000
2026/08/28 09:37:21.145, 78, 96, 0, 2457, 2457, 63.07, P0, 0x0000000000000000
2026/08/28 09:37:21.245, 78, 96, 0, 2457, 2457, 63.07, P0, 0x0000000000000000
2026/08/28 09:37:21.345, 78, 96, 0, 2457, 2457, 63.07, P0, 0x0000000000000000
2026/08/28 09:37:21.445, 78, 96, 0, 2457, 2457, 63.07, P0, 0x0000000000000000
2026/08/28 09:37:21.546, 78, 96, 0, 2457, 2457, 63.07, P0, 0x0000000000000000
2026/08/28 09:37:21.646, 83, 96, 0, 2444, 2444, 60.50, P0, 0x0000000000000000
2026/08/28 09:37:21.746, 83, 96, 0, 2444, 2444, 60.50, P0, 0x0000000000000000
2026/08/28 09:37:21.846, 83, 96, 0, 2444, 2444, 60.50, P0, 0x0000000000000000
2026/08/28 09:37:21.946, 83, 96, 0, 2444, 2444, 60.50, P0, 0x0000000000000000
2026/08/28 09:37:22.047, 83, 96, 0, 2444, 2444, 60.50, P0, 0x0000000000000000
2026/08/28 09:37:22.147, 82, 96, 0, 2411, 2411, 74.58, P0, 0x0000000000000000
2026/08/28 09:37:22.247, 82, 96, 0, 2411, 2411, 74.58, P0, 0x0000000000000000
2026/08/28 09:37:22.347, 82, 96, 0, 2411, 2411, 74.58, P0, 0x0000000000000000
2026/08/28 09:37:22.447, 82, 96, 0, 2411, 2411, 74.58, P0, 0x0000000000000000
2026/08/28 09:37:22.548, 82, 96, 0, 2411, 2411, 74.58, P0, 0x0000000000000000
2026/08/28 09:37:22.648, 82, 96, 0, 2424, 2424, 79.76, P0, 0x0000000000000020
2026/08/28 09:37:22.748, 82, 96, 0, 2424, 2424, 79.76, P0, 0x0000000000000020
2026/08/28 09:37:22.848, 82, 96, 0, 2424, 2424, 79.76, P0, 0x0000000000000020
2026/08/28 09:37:22.948, 82, 96, 0, 2424, 2424, 79.76, P0, 0x0000000000000020
2026/08/28 09:37:23.049, 82, 96, 0, 2424, 2424, 79.76, P0, 0x0000000000000020
2026/08/28 09:37:23.149, 78, 94, 0, 2405, 2405, 75.47, P0, 0x0000000000000068
2026/08/28 09:37:23.249, 78, 94, 0, 2405, 2405, 75.47, P0, 0x0000000000000068
2026/08/28 09:37:23.349, 78, 94, 0, 2405, 2405, 75.47, P0, 0x0000000000000068
2026/08/28 09:37:23.449, 78, 94, 0, 2405, 2405, 75.47, P0, 0x0000000000000068
2026/08/28 09:37:23.549, 78, 94, 0, 2405, 2405, 75.47, P0, 0x0000000000000068
2026/08/28 09:37:23.649, 83, 94, 0, 2411, 2411, 73.17, P0, 0x0000000000000000
2026/08/28 09:37:23.750, 83, 94, 0, 2411, 2411, 73.17, P0, 0x0000000000000000
2026/08/28 09:37:23.850, 83, 94, 0, 2411, 2411, 73.17, P0, 0x0000000000000000
2026/08/28 09:37:23.950, 83, 94, 0, 2411, 2411, 73.17, P0, 0x0000000000000000
2026/08/28 09:37:24.050, 83, 94, 0, 2411, 2411, 73.17, P0, 0x0000000000000000
2026/08/28 09:37:24.150, 82, 96, 0, 2359, 2359, 74.89, P0, 0x0000000000000000
2026/08/28 09:37:24.251, 82, 96, 0, 2359, 2359, 74.89, P0, 0x0000000000000000
2026/08/28 09:37:24.351, 82, 96, 0, 2359, 2359, 74.89, P0, 0x0000000000000000
2026/08/28 09:37:24.451, 82, 96, 0, 2359, 2359, 74.89, P0, 0x0000000000000000
2026/08/28 09:37:24.551, 82, 96, 0, 2359, 2359, 74.89, P0, 0x0000000000000000
2026/08/28 09:37:24.651, 82, 96, 0, 2327, 2327, 70.67, P0, 0x0000000000000000
2026/08/28 09:37:24.751, 82, 96, 0, 2327, 2327, 70.67, P0, 0x0000000000000000
2026/08/28 09:37:24.851, 82, 96, 0, 2327, 2327, 70.67, P0, 0x0000000000000000
2026/08/28 09:37:24.952, 82, 96, 0, 2327, 2327, 70.67, P0, 0x0000000000000000
2026/08/28 09:37:25.052, 82, 96, 0, 2327, 2327, 70.67, P0, 0x0000000000000000
2026/08/28 09:37:25.152, 80, 96, 0, 2359, 2359, 67.62, P0, 0x0000000000000020
2026/08/28 09:37:25.252, 80, 96, 0, 2359, 2359, 67.62, P0, 0x0000000000000020
2026/08/28 09:37:25.353, 80, 96, 0, 2359, 2359, 67.62, P0, 0x0000000000000020
2026/08/28 09:37:25.453, 80, 96, 0, 2359, 2359, 67.62, P0, 0x0000000000000020
2026/08/28 09:37:25.553, 80, 96, 0, 2359, 2359, 67.62, P0, 0x0000000000000020
2026/08/28 09:37:25.653, 75, 96, 0, 2366, 2366, 66.10, P0, 0x0000000000000020
2026/08/28 09:37:25.753, 75, 96, 0, 2366, 2366, 66.10, P0, 0x0000000000000020
2026/08/28 09:37:25.854, 75, 96, 0, 2366, 2366, 66.10, P0, 0x0000000000000020
2026/08/28 09:37:25.954, 75, 96, 0, 2366, 2366, 66.10, P0, 0x0000000000000020
2026/08/28 09:37:26.054, 75, 96, 0, 2366, 2366, 66.10, P0, 0x0000000000000020
2026/08/28 09:37:26.155, 82, 92, 0, 2463, 2463, 61.39, P0, 0x0000000000000000
2026/08/28 09:37:26.255, 82, 92, 0, 2463, 2463, 61.39, P0, 0x0000000000000000
2026/08/28 09:37:26.355, 82, 92, 0, 2463, 2463, 61.39, P0, 0x0000000000000000
2026/08/28 09:37:26.455, 82, 92, 0, 2463, 2463, 61.39, P0, 0x0000000000000000
2026/08/28 09:37:26.555, 82, 92, 0, 2463, 2463, 61.39, P0, 0x0000000000000000
2026/08/28 09:37:26.656, 83, 92, 0, 2424, 2424, 69.22, P0, 0x0000000000000000
2026/08/28 09:37:26.756, 83, 92, 0, 2424, 2424, 69.22, P0, 0x0000000000000000
2026/08/28 09:37:26.856, 83, 92, 0, 2424, 2424, 69.22, P0, 0x0000000000000000
2026/08/28 09:37:26.956, 83, 92, 0, 2424, 2424, 69.22, P0, 0x0000000000000000
2026/08/28 09:37:27.057, 83, 92, 0, 2424, 2424, 69.22, P0, 0x0000000000000000
2026/08/28 09:37:27.157, 82, 95, 0, 2424, 2424, 79.70, P0, 0x0000000000000000
2026/08/28 09:37:27.257, 82, 95, 0, 2424, 2424, 79.70, P0, 0x0000000000000000
2026/08/28 09:37:27.357, 82, 95, 0, 2424, 2424, 79.70, P0, 0x0000000000000000
2026/08/28 09:37:27.457, 82, 95, 0, 2424, 2424, 79.70, P0, 0x0000000000000000
2026/08/28 09:37:27.557, 82, 95, 0, 2424, 2424, 79.70, P0, 0x0000000000000000
2026/08/28 09:37:27.657, 82, 95, 0, 2418, 2418, 77.29, P0, 0x0000000000000020
2026/08/28 09:37:27.758, 82, 95, 0, 2418, 2418, 77.29, P0, 0x0000000000000020
2026/08/28 09:37:27.858, 82, 95, 0, 2418, 2418, 77.29, P0, 0x0000000000000020
2026/08/28 09:37:27.958, 82, 95, 0, 2418, 2418, 77.29, P0, 0x0000000000000020
2026/08/28 09:37:28.058, 82, 95, 0, 2418, 2418, 77.29, P0, 0x0000000000000020
2026/08/28 09:37:28.158, 79, 96, 0, 2385, 2385, 73.93, P0, 0x0000000000000020
2026/08/28 09:37:28.259, 79, 96, 0, 2385, 2385, 73.93, P0, 0x0000000000000020
2026/08/28 09:37:28.359, 79, 96, 0, 2385, 2385, 73.93, P0, 0x0000000000000020
2026/08/28 09:37:28.459, 79, 96, 0, 2385, 2385, 73.93, P0, 0x0000000000000020
2026/08/28 09:37:28.559, 79, 96, 0, 2385, 2385, 73.93, P0, 0x0000000000000020
2026/08/28 09:37:28.659, 77, 96, 0, 2353, 2353, 69.62, P0, 0x0000000000000000
2026/08/28 09:37:28.759, 77, 96, 0, 2353, 2353, 69.62, P0, 0x0000000000000000
2026/08/28 09:37:28.860, 77, 96, 0, 2353, 2353, 69.62, P0, 0x0000000000000000
2026/08/28 09:37:28.960, 77, 96, 0, 2353, 2353, 69.62, P0, 0x0000000000000000
2026/08/28 09:37:29.060, 77, 96, 0, 2353, 2353, 69.62, P0, 0x0000000000000000
2026/08/28 09:37:29.161, 82, 95, 0, 2457, 2457, 64.25, P0, 0x0000000000000000
2026/08/28 09:37:29.261, 82, 95, 0, 2457, 2457, 64.25, P0, 0x0000000000000000
2026/08/28 09:37:29.361, 82, 95, 0, 2457, 2457, 64.25, P0, 0x0000000000000000
2026/08/28 09:37:29.461, 82, 95, 0, 2457, 2457, 64.25, P0, 0x0000000000000000
2026/08/28 09:37:29.561, 82, 95, 0, 2457, 2457, 64.25, P0, 0x0000000000000000
2026/08/28 09:37:29.661, 83, 95, 0, 2418, 2418, 69.65, P0, 0x0000000000000020
2026/08/28 09:37:29.761, 83, 95, 0, 2418, 2418, 69.65, P0, 0x0000000000000020
2026/08/28 09:37:29.862, 83, 95, 0, 2418, 2418, 69.65, P0, 0x0000000000000020
2026/08/28 09:37:29.962, 83, 95, 0, 2418, 2418, 69.65, P0, 0x0000000000000020
2026/08/28 09:37:30.062, 83, 95, 0, 2418, 2418, 69.65, P0, 0x0000000000000020
2026/08/28 09:37:30.162, 81, 94, 0, 2379, 2379, 76.54, P0, 0x0000000000000020
2026/08/28 09:37:30.262, 81, 94, 0, 2379, 2379, 76.54, P0, 0x0000000000000020
2026/08/28 09:37:30.362, 81, 94, 0, 2379, 2379, 76.54, P0, 0x0000000000000020
2026/08/28 09:37:30.462, 81, 94, 0, 2379, 2379, 76.54, P0, 0x0000000000000020
2026/08/28 09:37:30.563, 81, 94, 0, 2379, 2379, 76.54, P0, 0x0000000000000020
2026/08/28 09:37:30.663, 84, 94, 0, 2346, 2346, 74.77, P0, 0x0000000000000000
2026/08/28 09:37:30.763, 84, 94, 0, 2346, 2346, 74.77, P0, 0x0000000000000000
2026/08/28 09:37:30.863, 84, 94, 0, 2346, 2346, 74.77, P0, 0x0000000000000000
2026/08/28 09:37:30.964, 84, 94, 0, 2346, 2346, 74.77, P0, 0x0000000000000000
2026/08/28 09:37:31.064, 84, 94, 0, 2346, 2346, 74.77, P0, 0x0000000000000000
2026/08/28 09:37:31.164, 85, 96, 0, 2424, 2424, 74.16, P0, 0x0000000000000000
2026/08/28 09:37:31.264, 85, 96, 0, 2424, 2424, 74.16, P0, 0x0000000000000000
2026/08/28 09:37:31.365, 85, 96, 0, 2424, 2424, 74.16, P0, 0x0000000000000000
2026/08/28 09:37:31.465, 85, 96, 0, 2424, 2424, 74.16, P0, 0x0000000000000000
2026/08/28 09:37:31.565, 85, 96, 0, 2424, 2424, 74.16, P0, 0x0000000000000000
2026/08/28 09:37:31.665, 82, 96, 0, 2242, 2242, 74.25, P0, 0x0000000000000020
2026/08/28 09:37:31.765, 82, 96, 0, 2242, 2242, 74.25, P0, 0x0000000000000020
2026/08/28 09:37:31.866, 82, 96, 0, 2242, 2242, 74.25, P0, 0x0000000000000020
2026/08/28 09:37:31.966, 82, 96, 0, 2242, 2242, 74.25, P0, 0x0000000000000020
2026/08/28 09:37:32.066, 82, 96, 0, 2242, 2242, 74.25, P0, 0x0000000000000020
2026/08/28 09:37:32.167, 81, 96, 0, 2424, 2424, 72.43, P0, 0x0000000000000020
2026/08/28 09:37:32.267, 81, 96, 0, 2424, 2424, 72.43, P0, 0x0000000000000020
2026/08/28 09:37:32.367, 81, 96, 0, 2424, 2424, 72.43, P0, 0x0000000000000020
2026/08/28 09:37:32.467, 81, 96, 0, 2424, 2424, 72.43, P0, 0x0000000000000020
2026/08/28 09:37:32.568, 81, 96, 0, 2424, 2424, 72.43, P0, 0x0000000000000020
2026/08/28 09:37:32.668, 84, 96, 0, 2112, 2112, 68.23, P0, 0x0000000000000000
2026/08/28 09:37:32.768, 84, 96, 0, 2112, 2112, 68.23, P0, 0x0000000000000000
2026/08/28 09:37:32.868, 84, 96, 0, 2112, 2112, 68.23, P0, 0x0000000000000000
2026/08/28 09:37:32.969, 84, 96, 0, 2112, 2112, 68.23, P0, 0x0000000000000000
2026/08/28 09:37:33.069, 84, 96, 0, 2112, 2112, 68.23, P0, 0x0000000000000000
2026/08/28 09:37:33.169, 83, 96, 0, 2229, 2229, 67.07, P0, 0x0000000000000020
2026/08/28 09:37:33.269, 83, 96, 0, 2229, 2229, 67.07, P0, 0x0000000000000020
2026/08/28 09:37:33.370, 83, 96, 0, 2229, 2229, 67.07, P0, 0x0000000000000020
2026/08/28 09:37:33.470, 83, 96, 0, 2229, 2229, 67.07, P0, 0x0000000000000020
2026/08/28 09:37:33.570, 83, 96, 0, 2229, 2229, 67.07, P0, 0x0000000000000020
2026/08/28 09:37:33.670, 78, 96, 0, 2457, 2457, 59.43, P0, 0x0000000000000000
2026/08/28 09:37:33.771, 78, 96, 0, 2457, 2457, 59.43, P0, 0x0000000000000000
2026/08/28 09:37:33.871, 78, 96, 0, 2457, 2457, 59.43, P0, 0x0000000000000000
2026/08/28 09:37:33.972, 78, 96, 0, 2457, 2457, 59.43, P0, 0x0000000000000000
2026/08/28 09:37:34.072, 78, 96, 0, 2457, 2457, 59.43, P0, 0x0000000000000000
2026/08/28 09:37:34.172, 78, 96, 0, 2463, 2463, 50.89, P0, 0x0000000000000000
2026/08/28 09:37:34.272, 78, 96, 0, 2463, 2463, 50.89, P0, 0x0000000000000000
2026/08/28 09:37:34.373, 78, 96, 0, 2463, 2463, 50.89, P0, 0x0000000000000000
2026/08/28 09:37:34.473, 78, 96, 0, 2463, 2463, 50.89, P0, 0x0000000000000000
2026/08/28 09:37:34.573, 78, 96, 0, 2463, 2463, 50.89, P0, 0x0000000000000000
2026/08/28 09:37:34.674, 82, 96, 0, 2463, 2463, 55.01, P0, 0x0000000000000000
2026/08/28 09:37:34.774, 82, 96, 0, 2463, 2463, 55.01, P0, 0x0000000000000000
2026/08/28 09:37:34.874, 82, 96, 0, 2463, 2463, 55.01, P0, 0x0000000000000000
2026/08/28 09:37:34.974, 82, 96, 0, 2463, 2463, 55.01, P0, 0x0000000000000000
2026/08/28 09:37:35.074, 82, 96, 0, 2463, 2463, 55.01, P0, 0x0000000000000000
2026/08/28 09:37:35.175, 82, 96, 0, 2431, 2431, 68.62, P0, 0x0000000000000000
2026/08/28 09:37:35.275, 82, 96, 0, 2431, 2431, 68.62, P0, 0x0000000000000000
2026/08/28 09:37:35.375, 82, 96, 0, 2431, 2431, 68.62, P0, 0x0000000000000000
2026/08/28 09:37:35.475, 82, 96, 0, 2431, 2431, 68.62, P0, 0x0000000000000000
2026/08/28 09:37:35.575, 82, 96, 0, 2431, 2431, 68.62, P0, 0x0000000000000000
2026/08/28 09:37:35.676, 83, 96, 0, 2411, 2411, 77.60, P0, 0x0000000000000000
2026/08/28 09:37:35.776, 83, 96, 0, 2411, 2411, 77.60, P0, 0x0000000000000000
2026/08/28 09:37:35.876, 83, 96, 0, 2411, 2411, 77.60, P0, 0x0000000000000000
2026/08/28 09:37:35.976, 83, 96, 0, 2411, 2411, 77.60, P0, 0x0000000000000000
2026/08/28 09:37:36.076, 83, 96, 0, 2411, 2411, 77.60, P0, 0x0000000000000000
2026/08/28 09:37:36.176, 79, 96, 0, 2405, 2405, 73.82, P0, 0x0000000000000020
2026/08/28 09:37:36.276, 79, 96, 0, 2405, 2405, 73.82, P0, 0x0000000000000020
2026/08/28 09:37:36.377, 79, 96, 0, 2405, 2405, 73.82, P0, 0x0000000000000020
2026/08/28 09:37:36.477, 79, 96, 0, 2405, 2405, 73.82, P0, 0x0000000000000020
2026/08/28 09:37:36.577, 79, 96, 0, 2405, 2405, 73.82, P0, 0x0000000000000020
2026/08/28 09:37:36.678, 82, 96, 0, 2424, 2424, 72.82, P0, 0x0000000000000020
2026/08/28 09:37:36.778, 82, 96, 0, 2424, 2424, 72.82, P0, 0x0000000000000020
2026/08/28 09:37:36.878, 82, 96, 0, 2424, 2424, 72.82, P0, 0x0000000000000020
2026/08/28 09:37:36.978, 82, 96, 0, 2424, 2424, 72.82, P0, 0x0000000000000020
2026/08/28 09:37:37.079, 82, 96, 0, 2424, 2424, 72.82, P0, 0x0000000000000020
2026/08/28 09:37:37.179, 81, 94, 0, 2424, 2424, 76.26, P0, 0x0000000000000020
2026/08/28 09:37:37.279, 81, 94, 0, 2424, 2424, 76.26, P0, 0x0000000000000020
2026/08/28 09:37:37.379, 81, 94, 0, 2424, 2424, 76.26, P0, 0x0000000000000020
2026/08/28 09:37:37.479, 81, 94, 0, 2424, 2424, 76.26, P0, 0x0000000000000020
2026/08/28 09:37:37.579, 81, 94, 0, 2424, 2424, 76.26, P0, 0x0000000000000020
2026/08/28 09:37:37.680, 85, 94, 0, 2418, 2418, 75.57, P0, 0x0000000000000000
2026/08/28 09:37:37.780, 85, 94, 0, 2418, 2418, 75.57, P0, 0x0000000000000000
2026/08/28 09:37:37.880, 85, 94, 0, 2418, 2418, 75.57, P0, 0x0000000000000000
2026/08/28 09:37:37.980, 85, 94, 0, 2418, 2418, 75.57, P0, 0x0000000000000000
2026/08/28 09:37:38.080, 85, 94, 0, 2418, 2418, 75.57, P0, 0x0000000000000000
2026/08/28 09:37:38.181, 78, 96, 0, 2431, 2431, 66.99, P0, 0x0000000000000000
2026/08/28 09:37:38.281, 78, 96, 0, 2431, 2431, 66.99, P0, 0x0000000000000000
2026/08/28 09:37:38.381, 78, 96, 0, 2431, 2431, 66.99, P0, 0x0000000000000000
2026/08/28 09:37:38.481, 78, 96, 0, 2431, 2431, 66.99, P0, 0x0000000000000000
2026/08/28 09:37:38.582, 78, 96, 0, 2431, 2431, 66.99, P0, 0x0000000000000000
2026/08/28 09:37:38.682, 78, 96, 0, 2463, 2463, 55.58, P0, 0x0000000000000000
2026/08/28 09:37:38.782, 78, 96, 0, 2463, 2463, 55.58, P0, 0x0000000000000000
2026/08/28 09:37:38.882, 78, 96, 0, 2463, 2463, 55.58, P0, 0x0000000000000000
2026/08/28 09:37:38.983, 78, 96, 0, 2463, 2463, 55.58, P0, 0x0000000000000000
2026/08/28 09:37:39.083, 78, 96, 0, 2463, 2463, 55.58, P0, 0x0000000000000000
2026/08/28 09:37:39.183, 78, 96, 0, 2463, 2463, 50.85, P0, 0x0000000000000000
2026/08/28 09:37:39.283, 78, 96, 0, 2463, 2463, 50.85, P0, 0x0000000000000000
2026/08/28 09:37:39.383, 78, 96, 0, 2463, 2463, 50.85, P0, 0x0000000000000000
2026/08/28 09:37:39.484, 78, 96, 0, 2463, 2463, 50.85, P0, 0x0000000000000000
2026/08/28 09:37:39.584, 78, 96, 0, 2463, 2463, 50.85, P0, 0x0000000000000000
2026/08/28 09:37:39.684, 83, 96, 0, 2463, 2463, 56.71, P0, 0x0000000000000000
2026/08/28 09:37:39.784, 83, 96, 0, 2463, 2463, 56.71, P0, 0x0000000000000000
2026/08/28 09:37:39.884, 83, 96, 0, 2463, 2463, 56.71, P0, 0x0000000000000000
2026/08/28 09:37:39.984, 83, 96, 0, 2463, 2463, 56.71, P0, 0x0000000000000000
2026/08/28 09:37:40.085, 83, 96, 0, 2463, 2463, 56.71, P0, 0x0000000000000000
2026/08/28 09:37:40.185, 83, 96, 0, 2411, 2411, 69.52, P0, 0x0000000000000000
2026/08/28 09:37:40.285, 83, 96, 0, 2411, 2411, 69.52, P0, 0x0000000000000000
2026/08/28 09:37:40.385, 83, 96, 0, 2411, 2411, 69.52, P0, 0x0000000000000000
2026/08/28 09:37:40.485, 83, 96, 0, 2411, 2411, 69.52, P0, 0x0000000000000000
2026/08/28 09:37:40.585, 83, 96, 0, 2411, 2411, 69.52, P0, 0x0000000000000000
2026/08/28 09:37:40.685, 83, 96, 0, 2405, 2405, 78.31, P0, 0x0000000000000000
2026/08/28 09:37:40.786, 83, 96, 0, 2405, 2405, 78.31, P0, 0x0000000000000000
2026/08/28 09:37:40.886, 83, 96, 0, 2405, 2405, 78.31, P0, 0x0000000000000000
2026/08/28 09:37:40.986, 83, 96, 0, 2405, 2405, 78.31, P0, 0x0000000000000000
2026/08/28 09:37:41.086, 83, 96, 0, 2405, 2405, 78.31, P0, 0x0000000000000000
2026/08/28 09:37:41.186, 83, 96, 0, 2424, 2424, 80.16, P0, 0x0000000000000000
2026/08/28 09:37:41.287, 83, 96, 0, 2424, 2424, 80.16, P0, 0x0000000000000000
2026/08/28 09:37:41.387, 83, 96, 0, 2424, 2424, 80.16, P0, 0x0000000000000000
2026/08/28 09:37:41.487, 83, 96, 0, 2424, 2424, 80.16, P0, 0x0000000000000000
2026/08/28 09:37:41.587, 83, 96, 0, 2424, 2424, 80.16, P0, 0x0000000000000000
2026/08/28 09:37:41.688, 82, 96, 0, 2353, 2353, 77.42, P0, 0x0000000000000000
2026/08/28 09:37:41.788, 82, 96, 0, 2353, 2353, 77.42, P0, 0x0000000000000000
2026/08/28 09:37:41.888, 82, 96, 0, 2353, 2353, 77.42, P0, 0x0000000000000000
2026/08/28 09:37:41.988, 82, 96, 0, 2353, 2353, 77.42, P0, 0x0000000000000000
2026/08/28 09:37:42.089, 82, 96, 0, 2353, 2353, 77.42, P0, 0x0000000000000000
2026/08/28 09:37:42.189, 83, 96, 0, 2249, 2249, 74.93, P0, 0x0000000000000048
2026/08/28 09:37:42.289, 83, 96, 0, 2249, 2249, 74.93, P0, 0x0000000000000048
2026/08/28 09:37:42.389, 83, 96, 0, 2249, 2249, 74.93, P0, 0x0000000000000048
2026/08/28 09:37:42.489, 83, 96, 0, 2249, 2249, 74.93, P0, 0x0000000000000048
2026/08/28 09:37:42.589, 83, 96, 0, 2249, 2249, 74.93, P0, 0x0000000000000048
2026/08/28 09:37:42.690, 83, 96, 0, 2372, 2372, 76.28, P0, 0x0000000000000020
2026/08/28 09:37:42.790, 83, 96, 0, 2372, 2372, 76.28, P0, 0x0000000000000020
2026/08/28 09:37:42.890, 83, 96, 0, 2372, 2372, 76.28, P0, 0x0000000000000020
2026/08/28 09:37:42.990, 83, 96, 0, 2372, 2372, 76.28, P0, 0x0000000000000020
2026/08/28 09:37:43.090, 83, 96, 0, 2372, 2372, 76.28, P0, 0x0000000000000020
2026/08/28 09:37:43.191, 79, 96, 0, 2372, 2372, 71.20, P0, 0x0000000000000000
2026/08/28 09:37:43.291, 79, 96, 0, 2372, 2372, 71.20, P0, 0x0000000000000000
2026/08/28 09:37:43.391, 79, 96, 0, 2372, 2372, 71.20, P0, 0x0000000000000000
2026/08/28 09:37:43.492, 79, 96, 0, 2372, 2372, 71.20, P0, 0x0000000000000000
2026/08/28 09:37:43.592, 79, 96, 0, 2372, 2372, 71.20, P0, 0x0000000000000000
2026/08/28 09:37:43.692, 78, 96, 0, 2463, 2463, 58.80, P0, 0x0000000000000000
2026/08/28 09:37:43.792, 78, 96, 0, 2463, 2463, 58.80, P0, 0x0000000000000000
2026/08/28 09:37:43.892, 78, 96, 0, 2463, 2463, 58.80, P0, 0x0000000000000000
2026/08/28 09:37:43.993, 78, 96, 0, 2463, 2463, 58.80, P0, 0x0000000000000000
2026/08/28 09:37:44.093, 78, 96, 0, 2463, 2463, 58.80, P0, 0x0000000000000000
2026/08/28 09:37:44.193, 78, 96, 0, 2463, 2463, 50.83, P0, 0x0000000000000000
2026/08/28 09:37:44.293, 78, 96, 0, 2463, 2463, 50.83, P0, 0x0000000000000000
2026/08/28 09:37:44.394, 78, 96, 0, 2463, 2463, 50.83, P0, 0x0000000000000000
2026/08/28 09:37:44.494, 78, 96, 0, 2463, 2463, 50.83, P0, 0x0000000000000000
2026/08/28 09:37:44.594, 78, 96, 0, 2463, 2463, 50.83, P0, 0x0000000000000000
2026/08/28 09:37:44.694, 78, 96, 0, 2463, 2463, 50.75, P0, 0x0000000000000000
2026/08/28 09:37:44.795, 78, 96, 0, 2463, 2463, 50.75, P0, 0x0000000000000000
2026/08/28 09:37:44.895, 78, 96, 0, 2463, 2463, 50.75, P0, 0x0000000000000000
2026/08/28 09:37:44.995, 78, 96, 0, 2463, 2463, 50.75, P0, 0x0000000000000000
2026/08/28 09:37:45.095, 78, 96, 0, 2463, 2463, 50.75, P0, 0x0000000000000000
2026/08/28 09:37:45.196, 77, 96, 0, 2463, 2463, 50.66, P0, 0x0000000000000000
2026/08/28 09:37:45.296, 77, 96, 0, 2463, 2463, 50.66, P0, 0x0000000000000000
2026/08/28 09:37:45.396, 77, 96, 0, 2463, 2463, 50.66, P0, 0x0000000000000000
2026/08/28 09:37:45.496, 77, 96, 0, 2463, 2463, 50.66, P0, 0x0000000000000000
2026/08/28 09:37:45.596, 77, 96, 0, 2463, 2463, 50.66, P0, 0x0000000000000000
2026/08/28 09:37:45.697, 82, 96, 0, 2444, 2444, 60.66, P0, 0x0000000000000000
2026/08/28 09:37:45.797, 82, 96, 0, 2444, 2444, 60.66, P0, 0x0000000000000000
2026/08/28 09:37:45.897, 82, 96, 0, 2444, 2444, 60.66, P0, 0x0000000000000000
2026/08/28 09:37:45.997, 82, 96, 0, 2444, 2444, 60.66, P0, 0x0000000000000000
2026/08/28 09:37:46.097, 82, 96, 0, 2444, 2444, 60.66, P0, 0x0000000000000000
2026/08/28 09:37:46.198, 82, 96, 0, 2418, 2418, 76.00, P0, 0x0000000000000000
2026/08/28 09:37:46.298, 82, 96, 0, 2418, 2418, 76.00, P0, 0x0000000000000000
2026/08/28 09:37:46.398, 82, 96, 0, 2418, 2418, 76.00, P0, 0x0000000000000000
2026/08/28 09:37:46.498, 82, 96, 0, 2418, 2418, 76.00, P0, 0x0000000000000000
2026/08/28 09:37:46.598, 82, 96, 0, 2418, 2418, 76.00, P0, 0x0000000000000000
2026/08/28 09:37:46.698, 83, 96, 0, 2424, 2424, 80.05, P0, 0x0000000000000000
2026/08/28 09:37:46.799, 83, 96, 0, 2424, 2424, 80.05, P0, 0x0000000000000000
2026/08/28 09:37:46.899, 83, 96, 0, 2424, 2424, 80.05, P0, 0x0000000000000000
2026/08/28 09:37:46.999, 83, 96, 0, 2424, 2424, 80.05, P0, 0x0000000000000000
2026/08/28 09:37:47.099, 83, 96, 0, 2424, 2424, 80.05, P0, 0x0000000000000000
2026/08/28 09:37:47.200, 83, 94, 0, 2418, 2418, 79.05, P0, 0x0000000000000000
2026/08/28 09:37:47.300, 83, 94, 0, 2418, 2418, 79.05, P0, 0x0000000000000000
2026/08/28 09:37:47.400, 83, 94, 0, 2418, 2418, 79.05, P0, 0x0000000000000000
2026/08/28 09:37:47.500, 83, 94, 0, 2418, 2418, 79.05, P0, 0x0000000000000000
2026/08/28 09:37:47.600, 83, 94, 0, 2418, 2418, 79.05, P0, 0x0000000000000000
2026/08/28 09:37:47.700, 76, 94, 0, 2359, 2359, 75.49, P0, 0x0000000000000020
2026/08/28 09:37:47.800, 76, 94, 0, 2359, 2359, 75.49, P0, 0x0000000000000020
2026/08/28 09:37:47.901, 76, 94, 0, 2359, 2359, 75.49, P0, 0x0000000000000020
2026/08/28 09:37:48.001, 76, 94, 0, 2359, 2359, 75.49, P0, 0x0000000000000020
2026/08/28 09:37:48.101, 76, 94, 0, 2359, 2359, 75.49, P0, 0x0000000000000020
2026/08/28 09:37:48.201, 82, 96, 0, 2216, 2216, 72.28, P0, 0x0000000000000020
2026/08/28 09:37:48.301, 82, 96, 0, 2216, 2216, 72.28, P0, 0x0000000000000020
2026/08/28 09:37:48.401, 82, 96, 0, 2216, 2216, 72.28, P0, 0x0000000000000020
2026/08/28 09:37:48.501, 82, 96, 0, 2216, 2216, 72.28, P0, 0x0000000000000020
2026/08/28 09:37:48.602, 82, 96, 0, 2216, 2216, 72.28, P0, 0x0000000000000020
2026/08/28 09:37:48.702, 82, 96, 0, 2418, 2418, 73.56, P0, 0x0000000000000020
2026/08/28 09:37:48.802, 82, 96, 0, 2418, 2418, 73.56, P0, 0x0000000000000020
2026/08/28 09:37:48.902, 82, 96, 0, 2418, 2418, 73.56, P0, 0x0000000000000020
2026/08/28 09:37:49.002, 82, 96, 0, 2418, 2418, 73.56, P0, 0x0000000000000020
2026/08/28 09:37:49.103, 82, 96, 0, 2418, 2418, 73.56, P0, 0x0000000000000020
2026/08/28 09:37:49.203, 78, 96, 0, 2405, 2405, 67.87, P0, 0x0000000000000000
2026/08/28 09:37:49.303, 78, 96, 0, 2405, 2405, 67.87, P0, 0x0000000000000000
2026/08/28 09:37:49.403, 78, 96, 0, 2405, 2405, 67.87, P0, 0x0000000000000000
2026/08/28 09:37:49.503, 78, 96, 0, 2405, 2405, 67.87, P0, 0x0000000000000000
2026/08/28 09:37:49.604, 78, 96, 0, 2405, 2405, 67.87, P0, 0x0000000000000000
2026/08/28 09:37:49.704, 77, 96, 0, 2463, 2463, 55.94, P0, 0x0000000000000000
2026/08/28 09:37:49.804, 77, 96, 0, 2463, 2463, 55.94, P0, 0x0000000000000000
2026/08/28 09:37:49.904, 77, 96, 0, 2463, 2463, 55.94, P0, 0x0000000000000000
2026/08/28 09:37:50.005, 77, 96, 0, 2463, 2463, 55.94, P0, 0x0000000000000000
2026/08/28 09:37:50.105, 77, 96, 0, 2463, 2463, 55.94, P0, 0x0000000000000000
2026/08/28 09:37:50.205, 77, 96, 0, 2463, 2463, 50.51, P0, 0x0000000000000000
2026/08/28 09:37:50.305, 77, 96, 0, 2463, 2463, 50.51, P0, 0x0000000000000000
2026/08/28 09:37:50.405, 77, 96, 0, 2463, 2463, 50.51, P0, 0x0000000000000000
2026/08/28 09:37:50.506, 77, 96, 0, 2463, 2463, 50.51, P0, 0x0000000000000000
2026/08/28 09:37:50.606, 77, 96, 0, 2463, 2463, 50.51, P0, 0x0000000000000000
2026/08/28 09:37:50.706, 81, 96, 0, 2463, 2463, 54.47, P0, 0x0000000000000000
2026/08/28 09:37:50.806, 81, 96, 0, 2463, 2463, 54.47, P0, 0x0000000000000000
2026/08/28 09:37:50.907, 81, 96, 0, 2463, 2463, 54.47, P0, 0x0000000000000000
2026/08/28 09:37:51.007, 81, 96, 0, 2463, 2463, 54.47, P0, 0x0000000000000000
2026/08/28 09:37:51.107, 81, 96, 0, 2463, 2463, 54.47, P0, 0x0000000000000000
2026/08/28 09:37:51.207, 82, 96, 0, 2424, 2424, 69.63, P0, 0x0000000000000000
2026/08/28 09:37:51.307, 82, 96, 0, 2424, 2424, 69.63, P0, 0x0000000000000000
2026/08/28 09:37:51.408, 82, 96, 0, 2424, 2424, 69.63, P0, 0x0000000000000000
2026/08/28 09:37:51.508, 82, 96, 0, 2424, 2424, 69.63, P0, 0x0000000000000000
2026/08/28 09:37:51.608, 82, 96, 0, 2424, 2424, 69.63, P0, 0x0000000000000000
2026/08/28 09:37:51.708, 81, 96, 0, 2411, 2411, 77.98, P0, 0x0000000000000000
2026/08/28 09:37:51.808, 81, 96, 0, 2411, 2411, 77.98, P0, 0x0000000000000000
2026/08/28 09:37:51.909, 81, 96, 0, 2411, 2411, 77.98, P0, 0x0000000000000000
2026/08/28 09:37:52.009, 81, 96, 0, 2411, 2411, 77.98, P0, 0x0000000000000000
2026/08/28 09:37:52.109, 81, 96, 0, 2411, 2411, 77.98, P0, 0x0000000000000000
2026/08/28 09:37:52.209, 82, 96, 0, 2418, 2418, 76.27, P0, 0x0000000000000068
2026/08/28 09:37:52.309, 82, 96, 0, 2418, 2418, 76.27, P0, 0x0000000000000068
2026/08/28 09:37:52.410, 82, 96, 0, 2418, 2418, 76.27, P0, 0x0000000000000068
2026/08/28 09:37:52.510, 82, 96, 0, 2418, 2418, 76.27, P0, 0x0000000000000068
2026/08/28 09:37:52.610, 82, 96, 0, 2418, 2418, 76.27, P0, 0x0000000000000068
2026/08/28 09:37:52.710, 83, 96, 0, 2366, 2366, 72.36, P0, 0x0000000000000000
2026/08/28 09:37:52.810, 83, 96, 0, 2366, 2366, 72.36, P0, 0x0000000000000000
2026/08/28 09:37:52.910, 83, 96, 0, 2366, 2366, 72.36, P0, 0x0000000000000000
2026/08/28 09:37:53.010, 83, 96, 0, 2366, 2366, 72.36, P0, 0x0000000000000000
2026/08/28 09:37:53.111, 83, 96, 0, 2366, 2366, 72.36, P0, 0x0000000000000000
2026/08/28 09:37:53.211, 83, 96, 0, 2424, 2424, 73.35, P0, 0x0000000000000000
2026/08/28 09:37:53.311, 83, 96, 0, 2424, 2424, 73.35, P0, 0x0000000000000000
2026/08/28 09:37:53.411, 83, 96, 0, 2424, 2424, 73.35, P0, 0x0000000000000000
2026/08/28 09:37:53.511, 83, 96, 0, 2424, 2424, 73.35, P0, 0x0000000000000000
2026/08/28 09:37:53.611, 83, 96, 0, 2424, 2424, 73.35, P0, 0x0000000000000000
2026/08/28 09:37:53.712, 84, 96, 0, 2405, 2405, 78.25, P0, 0x0000000000000000
2026/08/28 09:37:53.812, 84, 96, 0, 2405, 2405, 78.25, P0, 0x0000000000000000
2026/08/28 09:37:53.913, 84, 96, 0, 2405, 2405, 78.25, P0, 0x0000000000000000
2026/08/28 09:37:54.013, 84, 96, 0, 2405, 2405, 78.25, P0, 0x0000000000000000
2026/08/28 09:37:54.113, 84, 96, 0, 2405, 2405, 78.25, P0, 0x0000000000000000
2026/08/28 09:37:54.213, 84, 96, 0, 2398, 2398, 77.22, P0, 0x0000000000000020
2026/08/28 09:37:54.313, 84, 96, 0, 2398, 2398, 77.22, P0, 0x0000000000000020
2026/08/28 09:37:54.413, 84, 96, 0, 2398, 2398, 77.22, P0, 0x0000000000000020
2026/08/28 09:37:54.514, 84, 96, 0, 2398, 2398, 77.22, P0, 0x0000000000000020
2026/08/28 09:37:54.614, 84, 96, 0, 2398, 2398, 77.22, P0, 0x0000000000000020
2026/08/28 09:37:54.714, 83, 96, 0, 2106, 2106, 72.74, P0, 0x0000000000000000
2026/08/28 09:37:54.814, 83, 96, 0, 2106, 2106, 72.74, P0, 0x0000000000000000
2026/08/28 09:37:54.914, 83, 96, 0, 2106, 2106, 72.74, P0, 0x0000000000000000
2026/08/28 09:37:55.015, 83, 96, 0, 2106, 2106, 72.74, P0, 0x0000000000000000
2026/08/28 09:37:55.115, 83, 96, 0, 2106, 2106, 72.74, P0, 0x0000000000000000
2026/08/28 09:37:55.215, 77, 96, 0, 2444, 2444, 63.22, P0, 0x0000000000000000
2026/08/28 09:37:55.315, 77, 96, 0, 2444, 2444, 63.22, P0, 0x0000000000000000
2026/08/28 09:37:55.415, 77, 96, 0, 2444, 2444, 63.22, P0, 0x0000000000000000
2026/08/28 09:37:55.516, 77, 96, 0, 2444, 2444, 63.22, P0, 0x0000000000000000
2026/08/28 09:37:55.616, 77, 96, 0, 2444, 2444, 63.22, P0, 0x0000000000000000
2026/08/28 09:37:55.716, 77, 96, 0, 2463, 2463, 53.53, P0, 0x0000000000000000
2026/08/28 09:37:55.816, 77, 96, 0, 2463, 2463, 53.53, P0, 0x0000000000000000
2026/08/28 09:37:55.917, 77, 96, 0, 2463, 2463, 53.53, P0, 0x0000000000000000
2026/08/28 09:37:56.017, 77, 96, 0, 2463, 2463, 53.53, P0, 0x0000000000000000
2026/08/28 09:37:56.117, 77, 96, 0, 2463, 2463, 53.53, P0, 0x0000000000000000
2026/08/28 09:37:56.217, 77, 96, 0, 2463, 2463, 50.69, P0, 0x0000000000000000
2026/08/28 09:37:56.318, 77, 96, 0, 2463, 2463, 50.69, P0, 0x0000000000000000
2026/08/28 09:37:56.418, 77, 96, 0, 2463, 2463, 50.69, P0, 0x0000000000000000
2026/08/28 09:37:56.518, 77, 96, 0, 2463, 2463, 50.69, P0, 0x0000000000000000
2026/08/28 09:37:56.618, 77, 96, 0, 2463, 2463, 50.69, P0, 0x0000000000000000
2026/08/28 09:37:56.719, 77, 96, 0, 2463, 2463, 50.67, P0, 0x0000000000000000
2026/08/28 09:37:56.819, 77, 96, 0, 2463, 2463, 50.67, P0, 0x0000000000000000
2026/08/28 09:37:56.919, 77, 96, 0, 2463, 2463, 50.67, P0, 0x0000000000000000
2026/08/28 09:37:57.020, 77, 96, 0, 2463, 2463, 50.67, P0, 0x0000000000000000
2026/08/28 09:37:57.120, 77, 96, 0, 2463, 2463, 50.67, P0, 0x0000000000000000
2026/08/28 09:37:57.221, 77, 96, 0, 2463, 2463, 50.48, P0, 0x0000000000000000
2026/08/28 09:37:57.321, 77, 96, 0, 2463, 2463, 50.48, P0, 0x0000000000000000
2026/08/28 09:37:57.421, 77, 96, 0, 2463, 2463, 50.48, P0, 0x0000000000000000
2026/08/28 09:37:57.521, 77, 96, 0, 2463, 2463, 50.48, P0, 0x0000000000000000
2026/08/28 09:37:57.621, 77, 96, 0, 2463, 2463, 50.48, P0, 0x0000000000000000
2026/08/28 09:37:57.722, 82, 96, 0, 2463, 2463, 56.53, P0, 0x0000000000000000
2026/08/28 09:37:57.822, 82, 96, 0, 2463, 2463, 56.53, P0, 0x0000000000000000
2026/08/28 09:37:57.922, 82, 96, 0, 2463, 2463, 56.53, P0, 0x0000000000000000
2026/08/28 09:37:58.022, 82, 96, 0, 2463, 2463, 56.53, P0, 0x0000000000000000
2026/08/28 09:37:58.122, 82, 96, 0, 2463, 2463, 56.53, P0, 0x0000000000000000
2026/08/28 09:37:58.223, 81, 94, 0, 2431, 2431, 70.44, P0, 0x0000000000000000
2026/08/28 09:37:58.323, 81, 94, 0, 2431, 2431, 70.44, P0, 0x0000000000000000
2026/08/28 09:37:58.423, 81, 94, 0, 2431, 2431, 70.44, P0, 0x0000000000000000
2026/08/28 09:37:58.523, 81, 94, 0, 2431, 2431, 70.44, P0, 0x0000000000000000
2026/08/28 09:37:58.623, 81, 94, 0, 2431, 2431, 70.44, P0, 0x0000000000000000
2026/08/28 09:37:58.723, 83, 94, 0, 2398, 2398, 78.62, P0, 0x0000000000000020
2026/08/28 09:37:58.823, 83, 94, 0, 2398, 2398, 78.62, P0, 0x0000000000000020
2026/08/28 09:37:58.924, 83, 94, 0, 2398, 2398, 78.62, P0, 0x0000000000000020
2026/08/28 09:37:59.024, 83, 94, 0, 2398, 2398, 78.62, P0, 0x0000000000000020
2026/08/28 09:37:59.124, 83, 94, 0, 2398, 2398, 78.62, P0, 0x0000000000000020
2026/08/28 09:37:59.224, 82, 96, 0, 2372, 2372, 76.79, P0, 0x0000000000000000
2026/08/28 09:37:59.324, 82, 96, 0, 2372, 2372, 76.79, P0, 0x0000000000000000
2026/08/28 09:37:59.425, 82, 96, 0, 2372, 2372, 76.79, P0, 0x0000000000000000
2026/08/28 09:37:59.525, 82, 96, 0, 2372, 2372, 76.79, P0, 0x0000000000000000
2026/08/28 09:37:59.625, 82, 96, 0, 2372, 2372, 76.79, P0, 0x0000000000000000
2026/08/28 09:37:59.725, 84, 96, 0, 2431, 2431, 76.66, P0, 0x0000000000000020
2026/08/28 09:37:59.825, 84, 96, 0, 2431, 2431, 76.66, P0, 0x0000000000000020
2026/08/28 09:37:59.926, 84, 96, 0, 2431, 2431, 76.66, P0, 0x0000000000000020
2026/08/28 09:38:00.026, 84, 96, 0, 2431, 2431, 76.66, P0, 0x0000000000000020
2026/08/28 09:38:00.126, 84, 96, 0, 2431, 2431, 76.66, P0, 0x0000000000000020
2026/08/28 09:38:00.226, 78, 96, 0, 2437, 2437, 73.31, P0, 0x0000000000000000
2026/08/28 09:38:00.327, 78, 96, 0, 2437, 2437, 73.31, P0, 0x0000000000000000
2026/08/28 09:38:00.427, 78, 96, 0, 2437, 2437, 73.31, P0, 0x0000000000000000
2026/08/28 09:38:00.527, 78, 96, 0, 2437, 2437, 73.31, P0, 0x0000000000000000
2026/08/28 09:38:00.627, 78, 96, 0, 2437, 2437, 73.31, P0, 0x0000000000000000
2026/08/28 09:38:00.728, 77, 96, 0, 2463, 2463, 59.01, P0, 0x0000000000000000
2026/08/28 09:38:00.828, 77, 96, 0, 2463, 2463, 59.01, P0, 0x0000000000000000
2026/08/28 09:38:00.928, 77, 96, 0, 2463, 2463, 59.01, P0, 0x0000000000000000
2026/08/28 09:38:01.029, 77, 96, 0, 2463, 2463, 59.01, P0, 0x0000000000000000
2026/08/28 09:38:01.129, 77, 96, 0, 2463, 2463, 59.01, P0, 0x0000000000000000
2026/08/28 09:38:01.229, 77, 96, 0, 2463, 2463, 50.44, P0, 0x0000000000000000
2026/08/28 09:38:01.329, 77, 96, 0, 2463, 2463, 50.44, P0, 0x0000000000000000
2026/08/28 09:38:01.429, 77, 96, 0, 2463, 2463, 50.44, P0, 0x0000000000000000
2026/08/28 09:38:01.530, 77, 96, 0, 2463, 2463, 50.44, P0, 0x0000000000000000
2026/08/28 09:38:01.630, 77, 96, 0, 2463, 2463, 50.44, P0, 0x0000000000000000
2026/08/28 09:38:01.730, 82, 96, 0, 2444, 2444, 54.46, P0, 0x0000000000000000
2026/08/28 09:38:01.830, 82, 96, 0, 2444, 2444, 54.46, P0, 0x0000000000000000
2026/08/28 09:38:01.930, 82, 96, 0, 2444, 2444, 54.46, P0, 0x0000000000000000
2026/08/28 09:38:02.030, 82, 96, 0, 2444, 2444, 54.46, P0, 0x0000000000000000
2026/08/28 09:38:02.131, 82, 96, 0, 2444, 2444, 54.46, P0, 0x0000000000000000
2026/08/28 09:38:02.231, 82, 96, 0, 2418, 2418, 68.58, P0, 0x0000000000000000
2026/08/28 09:38:02.331, 82, 96, 0, 2418, 2418, 68.58, P0, 0x0000000000000000
2026/08/28 09:38:02.431, 82, 96, 0, 2418, 2418, 68.58, P0, 0x0000000000000000
2026/08/28 09:38:02.531, 82, 96, 0, 2418, 2418, 68.58, P0, 0x0000000000000000
2026/08/28 09:38:02.632, 82, 96, 0, 2418, 2418, 68.58, P0, 0x0000000000000000
2026/08/28 09:38:02.732, 82, 96, 0, 2424, 2424, 79.16, P0, 0x0000000000000000
2026/08/28 09:38:02.832, 82, 96, 0, 2424, 2424, 79.16, P0, 0x0000000000000000
2026/08/28 09:38:02.932, 82, 96, 0, 2424, 2424, 79.16, P0, 0x0000000000000000
2026/08/28 09:38:03.033, 82, 96, 0, 2424, 2424, 79.16, P0, 0x0000000000000000
2026/08/28 09:38:03.133, 82, 96, 0, 2424, 2424, 79.16, P0, 0x0000000000000000
2026/08/28 09:38:03.233, 82, 96, 0, 2418, 2418, 79.71, P0, 0x0000000000000000
2026/08/28 09:38:03.333, 82, 96, 0, 2418, 2418, 79.71, P0, 0x0000000000000000
2026/08/28 09:38:03.433, 82, 96, 0, 2418, 2418, 79.71, P0, 0x0000000000000000
2026/08/28 09:38:03.534, 82, 96, 0, 2418, 2418, 79.71, P0, 0x0000000000000000
2026/08/28 09:38:03.634, 82, 96, 0, 2418, 2418, 79.71, P0, 0x0000000000000000
2026/08/28 09:38:03.734, 81, 96, 0, 2236, 2236, 77.96, P0, 0x0000000000000000
2026/08/28 09:38:03.835, 81, 96, 0, 2236, 2236, 77.96, P0, 0x0000000000000000
2026/08/28 09:38:03.935, 81, 96, 0, 2236, 2236, 77.96, P0, 0x0000000000000000
2026/08/28 09:38:04.035, 81, 96, 0, 2236, 2236, 77.96, P0, 0x0000000000000000
2026/08/28 09:38:04.135, 81, 96, 0, 2236, 2236, 77.96, P0, 0x0000000000000000
2026/08/28 09:38:04.236, 83, 96, 0, 2405, 2405, 75.43, P0, 0x0000000000000000
2026/08/28 09:38:04.336, 83, 96, 0, 2405, 2405, 75.43, P0, 0x0000000000000000
2026/08/28 09:38:04.436, 83, 96, 0, 2405, 2405, 75.43, P0, 0x0000000000000000
2026/08/28 09:38:04.537, 83, 96, 0, 2405, 2405, 75.43, P0, 0x0000000000000000
2026/08/28 09:38:04.637, 83, 96, 0, 2405, 2405, 75.43, P0, 0x0000000000000000
2026/08/28 09:38:04.737, 77, 96, 0, 2457, 2457, 64.77, P0, 0x0000000000000000
2026/08/28 09:38:04.837, 77, 96, 0, 2457, 2457, 64.77, P0, 0x0000000000000000
2026/08/28 09:38:04.938, 77, 96, 0, 2457, 2457, 64.77, P0, 0x0000000000000000
2026/08/28 09:38:05.038, 77, 96, 0, 2457, 2457, 64.77, P0, 0x0000000000000000
2026/08/28 09:38:05.138, 77, 96, 0, 2457, 2457, 64.77, P0, 0x0000000000000000
2026/08/28 09:38:05.238, 77, 96, 0, 2463, 2463, 52.04, P0, 0x0000000000000000
2026/08/28 09:38:05.339, 77, 96, 0, 2463, 2463, 52.04, P0, 0x0000000000000000
2026/08/28 09:38:05.439, 77, 96, 0, 2463, 2463, 52.04, P0, 0x0000000000000000
2026/08/28 09:38:05.539, 77, 96, 0, 2463, 2463, 52.04, P0, 0x0000000000000000
2026/08/28 09:38:05.639, 77, 96, 0, 2463, 2463, 52.04, P0, 0x0000000000000000
2026/08/28 09:38:05.740, 77, 96, 0, 2463, 2463, 50.31, P0, 0x0000000000000000
2026/08/28 09:38:05.840, 77, 96, 0, 2463, 2463, 50.31, P0, 0x0000000000000000
2026/08/28 09:38:05.940, 77, 96, 0, 2463, 2463, 50.31, P0, 0x0000000000000000
2026/08/28 09:38:06.041, 77, 96, 0, 2463, 2463, 50.31, P0, 0x0000000000000000
2026/08/28 09:38:06.141, 77, 96, 0, 2463, 2463, 50.31, P0, 0x0000000000000000
2026/08/28 09:38:06.241, 82, 96, 0, 2444, 2444, 54.91, P0, 0x0000000000000000
2026/08/28 09:38:06.341, 82, 96, 0, 2444, 2444, 54.91, P0, 0x0000000000000000
2026/08/28 09:38:06.441, 82, 96, 0, 2444, 2444, 54.91, P0, 0x0000000000000000
2026/08/28 09:38:06.541, 82, 96, 0, 2444, 2444, 54.91, P0, 0x0000000000000000
2026/08/28 09:38:06.641, 82, 96, 0, 2444, 2444, 54.91, P0, 0x0000000000000000
2026/08/28 09:38:06.742, 81, 96, 0, 2418, 2418, 69.35, P0, 0x0000000000000000
2026/08/28 09:38:06.842, 81, 96, 0, 2418, 2418, 69.35, P0, 0x0000000000000000
2026/08/28 09:38:06.942, 81, 96, 0, 2418, 2418, 69.35, P0, 0x0000000000000000
2026/08/28 09:38:07.042, 81, 96, 0, 2418, 2418, 69.35, P0, 0x0000000000000000
2026/08/28 09:38:07.142, 81, 96, 0, 2418, 2418, 69.35, P0, 0x0000000000000000
2026/08/28 09:38:07.242, 81, 96, 0, 2392, 2392, 77.19, P0, 0x0000000000000020
2026/08/28 09:38:07.342, 81, 96, 0, 2392, 2392, 77.19, P0, 0x0000000000000020
2026/08/28 09:38:07.442, 81, 96, 0, 2392, 2392, 77.19, P0, 0x0000000000000020
2026/08/28 09:38:07.543, 81, 96, 0, 2392, 2392, 77.19, P0, 0x0000000000000020
2026/08/28 09:38:07.643, 81, 96, 0, 2392, 2392, 77.19, P0, 0x0000000000000020
2026/08/28 09:38:07.743, 77, 96, 0, 2457, 2457, 68.37, P0, 0x0000000000000000
2026/08/28 09:38:07.844, 77, 96, 0, 2457, 2457, 68.37, P0, 0x0000000000000000
2026/08/28 09:38:07.944, 77, 96, 0, 2457, 2457, 68.37, P0, 0x0000000000000000
2026/08/28 09:38:08.044, 77, 96, 0, 2457, 2457, 68.37, P0, 0x0000000000000000
2026/08/28 09:38:08.144, 77, 96, 0, 2457, 2457, 68.37, P0, 0x0000000000000000
2026/08/28 09:38:08.245, 79, 95, 0, 2457, 2457, 56.59, P0, 0x0000000000000000
2026/08/28 09:38:08.345, 79, 95, 0, 2457, 2457, 56.59, P0, 0x0000000000000000
2026/08/28 09:38:08.445, 79, 95, 0, 2457, 2457, 56.59, P0, 0x0000000000000000
2026/08/28 09:38:08.545, 79, 95, 0, 2457, 2457, 56.59, P0, 0x0000000000000000
2026/08/28 09:38:08.646, 79, 95, 0, 2457, 2457, 56.59, P0, 0x0000000000000000
2026/08/28 09:38:08.746, 83, 95, 0, 2431, 2431, 64.90, P0, 0x0000000000000000
2026/08/28 09:38:08.846, 83, 95, 0, 2431, 2431, 64.90, P0, 0x0000000000000000
2026/08/28 09:38:08.946, 83, 95, 0, 2431, 2431, 64.90, P0, 0x0000000000000000
2026/08/28 09:38:09.046, 83, 95, 0, 2431, 2431, 64.90, P0, 0x0000000000000000
2026/08/28 09:38:09.147, 83, 95, 0, 2431, 2431, 64.90, P0, 0x0000000000000000
2026/08/28 09:38:09.247, 78, 94, 0, 2424, 2424, 79.14, P0, 0x0000000000000020
2026/08/28 09:38:09.347, 78, 94, 0, 2424, 2424, 79.14, P0, 0x0000000000000020
2026/08/28 09:38:09.447, 78, 94, 0, 2424, 2424, 79.14, P0, 0x0000000000000020
2026/08/28 09:38:09.547, 78, 94, 0, 2424, 2424, 79.14, P0, 0x0000000000000020
2026/08/28 09:38:09.647, 78, 94, 0, 2424, 2424, 79.14, P0, 0x0000000000000020
2026/08/28 09:38:09.747, 81, 94, 0, 2392, 2392, 77.83, P0, 0x0000000000000020
2026/08/28 09:38:09.848, 81, 94, 0, 2392, 2392, 77.83, P0, 0x0000000000000020
2026/08/28 09:38:09.948, 81, 94, 0, 2392, 2392, 77.83, P0, 0x0000000000000020
2026/08/28 09:38:10.048, 81, 94, 0, 2392, 2392, 77.83, P0, 0x0000000000000020
2026/08/28 09:38:10.148, 81, 94, 0, 2392, 2392, 77.83, P0, 0x0000000000000020
2026/08/28 09:38:10.248, 82, 96, 0, 2379, 2379, 76.34, P0, 0x0000000000000000
2026/08/28 09:38:10.349, 82, 96, 0, 2379, 2379, 76.34, P0, 0x0000000000000000
2026/08/28 09:38:10.449, 82, 96, 0, 2379, 2379, 76.34, P0, 0x0000000000000000
2026/08/28 09:38:10.549, 82, 96, 0, 2379, 2379, 76.34, P0, 0x0000000000000000
2026/08/28 09:38:10.649, 82, 96, 0, 2379, 2379, 76.34, P0, 0x0000000000000000
2026/08/28 09:38:10.749, 76, 96, 0, 2405, 2405, 76.06, P0, 0x0000000000000000
2026/08/28 09:38:10.850, 76, 96, 0, 2405, 2405, 76.06, P0, 0x0000000000000000
2026/08/28 09:38:10.950, 76, 96, 0, 2405, 2405, 76.06, P0, 0x0000000000000000
2026/08/28 09:38:11.050, 76, 96, 0, 2405, 2405, 76.06, P0, 0x0000000000000000
2026/08/28 09:38:11.150, 76, 96, 0, 2405, 2405, 76.06, P0, 0x0000000000000000
2026/08/28 09:38:11.250, 77, 96, 0, 2431, 2431, 71.19, P0, 0x0000000000000000
2026/08/28 09:38:11.351, 77, 96, 0, 2431, 2431, 71.19, P0, 0x0000000000000000
2026/08/28 09:38:11.451, 77, 96, 0, 2431, 2431, 71.19, P0, 0x0000000000000000
2026/08/28 09:38:11.551, 77, 96, 0, 2431, 2431, 71.19, P0, 0x0000000000000000
2026/08/28 09:38:11.651, 77, 96, 0, 2431, 2431, 71.19, P0, 0x0000000000000000
2026/08/28 09:38:11.751, 77, 96, 0, 2463, 2463, 58.85, P0, 0x0000000000000000
2026/08/28 09:38:11.852, 77, 96, 0, 2463, 2463, 58.85, P0, 0x0000000000000000
2026/08/28 09:38:11.952, 77, 96, 0, 2463, 2463, 58.85, P0, 0x0000000000000000
2026/08/28 09:38:12.052, 77, 96, 0, 2463, 2463, 58.85, P0, 0x0000000000000000
2026/08/28 09:38:12.153, 77, 96, 0, 2463, 2463, 58.85, P0, 0x0000000000000000
2026/08/28 09:38:12.253, 77, 96, 0, 2463, 2463, 50.46, P0, 0x0000000000000000
2026/08/28 09:38:12.353, 77, 96, 0, 2463, 2463, 50.46, P0, 0x0000000000000000
2026/08/28 09:38:12.454, 77, 96, 0, 2463, 2463, 50.46, P0, 0x0000000000000000
2026/08/28 09:38:12.554, 77, 96, 0, 2463, 2463, 50.46, P0, 0x0000000000000000
2026/08/28 09:38:12.654, 77, 96, 0, 2463, 2463, 50.46, P0, 0x0000000000000000
2026/08/28 09:38:12.754, 77, 96, 0, 2463, 2463, 50.51, P0, 0x0000000000000000
2026/08/28 09:38:12.854, 77, 96, 0, 2463, 2463, 50.51, P0, 0x0000000000000000
2026/08/28 09:38:12.955, 77, 96, 0, 2463, 2463, 50.51, P0, 0x0000000000000000
2026/08/28 09:38:13.055, 77, 96, 0, 2463, 2463, 50.51, P0, 0x0000000000000000
2026/08/28 09:38:13.155, 77, 96, 0, 2463, 2463, 50.51, P0, 0x0000000000000000
2026/08/28 09:38:13.255, 82, 96, 0, 2431, 2431, 63.27, P0, 0x0000000000000000
2026/08/28 09:38:13.357, 82, 96, 0, 2431, 2431, 63.27, P0, 0x0000000000000000
2026/08/28 09:38:13.457, 82, 96, 0, 2431, 2431, 63.27, P0, 0x0000000000000000
2026/08/28 09:38:13.557, 82, 96, 0, 2431, 2431, 63.27, P0, 0x0000000000000000
2026/08/28 09:38:13.657, 82, 96, 0, 2431, 2431, 63.27, P0, 0x0000000000000000
2026/08/28 09:38:13.757, 83, 96, 0, 2418, 2418, 78.18, P0, 0x0000000000000000
2026/08/28 09:38:13.858, 83, 96, 0, 2418, 2418, 78.18, P0, 0x0000000000000000
2026/08/28 09:38:13.958, 83, 96, 0, 2418, 2418, 78.18, P0, 0x0000000000000000
2026/08/28 09:38:14.058, 83, 96, 0, 2418, 2418, 78.18, P0, 0x0000000000000000
2026/08/28 09:38:14.158, 83, 96, 0, 2424, 2424, 77.66, P0, 0x0000000000000000
2026/08/28 09:38:14.258, 81, 55, 0, 2424, 2424, 77.66, P0, 0x0000000000000000
2026/08/28 09:38:14.358, 81, 55, 0, 2424, 2424, 77.66, P0, 0x0000000000000000
2026/08/28 09:38:14.459, 81, 55, 0, 2424, 2424, 77.66, P0, 0x0000000000000000
2026/08/28 09:38:14.559, 81, 55, 0, 2424, 2424, 77.66, P0, 0x0000000000000000
2026/08/28 09:38:14.659, 81, 55, 0, 2450, 2450, 70.49, P0, 0x0000000000000000
2026/08/28 09:38:14.759, 77, 55, 0, 2450, 2450, 70.49, P0, 0x0000000000000000
2026/08/28 09:38:14.859, 77, 55, 0, 2450, 2450, 70.49, P0, 0x0000000000000000
2026/08/28 09:38:14.960, 77, 55, 0, 2450, 2450, 70.49, P0, 0x0000000000000000
2026/08/28 09:38:15.060, 77, 55, 0, 2450, 2450, 70.49, P0, 0x0000000000000000
2026/08/28 09:38:15.160, 82, 96, 0, 2431, 2431, 66.91, P0, 0x0000000000000000
2026/08/28 09:38:15.260, 82, 96, 0, 2431, 2431, 66.91, P0, 0x0000000000000000
2026/08/28 09:38:15.360, 82, 96, 0, 2431, 2431, 66.91, P0, 0x0000000000000000
2026/08/28 09:38:15.460, 82, 96, 0, 2431, 2431, 66.91, P0, 0x0000000000000000
2026/08/28 09:38:15.561, 82, 96, 0, 2431, 2431, 66.91, P0, 0x0000000000000000
2026/08/28 09:38:15.661, 82, 96, 0, 2424, 2424, 72.26, P0, 0x0000000000000000
2026/08/28 09:38:15.761, 82, 96, 0, 2424, 2424, 72.26, P0, 0x0000000000000000
2026/08/28 09:38:15.861, 82, 96, 0, 2424, 2424, 72.26, P0, 0x0000000000000000
2026/08/28 09:38:15.961, 82, 96, 0, 2424, 2424, 72.26, P0, 0x0000000000000000
2026/08/28 09:38:16.062, 82, 96, 0, 2424, 2424, 72.26, P0, 0x0000000000000000
2026/08/28 09:38:16.162, 81, 96, 0, 2418, 2418, 79.86, P0, 0x0000000000000000
2026/08/28 09:38:16.262, 81, 96, 0, 2418, 2418, 79.86, P0, 0x0000000000000000
2026/08/28 09:38:16.362, 81, 96, 0, 2418, 2418, 79.86, P0, 0x0000000000000000
2026/08/28 09:38:16.462, 81, 96, 0, 2418, 2418, 79.86, P0, 0x0000000000000000
2026/08/28 09:38:16.562, 81, 96, 0, 2418, 2418, 79.86, P0, 0x0000000000000000
2026/08/28 09:38:16.663, 82, 96, 0, 2418, 2418, 80.19, P0, 0x0000000000000000
2026/08/28 09:38:16.763, 82, 96, 0, 2418, 2418, 80.19, P0, 0x0000000000000000
2026/08/28 09:38:16.863, 82, 96, 0, 2418, 2418, 80.19, P0, 0x0000000000000000
2026/08/28 09:38:16.963, 82, 96, 0, 2418, 2418, 80.19, P0, 0x0000000000000000
2026/08/28 09:38:17.063, 82, 96, 0, 2418, 2418, 80.19, P0, 0x0000000000000000
2026/08/28 09:38:17.163, 83, 96, 0, 2392, 2392, 77.06, P0, 0x0000000000000000
2026/08/28 09:38:17.263, 83, 96, 0, 2392, 2392, 77.06, P0, 0x0000000000000000
2026/08/28 09:38:17.364, 83, 96, 0, 2392, 2392, 77.06, P0, 0x0000000000000000
2026/08/28 09:38:17.464, 83, 96, 0, 2392, 2392, 77.06, P0, 0x0000000000000000
2026/08/28 09:38:17.564, 83, 96, 0, 2392, 2392, 77.06, P0, 0x0000000000000000
2026/08/28 09:38:17.664, 82, 96, 0, 2340, 2340, 74.80, P0, 0x0000000000000000
2026/08/28 09:38:17.764, 82, 96, 0, 2340, 2340, 74.80, P0, 0x0000000000000000
2026/08/28 09:38:17.864, 82, 96, 0, 2340, 2340, 74.80, P0, 0x0000000000000000
2026/08/28 09:38:17.965, 82, 96, 0, 2340, 2340, 74.80, P0, 0x0000000000000000
2026/08/28 09:38:18.065, 82, 96, 0, 2340, 2340, 74.80, P0, 0x0000000000000000
2026/08/28 09:38:18.165, 79, 96, 0, 2236, 2236, 73.19, P0, 0x0000000000000020
2026/08/28 09:38:18.265, 79, 96, 0, 2236, 2236, 73.19, P0, 0x0000000000000020
2026/08/28 09:38:18.365, 79, 96, 0, 2236, 2236, 73.19, P0, 0x0000000000000020
2026/08/28 09:38:18.466, 79, 96, 0, 2236, 2236, 73.19, P0, 0x0000000000000020
2026/08/28 09:38:18.566, 79, 96, 0, 2236, 2236, 73.19, P0, 0x0000000000000020
2026/08/28 09:38:18.667, 77, 96, 0, 2457, 2457, 65.22, P0, 0x0000000000000000
2026/08/28 09:38:18.767, 77, 96, 0, 2457, 2457, 65.22, P0, 0x0000000000000000
2026/08/28 09:38:18.867, 77, 96, 0, 2457, 2457, 65.22, P0, 0x0000000000000000
2026/08/28 09:38:18.967, 77, 96, 0, 2457, 2457, 65.22, P0, 0x0000000000000000
2026/08/28 09:38:19.068, 77, 96, 0, 2457, 2457, 65.22, P0, 0x0000000000000000
2026/08/28 09:38:19.168, 77, 96, 0, 2463, 2463, 54.55, P0, 0x0000000000000000
2026/08/28 09:38:19.268, 77, 96, 0, 2463, 2463, 54.55, P0, 0x0000000000000000
2026/08/28 09:38:19.368, 77, 96, 0, 2463, 2463, 54.55, P0, 0x0000000000000000
2026/08/28 09:38:19.468, 77, 96, 0, 2463, 2463, 54.55, P0, 0x0000000000000000
2026/08/28 09:38:19.569, 77, 96, 0, 2463, 2463, 54.55, P0, 0x0000000000000000
2026/08/28 09:38:19.669, 77, 96, 0, 2463, 2463, 50.46, P0, 0x0000000000000000
2026/08/28 09:38:19.769, 77, 96, 0, 2463, 2463, 50.46, P0, 0x0000000000000000
2026/08/28 09:38:19.869, 77, 96, 0, 2463, 2463, 50.46, P0, 0x0000000000000000
2026/08/28 09:38:19.969, 77, 96, 0, 2463, 2463, 50.46, P0, 0x0000000000000000
2026/08/28 09:38:20.070, 77, 96, 0, 2463, 2463, 50.46, P0, 0x0000000000000000
2026/08/28 09:38:20.170, 77, 96, 0, 2463, 2463, 50.40, P0, 0x0000000000000000
2026/08/28 09:38:20.271, 77, 96, 0, 2463, 2463, 50.40, P0, 0x0000000000000000
2026/08/28 09:38:20.371, 77, 96, 0, 2463, 2463, 50.40, P0, 0x0000000000000000
2026/08/28 09:38:20.471, 77, 96, 0, 2463, 2463, 50.40, P0, 0x0000000000000000
2026/08/28 09:38:20.571, 77, 96, 0, 2463, 2463, 50.40, P0, 0x0000000000000000
2026/08/28 09:38:20.672, 77, 96, 0, 2463, 2463, 50.34, P0, 0x0000000000000000
2026/08/28 09:38:20.772, 77, 96, 0, 2463, 2463, 50.34, P0, 0x0000000000000000
2026/08/28 09:38:20.872, 77, 96, 0, 2463, 2463, 50.34, P0, 0x0000000000000000
2026/08/28 09:38:20.972, 77, 96, 0, 2463, 2463, 50.34, P0, 0x0000000000000000
2026/08/28 09:38:21.073, 77, 96, 0, 2463, 2463, 50.34, P0, 0x0000000000000000
2026/08/28 09:38:21.173, 76, 96, 0, 2463, 2463, 50.41, P0, 0x0000000000000000
2026/08/28 09:38:21.273, 76, 96, 0, 2463, 2463, 50.41, P0, 0x0000000000000000
2026/08/28 09:38:21.373, 76, 96, 0, 2463, 2463, 50.41, P0, 0x0000000000000000
2026/08/28 09:38:21.474, 76, 96, 0, 2463, 2463, 50.41, P0, 0x0000000000000000
2026/08/28 09:38:21.574, 76, 96, 0, 2463, 2463, 50.41, P0, 0x0000000000000000
2026/08/28 09:38:21.674, 76, 96, 0, 2463, 2463, 50.35, P0, 0x0000000000000000
2026/08/28 09:38:21.775, 76, 96, 0, 2463, 2463, 50.35, P0, 0x0000000000000000
2026/08/28 09:38:21.875, 76, 96, 0, 2463, 2463, 50.35, P0, 0x0000000000000000
2026/08/28 09:38:21.975, 76, 96, 0, 2463, 2463, 50.35, P0, 0x0000000000000000
2026/08/28 09:38:22.075, 76, 96, 0, 2463, 2463, 50.35, P0, 0x0000000000000000
2026/08/28 09:38:22.176, 76, 96, 0, 2463, 2463, 50.30, P0, 0x0000000000000000
2026/08/28 09:38:22.276, 76, 96, 0, 2463, 2463, 50.30, P0, 0x0000000000000000
2026/08/28 09:38:22.376, 76, 96, 0, 2463, 2463, 50.30, P0, 0x0000000000000000
2026/08/28 09:38:22.477, 76, 96, 0, 2463, 2463, 50.30, P0, 0x0000000000000000
2026/08/28 09:38:22.577, 76, 96, 0, 2463, 2463, 50.30, P0, 0x0000000000000000
2026/08/28 09:38:22.677, 76, 96, 0, 2463, 2463, 50.23, P0, 0x0000000000000000
2026/08/28 09:38:22.777, 76, 96, 0, 2463, 2463, 50.23, P0, 0x0000000000000000
2026/08/28 09:38:22.878, 76, 96, 0, 2463, 2463, 50.23, P0, 0x0000000000000000
2026/08/28 09:38:22.978, 76, 96, 0, 2463, 2463, 50.23, P0, 0x0000000000000000
2026/08/28 09:38:23.078, 76, 96, 0, 2463, 2463, 50.23, P0, 0x0000000000000000
2026/08/28 09:38:23.178, 76, 96, 0, 2463, 2463, 50.16, P0, 0x0000000000000000
2026/08/28 09:38:23.279, 76, 96, 0, 2463, 2463, 50.16, P0, 0x0000000000000000
2026/08/28 09:38:23.379, 76, 96, 0, 2463, 2463, 50.16, P0, 0x0000000000000000
2026/08/28 09:38:23.479, 76, 96, 0, 2463, 2463, 50.16, P0, 0x0000000000000000
2026/08/28 09:38:23.580, 76, 96, 0, 2463, 2463, 50.16, P0, 0x0000000000000000
2026/08/28 09:38:23.680, 76, 96, 0, 2463, 2463, 50.18, P0, 0x0000000000000000
2026/08/28 09:38:23.780, 76, 96, 0, 2463, 2463, 50.18, P0, 0x0000000000000000
2026/08/28 09:38:23.880, 76, 96, 0, 2463, 2463, 50.18, P0, 0x0000000000000000
2026/08/28 09:38:23.981, 76, 96, 0, 2463, 2463, 50.18, P0, 0x0000000000000000
2026/08/28 09:38:24.081, 76, 96, 0, 2463, 2463, 50.18, P0, 0x0000000000000000
2026/08/28 09:38:24.181, 76, 96, 0, 2463, 2463, 50.11, P0, 0x0000000000000000
2026/08/28 09:38:24.281, 76, 96, 0, 2463, 2463, 50.11, P0, 0x0000000000000000
2026/08/28 09:38:24.382, 76, 96, 0, 2463, 2463, 50.11, P0, 0x0000000000000000
2026/08/28 09:38:24.482, 76, 96, 0, 2463, 2463, 50.11, P0, 0x0000000000000000
2026/08/28 09:38:24.582, 76, 96, 0, 2463, 2463, 50.11, P0, 0x0000000000000000
2026/08/28 09:38:24.683, 76, 96, 0, 2424, 2424, 59.21, P0, 0x0000000000000000
2026/08/28 09:38:24.783, 76, 96, 0, 2424, 2424, 59.21, P0, 0x0000000000000000
2026/08/28 09:38:24.883, 76, 96, 0, 2424, 2424, 59.21, P0, 0x0000000000000000
2026/08/28 09:38:24.983, 76, 96, 0, 2424, 2424, 59.21, P0, 0x0000000000000000
2026/08/28 09:38:25.083, 76, 96, 0, 2424, 2424, 59.21, P0, 0x0000000000000000
2026/08/28 09:38:25.183, 82, 96, 0, 2431, 2431, 73.65, P0, 0x0000000000000000
2026/08/28 09:38:25.284, 82, 96, 0, 2431, 2431, 73.65, P0, 0x0000000000000000
2026/08/28 09:38:25.384, 82, 96, 0, 2431, 2431, 73.65, P0, 0x0000000000000000
2026/08/28 09:38:25.484, 82, 96, 0, 2431, 2431, 73.65, P0, 0x0000000000000000
2026/08/28 09:38:25.584, 82, 96, 0, 2431, 2431, 73.65, P0, 0x0000000000000000
2026/08/28 09:38:25.684, 81, 96, 0, 2424, 2424, 80.21, P0, 0x0000000000000000
2026/08/28 09:38:25.785, 81, 96, 0, 2424, 2424, 80.21, P0, 0x0000000000000000
2026/08/28 09:38:25.885, 81, 96, 0, 2424, 2424, 80.21, P0, 0x0000000000000000
2026/08/28 09:38:25.985, 81, 96, 0, 2424, 2424, 80.21, P0, 0x0000000000000000
2026/08/28 09:38:26.086, 81, 96, 0, 2424, 2424, 80.21, P0, 0x0000000000000000
2026/08/28 09:38:26.186, 82, 96, 0, 2424, 2424, 80.52, P0, 0x0000000000000000
2026/08/28 09:38:26.286, 82, 96, 0, 2424, 2424, 80.52, P0, 0x0000000000000000
2026/08/28 09:38:26.386, 82, 96, 0, 2424, 2424, 80.52, P0, 0x0000000000000000
2026/08/28 09:38:26.486, 82, 96, 0, 2424, 2424, 80.52, P0, 0x0000000000000000
2026/08/28 09:38:26.586, 82, 96, 0, 2424, 2424, 80.52, P0, 0x0000000000000000
2026/08/28 09:38:26.686, 80, 96, 0, 2379, 2379, 78.98, P0, 0x0000000000000020
2026/08/28 09:38:26.787, 80, 96, 0, 2379, 2379, 78.98, P0, 0x0000000000000020
2026/08/28 09:38:26.887, 80, 96, 0, 2379, 2379, 78.98, P0, 0x0000000000000020
2026/08/28 09:38:26.987, 80, 96, 0, 2379, 2379, 78.98, P0, 0x0000000000000020
2026/08/28 09:38:27.087, 80, 96, 0, 2379, 2379, 78.98, P0, 0x0000000000000020
2026/08/28 09:38:27.187, 82, 96, 0, 2262, 2262, 78.00, P0, 0x0000000000000000
2026/08/28 09:38:27.287, 82, 96, 0, 2262, 2262, 78.00, P0, 0x0000000000000000
2026/08/28 09:38:27.387, 82, 96, 0, 2262, 2262, 78.00, P0, 0x0000000000000000
2026/08/28 09:38:27.488, 82, 96, 0, 2262, 2262, 78.00, P0, 0x0000000000000000
2026/08/28 09:38:27.588, 82, 96, 0, 2262, 2262, 78.00, P0, 0x0000000000000000
2026/08/28 09:38:27.688, 77, 96, 0, 2424, 2424, 72.82, P0, 0x0000000000000000
2026/08/28 09:38:27.788, 77, 96, 0, 2424, 2424, 72.82, P0, 0x0000000000000000
2026/08/28 09:38:27.889, 77, 96, 0, 2424, 2424, 72.82, P0, 0x0000000000000000
2026/08/28 09:38:27.989, 77, 96, 0, 2424, 2424, 72.82, P0, 0x0000000000000000
2026/08/28 09:38:28.089, 77, 96, 0, 2424, 2424, 72.82, P0, 0x0000000000000000
2026/08/28 09:38:28.189, 76, 96, 0, 2457, 2457, 58.95, P0, 0x0000000000000000
2026/08/28 09:38:28.290, 76, 96, 0, 2457, 2457, 58.95, P0, 0x0000000000000000
2026/08/28 09:38:28.390, 76, 96, 0, 2457, 2457, 58.95, P0, 0x0000000000000000
2026/08/28 09:38:28.490, 76, 96, 0, 2457, 2457, 58.95, P0, 0x0000000000000000
2026/08/28 09:38:28.590, 76, 96, 0, 2457, 2457, 58.95, P0, 0x0000000000000000
2026/08/28 09:38:28.690, 81, 96, 0, 2450, 2450, 52.58, P0, 0x0000000000000000
2026/08/28 09:38:28.791, 81, 96, 0, 2450, 2450, 52.58, P0, 0x0000000000000000
2026/08/28 09:38:28.891, 81, 96, 0, 2450, 2450, 52.58, P0, 0x0000000000000000
2026/08/28 09:38:28.991, 81, 96, 0, 2450, 2450, 52.58, P0, 0x0000000000000000
2026/08/28 09:38:29.091, 81, 96, 0, 2450, 2450, 52.58, P0, 0x0000000000000000
2026/08/28 09:38:29.191, 81, 96, 0, 2431, 2431, 67.14, P0, 0x0000000000000000
2026/08/28 09:38:29.291, 81, 96, 0, 2431, 2431, 67.14, P0, 0x0000000000000000
2026/08/28 09:38:29.392, 81, 96, 0, 2431, 2431, 67.14, P0, 0x0000000000000000
2026/08/28 09:38:29.492, 81, 96, 0, 2431, 2431, 67.14, P0, 0x0000000000000000
2026/08/28 09:38:29.592, 81, 96, 0, 2431, 2431, 67.14, P0, 0x0000000000000000
2026/08/28 09:38:29.692, 82, 96, 0, 2405, 2405, 78.70, P0, 0x0000000000000000
2026/08/28 09:38:29.792, 82, 96, 0, 2405, 2405, 78.70, P0, 0x0000000000000000
2026/08/28 09:38:29.893, 82, 96, 0, 2405, 2405, 78.70, P0, 0x0000000000000000
2026/08/28 09:38:29.993, 82, 96, 0, 2405, 2405, 78.70, P0, 0x0000000000000000
2026/08/28 09:38:30.093, 82, 96, 0, 2405, 2405, 78.70, P0, 0x0000000000000000
2026/08/28 09:38:30.193, 81, 96, 0, 2392, 2392, 78.11, P0, 0x0000000000000000
2026/08/28 09:38:30.293, 81, 96, 0, 2392, 2392, 78.11, P0, 0x0000000000000000
2026/08/28 09:38:30.394, 81, 96, 0, 2392, 2392, 78.11, P0, 0x0000000000000000
2026/08/28 09:38:30.494, 81, 96, 0, 2392, 2392, 78.11, P0, 0x0000000000000000
2026/08/28 09:38:30.594, 81, 96, 0, 2392, 2392, 78.11, P0, 0x0000000000000000
2026/08/28 09:38:30.694, 80, 96, 0, 2398, 2398, 78.42, P0, 0x0000000000000020
2026/08/28 09:38:30.794, 80, 96, 0, 2398, 2398, 78.42, P0, 0x0000000000000020
2026/08/28 09:38:30.895, 80, 96, 0, 2398, 2398, 78.42, P0, 0x0000000000000020
2026/08/28 09:38:30.995, 80, 96, 0, 2398, 2398, 78.42, P0, 0x0000000000000020
2026/08/28 09:38:31.095, 80, 96, 0, 2398, 2398, 78.42, P0, 0x0000000000000020
2026/08/28 09:38:31.195, 81, 96, 0, 2398, 2398, 76.51, P0, 0x0000000000000000
2026/08/28 09:38:31.296, 81, 96, 0, 2398, 2398, 76.51, P0, 0x0000000000000000
2026/08/28 09:38:31.396, 81, 96, 0, 2398, 2398, 76.51, P0, 0x0000000000000000
2026/08/28 09:38:31.496, 81, 96, 0, 2398, 2398, 76.51, P0, 0x0000000000000000
2026/08/28 09:38:31.596, 81, 96, 0, 2398, 2398, 76.51, P0, 0x0000000000000000
2026/08/28 09:38:31.696, 80, 96, 0, 2411, 2411, 75.55, P0, 0x0000000000000000
2026/08/28 09:38:31.796, 80, 96, 0, 2411, 2411, 75.55, P0, 0x0000000000000000
2026/08/28 09:38:31.897, 80, 96, 0, 2411, 2411, 75.55, P0, 0x0000000000000000
2026/08/28 09:38:31.997, 80, 96, 0, 2411, 2411, 75.55, P0, 0x0000000000000000
2026/08/28 09:38:32.097, 80, 96, 0, 2411, 2411, 75.55, P0, 0x0000000000000000
2026/08/28 09:38:32.197, 80, 96, 0, 2060, 2060, 72.86, P0, 0x0000000000000004
2026/08/28 09:38:32.297, 80, 96, 0, 2060, 2060, 72.86, P0, 0x0000000000000004
2026/08/28 09:38:32.398, 80, 96, 0, 2060, 2060, 72.86, P0, 0x0000000000000004
2026/08/28 09:38:32.498, 80, 96, 0, 2060, 2060, 72.86, P0, 0x0000000000000004
2026/08/28 09:38:32.598, 80, 96, 0, 2060, 2060, 72.86, P0, 0x0000000000000004
2026/08/28 09:38:32.698, 76, 96, 0, 2112, 2112, 68.11, P0, 0x0000000000000020
2026/08/28 09:38:32.798, 76, 96, 0, 2112, 2112, 68.11, P0, 0x0000000000000020
2026/08/28 09:38:32.899, 76, 96, 0, 2112, 2112, 68.11, P0, 0x0000000000000020
2026/08/28 09:38:32.999, 76, 96, 0, 2112, 2112, 68.11, P0, 0x0000000000000020
2026/08/28 09:38:33.099, 76, 96, 0, 2112, 2112, 68.11, P0, 0x0000000000000020
2026/08/28 09:38:33.199, 76, 96, 0, 2463, 2463, 58.85, P0, 0x0000000000000000
2026/08/28 09:38:33.300, 76, 96, 0, 2463, 2463, 58.85, P0, 0x0000000000000000
2026/08/28 09:38:33.400, 76, 96, 0, 2463, 2463, 58.85, P0, 0x0000000000000000
2026/08/28 09:38:33.500, 76, 96, 0, 2463, 2463, 58.85, P0, 0x0000000000000000
2026/08/28 09:38:33.600, 76, 96, 0, 2463, 2463, 58.85, P0, 0x0000000000000000
2026/08/28 09:38:33.701, 76, 96, 0, 2463, 2463, 50.16, P0, 0x0000000000000000
2026/08/28 09:38:33.801, 76, 96, 0, 2463, 2463, 50.16, P0, 0x0000000000000000
2026/08/28 09:38:33.901, 76, 96, 0, 2463, 2463, 50.16, P0, 0x0000000000000000
2026/08/28 09:38:34.001, 76, 96, 0, 2463, 2463, 50.16, P0, 0x0000000000000000
2026/08/28 09:38:34.102, 76, 96, 0, 2463, 2463, 50.16, P0, 0x0000000000000000
2026/08/28 09:38:34.202, 76, 96, 0, 2463, 2463, 50.10, P0, 0x0000000000000000
2026/08/28 09:38:34.302, 76, 96, 0, 2463, 2463, 50.10, P0, 0x0000000000000000
2026/08/28 09:38:34.402, 76, 96, 0, 2463, 2463, 50.10, P0, 0x0000000000000000
2026/08/28 09:38:34.503, 76, 96, 0, 2463, 2463, 50.10, P0, 0x0000000000000000
2026/08/28 09:38:34.603, 76, 96, 0, 2463, 2463, 50.10, P0, 0x0000000000000000
2026/08/28 09:38:34.703, 81, 96, 0, 2444, 2444, 55.50, P0, 0x0000000000000000
2026/08/28 09:38:34.803, 81, 96, 0, 2444, 2444, 55.50, P0, 0x0000000000000000
2026/08/28 09:38:34.903, 81, 96, 0, 2444, 2444, 55.50, P0, 0x0000000000000000
2026/08/28 09:38:35.004, 81, 96, 0, 2444, 2444, 55.50, P0, 0x0000000000000000
2026/08/28 09:38:35.104, 81, 96, 0, 2444, 2444, 55.50, P0, 0x0000000000000000
2026/08/28 09:38:35.204, 82, 96, 0, 2424, 2424, 69.70, P0, 0x0000000000000000
2026/08/28 09:38:35.304, 82, 96, 0, 2424, 2424, 69.70, P0, 0x0000000000000000
2026/08/28 09:38:35.404, 82, 96, 0, 2424, 2424, 69.70, P0, 0x0000000000000000
2026/08/28 09:38:35.504, 82, 96, 0, 2424, 2424, 69.70, P0, 0x0000000000000000
2026/08/28 09:38:35.605, 82, 96, 0, 2424, 2424, 69.70, P0, 0x0000000000000000
2026/08/28 09:38:35.705, 82, 96, 0, 2424, 2424, 79.28, P0, 0x0000000000000000
2026/08/28 09:38:35.805, 82, 96, 0, 2424, 2424, 79.28, P0, 0x0000000000000000
2026/08/28 09:38:35.905, 82, 96, 0, 2424, 2424, 79.28, P0, 0x0000000000000000
2026/08/28 09:38:36.006, 82, 96, 0, 2424, 2424, 79.28, P0, 0x0000000000000000
2026/08/28 09:38:36.106, 82, 96, 0, 2424, 2424, 79.28, P0, 0x0000000000000000
2026/08/28 09:38:36.206, 82, 96, 0, 2418, 2418, 80.34, P0, 0x0000000000000000
2026/08/28 09:38:36.306, 82, 96, 0, 2418, 2418, 80.34, P0, 0x0000000000000000
2026/08/28 09:38:36.406, 82, 96, 0, 2418, 2418, 80.34, P0, 0x0000000000000000
2026/08/28 09:38:36.506, 82, 96, 0, 2418, 2418, 80.34, P0, 0x0000000000000000
2026/08/28 09:38:36.607, 82, 96, 0, 2418, 2418, 80.34, P0, 0x0000000000000000
2026/08/28 09:38:36.707, 81, 96, 0, 2405, 2405, 78.77, P0, 0x0000000000000000
2026/08/28 09:38:36.807, 81, 96, 0, 2405, 2405, 78.77, P0, 0x0000000000000000
2026/08/28 09:38:36.907, 81, 96, 0, 2405, 2405, 78.77, P0, 0x0000000000000000
2026/08/28 09:38:37.007, 81, 96, 0, 2405, 2405, 78.77, P0, 0x0000000000000000
2026/08/28 09:38:37.107, 81, 96, 0, 2405, 2405, 78.77, P0, 0x0000000000000000
2026/08/28 09:38:37.207, 84, 96, 0, 2424, 2424, 77.81, P0, 0x0000000000000000
2026/08/28 09:38:37.308, 84, 96, 0, 2424, 2424, 77.81, P0, 0x0000000000000000
2026/08/28 09:38:37.408, 84, 96, 0, 2424, 2424, 77.81, P0, 0x0000000000000000
2026/08/28 09:38:37.508, 84, 96, 0, 2424, 2424, 77.81, P0, 0x0000000000000000
2026/08/28 09:38:37.608, 84, 96, 0, 2424, 2424, 77.81, P0, 0x0000000000000000
2026/08/28 09:38:37.708, 79, 96, 0, 2268, 2268, 75.10, P0, 0x0000000000000020
2026/08/28 09:38:37.809, 79, 96, 0, 2268, 2268, 75.10, P0, 0x0000000000000020
2026/08/28 09:38:37.909, 79, 96, 0, 2268, 2268, 75.10, P0, 0x0000000000000020
2026/08/28 09:38:38.009, 79, 96, 0, 2268, 2268, 75.10, P0, 0x0000000000000020
2026/08/28 09:38:38.109, 79, 96, 0, 2268, 2268, 75.10, P0, 0x0000000000000020
2026/08/28 09:38:38.209, 77, 96, 0, 2450, 2450, 65.86, P0, 0x0000000000000000
2026/08/28 09:38:38.310, 77, 96, 0, 2450, 2450, 65.86, P0, 0x0000000000000000
2026/08/28 09:38:38.410, 77, 96, 0, 2450, 2450, 65.86, P0, 0x0000000000000000
2026/08/28 09:38:38.510, 77, 96, 0, 2450, 2450, 65.86, P0, 0x0000000000000000
2026/08/28 09:38:38.610, 77, 96, 0, 2450, 2450, 65.86, P0, 0x0000000000000000
2026/08/28 09:38:38.710, 76, 96, 0, 2463, 2463, 56.00, P0, 0x0000000000000000
2026/08/28 09:38:38.811, 76, 96, 0, 2463, 2463, 56.00, P0, 0x0000000000000000
2026/08/28 09:38:38.911, 76, 96, 0, 2463, 2463, 56.00, P0, 0x0000000000000000
2026/08/28 09:38:39.011, 76, 96, 0, 2463, 2463, 56.00, P0, 0x0000000000000000
2026/08/28 09:38:39.111, 76, 96, 0, 2463, 2463, 56.00, P0, 0x0000000000000000
2026/08/28 09:38:39.211, 76, 96, 0, 2463, 2463, 50.13, P0, 0x0000000000000000
2026/08/28 09:38:39.312, 76, 96, 0, 2463, 2463, 50.13, P0, 0x0000000000000000
2026/08/28 09:38:39.412, 76, 96, 0, 2463, 2463, 50.13, P0, 0x0000000000000000
2026/08/28 09:38:39.512, 76, 96, 0, 2463, 2463, 50.13, P0, 0x0000000000000000
2026/08/28 09:38:39.612, 76, 96, 0, 2463, 2463, 50.13, P0, 0x0000000000000000
2026/08/28 09:38:39.712, 76, 96, 0, 2463, 2463, 50.10, P0, 0x0000000000000000
2026/08/28 09:38:39.813, 76, 96, 0, 2463, 2463, 50.10, P0, 0x0000000000000000
2026/08/28 09:38:39.913, 76, 96, 0, 2463, 2463, 50.10, P0, 0x0000000000000000
2026/08/28 09:38:40.013, 76, 96, 0, 2463, 2463, 50.10, P0, 0x0000000000000000
2026/08/28 09:38:40.113, 76, 96, 0, 2463, 2463, 50.10, P0, 0x0000000000000000
2026/08/28 09:38:40.214, 76, 96, 0, 2463, 2463, 50.11, P0, 0x0000000000000000
2026/08/28 09:38:40.314, 76, 96, 0, 2463, 2463, 50.11, P0, 0x0000000000000000
2026/08/28 09:38:40.414, 76, 96, 0, 2463, 2463, 50.11, P0, 0x0000000000000000
2026/08/28 09:38:40.514, 76, 96, 0, 2463, 2463, 50.11, P0, 0x0000000000000000
2026/08/28 09:38:40.614, 76, 96, 0, 2463, 2463, 50.11, P0, 0x0000000000000000
2026/08/28 09:38:40.715, 76, 96, 0, 2463, 2463, 50.04, P0, 0x0000000000000000
2026/08/28 09:38:40.815, 76, 96, 0, 2463, 2463, 50.04, P0, 0x0000000000000000
2026/08/28 09:38:40.915, 76, 96, 0, 2463, 2463, 50.04, P0, 0x0000000000000000
2026/08/28 09:38:41.015, 76, 96, 0, 2463, 2463, 50.04, P0, 0x0000000000000000
2026/08/28 09:38:41.116, 76, 96, 0, 2463, 2463, 50.04, P0, 0x0000000000000000
2026/08/28 09:38:41.216, 76, 96, 0, 2463, 2463, 50.13, P0, 0x0000000000000000
2026/08/28 09:38:41.316, 76, 96, 0, 2463, 2463, 50.13, P0, 0x0000000000000000
2026/08/28 09:38:41.416, 76, 96, 0, 2463, 2463, 50.13, P0, 0x0000000000000000
2026/08/28 09:38:41.517, 76, 96, 0, 2463, 2463, 50.13, P0, 0x0000000000000000
2026/08/28 09:38:41.617, 76, 96, 0, 2463, 2463, 50.13, P0, 0x0000000000000000
2026/08/28 09:38:41.717, 76, 96, 0, 2463, 2463, 50.08, P0, 0x0000000000000000
2026/08/28 09:38:41.817, 76, 96, 0, 2463, 2463, 50.08, P0, 0x0000000000000000
2026/08/28 09:38:41.917, 76, 96, 0, 2463, 2463, 50.08, P0, 0x0000000000000000
2026/08/28 09:38:42.018, 76, 96, 0, 2463, 2463, 50.08, P0, 0x0000000000000000
2026/08/28 09:38:42.118, 76, 96, 0, 2463, 2463, 50.08, P0, 0x0000000000000000
2026/08/28 09:38:42.218, 76, 96, 0, 2463, 2463, 50.05, P0, 0x0000000000000000
2026/08/28 09:38:42.318, 76, 96, 0, 2463, 2463, 50.05, P0, 0x0000000000000000
2026/08/28 09:38:42.419, 76, 96, 0, 2463, 2463, 50.05, P0, 0x0000000000000000
2026/08/28 09:38:42.519, 76, 96, 0, 2463, 2463, 50.05, P0, 0x0000000000000000
2026/08/28 09:38:42.619, 76, 96, 0, 2463, 2463, 50.05, P0, 0x0000000000000000
2026/08/28 09:38:42.719, 76, 96, 0, 2463, 2463, 50.08, P0, 0x0000000000000000
2026/08/28 09:38:42.820, 76, 96, 0, 2463, 2463, 50.08, P0, 0x0000000000000000
2026/08/28 09:38:42.920, 76, 96, 0, 2463, 2463, 50.08, P0, 0x0000000000000000
2026/08/28 09:38:43.020, 76, 96, 0, 2463, 2463, 50.08, P0, 0x0000000000000000
2026/08/28 09:38:43.120, 76, 96, 0, 2463, 2463, 50.08, P0, 0x0000000000000000
2026/08/28 09:38:43.220, 81, 96, 0, 2431, 2431, 63.24, P0, 0x0000000000000000
2026/08/28 09:38:43.320, 81, 96, 0, 2431, 2431, 63.24, P0, 0x0000000000000000
2026/08/28 09:38:43.421, 81, 96, 0, 2431, 2431, 63.24, P0, 0x0000000000000000
2026/08/28 09:38:43.521, 81, 96, 0, 2431, 2431, 63.24, P0, 0x0000000000000000
2026/08/28 09:38:43.621, 81, 96, 0, 2431, 2431, 63.24, P0, 0x0000000000000000
2026/08/28 09:38:43.721, 82, 96, 0, 2424, 2424, 77.74, P0, 0x0000000000000000
2026/08/28 09:38:43.822, 82, 96, 0, 2424, 2424, 77.74, P0, 0x0000000000000000
2026/08/28 09:38:43.922, 82, 96, 0, 2424, 2424, 77.74, P0, 0x0000000000000000
2026/08/28 09:38:44.022, 82, 96, 0, 2424, 2424, 77.74, P0, 0x0000000000000000
2026/08/28 09:38:44.122, 82, 96, 0, 2424, 2424, 77.74, P0, 0x0000000000000000
2026/08/28 09:38:44.222, 81, 95, 0, 2424, 2424, 79.56, P0, 0x0000000000000000
2026/08/28 09:38:44.322, 81, 95, 0, 2424, 2424, 79.56, P0, 0x0000000000000000
2026/08/28 09:38:44.422, 81, 95, 0, 2424, 2424, 79.56, P0, 0x0000000000000000
2026/08/28 09:38:44.523, 81, 95, 0, 2424, 2424, 79.56, P0, 0x0000000000000000
2026/08/28 09:38:44.623, 81, 95, 0, 2424, 2424, 79.56, P0, 0x0000000000000000
2026/08/28 09:38:44.723, 81, 95, 0, 2418, 2418, 80.47, P0, 0x0000000000000000
2026/08/28 09:38:44.823, 81, 95, 0, 2418, 2418, 80.47, P0, 0x0000000000000000
2026/08/28 09:38:44.924, 81, 95, 0, 2418, 2418, 80.47, P0, 0x0000000000000000
2026/08/28 09:38:45.024, 81, 95, 0, 2418, 2418, 80.47, P0, 0x0000000000000000
2026/08/28 09:38:45.124, 81, 95, 0, 2418, 2418, 80.47, P0, 0x0000000000000000
2026/08/28 09:38:45.224, 77, 96, 0, 2437, 2437, 74.96, P0, 0x0000000000000000
2026/08/28 09:38:45.325, 77, 96, 0, 2437, 2437, 74.96, P0, 0x0000000000000000
2026/08/28 09:38:45.425, 77, 96, 0, 2437, 2437, 74.96, P0, 0x0000000000000000
2026/08/28 09:38:45.525, 77, 96, 0, 2437, 2437, 74.96, P0, 0x0000000000000000
2026/08/28 09:38:45.625, 77, 96, 0, 2437, 2437, 74.96, P0, 0x0000000000000000
2026/08/28 09:38:45.726, 79, 96, 0, 2431, 2431, 69.75, P0, 0x0000000000000000
2026/08/28 09:38:45.826, 79, 96, 0, 2431, 2431, 69.75, P0, 0x0000000000000000
2026/08/28 09:38:45.926, 79, 96, 0, 2431, 2431, 69.75, P0, 0x0000000000000000
2026/08/28 09:38:46.026, 79, 96, 0, 2431, 2431, 69.75, P0, 0x0000000000000000
2026/08/28 09:38:46.126, 79, 96, 0, 2431, 2431, 69.75, P0, 0x0000000000000000
2026/08/28 09:38:46.227, 82, 96, 0, 2418, 2418, 75.72, P0, 0x0000000000000000
2026/08/28 09:38:46.327, 82, 96, 0, 2418, 2418, 75.72, P0, 0x0000000000000000
2026/08/28 09:38:46.427, 82, 96, 0, 2418, 2418, 75.72, P0, 0x0000000000000000
2026/08/28 09:38:46.527, 82, 96, 0, 2418, 2418, 75.72, P0, 0x0000000000000000
2026/08/28 09:38:46.627, 82, 96, 0, 2418, 2418, 75.72, P0, 0x0000000000000000
2026/08/28 09:38:46.727, 82, 96, 0, 2424, 2424, 80.02, P0, 0x0000000000000000
2026/08/28 09:38:46.828, 82, 96, 0, 2424, 2424, 80.02, P0, 0x0000000000000000
2026/08/28 09:38:46.928, 82, 96, 0, 2424, 2424, 80.02, P0, 0x0000000000000000
2026/08/28 09:38:47.028, 82, 96, 0, 2424, 2424, 80.02, P0, 0x0000000000000000
2026/08/28 09:38:47.128, 82, 96, 0, 2424, 2424, 80.02, P0, 0x0000000000000000
2026/08/28 09:38:47.228, 79, 96, 0, 2392, 2392, 78.92, P0, 0x0000000000000020
2026/08/28 09:38:47.328, 79, 96, 0, 2392, 2392, 78.92, P0, 0x0000000000000020
2026/08/28 09:38:47.429, 79, 96, 0, 2392, 2392, 78.92, P0, 0x0000000000000020
2026/08/28 09:38:47.529, 79, 96, 0, 2392, 2392, 78.92, P0, 0x0000000000000020
2026/08/28 09:38:47.629, 79, 96, 0, 2392, 2392, 78.92, P0, 0x0000000000000020
2026/08/28 09:38:47.729, 80, 96, 0, 2411, 2411, 79.23, P0, 0x0000000000000000
2026/08/28 09:38:47.830, 80, 96, 0, 2411, 2411, 79.23, P0, 0x0000000000000000
2026/08/28 09:38:47.930, 80, 96, 0, 2411, 2411, 79.23, P0, 0x0000000000000000
2026/08/28 09:38:48.030, 80, 96, 0, 2411, 2411, 79.23, P0, 0x0000000000000000
2026/08/28 09:38:48.130, 80, 96, 0, 2411, 2411, 79.23, P0, 0x0000000000000000
2026/08/28 09:38:48.231, 80, 95, 0, 2392, 2392, 77.63, P0, 0x0000000000000000
2026/08/28 09:38:48.331, 80, 95, 0, 2392, 2392, 77.63, P0, 0x0000000000000000
2026/08/28 09:38:48.431, 80, 95, 0, 2392, 2392, 77.63, P0, 0x0000000000000000
2026/08/28 09:38:48.531, 80, 95, 0, 2392, 2392, 77.63, P0, 0x0000000000000000
2026/08/28 09:38:48.631, 80, 95, 0, 2392, 2392, 77.63, P0, 0x0000000000000000
2026/08/28 09:38:48.731, 83, 95, 0, 2379, 2379, 73.90, P0, 0x0000000000000020
2026/08/28 09:38:48.832, 83, 95, 0, 2379, 2379, 73.90, P0, 0x0000000000000020
2026/08/28 09:38:48.932, 83, 95, 0, 2379, 2379, 73.90, P0, 0x0000000000000020
2026/08/28 09:38:49.032, 83, 95, 0, 2379, 2379, 73.90, P0, 0x0000000000000020
2026/08/28 09:38:49.132, 83, 95, 0, 2379, 2379, 73.90, P0, 0x0000000000000020
2026/08/28 09:38:49.232, 79, 96, 0, 2314, 2314, 71.95, P0, 0x0000000000000020
2026/08/28 09:38:49.333, 79, 96, 0, 2314, 2314, 71.95, P0, 0x0000000000000020
2026/08/28 09:38:49.433, 79, 96, 0, 2314, 2314, 71.95, P0, 0x0000000000000020
2026/08/28 09:38:49.533, 79, 96, 0, 2314, 2314, 71.95, P0, 0x0000000000000020
2026/08/28 09:38:49.633, 79, 96, 0, 2314, 2314, 71.95, P0, 0x0000000000000020
2026/08/28 09:38:49.733, 77, 96, 0, 2457, 2457, 65.66, P0, 0x0000000000000000
2026/08/28 09:38:49.834, 77, 96, 0, 2457, 2457, 65.66, P0, 0x0000000000000000
2026/08/28 09:38:49.934, 77, 96, 0, 2457, 2457, 65.66, P0, 0x0000000000000000
2026/08/28 09:38:50.035, 77, 96, 0, 2457, 2457, 65.66, P0, 0x0000000000000000
2026/08/28 09:38:50.135, 77, 96, 0, 2457, 2457, 65.66, P0, 0x0000000000000000
2026/08/28 09:38:50.235, 76, 96, 0, 2463, 2463, 55.31, P0, 0x0000000000000000
2026/08/28 09:38:50.335, 76, 96, 0, 2463, 2463, 55.31, P0, 0x0000000000000000
2026/08/28 09:38:50.435, 76, 96, 0, 2463, 2463, 55.31, P0, 0x0000000000000000
2026/08/28 09:38:50.536, 76, 96, 0, 2463, 2463, 55.31, P0, 0x0000000000000000
2026/08/28 09:38:50.636, 76, 96, 0, 2463, 2463, 55.31, P0, 0x0000000000000000
2026/08/28 09:38:50.736, 76, 96, 0, 2463, 2463, 50.16, P0, 0x0000000000000000
2026/08/28 09:38:50.836, 76, 96, 0, 2463, 2463, 50.16, P0, 0x0000000000000000
2026/08/28 09:38:50.937, 76, 96, 0, 2463, 2463, 50.16, P0, 0x0000000000000000
2026/08/28 09:38:51.037, 76, 96, 0, 2463, 2463, 50.16, P0, 0x0000000000000000
2026/08/28 09:38:51.137, 76, 96, 0, 2463, 2463, 50.16, P0, 0x0000000000000000
2026/08/28 09:38:51.237, 76, 96, 0, 2463, 2463, 50.12, P0, 0x0000000000000000
2026/08/28 09:38:51.338, 76, 96, 0, 2463, 2463, 50.12, P0, 0x0000000000000000
2026/08/28 09:38:51.438, 76, 96, 0, 2463, 2463, 50.12, P0, 0x0000000000000000
2026/08/28 09:38:51.538, 76, 96, 0, 2463, 2463, 50.12, P0, 0x0000000000000000
2026/08/28 09:38:51.638, 76, 96, 0, 2463, 2463, 50.12, P0, 0x0000000000000000
2026/08/28 09:38:51.739, 81, 96, 0, 2431, 2431, 61.55, P0, 0x0000000000000000
2026/08/28 09:38:51.839, 81, 96, 0, 2431, 2431, 61.55, P0, 0x0000000000000000
2026/08/28 09:38:51.939, 81, 96, 0, 2431, 2431, 61.55, P0, 0x0000000000000000
2026/08/28 09:38:52.039, 81, 96, 0, 2431, 2431, 61.55, P0, 0x0000000000000000
2026/08/28 09:38:52.140, 81, 96, 0, 2431, 2431, 61.55, P0, 0x0000000000000000
2026/08/28 09:38:52.240, 82, 96, 0, 2424, 2424, 76.90, P0, 0x0000000000000000
2026/08/28 09:38:52.340, 82, 96, 0, 2424, 2424, 76.90, P0, 0x0000000000000000
2026/08/28 09:38:52.440, 82, 96, 0, 2424, 2424, 76.90, P0, 0x0000000000000000
2026/08/28 09:38:52.540, 82, 96, 0, 2424, 2424, 76.90, P0, 0x0000000000000000
2026/08/28 09:38:52.641, 82, 96, 0, 2424, 2424, 76.90, P0, 0x0000000000000000
2026/08/28 09:38:52.741, 80, 96, 0, 2411, 2411, 78.21, P0, 0x0000000000000000
2026/08/28 09:38:52.841, 80, 96, 0, 2411, 2411, 78.21, P0, 0x0000000000000000
2026/08/28 09:38:52.941, 80, 96, 0, 2411, 2411, 78.21, P0, 0x0000000000000000
2026/08/28 09:38:53.041, 80, 96, 0, 2411, 2411, 78.21, P0, 0x0000000000000000
2026/08/28 09:38:53.142, 80, 96, 0, 2411, 2411, 78.21, P0, 0x0000000000000000
2026/08/28 09:38:53.242, 82, 96, 0, 2418, 2418, 78.80, P0, 0x0000000000000048
2026/08/28 09:38:53.342, 82, 96, 0, 2418, 2418, 78.80, P0, 0x0000000000000048
2026/08/28 09:38:53.442, 82, 96, 0, 2418, 2418, 78.80, P0, 0x0000000000000048
2026/08/28 09:38:53.542, 82, 96, 0, 2418, 2418, 78.80, P0, 0x0000000000000048
2026/08/28 09:38:53.643, 82, 96, 0, 2418, 2418, 78.80, P0, 0x0000000000000048
2026/08/28 09:38:53.743, 79, 96, 0, 2398, 2398, 77.17, P0, 0x0000000000000020
2026/08/28 09:38:53.843, 79, 96, 0, 2398, 2398, 77.17, P0, 0x0000000000000020
2026/08/28 09:38:53.943, 79, 96, 0, 2398, 2398, 77.17, P0, 0x0000000000000020
2026/08/28 09:38:54.043, 79, 96, 0, 2398, 2398, 77.17, P0, 0x0000000000000020
2026/08/28 09:38:54.144, 79, 96, 0, 2398, 2398, 77.17, P0, 0x0000000000000020
2026/08/28 09:38:54.244, 76, 96, 0, 2463, 2463, 62.67, P0, 0x0000000000000000
2026/08/28 09:38:54.344, 76, 96, 0, 2463, 2463, 62.67, P0, 0x0000000000000000
2026/08/28 09:38:54.444, 76, 96, 0, 2463, 2463, 62.67, P0, 0x0000000000000000
2026/08/28 09:38:54.545, 76, 96, 0, 2463, 2463, 62.67, P0, 0x0000000000000000
2026/08/28 09:38:54.645, 76, 96, 0, 2463, 2463, 62.67, P0, 0x0000000000000000
2026/08/28 09:38:54.745, 76, 96, 0, 2463, 2463, 51.70, P0, 0x0000000000000000
2026/08/28 09:38:54.845, 76, 96, 0, 2463, 2463, 51.70, P0, 0x0000000000000000
2026/08/28 09:38:54.945, 76, 96, 0, 2463, 2463, 51.70, P0, 0x0000000000000000
2026/08/28 09:38:55.046, 76, 96, 0, 2463, 2463, 51.70, P0, 0x0000000000000000
2026/08/28 09:38:55.146, 76, 96, 0, 2463, 2463, 51.70, P0, 0x0000000000000000
2026/08/28 09:38:55.246, 76, 96, 0, 2463, 2463, 50.22, P0, 0x0000000000000000
2026/08/28 09:38:55.346, 76, 96, 0, 2463, 2463, 50.22, P0, 0x0000000000000000
2026/08/28 09:38:55.447, 76, 96, 0, 2463, 2463, 50.22, P0, 0x0000000000000000
2026/08/28 09:38:55.547, 76, 96, 0, 2463, 2463, 50.22, P0, 0x0000000000000000
2026/08/28 09:38:55.647, 76, 96, 0, 2463, 2463, 50.22, P0, 0x0000000000000000
2026/08/28 09:38:55.748, 76, 96, 0, 2463, 2463, 50.19, P0, 0x0000000000000000
2026/08/28 09:38:55.848, 76, 96, 0, 2463, 2463, 50.19, P0, 0x0000000000000000
2026/08/28 09:38:55.948, 76, 96, 0, 2463, 2463, 50.19, P0, 0x0000000000000000
2026/08/28 09:38:56.048, 76, 96, 0, 2463, 2463, 50.19, P0, 0x0000000000000000
2026/08/28 09:38:56.149, 76, 96, 0, 2463, 2463, 50.19, P0, 0x0000000000000000
2026/08/28 09:38:56.249, 76, 96, 0, 2463, 2463, 50.18, P0, 0x0000000000000000
2026/08/28 09:38:56.349, 76, 96, 0, 2463, 2463, 50.18, P0, 0x0000000000000000
2026/08/28 09:38:56.449, 76, 96, 0, 2463, 2463, 50.18, P0, 0x0000000000000000
2026/08/28 09:38:56.549, 76, 96, 0, 2463, 2463, 50.18, P0, 0x0000000000000000
2026/08/28 09:38:56.650, 76, 96, 0, 2463, 2463, 50.18, P0, 0x0000000000000000
2026/08/28 09:38:56.750, 80, 96, 0, 2424, 2424, 60.09, P0, 0x0000000000000000
2026/08/28 09:38:56.850, 80, 96, 0, 2424, 2424, 60.09, P0, 0x0000000000000000
2026/08/28 09:38:56.950, 80, 96, 0, 2424, 2424, 60.09, P0, 0x0000000000000000
2026/08/28 09:38:57.051, 80, 96, 0, 2424, 2424, 60.09, P0, 0x0000000000000000
2026/08/28 09:38:57.151, 80, 96, 0, 2424, 2424, 60.09, P0, 0x0000000000000000
2026/08/28 09:38:57.251, 82, 96, 0, 2431, 2431, 75.38, P0, 0x0000000000000000
2026/08/28 09:38:57.351, 82, 96, 0, 2431, 2431, 75.38, P0, 0x0000000000000000
2026/08/28 09:38:57.451, 82, 96, 0, 2431, 2431, 75.38, P0, 0x0000000000000000
2026/08/28 09:38:57.552, 82, 96, 0, 2431, 2431, 75.38, P0, 0x0000000000000000
2026/08/28 09:38:57.652, 82, 96, 0, 2431, 2431, 75.38, P0, 0x0000000000000000
2026/08/28 09:38:57.752, 81, 96, 0, 2418, 2418, 79.80, P0, 0x0000000000000000
2026/08/28 09:38:57.852, 81, 96, 0, 2418, 2418, 79.80, P0, 0x0000000000000000
2026/08/28 09:38:57.952, 81, 96, 0, 2418, 2418, 79.80, P0, 0x0000000000000000
2026/08/28 09:38:58.052, 81, 96, 0, 2418, 2418, 79.80, P0, 0x0000000000000000
2026/08/28 09:38:58.153, 81, 96, 0, 2418, 2418, 79.80, P0, 0x0000000000000000
2026/08/28 09:38:58.253, 82, 96, 0, 2424, 2424, 80.37, P0, 0x0000000000000000
2026/08/28 09:38:58.353, 82, 96, 0, 2424, 2424, 80.37, P0, 0x0000000000000000
2026/08/28 09:38:58.453, 82, 96, 0, 2424, 2424, 80.37, P0, 0x0000000000000000
2026/08/28 09:38:58.553, 82, 96, 0, 2424, 2424, 80.37, P0, 0x0000000000000000
2026/08/28 09:38:58.654, 82, 96, 0, 2424, 2424, 80.37, P0, 0x0000000000000000
2026/08/28 09:38:58.755, 77, 96, 0, 2444, 2444, 74.19, P0, 0x0000000000000000
2026/08/28 09:38:58.855, 77, 96, 0, 2444, 2444, 74.19, P0, 0x0000000000000000
2026/08/28 09:38:58.955, 77, 96, 0, 2444, 2444, 74.19, P0, 0x0000000000000000
2026/08/28 09:38:59.055, 77, 96, 0, 2444, 2444, 74.19, P0, 0x0000000000000000
2026/08/28 09:38:59.155, 77, 96, 0, 2444, 2444, 74.19, P0, 0x0000000000000000
2026/08/28 09:38:59.256, 76, 96, 0, 2463, 2463, 58.40, P0, 0x0000000000000000
2026/08/28 09:38:59.356, 76, 96, 0, 2463, 2463, 58.40, P0, 0x0000000000000000
2026/08/28 09:38:59.456, 76, 96, 0, 2463, 2463, 58.40, P0, 0x0000000000000000
2026/08/28 09:38:59.557, 76, 96, 0, 2463, 2463, 58.40, P0, 0x0000000000000000
2026/08/28 09:38:59.657, 76, 96, 0, 2463, 2463, 58.40, P0, 0x0000000000000000
2026/08/28 09:38:59.757, 76, 96, 0, 2463, 2463, 50.16, P0, 0x0000000000000000
2026/08/28 09:38:59.857, 76, 96, 0, 2463, 2463, 50.16, P0, 0x0000000000000000
2026/08/28 09:38:59.958, 76, 96, 0, 2463, 2463, 50.16, P0, 0x0000000000000000
2026/08/28 09:39:00.058, 76, 96, 0, 2463, 2463, 50.16, P0, 0x0000000000000000
2026/08/28 09:39:00.158, 76, 96, 0, 2463, 2463, 50.16, P0, 0x0000000000000000
2026/08/28 09:39:00.259, 76, 96, 0, 2463, 2463, 50.25, P0, 0x0000000000000000
2026/08/28 09:39:00.359, 76, 96, 0, 2463, 2463, 50.25, P0, 0x0000000000000000
2026/08/28 09:39:00.459, 76, 96, 0, 2463, 2463, 50.25, P0, 0x0000000000000000
2026/08/28 09:39:00.559, 76, 96, 0, 2463, 2463, 50.25, P0, 0x0000000000000000
2026/08/28 09:39:00.659, 76, 96, 0, 2463, 2463, 50.25, P0, 0x0000000000000000
2026/08/28 09:39:00.760, 76, 96, 0, 2463, 2463, 50.12, P0, 0x0000000000000000
2026/08/28 09:39:00.860, 76, 96, 0, 2463, 2463, 50.12, P0, 0x0000000000000000
2026/08/28 09:39:00.960, 76, 96, 0, 2463, 2463, 50.12, P0, 0x0000000000000000
2026/08/28 09:39:01.060, 76, 96, 0, 2463, 2463, 50.12, P0, 0x0000000000000000
2026/08/28 09:39:01.160, 76, 96, 0, 2463, 2463, 50.12, P0, 0x0000000000000000
2026/08/28 09:39:01.261, 81, 96, 0, 2457, 2457, 53.62, P0, 0x0000000000000000
2026/08/28 09:39:01.361, 81, 96, 0, 2457, 2457, 53.62, P0, 0x0000000000000000
2026/08/28 09:39:01.461, 81, 96, 0, 2457, 2457, 53.62, P0, 0x0000000000000000
2026/08/28 09:39:01.561, 81, 96, 0, 2457, 2457, 53.62, P0, 0x0000000000000000
2026/08/28 09:39:01.662, 81, 96, 0, 2457, 2457, 53.62, P0, 0x0000000000000000
2026/08/28 09:39:01.762, 82, 96, 0, 2424, 2424, 68.07, P0, 0x0000000000000000
2026/08/28 09:39:01.862, 82, 96, 0, 2424, 2424, 68.07, P0, 0x0000000000000000
2026/08/28 09:39:01.962, 82, 96, 0, 2424, 2424, 68.07, P0, 0x0000000000000000
2026/08/28 09:39:02.062, 82, 96, 0, 2424, 2424, 68.07, P0, 0x0000000000000000
2026/08/28 09:39:02.163, 82, 96, 0, 2424, 2424, 68.07, P0, 0x0000000000000000
2026/08/28 09:39:02.263, 81, 94, 0, 2431, 2431, 79.10, P0, 0x0000000000000000
2026/08/28 09:39:02.363, 81, 94, 0, 2431, 2431, 79.10, P0, 0x0000000000000000
2026/08/28 09:39:02.463, 81, 94, 0, 2431, 2431, 79.10, P0, 0x0000000000000000
2026/08/28 09:39:02.563, 81, 94, 0, 2431, 2431, 79.10, P0, 0x0000000000000000
2026/08/28 09:39:02.663, 81, 94, 0, 2431, 2431, 79.10, P0, 0x0000000000000000
2026/08/28 09:39:02.764, 83, 94, 0, 2418, 2418, 80.09, P0, 0x0000000000000000
2026/08/28 09:39:02.864, 83, 94, 0, 2418, 2418, 80.09, P0, 0x0000000000000000
2026/08/28 09:39:02.964, 83, 94, 0, 2418, 2418, 80.09, P0, 0x0000000000000000
2026/08/28 09:39:03.064, 83, 94, 0, 2418, 2418, 80.09, P0, 0x0000000000000000
2026/08/28 09:39:03.164, 83, 94, 0, 2418, 2418, 80.09, P0, 0x0000000000000000
2026/08/28 09:39:03.264, 80, 94, 0, 2411, 2411, 79.47, P0, 0x0000000000000000
2026/08/28 09:39:03.365, 80, 94, 0, 2411, 2411, 79.47, P0, 0x0000000000000000
2026/08/28 09:39:03.465, 80, 94, 0, 2411, 2411, 79.47, P0, 0x0000000000000000
2026/08/28 09:39:03.565, 80, 94, 0, 2411, 2411, 79.47, P0, 0x0000000000000000
2026/08/28 09:39:03.665, 80, 94, 0, 2411, 2411, 79.47, P0, 0x0000000000000000
2026/08/28 09:39:03.766, 83, 94, 0, 2424, 2424, 79.37, P0, 0x0000000000000000
2026/08/28 09:39:03.866, 83, 94, 0, 2424, 2424, 79.37, P0, 0x0000000000000000
2026/08/28 09:39:03.966, 83, 94, 0, 2424, 2424, 79.37, P0, 0x0000000000000000
2026/08/28 09:39:04.066, 83, 94, 0, 2424, 2424, 79.37, P0, 0x0000000000000000
2026/08/28 09:39:04.166, 83, 94, 0, 2424, 2424, 79.37, P0, 0x0000000000000000
2026/08/28 09:39:04.267, 82, 96, 0, 2405, 2405, 80.28, P0, 0x0000000000000000
2026/08/28 09:39:04.367, 82, 96, 0, 2405, 2405, 80.28, P0, 0x0000000000000000
2026/08/28 09:39:04.467, 82, 96, 0, 2405, 2405, 80.28, P0, 0x0000000000000000
2026/08/28 09:39:04.567, 82, 96, 0, 2405, 2405, 80.28, P0, 0x0000000000000000
2026/08/28 09:39:04.667, 82, 96, 0, 2405, 2405, 80.28, P0, 0x0000000000000000
2026/08/28 09:39:04.767, 78, 96, 0, 2418, 2418, 78.14, P0, 0x0000000000000000
2026/08/28 09:39:04.868, 78, 96, 0, 2418, 2418, 78.14, P0, 0x0000000000000000
2026/08/28 09:39:04.968, 78, 96, 0, 2418, 2418, 78.14, P0, 0x0000000000000000
2026/08/28 09:39:05.068, 78, 96, 0, 2418, 2418, 78.14, P0, 0x0000000000000000
2026/08/28 09:39:05.168, 78, 96, 0, 2418, 2418, 78.14, P0, 0x0000000000000000
2026/08/28 09:39:05.269, 77, 96, 0, 2437, 2437, 69.96, P0, 0x0000000000000000
2026/08/28 09:39:05.369, 77, 96, 0, 2437, 2437, 69.96, P0, 0x0000000000000000
2026/08/28 09:39:05.469, 77, 96, 0, 2437, 2437, 69.96, P0, 0x0000000000000000
2026/08/28 09:39:05.569, 77, 96, 0, 2437, 2437, 69.96, P0, 0x0000000000000000
2026/08/28 09:39:05.670, 77, 96, 0, 2437, 2437, 69.96, P0, 0x0000000000000000
2026/08/28 09:39:05.770, 76, 96, 0, 2463, 2463, 56.62, P0, 0x0000000000000000
2026/08/28 09:39:05.870, 76, 96, 0, 2463, 2463, 56.62, P0, 0x0000000000000000
2026/08/28 09:39:05.970, 76, 96, 0, 2463, 2463, 56.62, P0, 0x0000000000000000
2026/08/28 09:39:06.070, 76, 96, 0, 2463, 2463, 56.62, P0, 0x0000000000000000
2026/08/28 09:39:06.171, 76, 96, 0, 2463, 2463, 56.62, P0, 0x0000000000000000
2026/08/28 09:39:06.271, 76, 94, 0, 2463, 2463, 50.97, P0, 0x0000000000000000
2026/08/28 09:39:06.371, 76, 94, 0, 2463, 2463, 50.97, P0, 0x0000000000000000
2026/08/28 09:39:06.471, 76, 94, 0, 2463, 2463, 50.97, P0, 0x0000000000000000
2026/08/28 09:39:06.571, 76, 94, 0, 2463, 2463, 50.97, P0, 0x0000000000000000
2026/08/28 09:39:06.672, 76, 94, 0, 2463, 2463, 50.97, P0, 0x0000000000000000
2026/08/28 09:39:06.772, 83, 94, 0, 2424, 2424, 65.43, P0, 0x0000000000000000
2026/08/28 09:39:06.872, 83, 94, 0, 2424, 2424, 65.43, P0, 0x0000000000000000
2026/08/28 09:39:06.972, 83, 94, 0, 2424, 2424, 65.43, P0, 0x0000000000000000
2026/08/28 09:39:07.072, 83, 94, 0, 2424, 2424, 65.43, P0, 0x0000000000000000
2026/08/28 09:39:07.172, 83, 94, 0, 2424, 2424, 65.43, P0, 0x0000000000000000
2026/08/28 09:39:07.273, 81, 96, 0, 2424, 2424, 79.00, P0, 0x0000000000000000
2026/08/28 09:39:07.373, 81, 96, 0, 2424, 2424, 79.00, P0, 0x0000000000000000
2026/08/28 09:39:07.473, 81, 96, 0, 2424, 2424, 79.00, P0, 0x0000000000000000
2026/08/28 09:39:07.573, 81, 96, 0, 2424, 2424, 79.00, P0, 0x0000000000000000
2026/08/28 09:39:07.673, 81, 96, 0, 2424, 2424, 79.00, P0, 0x0000000000000000
2026/08/28 09:39:07.774, 82, 96, 0, 2418, 2418, 77.65, P0, 0x0000000000000000
2026/08/28 09:39:07.874, 82, 96, 0, 2418, 2418, 77.65, P0, 0x0000000000000000
2026/08/28 09:39:07.974, 82, 96, 0, 2418, 2418, 77.65, P0, 0x0000000000000000
2026/08/28 09:39:08.074, 82, 96, 0, 2418, 2418, 77.65, P0, 0x0000000000000000
2026/08/28 09:39:08.174, 82, 96, 0, 2418, 2418, 77.65, P0, 0x0000000000000000
2026/08/28 09:39:08.274, 83, 96, 0, 2424, 2424, 78.97, P0, 0x0000000000000000
2026/08/28 09:39:08.375, 83, 96, 0, 2424, 2424, 78.97, P0, 0x0000000000000000
2026/08/28 09:39:08.475, 83, 96, 0, 2424, 2424, 78.97, P0, 0x0000000000000000
2026/08/28 09:39:08.575, 83, 96, 0, 2424, 2424, 78.97, P0, 0x0000000000000000
2026/08/28 09:39:08.676, 83, 96, 0, 2424, 2424, 78.97, P0, 0x0000000000000000
2026/08/28 09:39:08.776, 82, 96, 0, 2418, 2418, 79.01, P0, 0x0000000000000000
2026/08/28 09:39:08.876, 82, 96, 0, 2418, 2418, 79.01, P0, 0x0000000000000000
2026/08/28 09:39:08.976, 82, 96, 0, 2418, 2418, 79.01, P0, 0x0000000000000000
2026/08/28 09:39:09.076, 82, 96, 0, 2418, 2418, 79.01, P0, 0x0000000000000000
2026/08/28 09:39:09.177, 82, 96, 0, 2418, 2418, 79.01, P0, 0x0000000000000000
2026/08/28 09:39:09.277, 82, 96, 0, 2424, 2424, 77.53, P0, 0x0000000000000000
2026/08/28 09:39:09.377, 82, 96, 0, 2424, 2424, 77.53, P0, 0x0000000000000000
2026/08/28 09:39:09.477, 82, 96, 0, 2424, 2424, 77.53, P0, 0x0000000000000000
2026/08/28 09:39:09.578, 82, 96, 0, 2424, 2424, 77.53, P0, 0x0000000000000000
2026/08/28 09:39:09.678, 82, 96, 0, 2424, 2424, 77.53, P0, 0x0000000000000000
2026/08/28 09:39:09.778, 82, 96, 0, 2424, 2424, 79.79, P0, 0x0000000000000000
2026/08/28 09:39:09.878, 82, 96, 0, 2424, 2424, 79.79, P0, 0x0000000000000000
2026/08/28 09:39:09.978, 82, 96, 0, 2424, 2424, 79.79, P0, 0x0000000000000000
2026/08/28 09:39:10.078, 82, 96, 0, 2424, 2424, 79.79, P0, 0x0000000000000000
2026/08/28 09:39:10.179, 82, 96, 0, 2424, 2424, 79.79, P0, 0x0000000000000000
2026/08/28 09:39:10.279, 77, 96, 0, 2437, 2437, 74.56, P0, 0x0000000000000000
2026/08/28 09:39:10.379, 77, 96, 0, 2437, 2437, 74.56, P0, 0x0000000000000000
2026/08/28 09:39:10.479, 77, 96, 0, 2437, 2437, 74.56, P0, 0x0000000000000000
2026/08/28 09:39:10.579, 77, 96, 0, 2437, 2437, 74.56, P0, 0x0000000000000000
2026/08/28 09:39:10.680, 77, 96, 0, 2437, 2437, 74.56, P0, 0x0000000000000000
2026/08/28 09:39:10.780, 77, 96, 0, 2463, 2463, 59.40, P0, 0x0000000000000000
2026/08/28 09:39:10.880, 77, 96, 0, 2463, 2463, 59.40, P0, 0x0000000000000000
2026/08/28 09:39:10.980, 77, 96, 0, 2463, 2463, 59.40, P0, 0x0000000000000000
2026/08/28 09:39:11.081, 77, 96, 0, 2463, 2463, 59.40, P0, 0x0000000000000000
2026/08/28 09:39:11.181, 77, 96, 0, 2463, 2463, 59.40, P0, 0x0000000000000000
2026/08/28 09:39:11.281, 76, 96, 0, 2463, 2463, 50.37, P0, 0x0000000000000000
2026/08/28 09:39:11.381, 76, 96, 0, 2463, 2463, 50.37, P0, 0x0000000000000000
2026/08/28 09:39:11.481, 76, 96, 0, 2463, 2463, 50.37, P0, 0x0000000000000000
2026/08/28 09:39:11.582, 76, 96, 0, 2463, 2463, 50.37, P0, 0x0000000000000000
2026/08/28 09:39:11.682, 76, 96, 0, 2463, 2463, 50.37, P0, 0x0000000000000000
2026/08/28 09:39:11.782, 76, 96, 0, 2463, 2463, 50.19, P0, 0x0000000000000000
2026/08/28 09:39:11.882, 76, 96, 0, 2463, 2463, 50.19, P0, 0x0000000000000000
2026/08/28 09:39:11.983, 76, 96, 0, 2463, 2463, 50.19, P0, 0x0000000000000000
2026/08/28 09:39:12.083, 76, 96, 0, 2463, 2463, 50.19, P0, 0x0000000000000000
2026/08/28 09:39:12.183, 76, 96, 0, 2463, 2463, 50.19, P0, 0x0000000000000000
2026/08/28 09:39:12.283, 76, 96, 0, 2463, 2463, 50.10, P0, 0x0000000000000000
2026/08/28 09:39:12.384, 76, 96, 0, 2463, 2463, 50.10, P0, 0x0000000000000000
2026/08/28 09:39:12.484, 76, 96, 0, 2463, 2463, 50.10, P0, 0x0000000000000000
2026/08/28 09:39:12.584, 76, 96, 0, 2463, 2463, 50.10, P0, 0x0000000000000000
2026/08/28 09:39:12.684, 76, 96, 0, 2463, 2463, 50.10, P0, 0x0000000000000000
2026/08/28 09:39:12.785, 81, 96, 0, 2437, 2437, 56.38, P0, 0x0000000000000000
2026/08/28 09:39:12.885, 81, 96, 0, 2437, 2437, 56.38, P0, 0x0000000000000000
2026/08/28 09:39:12.985, 81, 96, 0, 2437, 2437, 56.38, P0, 0x0000000000000000
2026/08/28 09:39:13.085, 81, 96, 0, 2437, 2437, 56.38, P0, 0x0000000000000000
2026/08/28 09:39:13.185, 81, 96, 0, 2437, 2437, 56.38, P0, 0x0000000000000000
2026/08/28 09:39:13.286, 80, 94, 0, 2431, 2431, 70.14, P0, 0x0000000000000000
2026/08/28 09:39:13.386, 80, 94, 0, 2431, 2431, 70.14, P0, 0x0000000000000000
2026/08/28 09:39:13.486, 80, 94, 0, 2431, 2431, 70.14, P0, 0x0000000000000000
2026/08/28 09:39:13.586, 80, 94, 0, 2431, 2431, 70.14, P0, 0x0000000000000000
2026/08/28 09:39:13.686, 80, 94, 0, 2431, 2431, 70.14, P0, 0x0000000000000000
2026/08/28 09:39:13.786, 83, 94, 0, 2424, 2424, 79.61, P0, 0x0000000000000000
2026/08/28 09:39:13.887, 83, 94, 0, 2424, 2424, 79.61, P0, 0x0000000000000000
2026/08/28 09:39:13.987, 83, 94, 0, 2424, 2424, 79.61, P0, 0x0000000000000000
2026/08/28 09:39:14.087, 83, 94, 0, 2424, 2424, 79.61, P0, 0x0000000000000000
2026/08/28 09:39:14.187, 83, 94, 0, 2424, 2424, 79.61, P0, 0x0000000000000000
2026/08/28 09:39:14.287, 82, 96, 0, 2392, 2392, 79.03, P0, 0x0000000000000000
2026/08/28 09:39:14.388, 82, 96, 0, 2392, 2392, 79.03, P0, 0x0000000000000000
2026/08/28 09:39:14.488, 82, 96, 0, 2392, 2392, 79.03, P0, 0x0000000000000000
2026/08/28 09:39:14.588, 82, 96, 0, 2392, 2392, 79.03, P0, 0x0000000000000000
2026/08/28 09:39:14.688, 82, 96, 0, 2418, 2418, 79.39, P0, 0x0000000000000000
2026/08/28 09:39:14.788, 83, 96, 0, 2418, 2418, 79.39, P0, 0x0000000000000000
2026/08/28 09:39:14.888, 83, 96, 0, 2418, 2418, 79.39, P0, 0x0000000000000000
2026/08/28 09:39:14.989, 83, 96, 0, 2418, 2418, 79.39, P0, 0x0000000000000000
2026/08/28 09:39:15.089, 83, 96, 0, 2418, 2418, 79.39, P0, 0x0000000000000000
2026/08/28 09:39:15.189, 83, 96, 0, 2418, 2418, 79.39, P0, 0x0000000000000000
2026/08/28 09:39:15.289, 77, 96, 0, 2437, 2437, 75.61, P0, 0x0000000000000000
2026/08/28 09:39:15.389, 77, 96, 0, 2437, 2437, 75.61, P0, 0x0000000000000000
2026/08/28 09:39:15.490, 77, 96, 0, 2437, 2437, 75.61, P0, 0x0000000000000000
2026/08/28 09:39:15.590, 77, 96, 0, 2437, 2437, 75.61, P0, 0x0000000000000000
2026/08/28 09:39:15.690, 77, 96, 0, 2437, 2437, 75.61, P0, 0x0000000000000000
2026/08/28 09:39:15.791, 76, 96, 0, 2463, 2463, 59.75, P0, 0x0000000000000000
2026/08/28 09:39:15.891, 76, 96, 0, 2463, 2463, 59.75, P0, 0x0000000000000000
2026/08/28 09:39:15.991, 76, 96, 0, 2463, 2463, 59.75, P0, 0x0000000000000000
2026/08/28 09:39:16.091, 76, 96, 0, 2463, 2463, 59.75, P0, 0x0000000000000000
2026/08/28 09:39:16.191, 76, 96, 0, 2431, 2431, 61.84, P0, 0x0000000000000000
2026/08/28 09:39:16.292, 81, 94, 0, 2431, 2431, 61.84, P0, 0x0000000000000000
2026/08/28 09:39:16.392, 81, 94, 0, 2431, 2431, 61.84, P0, 0x0000000000000000
2026/08/28 09:39:16.492, 81, 94, 0, 2431, 2431, 61.84, P0, 0x0000000000000000
2026/08/28 09:39:16.592, 81, 94, 0, 2431, 2431, 61.84, P0, 0x0000000000000000
2026/08/28 09:39:16.692, 83, 94, 0, 2424, 2424, 77.28, P0, 0x0000000000000000
2026/08/28 09:39:16.793, 83, 94, 0, 2424, 2424, 77.28, P0, 0x0000000000000000
2026/08/28 09:39:16.893, 83, 94, 0, 2424, 2424, 77.28, P0, 0x0000000000000000
2026/08/28 09:39:16.993, 83, 94, 0, 2424, 2424, 77.28, P0, 0x0000000000000000
2026/08/28 09:39:17.093, 83, 94, 0, 2424, 2424, 77.28, P0, 0x0000000000000000
2026/08/28 09:39:17.193, 84, 94, 0, 2431, 2431, 79.58, P0, 0x0000000000000000
2026/08/28 09:39:17.293, 84, 94, 0, 2431, 2431, 79.58, P0, 0x0000000000000000
2026/08/28 09:39:17.393, 84, 94, 0, 2431, 2431, 79.58, P0, 0x0000000000000000
2026/08/28 09:39:17.493, 84, 94, 0, 2431, 2431, 79.58, P0, 0x0000000000000000
2026/08/28 09:39:17.594, 84, 94, 0, 2431, 2431, 79.58, P0, 0x0000000000000000
2026/08/28 09:39:17.694, 82, 94, 0, 2411, 2411, 78.26, P0, 0x0000000000000000
2026/08/28 09:39:17.794, 82, 94, 0, 2411, 2411, 78.26, P0, 0x0000000000000000
2026/08/28 09:39:17.894, 82, 94, 0, 2411, 2411, 78.26, P0, 0x0000000000000000
2026/08/28 09:39:17.994, 82, 94, 0, 2411, 2411, 78.26, P0, 0x0000000000000000
2026/08/28 09:39:18.095, 82, 94, 0, 2411, 2411, 78.26, P0, 0x0000000000000000
2026/08/28 09:39:18.195, 79, 96, 0, 2249, 2249, 74.34, P0, 0x0000000000000020
2026/08/28 09:39:18.295, 79, 96, 0, 2249, 2249, 74.34, P0, 0x0000000000000020
2026/08/28 09:39:18.395, 79, 96, 0, 2249, 2249, 74.34, P0, 0x0000000000000020
2026/08/28 09:39:18.495, 79, 96, 0, 2249, 2249, 74.34, P0, 0x0000000000000020
2026/08/28 09:39:18.595, 79, 96, 0, 2249, 2249, 74.34, P0, 0x0000000000000020
2026/08/28 09:39:18.696, 80, 96, 0, 2398, 2398, 74.03, P0, 0x0000000000000000
2026/08/28 09:39:18.796, 80, 96, 0, 2398, 2398, 74.03, P0, 0x0000000000000000
2026/08/28 09:39:18.896, 80, 96, 0, 2398, 2398, 74.03, P0, 0x0000000000000000
2026/08/28 09:39:18.997, 80, 96, 0, 2398, 2398, 74.03, P0, 0x0000000000000000
2026/08/28 09:39:19.097, 80, 96, 0, 2398, 2398, 74.03, P0, 0x0000000000000000
2026/08/28 09:39:19.197, 82, 83, 0, 2418, 2418, 75.50, P0, 0x0000000000000000
2026/08/28 09:39:19.297, 82, 83, 0, 2418, 2418, 75.50, P0, 0x0000000000000000
2026/08/28 09:39:19.397, 82, 83, 0, 2418, 2418, 75.50, P0, 0x0000000000000000
2026/08/28 09:39:19.497, 82, 83, 0, 2418, 2418, 75.50, P0, 0x0000000000000000
2026/08/28 09:39:19.597, 82, 83, 0, 2418, 2418, 75.50, P0, 0x0000000000000000
2026/08/28 09:39:19.698, 81, 83, 0, 2431, 2431, 76.49, P0, 0x0000000000000000
2026/08/28 09:39:19.798, 81, 83, 0, 2431, 2431, 76.49, P0, 0x0000000000000000
2026/08/28 09:39:19.898, 81, 83, 0, 2431, 2431, 76.49, P0, 0x0000000000000000
2026/08/28 09:39:19.998, 81, 83, 0, 2431, 2431, 76.49, P0, 0x0000000000000000
2026/08/28 09:39:20.099, 81, 83, 0, 2431, 2431, 76.49, P0, 0x0000000000000000
2026/08/28 09:39:20.199, 82, 96, 0, 2424, 2424, 78.97, P0, 0x0000000000000000
2026/08/28 09:39:20.299, 82, 96, 0, 2424, 2424, 78.97, P0, 0x0000000000000000
2026/08/28 09:39:20.399, 82, 96, 0, 2424, 2424, 78.97, P0, 0x0000000000000000
2026/08/28 09:39:20.499, 82, 96, 0, 2424, 2424, 78.97, P0, 0x0000000000000000
2026/08/28 09:39:20.600, 82, 96, 0, 2424, 2424, 78.97, P0, 0x0000000000000000
2026/08/28 09:39:20.700, 81, 96, 0, 2418, 2418, 79.89, P0, 0x0000000000000000
2026/08/28 09:39:20.800, 81, 96, 0, 2418, 2418, 79.89, P0, 0x0000000000000000
2026/08/28 09:39:20.900, 81, 96, 0, 2418, 2418, 79.89, P0, 0x0000000000000000
2026/08/28 09:39:21.000, 81, 96, 0, 2418, 2418, 79.89, P0, 0x0000000000000000
2026/08/28 09:39:21.100, 81, 96, 0, 2418, 2418, 79.89, P0, 0x0000000000000000
2026/08/28 09:39:21.201, 74, 54, 0, 2424, 2424, 77.10, P0, 0x0000000000000000
2026/08/28 09:39:21.301, 74, 54, 0, 2424, 2424, 77.10, P0, 0x0000000000000000
2026/08/28 09:39:21.401, 74, 54, 0, 2424, 2424, 77.10, P0, 0x0000000000000000
2026/08/28 09:39:21.501, 74, 54, 0, 2424, 2424, 77.10, P0, 0x0000000000000000
2026/08/28 09:39:21.601, 74, 54, 0, 2424, 2424, 77.10, P0, 0x0000000000000000
2026/08/28 09:39:21.702, 77, 54, 0, 2463, 2463, 63.72, P0, 0x0000000000000000
2026/08/28 09:39:21.802, 77, 54, 0, 2463, 2463, 63.72, P0, 0x0000000000000000
2026/08/28 09:39:21.902, 77, 54, 0, 2463, 2463, 63.72, P0, 0x0000000000000000
2026/08/28 09:39:22.002, 77, 54, 0, 2463, 2463, 63.72, P0, 0x0000000000000000
2026/08/28 09:39:22.103, 77, 54, 0, 2463, 2463, 63.72, P0, 0x0000000000000000
2026/08/28 09:39:22.203, 77, 96, 0, 2463, 2463, 52.29, P0, 0x0000000000000000
2026/08/28 09:39:22.303, 77, 96, 0, 2463, 2463, 52.29, P0, 0x0000000000000000
2026/08/28 09:39:22.404, 77, 96, 0, 2463, 2463, 52.29, P0, 0x0000000000000000
2026/08/28 09:39:22.504, 77, 96, 0, 2463, 2463, 52.29, P0, 0x0000000000000000
2026/08/28 09:39:22.604, 77, 96, 0, 2463, 2463, 52.29, P0, 0x0000000000000000
2026/08/28 09:39:22.704, 76, 96, 0, 2463, 2463, 50.39, P0, 0x0000000000000000
2026/08/28 09:39:22.805, 76, 96, 0, 2463, 2463, 50.39, P0, 0x0000000000000000
2026/08/28 09:39:22.905, 76, 96, 0, 2463, 2463, 50.39, P0, 0x0000000000000000
2026/08/28 09:39:23.005, 76, 96, 0, 2463, 2463, 50.39, P0, 0x0000000000000000
2026/08/28 09:39:23.105, 76, 96, 0, 2463, 2463, 50.39, P0, 0x0000000000000000
2026/08/28 09:39:23.206, 76, 96, 0, 2463, 2463, 50.11, P0, 0x0000000000000000
2026/08/28 09:39:23.306, 76, 96, 0, 2463, 2463, 50.11, P0, 0x0000000000000000
2026/08/28 09:39:23.406, 76, 96, 0, 2463, 2463, 50.11, P0, 0x0000000000000000
2026/08/28 09:39:23.506, 76, 96, 0, 2463, 2463, 50.11, P0, 0x0000000000000000
2026/08/28 09:39:23.607, 76, 96, 0, 2463, 2463, 50.11, P0, 0x0000000000000000
2026/08/28 09:39:23.707, 76, 96, 0, 2463, 2463, 50.02, P0, 0x0000000000000000
2026/08/28 09:39:23.807, 76, 96, 0, 2463, 2463, 50.02, P0, 0x0000000000000000
2026/08/28 09:39:23.908, 76, 96, 0, 2463, 2463, 50.02, P0, 0x0000000000000000
2026/08/28 09:39:24.008, 76, 96, 0, 2463, 2463, 50.02, P0, 0x0000000000000000
2026/08/28 09:39:24.108, 76, 96, 0, 2463, 2463, 50.02, P0, 0x0000000000000000
2026/08/28 09:39:24.208, 76, 96, 0, 2463, 2463, 50.21, P0, 0x0000000000000000
2026/08/28 09:39:24.308, 76, 96, 0, 2463, 2463, 50.21, P0, 0x0000000000000000
2026/08/28 09:39:24.409, 76, 96, 0, 2463, 2463, 50.21, P0, 0x0000000000000000
2026/08/28 09:39:24.509, 76, 96, 0, 2463, 2463, 50.21, P0, 0x0000000000000000
2026/08/28 09:39:24.609, 76, 96, 0, 2463, 2463, 50.21, P0, 0x0000000000000000
2026/08/28 09:39:24.709, 76, 96, 0, 2463, 2463, 50.04, P0, 0x0000000000000000
2026/08/28 09:39:24.810, 76, 96, 0, 2463, 2463, 50.04, P0, 0x0000000000000000
2026/08/28 09:39:24.910, 76, 96, 0, 2463, 2463, 50.04, P0, 0x0000000000000000
2026/08/28 09:39:25.010, 76, 96, 0, 2463, 2463, 50.04, P0, 0x0000000000000000
2026/08/28 09:39:25.111, 76, 96, 0, 2463, 2463, 50.04, P0, 0x0000000000000000
2026/08/28 09:39:25.211, 76, 96, 0, 2463, 2463, 50.00, P0, 0x0000000000000000
2026/08/28 09:39:25.311, 76, 96, 0, 2463, 2463, 50.00, P0, 0x0000000000000000
2026/08/28 09:39:25.411, 76, 96, 0, 2463, 2463, 50.00, P0, 0x0000000000000000
2026/08/28 09:39:25.511, 76, 96, 0, 2463, 2463, 50.00, P0, 0x0000000000000000
2026/08/28 09:39:25.612, 76, 96, 0, 2463, 2463, 50.00, P0, 0x0000000000000000
2026/08/28 09:39:25.712, 76, 96, 0, 2463, 2463, 50.09, P0, 0x0000000000000000
2026/08/28 09:39:25.812, 76, 96, 0, 2463, 2463, 50.09, P0, 0x0000000000000000
2026/08/28 09:39:25.912, 76, 96, 0, 2463, 2463, 50.09, P0, 0x0000000000000000
2026/08/28 09:39:26.012, 76, 96, 0, 2463, 2463, 50.09, P0, 0x0000000000000000
2026/08/28 09:39:26.113, 76, 96, 0, 2463, 2463, 50.09, P0, 0x0000000000000000
2026/08/28 09:39:26.213, 76, 96, 0, 2463, 2463, 50.05, P0, 0x0000000000000000
2026/08/28 09:39:26.313, 76, 96, 0, 2463, 2463, 50.05, P0, 0x0000000000000000
2026/08/28 09:39:26.413, 76, 96, 0, 2463, 2463, 50.05, P0, 0x0000000000000000
2026/08/28 09:39:26.514, 76, 96, 0, 2463, 2463, 50.05, P0, 0x0000000000000000
2026/08/28 09:39:26.614, 76, 96, 0, 2463, 2463, 50.05, P0, 0x0000000000000000
2026/08/28 09:39:26.714, 76, 96, 0, 2463, 2463, 50.03, P0, 0x0000000000000000
2026/08/28 09:39:26.814, 76, 96, 0, 2463, 2463, 50.03, P0, 0x0000000000000000
2026/08/28 09:39:26.915, 76, 96, 0, 2463, 2463, 50.03, P0, 0x0000000000000000
2026/08/28 09:39:27.015, 76, 96, 0, 2463, 2463, 50.03, P0, 0x0000000000000000
2026/08/28 09:39:27.115, 76, 96, 0, 2463, 2463, 50.03, P0, 0x0000000000000000
2026/08/28 09:39:27.215, 76, 96, 0, 2463, 2463, 49.94, P0, 0x0000000000000000
2026/08/28 09:39:27.316, 76, 96, 0, 2463, 2463, 49.94, P0, 0x0000000000000000
2026/08/28 09:39:27.416, 76, 96, 0, 2463, 2463, 49.94, P0, 0x0000000000000000
2026/08/28 09:39:27.516, 76, 96, 0, 2463, 2463, 49.94, P0, 0x0000000000000000
2026/08/28 09:39:27.616, 76, 96, 0, 2463, 2463, 49.94, P0, 0x0000000000000000
2026/08/28 09:39:27.717, 76, 96, 0, 2463, 2463, 49.90, P0, 0x0000000000000000
2026/08/28 09:39:27.817, 76, 96, 0, 2463, 2463, 49.90, P0, 0x0000000000000000
2026/08/28 09:39:27.917, 76, 96, 0, 2463, 2463, 49.90, P0, 0x0000000000000000
2026/08/28 09:39:28.018, 76, 96, 0, 2463, 2463, 49.90, P0, 0x0000000000000000
2026/08/28 09:39:28.118, 76, 96, 0, 2463, 2463, 49.90, P0, 0x0000000000000000
2026/08/28 09:39:28.218, 75, 96, 0, 2463, 2463, 49.72, P0, 0x0000000000000000
2026/08/28 09:39:28.318, 75, 96, 0, 2463, 2463, 49.72, P0, 0x0000000000000000
2026/08/28 09:39:28.419, 75, 96, 0, 2463, 2463, 49.72, P0, 0x0000000000000000
2026/08/28 09:39:28.519, 75, 96, 0, 2463, 2463, 49.72, P0, 0x0000000000000000
2026/08/28 09:39:28.619, 75, 96, 0, 2463, 2463, 49.72, P0, 0x0000000000000000
2026/08/28 09:39:28.719, 75, 96, 0, 2457, 2457, 49.66, P0, 0x0000000000000000
2026/08/28 09:39:28.819, 75, 96, 0, 2457, 2457, 49.66, P0, 0x0000000000000000
2026/08/28 09:39:28.920, 75, 96, 0, 2457, 2457, 49.66, P0, 0x0000000000000000
2026/08/28 09:39:29.020, 75, 96, 0, 2457, 2457, 49.66, P0, 0x0000000000000000
2026/08/28 09:39:29.121, 75, 96, 0, 2457, 2457, 49.66, P0, 0x0000000000000000
2026/08/28 09:39:29.221, 75, 96, 0, 2463, 2463, 49.61, P0, 0x0000000000000000
2026/08/28 09:39:29.321, 75, 96, 0, 2463, 2463, 49.61, P0, 0x0000000000000000
2026/08/28 09:39:29.421, 75, 96, 0, 2463, 2463, 49.61, P0, 0x0000000000000000
2026/08/28 09:39:29.521, 75, 96, 0, 2463, 2463, 49.61, P0, 0x0000000000000000
2026/08/28 09:39:29.622, 75, 96, 0, 2463, 2463, 49.61, P0, 0x0000000000000000
2026/08/28 09:39:29.722, 75, 96, 0, 2463, 2463, 48.80, P0, 0x0000000000000000
2026/08/28 09:39:29.822, 75, 96, 0, 2463, 2463, 48.80, P0, 0x0000000000000000
2026/08/28 09:39:29.922, 75, 96, 0, 2463, 2463, 48.80, P0, 0x0000000000000000
2026/08/28 09:39:30.023, 75, 96, 0, 2463, 2463, 48.80, P0, 0x0000000000000000
2026/08/28 09:39:30.123, 75, 96, 0, 2463, 2463, 48.80, P0, 0x0000000000000000
2026/08/28 09:39:30.223, 75, 96, 0, 2463, 2463, 48.10, P0, 0x0000000000000000
2026/08/28 09:39:30.324, 75, 96, 0, 2463, 2463, 48.10, P0, 0x0000000000000000
2026/08/28 09:39:30.424, 75, 96, 0, 2463, 2463, 48.10, P0, 0x0000000000000000
2026/08/28 09:39:30.524, 75, 96, 0, 2463, 2463, 48.10, P0, 0x0000000000000000
2026/08/28 09:39:30.624, 75, 96, 0, 2463, 2463, 48.10, P0, 0x0000000000000000
2026/08/28 09:39:30.725, 75, 96, 0, 2463, 2463, 48.01, P0, 0x0000000000000000
2026/08/28 09:39:30.825, 75, 96, 0, 2463, 2463, 48.01, P0, 0x0000000000000000
2026/08/28 09:39:30.925, 75, 96, 0, 2463, 2463, 48.01, P0, 0x0000000000000000
2026/08/28 09:39:31.025, 75, 96, 0, 2463, 2463, 48.01, P0, 0x0000000000000000
2026/08/28 09:39:31.126, 75, 96, 0, 2463, 2463, 48.01, P0, 0x0000000000000000
2026/08/28 09:39:31.226, 75, 96, 0, 2463, 2463, 48.02, P0, 0x0000000000000000
2026/08/28 09:39:31.326, 75, 96, 0, 2463, 2463, 48.02, P0, 0x0000000000000000
2026/08/28 09:39:31.426, 75, 96, 0, 2463, 2463, 48.02, P0, 0x0000000000000000
2026/08/28 09:39:31.527, 75, 96, 0, 2463, 2463, 48.02, P0, 0x0000000000000000
2026/08/28 09:39:31.627, 75, 96, 0, 2463, 2463, 48.02, P0, 0x0000000000000000
2026/08/28 09:39:31.727, 75, 96, 0, 2463, 2463, 48.05, P0, 0x0000000000000000
2026/08/28 09:39:31.827, 75, 96, 0, 2463, 2463, 48.05, P0, 0x0000000000000000
2026/08/28 09:39:31.927, 75, 96, 0, 2463, 2463, 48.05, P0, 0x0000000000000000
2026/08/28 09:39:32.028, 75, 96, 0, 2463, 2463, 48.05, P0, 0x0000000000000000
2026/08/28 09:39:32.128, 75, 96, 0, 2463, 2463, 48.05, P0, 0x0000000000000000
2026/08/28 09:39:32.228, 75, 96, 0, 2463, 2463, 48.05, P0, 0x0000000000000000
2026/08/28 09:39:32.328, 75, 96, 0, 2463, 2463, 48.05, P0, 0x0000000000000000
2026/08/28 09:39:32.429, 75, 96, 0, 2463, 2463, 48.05, P0, 0x0000000000000000
2026/08/28 09:39:32.529, 75, 96, 0, 2463, 2463, 48.05, P0, 0x0000000000000000
2026/08/28 09:39:32.629, 75, 96, 0, 2463, 2463, 48.05, P0, 0x0000000000000000
2026/08/28 09:39:32.729, 75, 96, 0, 2463, 2463, 48.03, P0, 0x0000000000000000
2026/08/28 09:39:32.829, 75, 96, 0, 2463, 2463, 48.03, P0, 0x0000000000000000
2026/08/28 09:39:32.930, 75, 96, 0, 2463, 2463, 48.03, P0, 0x0000000000000000
2026/08/28 09:39:33.030, 75, 96, 0, 2463, 2463, 48.03, P0, 0x0000000000000000
2026/08/28 09:39:33.130, 75, 96, 0, 2463, 2463, 48.03, P0, 0x0000000000000000
2026/08/28 09:39:33.230, 75, 96, 0, 2463, 2463, 47.95, P0, 0x0000000000000000
2026/08/28 09:39:33.331, 75, 96, 0, 2463, 2463, 47.95, P0, 0x0000000000000000
2026/08/28 09:39:33.431, 75, 96, 0, 2463, 2463, 47.95, P0, 0x0000000000000000
2026/08/28 09:39:33.531, 75, 96, 0, 2463, 2463, 47.95, P0, 0x0000000000000000
2026/08/28 09:39:33.631, 75, 96, 0, 2463, 2463, 47.95, P0, 0x0000000000000000
2026/08/28 09:39:33.731, 75, 96, 0, 2463, 2463, 47.97, P0, 0x0000000000000000
2026/08/28 09:39:33.832, 75, 96, 0, 2463, 2463, 47.97, P0, 0x0000000000000000
2026/08/28 09:39:33.932, 75, 96, 0, 2463, 2463, 47.97, P0, 0x0000000000000000
2026/08/28 09:39:34.032, 75, 96, 0, 2463, 2463, 47.97, P0, 0x0000000000000000
2026/08/28 09:39:34.132, 75, 96, 0, 2463, 2463, 47.97, P0, 0x0000000000000000
2026/08/28 09:39:34.232, 75, 96, 0, 2463, 2463, 48.00, P0, 0x0000000000000000
2026/08/28 09:39:34.333, 75, 96, 0, 2463, 2463, 48.00, P0, 0x0000000000000000
2026/08/28 09:39:34.433, 75, 96, 0, 2463, 2463, 48.00, P0, 0x0000000000000000
2026/08/28 09:39:34.533, 75, 96, 0, 2463, 2463, 48.00, P0, 0x0000000000000000
2026/08/28 09:39:34.634, 75, 96, 0, 2463, 2463, 48.00, P0, 0x0000000000000000
2026/08/28 09:39:34.734, 75, 96, 0, 2463, 2463, 47.91, P0, 0x0000000000000000
2026/08/28 09:39:34.834, 75, 96, 0, 2463, 2463, 47.91, P0, 0x0000000000000000
2026/08/28 09:39:34.934, 75, 96, 0, 2463, 2463, 47.91, P0, 0x0000000000000000
2026/08/28 09:39:35.035, 75, 96, 0, 2463, 2463, 47.91, P0, 0x0000000000000000
2026/08/28 09:39:35.135, 75, 96, 0, 2463, 2463, 47.91, P0, 0x0000000000000000
2026/08/28 09:39:35.235, 75, 96, 0, 2463, 2463, 47.81, P0, 0x0000000000000000
2026/08/28 09:39:35.335, 75, 96, 0, 2463, 2463, 47.81, P0, 0x0000000000000000
2026/08/28 09:39:35.435, 75, 96, 0, 2463, 2463, 47.81, P0, 0x0000000000000000
2026/08/28 09:39:35.536, 75, 96, 0, 2463, 2463, 47.81, P0, 0x0000000000000000
2026/08/28 09:39:35.636, 75, 96, 0, 2463, 2463, 47.81, P0, 0x0000000000000000
2026/08/28 09:39:35.736, 75, 96, 0, 2463, 2463, 47.87, P0, 0x0000000000000000
2026/08/28 09:39:35.837, 75, 96, 0, 2463, 2463, 47.87, P0, 0x0000000000000000
2026/08/28 09:39:35.937, 75, 96, 0, 2463, 2463, 47.87, P0, 0x0000000000000000
2026/08/28 09:39:36.037, 75, 96, 0, 2463, 2463, 47.87, P0, 0x0000000000000000
2026/08/28 09:39:36.137, 75, 96, 0, 2463, 2463, 47.87, P0, 0x0000000000000000
2026/08/28 09:39:36.238, 75, 96, 0, 2463, 2463, 47.93, P0, 0x0000000000000000
2026/08/28 09:39:36.338, 75, 96, 0, 2463, 2463, 47.93, P0, 0x0000000000000000
2026/08/28 09:39:36.438, 75, 96, 0, 2463, 2463, 47.93, P0, 0x0000000000000000
2026/08/28 09:39:36.538, 75, 96, 0, 2463, 2463, 47.93, P0, 0x0000000000000000
2026/08/28 09:39:36.639, 75, 96, 0, 2463, 2463, 47.93, P0, 0x0000000000000000
2026/08/28 09:39:36.739, 75, 96, 0, 2463, 2463, 47.89, P0, 0x0000000000000000
2026/08/28 09:39:36.839, 75, 96, 0, 2463, 2463, 47.89, P0, 0x0000000000000000
2026/08/28 09:39:36.939, 75, 96, 0, 2463, 2463, 47.89, P0, 0x0000000000000000
2026/08/28 09:39:37.040, 75, 96, 0, 2463, 2463, 47.89, P0, 0x0000000000000000
2026/08/28 09:39:37.140, 75, 96, 0, 2463, 2463, 47.89, P0, 0x0000000000000000
2026/08/28 09:39:37.240, 74, 96, 0, 2463, 2463, 47.48, P0, 0x0000000000000000
2026/08/28 09:39:37.340, 74, 96, 0, 2463, 2463, 47.48, P0, 0x0000000000000000
2026/08/28 09:39:37.441, 74, 96, 0, 2463, 2463, 47.48, P0, 0x0000000000000000
2026/08/28 09:39:37.541, 74, 96, 0, 2463, 2463, 47.48, P0, 0x0000000000000000
2026/08/28 09:39:37.641, 74, 96, 0, 2463, 2463, 47.48, P0, 0x0000000000000000
2026/08/28 09:39:37.741, 74, 96, 0, 2463, 2463, 45.77, P0, 0x0000000000000000
2026/08/28 09:39:37.842, 74, 96, 0, 2463, 2463, 45.77, P0, 0x0000000000000000
2026/08/28 09:39:37.942, 74, 96, 0, 2463, 2463, 45.77, P0, 0x0000000000000000
2026/08/28 09:39:38.042, 74, 96, 0, 2463, 2463, 45.77, P0, 0x0000000000000000
2026/08/28 09:39:38.142, 74, 96, 0, 2463, 2463, 45.77, P0, 0x0000000000000000
2026/08/28 09:39:38.243, 73, 96, 0, 2463, 2463, 43.41, P0, 0x0000000000000000
2026/08/28 09:39:38.343, 73, 96, 0, 2463, 2463, 43.41, P0, 0x0000000000000000
2026/08/28 09:39:38.443, 73, 96, 0, 2463, 2463, 43.41, P0, 0x0000000000000000
2026/08/28 09:39:38.543, 73, 96, 0, 2463, 2463, 43.41, P0, 0x0000000000000000
2026/08/28 09:39:38.643, 73, 96, 0, 2463, 2463, 43.41, P0, 0x0000000000000000
2026/08/28 09:39:38.744, 74, 96, 0, 2463, 2463, 42.51, P0, 0x0000000000000000
2026/08/28 09:39:38.844, 74, 96, 0, 2463, 2463, 42.51, P0, 0x0000000000000000
2026/08/28 09:39:38.944, 74, 96, 0, 2463, 2463, 42.51, P0, 0x0000000000000000
2026/08/28 09:39:39.044, 74, 96, 0, 2463, 2463, 42.51, P0, 0x0000000000000000
2026/08/28 09:39:39.144, 74, 96, 0, 2463, 2463, 42.51, P0, 0x0000000000000000
2026/08/28 09:39:39.245, 73, 96, 0, 2463, 2463, 42.08, P0, 0x0000000000000000
2026/08/28 09:39:39.345, 73, 96, 0, 2463, 2463, 42.08, P0, 0x0000000000000000
2026/08/28 09:39:39.445, 73, 96, 0, 2463, 2463, 42.08, P0, 0x0000000000000000
2026/08/28 09:39:39.545, 73, 96, 0, 2463, 2463, 42.08, P0, 0x0000000000000000
2026/08/28 09:39:39.646, 73, 96, 0, 2463, 2463, 42.08, P0, 0x0000000000000000
2026/08/28 09:39:39.746, 73, 96, 0, 2463, 2463, 41.67, P0, 0x0000000000000000
2026/08/28 09:39:39.846, 73, 96, 0, 2463, 2463, 41.67, P0, 0x0000000000000000
2026/08/28 09:39:39.946, 73, 96, 0, 2463, 2463, 41.67, P0, 0x0000000000000000
2026/08/28 09:39:40.047, 73, 96, 0, 2463, 2463, 41.67, P0, 0x0000000000000000
2026/08/28 09:39:40.147, 73, 96, 0, 2463, 2463, 41.67, P0, 0x0000000000000000
2026/08/28 09:39:40.247, 73, 96, 0, 2463, 2463, 41.61, P0, 0x0000000000000000
2026/08/28 09:39:40.347, 73, 96, 0, 2463, 2463, 41.61, P0, 0x0000000000000000
2026/08/28 09:39:40.447, 73, 96, 0, 2463, 2463, 41.61, P0, 0x0000000000000000
2026/08/28 09:39:40.548, 73, 96, 0, 2463, 2463, 41.61, P0, 0x0000000000000000
2026/08/28 09:39:40.648, 73, 96, 0, 2463, 2463, 41.61, P0, 0x0000000000000000
2026/08/28 09:39:40.748, 73, 96, 0, 2463, 2463, 41.49, P0, 0x0000000000000000
2026/08/28 09:39:40.848, 73, 96, 0, 2463, 2463, 41.49, P0, 0x0000000000000000
2026/08/28 09:39:40.948, 73, 96, 0, 2463, 2463, 41.49, P0, 0x0000000000000000
2026/08/28 09:39:41.049, 73, 96, 0, 2463, 2463, 41.49, P0, 0x0000000000000000
2026/08/28 09:39:41.149, 73, 96, 0, 2463, 2463, 41.49, P0, 0x0000000000000000
2026/08/28 09:39:41.249, 73, 96, 0, 2463, 2463, 41.43, P0, 0x0000000000000000
2026/08/28 09:39:41.349, 73, 96, 0, 2463, 2463, 41.43, P0, 0x0000000000000000
2026/08/28 09:39:41.449, 73, 96, 0, 2463, 2463, 41.43, P0, 0x0000000000000000
2026/08/28 09:39:41.549, 73, 96, 0, 2463, 2463, 41.43, P0, 0x0000000000000000
2026/08/28 09:39:41.650, 73, 96, 0, 2463, 2463, 41.43, P0, 0x0000000000000000
2026/08/28 09:39:41.750, 73, 96, 0, 2463, 2463, 41.51, P0, 0x0000000000000000
2026/08/28 09:39:41.850, 73, 96, 0, 2463, 2463, 41.51, P0, 0x0000000000000000
2026/08/28 09:39:41.950, 73, 96, 0, 2463, 2463, 41.51, P0, 0x0000000000000000
2026/08/28 09:39:42.050, 73, 96, 0, 2463, 2463, 41.51, P0, 0x0000000000000000
2026/08/28 09:39:42.151, 73, 96, 0, 2463, 2463, 41.51, P0, 0x0000000000000000
2026/08/28 09:39:42.251, 69, 0, 0, 2392, 2392, 33.80, P0, 0x0000000000000000
2026/08/28 09:39:42.351, 69, 0, 0, 2392, 2392, 33.80, P0, 0x0000000000000000
2026/08/28 09:39:42.451, 69, 0, 0, 2392, 2392, 33.80, P0, 0x0000000000000000
2026/08/28 09:39:42.551, 69, 0, 0, 2392, 2392, 33.80, P0, 0x0000000000000000
2026/08/28 09:39:42.651, 69, 0, 0, 2392, 2392, 33.80, P0, 0x0000000000000000
2026/08/28 09:39:42.751, 69, 0, 0, 2392, 2392, 21.24, P0, 0x0000000000000000
2026/08/28 09:39:42.852, 69, 0, 0, 2392, 2392, 21.24, P0, 0x0000000000000000
2026/08/28 09:39:42.952, 69, 0, 0, 2392, 2392, 21.24, P0, 0x0000000000000000
2026/08/28 09:39:43.052, 69, 0, 0, 2392, 2392, 21.24, P0, 0x0000000000000000
2026/08/28 09:39:43.152, 69, 0, 0, 2392, 2392, 21.24, P0, 0x0000000000000000
2026/08/28 09:39:43.252, 69, 0, 0, 2392, 2392, 15.86, P0, 0x0000000000000000
2026/08/28 09:39:43.352, 69, 0, 0, 2392, 2392, 15.86, P0, 0x0000000000000000
2026/08/28 09:39:43.452, 69, 0, 0, 2392, 2392, 15.86, P0, 0x0000000000000000
2026/08/28 09:39:43.553, 69, 0, 0, 2392, 2392, 15.86, P0, 0x0000000000000000
2026/08/28 09:39:43.653, 69, 0, 0, 2392, 2392, 15.86, P0, 0x0000000000000000
2026/08/28 09:39:43.753, 68, 0, 0, 2392, 2392, 15.76, P0, 0x0000000000000000
2026/08/28 09:39:43.853, 68, 0, 0, 2392, 2392, 15.76, P0, 0x0000000000000000
2026/08/28 09:39:43.953, 68, 0, 0, 2392, 2392, 15.76, P0, 0x0000000000000000
2026/08/28 09:39:44.053, 68, 0, 0, 2392, 2392, 15.76, P0, 0x0000000000000000
2026/08/28 09:39:44.154, 68, 0, 0, 2392, 2392, 15.76, P0, 0x0000000000000000
2026/08/28 09:39:44.254, 68, 0, 0, 2392, 2392, 15.69, P0, 0x0000000000000000
2026/08/28 09:39:44.354, 68, 0, 0, 2392, 2392, 15.69, P0, 0x0000000000000000
2026/08/28 09:39:44.454, 68, 0, 0, 2392, 2392, 15.69, P0, 0x0000000000000000
2026/08/28 09:39:44.554, 68, 0, 0, 2392, 2392, 15.69, P0, 0x0000000000000000
2026/08/28 09:39:44.654, 68, 0, 0, 2392, 2392, 15.69, P0, 0x0000000000000000
2026/08/28 09:39:44.754, 68, 0, 0, 2392, 2392, 15.64, P0, 0x0000000000000000
2026/08/28 09:39:44.854, 68, 0, 0, 2392, 2392, 15.64, P0, 0x0000000000000000
2026/08/28 09:39:44.955, 68, 0, 0, 2392, 2392, 15.64, P0, 0x0000000000000000
2026/08/28 09:39:45.055, 68, 0, 0, 2392, 2392, 15.64, P0, 0x0000000000000000
2026/08/28 09:39:45.155, 68, 0, 0, 2392, 2392, 15.64, P0, 0x0000000000000000
2026/08/28 09:39:45.255, 68, 0, 0, 2392, 2392, 15.59, P0, 0x0000000000000000
2026/08/28 09:39:45.355, 68, 0, 0, 2392, 2392, 15.59, P0, 0x0000000000000000
2026/08/28 09:39:45.455, 68, 0, 0, 2392, 2392, 15.59, P0, 0x0000000000000000
2026/08/28 09:39:45.556, 68, 0, 0, 2392, 2392, 15.59, P0, 0x0000000000000000
2026/08/28 09:39:45.656, 68, 0, 0, 2392, 2392, 15.59, P0, 0x0000000000000000
2026/08/28 09:39:45.756, 67, 0, 0, 2392, 2392, 15.56, P0, 0x0000000000000000
2026/08/28 09:39:45.856, 67, 0, 0, 2392, 2392, 15.56, P0, 0x0000000000000000
2026/08/28 09:39:45.956, 67, 0, 0, 2392, 2392, 15.56, P0, 0x0000000000000000
2026/08/28 09:39:46.056, 67, 0, 0, 2392, 2392, 15.56, P0, 0x0000000000000000
2026/08/28 09:39:46.156, 67, 0, 0, 2392, 2392, 15.56, P0, 0x0000000000000000
2026/08/28 09:39:46.257, 67, 0, 0, 2392, 2392, 15.49, P0, 0x0000000000000000
2026/08/28 09:39:46.357, 67, 0, 0, 2392, 2392, 15.49, P0, 0x0000000000000000
2026/08/28 09:39:46.457, 67, 0, 0, 2392, 2392, 15.49, P0, 0x0000000000000000
2026/08/28 09:39:46.557, 67, 0, 0, 2392, 2392, 15.49, P0, 0x0000000000000000
2026/08/28 09:39:46.657, 67, 0, 0, 2392, 2392, 15.49, P0, 0x0000000000000000
2026/08/28 09:39:46.757, 67, 0, 0, 2392, 2392, 15.45, P0, 0x0000000000000000
2026/08/28 09:39:46.857, 67, 0, 0, 2392, 2392, 15.45, P0, 0x0000000000000000
2026/08/28 09:39:46.958, 67, 0, 0, 2392, 2392, 15.45, P0, 0x0000000000000000
2026/08/28 09:39:47.058, 67, 0, 0, 2392, 2392, 15.45, P0, 0x0000000000000000
2026/08/28 09:39:47.158, 67, 0, 0, 2392, 2392, 15.45, P0, 0x0000000000000000
2026/08/28 09:39:47.258, 67, 0, 0, 2392, 2392, 15.48, P0, 0x0000000000000000
2026/08/28 09:39:47.358, 67, 0, 0, 2392, 2392, 15.48, P0, 0x0000000000000000
2026/08/28 09:39:47.459, 67, 0, 0, 2392, 2392, 15.48, P0, 0x0000000000000000
2026/08/28 09:39:47.559, 67, 0, 0, 2392, 2392, 15.48, P0, 0x0000000000000000
2026/08/28 09:39:47.659, 67, 0, 0, 2392, 2392, 15.48, P0, 0x0000000000000000
2026/08/28 09:39:47.759, 67, 0, 0, 2392, 2392, 15.44, P0, 0x0000000000000000
2026/08/28 09:39:47.859, 67, 0, 0, 2392, 2392, 15.44, P0, 0x0000000000000000
2026/08/28 09:39:47.959, 67, 0, 0, 2392, 2392, 15.44, P0, 0x0000000000000000
2026/08/28 09:39:48.060, 67, 0, 0, 2392, 2392, 15.44, P0, 0x0000000000000000
2026/08/28 09:39:48.160, 67, 0, 0, 2392, 2392, 15.44, P0, 0x0000000000000000
2026/08/28 09:39:48.260, 67, 0, 0, 2392, 2392, 15.36, P0, 0x0000000000000000
2026/08/28 09:39:48.360, 67, 0, 0, 2392, 2392, 15.36, P0, 0x0000000000000000
2026/08/28 09:39:48.460, 67, 0, 0, 2392, 2392, 15.36, P0, 0x0000000000000000
2026/08/28 09:39:48.560, 67, 0, 0, 2392, 2392, 15.36, P0, 0x0000000000000000
2026/08/28 09:39:48.660, 67, 0, 0, 2392, 2392, 15.36, P0, 0x0000000000000000
2026/08/28 09:39:48.760, 66, 0, 0, 2392, 2392, 15.33, P0, 0x0000000000000000
2026/08/28 09:39:48.861, 66, 0, 0, 2392, 2392, 15.33, P0, 0x0000000000000000
2026/08/28 09:39:48.961, 66, 0, 0, 2392, 2392, 15.33, P0, 0x0000000000000000
2026/08/28 09:39:49.061, 66, 0, 0, 2392, 2392, 15.33, P0, 0x0000000000000000
2026/08/28 09:39:49.161, 66, 0, 0, 2392, 2392, 15.33, P0, 0x0000000000000000
2026/08/28 09:39:49.261, 66, 0, 0, 2392, 2392, 15.31, P0, 0x0000000000000000
2026/08/28 09:39:49.361, 66, 0, 0, 2392, 2392, 15.31, P0, 0x0000000000000000
2026/08/28 09:39:49.462, 66, 0, 0, 2392, 2392, 15.31, P0, 0x0000000000000000
2026/08/28 09:39:49.562, 66, 0, 0, 2392, 2392, 15.31, P0, 0x0000000000000000
2026/08/28 09:39:49.662, 66, 0, 0, 2392, 2392, 15.31, P0, 0x0000000000000000
2026/08/28 09:39:49.762, 66, 0, 0, 2392, 2392, 15.28, P0, 0x0000000000000000
2026/08/28 09:39:49.862, 66, 0, 0, 2392, 2392, 15.28, P0, 0x0000000000000000
2026/08/28 09:39:49.962, 66, 0, 0, 2392, 2392, 15.28, P0, 0x0000000000000000
2026/08/28 09:39:50.062, 66, 0, 0, 2392, 2392, 15.28, P0, 0x0000000000000000
2026/08/28 09:39:50.163, 66, 0, 0, 2392, 2392, 15.28, P0, 0x0000000000000000
2026/08/28 09:39:50.263, 66, 0, 0, 2392, 2392, 15.21, P0, 0x0000000000000000
2026/08/28 09:39:50.363, 66, 0, 0, 2392, 2392, 15.21, P0, 0x0000000000000000
2026/08/28 09:39:50.463, 66, 0, 0, 2392, 2392, 15.21, P0, 0x0000000000000000
2026/08/28 09:39:50.563, 66, 0, 0, 2392, 2392, 15.21, P0, 0x0000000000000000
2026/08/28 09:39:50.663, 66, 0, 0, 2392, 2392, 15.21, P0, 0x0000000000000000
2026/08/28 09:39:50.763, 66, 0, 0, 2392, 2392, 15.16, P0, 0x0000000000000000
2026/08/28 09:39:50.864, 66, 0, 0, 2392, 2392, 15.16, P0, 0x0000000000000000
2026/08/28 09:39:50.964, 66, 0, 0, 2392, 2392, 15.16, P0, 0x0000000000000000
2026/08/28 09:39:51.064, 66, 0, 0, 2392, 2392, 15.16, P0, 0x0000000000000000
2026/08/28 09:39:51.164, 66, 0, 0, 2392, 2392, 15.16, P0, 0x0000000000000000
2026/08/28 09:39:51.264, 66, 0, 0, 2392, 2392, 15.11, P0, 0x0000000000000000
2026/08/28 09:39:51.364, 66, 0, 0, 2392, 2392, 15.11, P0, 0x0000000000000000
2026/08/28 09:39:51.464, 66, 0, 0, 2392, 2392, 15.11, P0, 0x0000000000000000
2026/08/28 09:39:51.565, 66, 0, 0, 2392, 2392, 15.11, P0, 0x0000000000000000
2026/08/28 09:39:51.665, 66, 0, 0, 2392, 2392, 15.11, P0, 0x0000000000000000
2026/08/28 09:39:51.765, 66, 0, 0, 2392, 2392, 15.09, P0, 0x0000000000000000
2026/08/28 09:39:51.865, 66, 0, 0, 2392, 2392, 15.09, P0, 0x0000000000000000
2026/08/28 09:39:51.966, 66, 0, 0, 2392, 2392, 15.09, P0, 0x0000000000000000
2026/08/28 09:39:52.066, 66, 0, 0, 2392, 2392, 15.09, P0, 0x0000000000000000
2026/08/28 09:39:52.166, 66, 0, 0, 2392, 2392, 15.09, P0, 0x0000000000000000
2026/08/28 09:39:52.266, 66, 0, 0, 2392, 2392, 15.06, P0, 0x0000000000000000
2026/08/28 09:39:52.366, 66, 0, 0, 2392, 2392, 15.06, P0, 0x0000000000000000
2026/08/28 09:39:52.466, 66, 0, 0, 2392, 2392, 15.06, P0, 0x0000000000000000
2026/08/28 09:39:52.566, 66, 0, 0, 2392, 2392, 15.06, P0, 0x0000000000000000
2026/08/28 09:39:52.667, 66, 0, 0, 2392, 2392, 15.06, P0, 0x0000000000000000
2026/08/28 09:39:52.767, 65, 0, 0, 2392, 2392, 15.04, P0, 0x0000000000000000
2026/08/28 09:39:52.867, 65, 0, 0, 2392, 2392, 15.04, P0, 0x0000000000000000
2026/08/28 09:39:52.967, 65, 0, 0, 2392, 2392, 15.04, P0, 0x0000000000000000
2026/08/28 09:39:53.067, 65, 0, 0, 2392, 2392, 15.04, P0, 0x0000000000000000
2026/08/28 09:39:53.167, 65, 0, 0, 2392, 2392, 15.04, P0, 0x0000000000000000
2026/08/28 09:39:53.268, 65, 0, 0, 2392, 2392, 15.04, P0, 0x0000000000000000
2026/08/28 09:39:53.368, 65, 0, 0, 2392, 2392, 15.04, P0, 0x0000000000000000
2026/08/28 09:39:53.468, 65, 0, 0, 2392, 2392, 15.04, P0, 0x0000000000000000
2026/08/28 09:39:53.568, 65, 0, 0, 2392, 2392, 15.04, P0, 0x0000000000000000
2026/08/28 09:39:53.668, 65, 0, 0, 2392, 2392, 15.04, P0, 0x0000000000000000
2026/08/28 09:39:53.768, 65, 0, 0, 2392, 2392, 15.02, P0, 0x0000000000000000
2026/08/28 09:39:53.869, 65, 0, 0, 2392, 2392, 15.02, P0, 0x0000000000000000
2026/08/28 09:39:53.969, 65, 0, 0, 2392, 2392, 15.02, P0, 0x0000000000000000
2026/08/28 09:39:54.069, 65, 0, 0, 2392, 2392, 15.02, P0, 0x0000000000000000
2026/08/28 09:39:54.169, 65, 0, 0, 2392, 2392, 15.02, P0, 0x0000000000000000
2026/08/28 09:39:54.269, 65, 0, 0, 2392, 2392, 15.00, P0, 0x0000000000000000
2026/08/28 09:39:54.369, 65, 0, 0, 2392, 2392, 15.00, P0, 0x0000000000000000
2026/08/28 09:39:54.469, 65, 0, 0, 2392, 2392, 15.00, P0, 0x0000000000000000
2026/08/28 09:39:54.569, 65, 0, 0, 2392, 2392, 15.00, P0, 0x0000000000000000
2026/08/28 09:39:54.670, 65, 0, 0, 2392, 2392, 15.00, P0, 0x0000000000000000
2026/08/28 09:39:54.770, 65, 0, 0, 2392, 2392, 14.99, P0, 0x0000000000000000
2026/08/28 09:39:54.870, 65, 0, 0, 2392, 2392, 14.99, P0, 0x0000000000000000
2026/08/28 09:39:54.970, 65, 0, 0, 2392, 2392, 14.99, P0, 0x0000000000000000
2026/08/28 09:39:55.070, 65, 0, 0, 2392, 2392, 14.99, P0, 0x0000000000000000
2026/08/28 09:39:55.170, 65, 0, 0, 2392, 2392, 14.99, P0, 0x0000000000000000
2026/08/28 09:39:55.270, 65, 0, 0, 2392, 2392, 14.98, P0, 0x0000000000000000
2026/08/28 09:39:55.370, 65, 0, 0, 2392, 2392, 14.98, P0, 0x0000000000000000
2026/08/28 09:39:55.471, 65, 0, 0, 2392, 2392, 14.98, P0, 0x0000000000000000
2026/08/28 09:39:55.571, 65, 0, 0, 2392, 2392, 14.98, P0, 0x0000000000000000
2026/08/28 09:39:55.671, 65, 0, 0, 2392, 2392, 14.98, P0, 0x0000000000000000
2026/08/28 09:39:55.771, 65, 0, 0, 2392, 2392, 14.96, P0, 0x0000000000000000
2026/08/28 09:39:55.871, 65, 0, 0, 2392, 2392, 14.96, P0, 0x0000000000000000
2026/08/28 09:39:55.971, 65, 0, 0, 2392, 2392, 14.96, P0, 0x0000000000000000
2026/08/28 09:39:56.071, 65, 0, 0, 2392, 2392, 14.96, P0, 0x0000000000000000
2026/08/28 09:39:56.172, 65, 0, 0, 2392, 2392, 14.96, P0, 0x0000000000000000
2026/08/28 09:39:56.272, 65, 0, 0, 2392, 2392, 14.91, P0, 0x0000000000000000
2026/08/28 09:39:56.372, 65, 0, 0, 2392, 2392, 14.91, P0, 0x0000000000000000
2026/08/28 09:39:56.472, 65, 0, 0, 2392, 2392, 14.91, P0, 0x0000000000000000
2026/08/28 09:39:56.572, 65, 0, 0, 2392, 2392, 14.91, P0, 0x0000000000000000
2026/08/28 09:39:56.672, 65, 0, 0, 2392, 2392, 14.91, P0, 0x0000000000000000
2026/08/28 09:39:56.772, 65, 0, 0, 2392, 2392, 14.89, P0, 0x0000000000000000
2026/08/28 09:39:56.872, 65, 0, 0, 2392, 2392, 14.89, P0, 0x0000000000000000
2026/08/28 09:39:56.972, 65, 0, 0, 2392, 2392, 14.89, P0, 0x0000000000000000
2026/08/28 09:39:57.073, 65, 0, 0, 2392, 2392, 14.89, P0, 0x0000000000000000
2026/08/28 09:39:57.173, 65, 0, 0, 2392, 2392, 14.89, P0, 0x0000000000000000
2026/08/28 09:39:57.273, 65, 0, 0, 2392, 2392, 14.87, P0, 0x0000000000000000
2026/08/28 09:39:57.373, 65, 0, 0, 2392, 2392, 14.87, P0, 0x0000000000000000
2026/08/28 09:39:57.473, 65, 0, 0, 2392, 2392, 14.87, P0, 0x0000000000000000
2026/08/28 09:39:57.573, 65, 0, 0, 2392, 2392, 14.87, P0, 0x0000000000000000
2026/08/28 09:39:57.673, 65, 0, 0, 2392, 2392, 14.87, P0, 0x0000000000000000
2026/08/28 09:39:57.774, 75, 0, 0, 2431, 2431, 25.79, P0, 0x0000000000000000
2026/08/28 09:39:57.874, 75, 0, 0, 2431, 2431, 25.79, P0, 0x0000000000000000
2026/08/28 09:39:57.974, 75, 0, 0, 2431, 2431, 25.79, P0, 0x0000000000000000
2026/08/28 09:39:58.074, 75, 0, 0, 2431, 2431, 25.79, P0, 0x0000000000000000
2026/08/28 09:39:58.174, 75, 0, 0, 2431, 2431, 25.79, P0, 0x0000000000000000
2026/08/28 09:39:58.275, 77, 96, 0, 2444, 2444, 57.08, P0, 0x0000000000000000
2026/08/28 09:39:58.375, 77, 96, 0, 2444, 2444, 57.08, P0, 0x0000000000000000
2026/08/28 09:39:58.475, 77, 96, 0, 2444, 2444, 57.08, P0, 0x0000000000000000
2026/08/28 09:39:58.575, 77, 96, 0, 2444, 2444, 57.08, P0, 0x0000000000000000
2026/08/28 09:39:58.676, 77, 96, 0, 2444, 2444, 57.08, P0, 0x0000000000000000
2026/08/28 09:39:58.776, 77, 96, 0, 2437, 2437, 78.61, P0, 0x0000000000000000
2026/08/28 09:39:58.876, 77, 96, 0, 2437, 2437, 78.61, P0, 0x0000000000000000
2026/08/28 09:39:58.976, 77, 96, 0, 2437, 2437, 78.61, P0, 0x0000000000000000
2026/08/28 09:39:59.076, 77, 96, 0, 2437, 2437, 78.61, P0, 0x0000000000000000
2026/08/28 09:39:59.176, 77, 96, 0, 2437, 2437, 78.61, P0, 0x0000000000000000
2026/08/28 09:39:59.277, 78, 96, 0, 2444, 2444, 80.38, P0, 0x0000000000000000
2026/08/28 09:39:59.377, 78, 96, 0, 2444, 2444, 80.38, P0, 0x0000000000000000
2026/08/28 09:39:59.477, 78, 96, 0, 2444, 2444, 80.38, P0, 0x0000000000000000
2026/08/28 09:39:59.577, 78, 96, 0, 2444, 2444, 80.38, P0, 0x0000000000000000
2026/08/28 09:39:59.677, 78, 96, 0, 2444, 2444, 80.38, P0, 0x0000000000000000
2026/08/28 09:39:59.777, 77, 96, 0, 2437, 2437, 80.68, P0, 0x0000000000000000
2026/08/28 09:39:59.878, 77, 96, 0, 2437, 2437, 80.68, P0, 0x0000000000000000
2026/08/28 09:39:59.978, 77, 96, 0, 2437, 2437, 80.68, P0, 0x0000000000000000
2026/08/28 09:40:00.078, 77, 96, 0, 2437, 2437, 80.68, P0, 0x0000000000000000
2026/08/28 09:40:00.178, 77, 96, 0, 2437, 2437, 80.68, P0, 0x0000000000000000
2026/08/28 09:40:00.278, 78, 96, 0, 2444, 2444, 80.35, P0, 0x0000000000000000
2026/08/28 09:40:00.378, 78, 96, 0, 2444, 2444, 80.35, P0, 0x0000000000000000
2026/08/28 09:40:00.478, 78, 96, 0, 2444, 2444, 80.35, P0, 0x0000000000000000
2026/08/28 09:40:00.579, 78, 96, 0, 2444, 2444, 80.35, P0, 0x0000000000000000
2026/08/28 09:40:00.679, 78, 96, 0, 2444, 2444, 80.35, P0, 0x0000000000000000
2026/08/28 09:40:00.779, 76, 96, 0, 2444, 2444, 79.51, P0, 0x0000000000000000
2026/08/28 09:40:00.879, 76, 96, 0, 2444, 2444, 79.51, P0, 0x0000000000000000
2026/08/28 09:40:00.979, 76, 96, 0, 2444, 2444, 79.51, P0, 0x0000000000000000
2026/08/28 09:40:01.079, 76, 96, 0, 2444, 2444, 79.51, P0, 0x0000000000000000
2026/08/28 09:40:01.180, 76, 96, 0, 2444, 2444, 79.51, P0, 0x0000000000000000
2026/08/28 09:40:01.280, 78, 96, 0, 2437, 2437, 80.21, P0, 0x0000000000000000
2026/08/28 09:40:01.380, 78, 96, 0, 2437, 2437, 80.21, P0, 0x0000000000000000
2026/08/28 09:40:01.480, 78, 96, 0, 2437, 2437, 80.21, P0, 0x0000000000000000
2026/08/28 09:40:01.580, 78, 96, 0, 2437, 2437, 80.21, P0, 0x0000000000000000
2026/08/28 09:40:01.681, 78, 96, 0, 2437, 2437, 80.21, P0, 0x0000000000000000
2026/08/28 09:40:01.781, 78, 96, 0, 2431, 2431, 80.96, P0, 0x0000000000000000
2026/08/28 09:40:01.881, 78, 96, 0, 2431, 2431, 80.96, P0, 0x0000000000000000
2026/08/28 09:40:01.981, 78, 96, 0, 2431, 2431, 80.96, P0, 0x0000000000000000
2026/08/28 09:40:02.081, 78, 96, 0, 2431, 2431, 80.96, P0, 0x0000000000000000
2026/08/28 09:40:02.181, 78, 96, 0, 2431, 2431, 80.96, P0, 0x0000000000000000
2026/08/28 09:40:02.281, 80, 96, 0, 2431, 2431, 81.65, P0, 0x0000000000000000
2026/08/28 09:40:02.381, 80, 96, 0, 2431, 2431, 81.65, P0, 0x0000000000000000
2026/08/28 09:40:02.482, 80, 96, 0, 2431, 2431, 81.65, P0, 0x0000000000000000
2026/08/28 09:40:02.582, 80, 96, 0, 2431, 2431, 81.65, P0, 0x0000000000000000
2026/08/28 09:40:02.682, 80, 96, 0, 2431, 2431, 81.65, P0, 0x0000000000000000
2026/08/28 09:40:02.782, 79, 96, 0, 2431, 2431, 80.75, P0, 0x0000000000000000
2026/08/28 09:40:02.883, 79, 96, 0, 2431, 2431, 80.75, P0, 0x0000000000000000
2026/08/28 09:40:02.983, 79, 96, 0, 2431, 2431, 80.75, P0, 0x0000000000000000
2026/08/28 09:40:03.083, 79, 96, 0, 2431, 2431, 80.75, P0, 0x0000000000000000
2026/08/28 09:40:03.183, 79, 96, 0, 2431, 2431, 80.75, P0, 0x0000000000000000
2026/08/28 09:40:03.283, 79, 96, 0, 2437, 2437, 79.80, P0, 0x0000000000000000
2026/08/28 09:40:03.384, 79, 96, 0, 2437, 2437, 79.80, P0, 0x0000000000000000
2026/08/28 09:40:03.484, 79, 96, 0, 2437, 2437, 79.80, P0, 0x0000000000000000
2026/08/28 09:40:03.584, 79, 96, 0, 2437, 2437, 79.80, P0, 0x0000000000000000
2026/08/28 09:40:03.684, 79, 96, 0, 2437, 2437, 79.80, P0, 0x0000000000000000
2026/08/28 09:40:03.784, 81, 96, 0, 2431, 2431, 79.82, P0, 0x0000000000000000
2026/08/28 09:40:03.884, 81, 96, 0, 2431, 2431, 79.82, P0, 0x0000000000000000
2026/08/28 09:40:03.985, 81, 96, 0, 2431, 2431, 79.82, P0, 0x0000000000000000
2026/08/28 09:40:04.085, 81, 96, 0, 2431, 2431, 79.82, P0, 0x0000000000000000
2026/08/28 09:40:04.185, 81, 96, 0, 2431, 2431, 79.82, P0, 0x0000000000000000
2026/08/28 09:40:04.285, 81, 96, 0, 2437, 2437, 80.39, P0, 0x0000000000000000
2026/08/28 09:40:04.385, 81, 96, 0, 2437, 2437, 80.39, P0, 0x0000000000000000
2026/08/28 09:40:04.485, 81, 96, 0, 2437, 2437, 80.39, P0, 0x0000000000000000
2026/08/28 09:40:04.586, 81, 96, 0, 2437, 2437, 80.39, P0, 0x0000000000000000
2026/08/28 09:40:04.686, 81, 96, 0, 2437, 2437, 80.39, P0, 0x0000000000000000
2026/08/28 09:40:04.786, 80, 96, 0, 2424, 2424, 80.74, P0, 0x0000000000000000
2026/08/28 09:40:04.886, 80, 96, 0, 2424, 2424, 80.74, P0, 0x0000000000000000
2026/08/28 09:40:04.986, 80, 96, 0, 2424, 2424, 80.74, P0, 0x0000000000000000
2026/08/28 09:40:05.086, 80, 96, 0, 2424, 2424, 80.74, P0, 0x0000000000000000
2026/08/28 09:40:05.186, 80, 96, 0, 2424, 2424, 80.74, P0, 0x0000000000000000
2026/08/28 09:40:05.287, 77, 73, 0, 2405, 2405, 77.65, P0, 0x0000000000000000
2026/08/28 09:40:05.387, 77, 73, 0, 2405, 2405, 77.65, P0, 0x0000000000000000
2026/08/28 09:40:05.487, 77, 73, 0, 2405, 2405, 77.65, P0, 0x0000000000000000
2026/08/28 09:40:05.587, 77, 73, 0, 2405, 2405, 77.65, P0, 0x0000000000000000
2026/08/28 09:40:05.687, 77, 73, 0, 2405, 2405, 77.65, P0, 0x0000000000000000
2026/08/28 09:40:05.788, 80, 73, 0, 2437, 2437, 77.62, P0, 0x0000000000000000
2026/08/28 09:40:05.888, 80, 73, 0, 2437, 2437, 77.62, P0, 0x0000000000000000
2026/08/28 09:40:05.988, 80, 73, 0, 2437, 2437, 77.62, P0, 0x0000000000000000
2026/08/28 09:40:06.088, 80, 73, 0, 2437, 2437, 77.62, P0, 0x0000000000000000
2026/08/28 09:40:06.188, 80, 73, 0, 2437, 2437, 77.62, P0, 0x0000000000000000
2026/08/28 09:40:06.288, 79, 94, 0, 2418, 2418, 80.48, P0, 0x0000000000000000
2026/08/28 09:40:06.389, 79, 94, 0, 2418, 2418, 80.48, P0, 0x0000000000000000
2026/08/28 09:40:06.489, 79, 94, 0, 2418, 2418, 80.48, P0, 0x0000000000000000
2026/08/28 09:40:06.589, 79, 94, 0, 2418, 2418, 80.48, P0, 0x0000000000000000
2026/08/28 09:40:06.689, 79, 94, 0, 2418, 2418, 80.48, P0, 0x0000000000000000
2026/08/28 09:40:06.789, 82, 94, 0, 2431, 2431, 81.73, P0, 0x0000000000000000
2026/08/28 09:40:06.889, 82, 94, 0, 2431, 2431, 81.73, P0, 0x0000000000000000
2026/08/28 09:40:06.989, 82, 94, 0, 2431, 2431, 81.73, P0, 0x0000000000000000
2026/08/28 09:40:07.090, 82, 94, 0, 2431, 2431, 81.73, P0, 0x0000000000000000
2026/08/28 09:40:07.190, 82, 94, 0, 2431, 2431, 81.73, P0, 0x0000000000000000
2026/08/28 09:40:07.290, 80, 96, 0, 2405, 2405, 81.77, P0, 0x0000000000000000
2026/08/28 09:40:07.390, 80, 96, 0, 2405, 2405, 81.77, P0, 0x0000000000000000
2026/08/28 09:40:07.491, 80, 96, 0, 2405, 2405, 81.77, P0, 0x0000000000000000
2026/08/28 09:40:07.591, 80, 96, 0, 2405, 2405, 81.77, P0, 0x0000000000000000
2026/08/28 09:40:07.691, 80, 96, 0, 2405, 2405, 81.77, P0, 0x0000000000000000
2026/08/28 09:40:07.791, 77, 96, 0, 2431, 2431, 76.57, P0, 0x0000000000000000
2026/08/28 09:40:07.891, 77, 96, 0, 2431, 2431, 76.57, P0, 0x0000000000000000
2026/08/28 09:40:07.991, 77, 96, 0, 2431, 2431, 76.57, P0, 0x0000000000000000
2026/08/28 09:40:08.091, 77, 96, 0, 2431, 2431, 76.57, P0, 0x0000000000000000
2026/08/28 09:40:08.192, 77, 96, 0, 2431, 2431, 76.57, P0, 0x0000000000000000
2026/08/28 09:40:08.292, 81, 96, 0, 2431, 2431, 76.73, P0, 0x0000000000000000
2026/08/28 09:40:08.392, 81, 96, 0, 2431, 2431, 76.73, P0, 0x0000000000000000
2026/08/28 09:40:08.492, 81, 96, 0, 2431, 2431, 76.73, P0, 0x0000000000000000
2026/08/28 09:40:08.592, 81, 96, 0, 2431, 2431, 76.73, P0, 0x0000000000000000
2026/08/28 09:40:08.692, 81, 96, 0, 2431, 2431, 76.73, P0, 0x0000000000000000
2026/08/28 09:40:08.793, 80, 96, 0, 2431, 2431, 81.05, P0, 0x0000000000000000
2026/08/28 09:40:08.893, 80, 96, 0, 2431, 2431, 81.05, P0, 0x0000000000000000
2026/08/28 09:40:08.993, 80, 96, 0, 2431, 2431, 81.05, P0, 0x0000000000000000
2026/08/28 09:40:09.093, 80, 96, 0, 2431, 2431, 81.05, P0, 0x0000000000000000
2026/08/28 09:40:09.193, 80, 96, 0, 2431, 2431, 81.05, P0, 0x0000000000000000
2026/08/28 09:40:09.293, 81, 96, 0, 2424, 2424, 79.14, P0, 0x0000000000000000
2026/08/28 09:40:09.394, 81, 96, 0, 2424, 2424, 79.14, P0, 0x0000000000000000
2026/08/28 09:40:09.494, 81, 96, 0, 2424, 2424, 79.14, P0, 0x0000000000000000
2026/08/28 09:40:09.594, 81, 96, 0, 2424, 2424, 79.14, P0, 0x0000000000000000
2026/08/28 09:40:09.694, 81, 96, 0, 2424, 2424, 79.14, P0, 0x0000000000000000
2026/08/28 09:40:09.794, 81, 96, 0, 2431, 2431, 79.05, P0, 0x0000000000000000
2026/08/28 09:40:09.895, 81, 96, 0, 2431, 2431, 79.05, P0, 0x0000000000000000
2026/08/28 09:40:09.995, 81, 96, 0, 2431, 2431, 79.05, P0, 0x0000000000000000
2026/08/28 09:40:10.096, 81, 96, 0, 2431, 2431, 79.05, P0, 0x0000000000000000
2026/08/28 09:40:10.196, 81, 96, 0, 2431, 2431, 79.05, P0, 0x0000000000000000
2026/08/28 09:40:10.296, 82, 96, 0, 2424, 2424, 81.05, P0, 0x0000000000000000
2026/08/28 09:40:10.396, 82, 96, 0, 2424, 2424, 81.05, P0, 0x0000000000000000
2026/08/28 09:40:10.497, 82, 96, 0, 2424, 2424, 81.05, P0, 0x0000000000000000
2026/08/28 09:40:10.597, 82, 96, 0, 2424, 2424, 81.05, P0, 0x0000000000000000
2026/08/28 09:40:10.697, 82, 96, 0, 2424, 2424, 81.05, P0, 0x0000000000000000
2026/08/28 09:40:10.797, 81, 96, 0, 2424, 2424, 81.89, P0, 0x0000000000000048
2026/08/28 09:40:10.897, 81, 96, 0, 2424, 2424, 81.89, P0, 0x0000000000000048
2026/08/28 09:40:10.997, 81, 96, 0, 2424, 2424, 81.89, P0, 0x0000000000000048
2026/08/28 09:40:11.098, 81, 96, 0, 2424, 2424, 81.89, P0, 0x0000000000000048
2026/08/28 09:40:11.198, 81, 96, 0, 2424, 2424, 81.89, P0, 0x0000000000000048
2026/08/28 09:40:11.298, 82, 96, 0, 2418, 2418, 80.59, P0, 0x0000000000000000
2026/08/28 09:40:11.398, 82, 96, 0, 2418, 2418, 80.59, P0, 0x0000000000000000
2026/08/28 09:40:11.498, 82, 96, 0, 2418, 2418, 80.59, P0, 0x0000000000000000
2026/08/28 09:40:11.599, 82, 96, 0, 2418, 2418, 80.59, P0, 0x0000000000000000
2026/08/28 09:40:11.699, 82, 96, 0, 2418, 2418, 80.59, P0, 0x0000000000000000
2026/08/28 09:40:11.799, 82, 96, 0, 2418, 2418, 78.25, P0, 0x0000000000000000
2026/08/28 09:40:11.899, 82, 96, 0, 2418, 2418, 78.25, P0, 0x0000000000000000
2026/08/28 09:40:11.999, 82, 96, 0, 2418, 2418, 78.25, P0, 0x0000000000000000
2026/08/28 09:40:12.100, 82, 96, 0, 2418, 2418, 78.25, P0, 0x0000000000000000
2026/08/28 09:40:12.200, 82, 96, 0, 2418, 2418, 78.25, P0, 0x0000000000000000
2026/08/28 09:40:12.300, 79, 96, 0, 2411, 2411, 78.92, P0, 0x0000000000000068
2026/08/28 09:40:12.400, 79, 96, 0, 2411, 2411, 78.92, P0, 0x0000000000000068
2026/08/28 09:40:12.500, 79, 96, 0, 2411, 2411, 78.92, P0, 0x0000000000000068
2026/08/28 09:40:12.600, 79, 96, 0, 2411, 2411, 78.92, P0, 0x0000000000000068
2026/08/28 09:40:12.700, 79, 96, 0, 2411, 2411, 78.92, P0, 0x0000000000000068
2026/08/28 09:40:12.801, 81, 96, 0, 2431, 2431, 77.34, P0, 0x0000000000000000
2026/08/28 09:40:12.901, 81, 96, 0, 2431, 2431, 77.34, P0, 0x0000000000000000
2026/08/28 09:40:13.001, 81, 96, 0, 2431, 2431, 77.34, P0, 0x0000000000000000
2026/08/28 09:40:13.101, 81, 96, 0, 2431, 2431, 77.34, P0, 0x0000000000000000
2026/08/28 09:40:13.201, 81, 96, 0, 2431, 2431, 77.34, P0, 0x0000000000000000
2026/08/28 09:40:13.301, 83, 94, 0, 2424, 2424, 78.32, P0, 0x0000000000000000
2026/08/28 09:40:13.401, 83, 94, 0, 2424, 2424, 78.32, P0, 0x0000000000000000
2026/08/28 09:40:13.502, 83, 94, 0, 2424, 2424, 78.32, P0, 0x0000000000000000
2026/08/28 09:40:13.602, 83, 94, 0, 2424, 2424, 78.32, P0, 0x0000000000000000
2026/08/28 09:40:13.702, 83, 94, 0, 2424, 2424, 78.32, P0, 0x0000000000000000
2026/08/28 09:40:13.802, 81, 94, 0, 2418, 2418, 81.52, P0, 0x0000000000000020
2026/08/28 09:40:13.902, 81, 94, 0, 2418, 2418, 81.52, P0, 0x0000000000000020
2026/08/28 09:40:14.002, 81, 94, 0, 2418, 2418, 81.52, P0, 0x0000000000000020
2026/08/28 09:40:14.103, 81, 94, 0, 2418, 2418, 81.52, P0, 0x0000000000000020
2026/08/28 09:40:14.203, 81, 94, 0, 2418, 2418, 81.52, P0, 0x0000000000000020
2026/08/28 09:40:14.303, 79, 73, 0, 2418, 2418, 79.80, P0, 0x0000000000000000
2026/08/28 09:40:14.403, 79, 73, 0, 2418, 2418, 79.80, P0, 0x0000000000000000
2026/08/28 09:40:14.503, 79, 73, 0, 2418, 2418, 79.80, P0, 0x0000000000000000
2026/08/28 09:40:14.603, 79, 73, 0, 2418, 2418, 79.80, P0, 0x0000000000000000
2026/08/28 09:40:14.704, 79, 73, 0, 2418, 2418, 79.80, P0, 0x0000000000000000
2026/08/28 09:40:14.804, 81, 73, 0, 2431, 2431, 78.46, P0, 0x0000000000000000
2026/08/28 09:40:14.904, 81, 73, 0, 2431, 2431, 78.46, P0, 0x0000000000000000
2026/08/28 09:40:15.004, 81, 73, 0, 2431, 2431, 78.46, P0, 0x0000000000000000
2026/08/28 09:40:15.104, 81, 73, 0, 2431, 2431, 78.46, P0, 0x0000000000000000
2026/08/28 09:40:15.204, 81, 73, 0, 2431, 2431, 78.46, P0, 0x0000000000000000
2026/08/28 09:40:15.305, 81, 96, 0, 2424, 2424, 80.72, P0, 0x0000000000000000
2026/08/28 09:40:15.405, 81, 96, 0, 2424, 2424, 80.72, P0, 0x0000000000000000
2026/08/28 09:40:15.505, 81, 96, 0, 2424, 2424, 80.72, P0, 0x0000000000000000
2026/08/28 09:40:15.605, 81, 96, 0, 2424, 2424, 80.72, P0, 0x0000000000000000
2026/08/28 09:40:15.706, 81, 96, 0, 2424, 2424, 80.72, P0, 0x0000000000000000
2026/08/28 09:40:15.806, 82, 96, 0, 2418, 2418, 80.93, P0, 0x0000000000000000
2026/08/28 09:40:15.906, 82, 96, 0, 2418, 2418, 80.93, P0, 0x0000000000000000
2026/08/28 09:40:16.006, 82, 96, 0, 2418, 2418, 80.93, P0, 0x0000000000000000
2026/08/28 09:40:16.106, 82, 96, 0, 2418, 2418, 80.93, P0, 0x0000000000000000
2026/08/28 09:40:16.206, 82, 96, 0, 2418, 2418, 80.93, P0, 0x0000000000000000
2026/08/28 09:40:16.307, 79, 96, 0, 2242, 2242, 79.51, P0, 0x0000000000000004
2026/08/28 09:40:16.407, 79, 96, 0, 2242, 2242, 79.51, P0, 0x0000000000000004
2026/08/28 09:40:16.507, 79, 96, 0, 2242, 2242, 79.51, P0, 0x0000000000000004
2026/08/28 09:40:16.607, 79, 96, 0, 2242, 2242, 79.51, P0, 0x0000000000000004
2026/08/28 09:40:16.707, 79, 96, 0, 2242, 2242, 79.51, P0, 0x0000000000000004
2026/08/28 09:40:16.807, 83, 96, 0, 2249, 2249, 79.06, P0, 0x0000000000000020
2026/08/28 09:40:16.907, 83, 96, 0, 2249, 2249, 79.06, P0, 0x0000000000000020
2026/08/28 09:40:17.008, 83, 96, 0, 2249, 2249, 79.06, P0, 0x0000000000000020
2026/08/28 09:40:17.108, 83, 96, 0, 2249, 2249, 79.06, P0, 0x0000000000000020
2026/08/28 09:40:17.208, 83, 96, 0, 2418, 2418, 79.06, P0, 0x0000000000000020
2026/08/28 09:40:17.308, 82, 96, 0, 2418, 2418, 76.86, P0, 0x0000000000000000
2026/08/28 09:40:17.408, 82, 96, 0, 2418, 2418, 76.86, P0, 0x0000000000000000
2026/08/28 09:40:17.509, 82, 96, 0, 2418, 2418, 76.86, P0, 0x0000000000000000
2026/08/28 09:40:17.609, 82, 96, 0, 2418, 2418, 76.86, P0, 0x0000000000000000
2026/08/28 09:40:17.709, 83, 96, 0, 2411, 2411, 77.29, P0, 0x0000000000000000
2026/08/28 09:40:17.809, 83, 96, 0, 2411, 2411, 77.29, P0, 0x0000000000000000
2026/08/28 09:40:17.909, 83, 96, 0, 2411, 2411, 77.29, P0, 0x0000000000000000
2026/08/28 09:40:18.010, 83, 96, 0, 2411, 2411, 77.29, P0, 0x0000000000000000
2026/08/28 09:40:18.110, 83, 96, 0, 2411, 2411, 77.29, P0, 0x0000000000000000
2026/08/28 09:40:18.210, 82, 96, 0, 2418, 2418, 80.88, P0, 0x0000000000000000
2026/08/28 09:40:18.310, 82, 96, 0, 2418, 2418, 80.88, P0, 0x0000000000000000
2026/08/28 09:40:18.411, 82, 96, 0, 2418, 2418, 80.88, P0, 0x0000000000000000
2026/08/28 09:40:18.511, 82, 96, 0, 2418, 2418, 80.88, P0, 0x0000000000000000
2026/08/28 09:40:18.611, 82, 96, 0, 2418, 2418, 80.88, P0, 0x0000000000000000
2026/08/28 09:40:18.711, 81, 96, 0, 2424, 2424, 81.29, P0, 0x0000000000000000
2026/08/28 09:40:18.812, 81, 96, 0, 2424, 2424, 81.29, P0, 0x0000000000000000
2026/08/28 09:40:18.912, 81, 96, 0, 2424, 2424, 81.29, P0, 0x0000000000000000
2026/08/28 09:40:19.012, 81, 96, 0, 2424, 2424, 81.29, P0, 0x0000000000000000
2026/08/28 09:40:19.112, 81, 96, 0, 2424, 2424, 81.29, P0, 0x0000000000000000
2026/08/28 09:40:19.213, 83, 94, 0, 2379, 2379, 79.09, P0, 0x0000000000000020
2026/08/28 09:40:19.313, 83, 94, 0, 2379, 2379, 79.09, P0, 0x0000000000000020
2026/08/28 09:40:19.413, 83, 94, 0, 2379, 2379, 79.09, P0, 0x0000000000000020
2026/08/28 09:40:19.513, 83, 94, 0, 2379, 2379, 79.09, P0, 0x0000000000000020
2026/08/28 09:40:19.613, 83, 94, 0, 2379, 2379, 79.09, P0, 0x0000000000000020
2026/08/28 09:40:19.714, 76, 94, 0, 2255, 2255, 75.77, P0, 0x0000000000000020
2026/08/28 09:40:19.814, 76, 94, 0, 2255, 2255, 75.77, P0, 0x0000000000000020
2026/08/28 09:40:19.914, 76, 94, 0, 2255, 2255, 75.77, P0, 0x0000000000000020
2026/08/28 09:40:20.014, 76, 94, 0, 2255, 2255, 75.77, P0, 0x0000000000000020
2026/08/28 09:40:20.114, 76, 94, 0, 2255, 2255, 75.77, P0, 0x0000000000000020
2026/08/28 09:40:20.214, 81, 96, 0, 2411, 2411, 79.08, P0, 0x0000000000000000
2026/08/28 09:40:20.315, 81, 96, 0, 2411, 2411, 79.08, P0, 0x0000000000000000
2026/08/28 09:40:20.415, 81, 96, 0, 2411, 2411, 79.08, P0, 0x0000000000000000
2026/08/28 09:40:20.515, 81, 96, 0, 2411, 2411, 79.08, P0, 0x0000000000000000
2026/08/28 09:40:20.615, 81, 96, 0, 2411, 2411, 79.08, P0, 0x0000000000000000
2026/08/28 09:40:20.715, 82, 96, 0, 2418, 2418, 76.80, P0, 0x0000000000000000
2026/08/28 09:40:20.816, 82, 96, 0, 2418, 2418, 76.80, P0, 0x0000000000000000
2026/08/28 09:40:20.916, 82, 96, 0, 2418, 2418, 76.80, P0, 0x0000000000000000
2026/08/28 09:40:21.016, 82, 96, 0, 2418, 2418, 76.80, P0, 0x0000000000000000
2026/08/28 09:40:21.116, 82, 96, 0, 2418, 2418, 76.80, P0, 0x0000000000000000
2026/08/28 09:40:21.216, 81, 95, 0, 2424, 2424, 74.83, P0, 0x0000000000000000
2026/08/28 09:40:21.317, 81, 95, 0, 2424, 2424, 74.83, P0, 0x0000000000000000
2026/08/28 09:40:21.417, 81, 95, 0, 2424, 2424, 74.83, P0, 0x0000000000000000
2026/08/28 09:40:21.517, 81, 95, 0, 2424, 2424, 74.83, P0, 0x0000000000000000
2026/08/28 09:40:21.617, 81, 95, 0, 2424, 2424, 74.83, P0, 0x0000000000000000
2026/08/28 09:40:21.717, 83, 95, 0, 2418, 2418, 80.86, P0, 0x0000000000000020
2026/08/28 09:40:21.818, 83, 95, 0, 2418, 2418, 80.86, P0, 0x0000000000000020
2026/08/28 09:40:21.918, 83, 95, 0, 2418, 2418, 80.86, P0, 0x0000000000000020
2026/08/28 09:40:22.018, 83, 95, 0, 2418, 2418, 80.86, P0, 0x0000000000000020
2026/08/28 09:40:22.118, 83, 95, 0, 2418, 2418, 80.86, P0, 0x0000000000000020
2026/08/28 09:40:22.218, 82, 95, 0, 2431, 2431, 78.33, P0, 0x0000000000000000
2026/08/28 09:40:22.319, 82, 95, 0, 2431, 2431, 78.33, P0, 0x0000000000000000
2026/08/28 09:40:22.419, 82, 95, 0, 2431, 2431, 78.33, P0, 0x0000000000000000
2026/08/28 09:40:22.519, 82, 95, 0, 2431, 2431, 78.33, P0, 0x0000000000000000
2026/08/28 09:40:22.619, 82, 95, 0, 2431, 2431, 78.33, P0, 0x0000000000000000
2026/08/28 09:40:22.719, 82, 95, 0, 2424, 2424, 78.56, P0, 0x0000000000000000
2026/08/28 09:40:22.819, 82, 95, 0, 2424, 2424, 78.56, P0, 0x0000000000000000
2026/08/28 09:40:22.920, 82, 95, 0, 2424, 2424, 78.56, P0, 0x0000000000000000
2026/08/28 09:40:23.020, 82, 95, 0, 2424, 2424, 78.56, P0, 0x0000000000000000
2026/08/28 09:40:23.120, 82, 95, 0, 2424, 2424, 78.56, P0, 0x0000000000000000
2026/08/28 09:40:23.220, 83, 96, 0, 2418, 2418, 81.37, P0, 0x0000000000000000
2026/08/28 09:40:23.320, 83, 96, 0, 2418, 2418, 81.37, P0, 0x0000000000000000
2026/08/28 09:40:23.421, 83, 96, 0, 2418, 2418, 81.37, P0, 0x0000000000000000
2026/08/28 09:40:23.521, 83, 96, 0, 2418, 2418, 81.37, P0, 0x0000000000000000
2026/08/28 09:40:23.621, 83, 96, 0, 2418, 2418, 81.37, P0, 0x0000000000000000
2026/08/28 09:40:23.721, 82, 96, 0, 2379, 2379, 78.55, P0, 0x0000000000000020
2026/08/28 09:40:23.822, 82, 96, 0, 2379, 2379, 78.55, P0, 0x0000000000000020
2026/08/28 09:40:23.922, 82, 96, 0, 2379, 2379, 78.55, P0, 0x0000000000000020
2026/08/28 09:40:24.022, 82, 96, 0, 2379, 2379, 78.55, P0, 0x0000000000000020
2026/08/28 09:40:24.122, 82, 96, 0, 2379, 2379, 78.55, P0, 0x0000000000000020
2026/08/28 09:40:24.222, 79, 94, 0, 2385, 2385, 76.32, P0, 0x0000000000000000
2026/08/28 09:40:24.323, 79, 94, 0, 2385, 2385, 76.32, P0, 0x0000000000000000
2026/08/28 09:40:24.423, 79, 94, 0, 2385, 2385, 76.32, P0, 0x0000000000000000
2026/08/28 09:40:24.523, 79, 94, 0, 2385, 2385, 76.32, P0, 0x0000000000000000
2026/08/28 09:40:24.623, 79, 94, 0, 2385, 2385, 76.32, P0, 0x0000000000000000
2026/08/28 09:40:24.723, 82, 94, 0, 2398, 2398, 78.37, P0, 0x0000000000000068
2026/08/28 09:40:24.824, 82, 94, 0, 2398, 2398, 78.37, P0, 0x0000000000000068
2026/08/28 09:40:24.924, 82, 94, 0, 2398, 2398, 78.37, P0, 0x0000000000000068
2026/08/28 09:40:25.024, 82, 94, 0, 2398, 2398, 78.37, P0, 0x0000000000000068
2026/08/28 09:40:25.124, 82, 94, 0, 2398, 2398, 78.37, P0, 0x0000000000000068
2026/08/28 09:40:25.224, 81, 96, 0, 2411, 2411, 76.43, P0, 0x0000000000000000
2026/08/28 09:40:25.324, 81, 96, 0, 2411, 2411, 76.43, P0, 0x0000000000000000
2026/08/28 09:40:25.425, 81, 96, 0, 2411, 2411, 76.43, P0, 0x0000000000000000
2026/08/28 09:40:25.525, 81, 96, 0, 2411, 2411, 76.43, P0, 0x0000000000000000
2026/08/28 09:40:25.625, 81, 96, 0, 2411, 2411, 76.43, P0, 0x0000000000000000
2026/08/28 09:40:25.725, 83, 96, 0, 2392, 2392, 71.65, P0, 0x0000000000000000
2026/08/28 09:40:25.825, 83, 96, 0, 2392, 2392, 71.65, P0, 0x0000000000000000
2026/08/28 09:40:25.926, 83, 96, 0, 2392, 2392, 71.65, P0, 0x0000000000000000
2026/08/28 09:40:26.026, 83, 96, 0, 2392, 2392, 71.65, P0, 0x0000000000000000
2026/08/28 09:40:26.126, 83, 96, 0, 2392, 2392, 71.65, P0, 0x0000000000000000
2026/08/28 09:40:26.226, 83, 96, 0, 2424, 2424, 77.01, P0, 0x0000000000000000
2026/08/28 09:40:26.326, 83, 96, 0, 2424, 2424, 77.01, P0, 0x0000000000000000
2026/08/28 09:40:26.426, 83, 96, 0, 2424, 2424, 77.01, P0, 0x0000000000000000
2026/08/28 09:40:26.527, 83, 96, 0, 2424, 2424, 77.01, P0, 0x0000000000000000
2026/08/28 09:40:26.627, 83, 96, 0, 2424, 2424, 77.01, P0, 0x0000000000000000
2026/08/28 09:40:26.727, 84, 96, 0, 2424, 2424, 81.50, P0, 0x0000000000000000
2026/08/28 09:40:26.827, 84, 96, 0, 2424, 2424, 81.50, P0, 0x0000000000000000
2026/08/28 09:40:26.927, 84, 96, 0, 2424, 2424, 81.50, P0, 0x0000000000000000
2026/08/28 09:40:27.028, 84, 96, 0, 2424, 2424, 81.50, P0, 0x0000000000000000
2026/08/28 09:40:27.128, 84, 96, 0, 2424, 2424, 81.50, P0, 0x0000000000000000
2026/08/28 09:40:27.228, 84, 96, 0, 2385, 2385, 79.21, P0, 0x0000000000000000
2026/08/28 09:40:27.328, 84, 96, 0, 2385, 2385, 79.21, P0, 0x0000000000000000
2026/08/28 09:40:27.429, 84, 96, 0, 2385, 2385, 79.21, P0, 0x0000000000000000
2026/08/28 09:40:27.529, 84, 96, 0, 2385, 2385, 79.21, P0, 0x0000000000000000
2026/08/28 09:40:27.629, 84, 96, 0, 2385, 2385, 79.21, P0, 0x0000000000000000
2026/08/28 09:40:27.729, 81, 96, 0, 2405, 2405, 77.65, P0, 0x0000000000000020
2026/08/28 09:40:27.829, 81, 96, 0, 2405, 2405, 77.65, P0, 0x0000000000000020
2026/08/28 09:40:27.930, 81, 96, 0, 2405, 2405, 77.65, P0, 0x0000000000000020
2026/08/28 09:40:28.030, 81, 96, 0, 2405, 2405, 77.65, P0, 0x0000000000000020
2026/08/28 09:40:28.130, 81, 96, 0, 2405, 2405, 77.65, P0, 0x0000000000000020
2026/08/28 09:40:28.230, 80, 96, 0, 2398, 2398, 77.01, P0, 0x0000000000000020
2026/08/28 09:40:28.331, 80, 96, 0, 2398, 2398, 77.01, P0, 0x0000000000000020
2026/08/28 09:40:28.431, 80, 96, 0, 2398, 2398, 77.01, P0, 0x0000000000000020
2026/08/28 09:40:28.531, 80, 96, 0, 2398, 2398, 77.01, P0, 0x0000000000000020
2026/08/28 09:40:28.631, 80, 96, 0, 2398, 2398, 77.01, P0, 0x0000000000000020
2026/08/28 09:40:28.731, 83, 96, 0, 2236, 2236, 76.14, P0, 0x0000000000000000
2026/08/28 09:40:28.832, 83, 96, 0, 2236, 2236, 76.14, P0, 0x0000000000000000
2026/08/28 09:40:28.932, 83, 96, 0, 2236, 2236, 76.14, P0, 0x0000000000000000
2026/08/28 09:40:29.032, 83, 96, 0, 2236, 2236, 76.14, P0, 0x0000000000000000
2026/08/28 09:40:29.132, 83, 96, 0, 2236, 2236, 76.14, P0, 0x0000000000000000
2026/08/28 09:40:29.232, 81, 96, 0, 2385, 2385, 75.74, P0, 0x0000000000000020
2026/08/28 09:40:29.332, 81, 96, 0, 2385, 2385, 75.74, P0, 0x0000000000000020
2026/08/28 09:40:29.433, 81, 96, 0, 2385, 2385, 75.74, P0, 0x0000000000000020
2026/08/28 09:40:29.533, 81, 96, 0, 2385, 2385, 75.74, P0, 0x0000000000000020
2026/08/28 09:40:29.633, 81, 96, 0, 2385, 2385, 75.74, P0, 0x0000000000000020
2026/08/28 09:40:29.733, 83, 96, 0, 2431, 2431, 73.80, P0, 0x0000000000000000
2026/08/28 09:40:29.833, 83, 96, 0, 2431, 2431, 73.80, P0, 0x0000000000000000
2026/08/28 09:40:29.933, 83, 96, 0, 2431, 2431, 73.80, P0, 0x0000000000000000
2026/08/28 09:40:30.034, 83, 96, 0, 2431, 2431, 73.80, P0, 0x0000000000000000
2026/08/28 09:40:30.134, 83, 96, 0, 2431, 2431, 73.80, P0, 0x0000000000000000
2026/08/28 09:40:30.234, 83, 95, 0, 2411, 2411, 75.97, P0, 0x0000000000000000
2026/08/28 09:40:30.334, 83, 95, 0, 2411, 2411, 75.97, P0, 0x0000000000000000
2026/08/28 09:40:30.434, 83, 95, 0, 2411, 2411, 75.97, P0, 0x0000000000000000
2026/08/28 09:40:30.534, 83, 95, 0, 2411, 2411, 75.97, P0, 0x0000000000000000
2026/08/28 09:40:30.634, 83, 95, 0, 2411, 2411, 75.97, P0, 0x0000000000000000
2026/08/28 09:40:30.735, 83, 95, 0, 2411, 2411, 81.61, P0, 0x0000000000000000
2026/08/28 09:40:30.835, 83, 95, 0, 2411, 2411, 81.61, P0, 0x0000000000000000
2026/08/28 09:40:30.935, 83, 95, 0, 2411, 2411, 81.61, P0, 0x0000000000000000
2026/08/28 09:40:31.035, 83, 95, 0, 2411, 2411, 81.61, P0, 0x0000000000000000
2026/08/28 09:40:31.135, 83, 95, 0, 2411, 2411, 81.61, P0, 0x0000000000000000
2026/08/28 09:40:31.235, 83, 95, 0, 2411, 2411, 81.74, P0, 0x0000000000000000
2026/08/28 09:40:31.336, 83, 95, 0, 2411, 2411, 81.74, P0, 0x0000000000000000
2026/08/28 09:40:31.436, 83, 95, 0, 2411, 2411, 81.74, P0, 0x0000000000000000
2026/08/28 09:40:31.536, 83, 95, 0, 2411, 2411, 81.74, P0, 0x0000000000000000
2026/08/28 09:40:31.636, 83, 95, 0, 2411, 2411, 81.74, P0, 0x0000000000000000
2026/08/28 09:40:31.736, 80, 95, 0, 2294, 2294, 77.61, P0, 0x0000000000000020
2026/08/28 09:40:31.837, 80, 95, 0, 2294, 2294, 77.61, P0, 0x0000000000000020
2026/08/28 09:40:31.937, 80, 95, 0, 2294, 2294, 77.61, P0, 0x0000000000000020
2026/08/28 09:40:32.037, 80, 95, 0, 2294, 2294, 77.61, P0, 0x0000000000000020
2026/08/28 09:40:32.137, 80, 95, 0, 2294, 2294, 77.61, P0, 0x0000000000000020
2026/08/28 09:40:32.237, 84, 96, 0, 2203, 2203, 73.12, P0, 0x0000000000000000
2026/08/28 09:40:32.338, 84, 96, 0, 2203, 2203, 73.12, P0, 0x0000000000000000
2026/08/28 09:40:32.438, 84, 96, 0, 2203, 2203, 73.12, P0, 0x0000000000000000
2026/08/28 09:40:32.538, 84, 96, 0, 2203, 2203, 73.12, P0, 0x0000000000000000
2026/08/28 09:40:32.638, 84, 96, 0, 2203, 2203, 73.12, P0, 0x0000000000000000
2026/08/28 09:40:32.738, 84, 96, 0, 2125, 2125, 72.29, P0, 0x0000000000000020
2026/08/28 09:40:32.838, 84, 96, 0, 2125, 2125, 72.29, P0, 0x0000000000000020
2026/08/28 09:40:32.939, 84, 96, 0, 2125, 2125, 72.29, P0, 0x0000000000000020
2026/08/28 09:40:33.039, 84, 96, 0, 2125, 2125, 72.29, P0, 0x0000000000000020
2026/08/28 09:40:33.139, 84, 96, 0, 2125, 2125, 72.29, P0, 0x0000000000000020
2026/08/28 09:40:33.239, 83, 96, 0, 2424, 2424, 71.13, P0, 0x0000000000000000
2026/08/28 09:40:33.339, 83, 96, 0, 2424, 2424, 71.13, P0, 0x0000000000000000
2026/08/28 09:40:33.439, 83, 96, 0, 2424, 2424, 71.13, P0, 0x0000000000000000
2026/08/28 09:40:33.540, 83, 96, 0, 2424, 2424, 71.13, P0, 0x0000000000000000
2026/08/28 09:40:33.640, 83, 96, 0, 2424, 2424, 71.13, P0, 0x0000000000000000
2026/08/28 09:40:33.740, 83, 96, 0, 2424, 2424, 75.07, P0, 0x0000000000000000
2026/08/28 09:40:33.840, 83, 96, 0, 2424, 2424, 75.07, P0, 0x0000000000000000
2026/08/28 09:40:33.940, 83, 96, 0, 2424, 2424, 75.07, P0, 0x0000000000000000
2026/08/28 09:40:34.040, 83, 96, 0, 2424, 2424, 75.07, P0, 0x0000000000000000
2026/08/28 09:40:34.141, 83, 96, 0, 2424, 2424, 75.07, P0, 0x0000000000000000
2026/08/28 09:40:34.241, 82, 96, 0, 2424, 2424, 81.63, P0, 0x0000000000000000
2026/08/28 09:40:34.341, 82, 96, 0, 2424, 2424, 81.63, P0, 0x0000000000000000
2026/08/28 09:40:34.441, 82, 96, 0, 2424, 2424, 81.63, P0, 0x0000000000000000
2026/08/28 09:40:34.541, 82, 96, 0, 2424, 2424, 81.63, P0, 0x0000000000000000
2026/08/28 09:40:34.642, 82, 96, 0, 2424, 2424, 81.63, P0, 0x0000000000000000
2026/08/28 09:40:34.742, 83, 96, 0, 2411, 2411, 81.27, P0, 0x0000000000000000
2026/08/28 09:40:34.842, 83, 96, 0, 2411, 2411, 81.27, P0, 0x0000000000000000
2026/08/28 09:40:34.942, 83, 96, 0, 2411, 2411, 81.27, P0, 0x0000000000000000
2026/08/28 09:40:35.043, 83, 96, 0, 2411, 2411, 81.27, P0, 0x0000000000000000
2026/08/28 09:40:35.143, 83, 96, 0, 2411, 2411, 81.27, P0, 0x0000000000000000
2026/08/28 09:40:35.243, 83, 96, 0, 2385, 2385, 79.25, P0, 0x0000000000000020
2026/08/28 09:40:35.343, 83, 96, 0, 2385, 2385, 79.25, P0, 0x0000000000000020
2026/08/28 09:40:35.443, 83, 96, 0, 2385, 2385, 79.25, P0, 0x0000000000000020
2026/08/28 09:40:35.543, 83, 96, 0, 2385, 2385, 79.25, P0, 0x0000000000000020
2026/08/28 09:40:35.644, 83, 96, 0, 2385, 2385, 79.25, P0, 0x0000000000000020
2026/08/28 09:40:35.744, 81, 96, 0, 2223, 2223, 77.01, P0, 0x0000000000000020
2026/08/28 09:40:35.844, 81, 96, 0, 2223, 2223, 77.01, P0, 0x0000000000000020
2026/08/28 09:40:35.944, 81, 96, 0, 2223, 2223, 77.01, P0, 0x0000000000000020
2026/08/28 09:40:36.044, 81, 96, 0, 2223, 2223, 77.01, P0, 0x0000000000000020
2026/08/28 09:40:36.144, 81, 96, 0, 2223, 2223, 77.01, P0, 0x0000000000000020
2026/08/28 09:40:36.245, 80, 85, 0, 2372, 2372, 74.50, P0, 0x0000000000000000
2026/08/28 09:40:36.345, 80, 85, 0, 2372, 2372, 74.50, P0, 0x0000000000000000
2026/08/28 09:40:36.445, 80, 85, 0, 2372, 2372, 74.50, P0, 0x0000000000000000
2026/08/28 09:40:36.545, 80, 85, 0, 2372, 2372, 74.50, P0, 0x0000000000000000
2026/08/28 09:40:36.645, 80, 85, 0, 2372, 2372, 74.50, P0, 0x0000000000000000
2026/08/28 09:40:36.746, 83, 85, 0, 2424, 2424, 74.74, P0, 0x0000000000000000
2026/08/28 09:40:36.846, 83, 85, 0, 2424, 2424, 74.74, P0, 0x0000000000000000
2026/08/28 09:40:36.946, 83, 85, 0, 2424, 2424, 74.74, P0, 0x0000000000000000
2026/08/28 09:40:37.046, 83, 85, 0, 2424, 2424, 74.74, P0, 0x0000000000000000
2026/08/28 09:40:37.146, 83, 85, 0, 2424, 2424, 74.74, P0, 0x0000000000000000
2026/08/28 09:40:37.246, 82, 94, 0, 2398, 2398, 77.07, P0, 0x0000000000000020
2026/08/28 09:40:37.347, 82, 94, 0, 2398, 2398, 77.07, P0, 0x0000000000000020
2026/08/28 09:40:37.447, 82, 94, 0, 2398, 2398, 77.07, P0, 0x0000000000000020
2026/08/28 09:40:37.547, 82, 94, 0, 2398, 2398, 77.07, P0, 0x0000000000000020
2026/08/28 09:40:37.647, 82, 94, 0, 2398, 2398, 77.07, P0, 0x0000000000000020
2026/08/28 09:40:37.747, 81, 94, 0, 2405, 2405, 78.89, P0, 0x0000000000000020
2026/08/28 09:40:37.847, 81, 94, 0, 2405, 2405, 78.89, P0, 0x0000000000000020
2026/08/28 09:40:37.948, 81, 94, 0, 2405, 2405, 78.89, P0, 0x0000000000000020
2026/08/28 09:40:38.048, 81, 94, 0, 2405, 2405, 78.89, P0, 0x0000000000000020
2026/08/28 09:40:38.148, 81, 94, 0, 2405, 2405, 78.89, P0, 0x0000000000000020
2026/08/28 09:40:38.248, 82, 96, 0, 2418, 2418, 80.98, P0, 0x0000000000000000
2026/08/28 09:40:38.348, 82, 96, 0, 2418, 2418, 80.98, P0, 0x0000000000000000
2026/08/28 09:40:38.449, 82, 96, 0, 2418, 2418, 80.98, P0, 0x0000000000000000
2026/08/28 09:40:38.549, 82, 96, 0, 2418, 2418, 80.98, P0, 0x0000000000000000
2026/08/28 09:40:38.649, 82, 96, 0, 2418, 2418, 80.98, P0, 0x0000000000000000
2026/08/28 09:40:38.749, 82, 96, 0, 2405, 2405, 79.58, P0, 0x0000000000000000
2026/08/28 09:40:38.849, 82, 96, 0, 2405, 2405, 79.58, P0, 0x0000000000000000
2026/08/28 09:40:38.949, 82, 96, 0, 2405, 2405, 79.58, P0, 0x0000000000000000
2026/08/28 09:40:39.050, 82, 96, 0, 2405, 2405, 79.58, P0, 0x0000000000000000
2026/08/28 09:40:39.150, 82, 96, 0, 2405, 2405, 79.58, P0, 0x0000000000000000
2026/08/28 09:40:39.250, 80, 96, 0, 2190, 2190, 75.55, P0, 0x0000000000000020
2026/08/28 09:40:39.350, 80, 96, 0, 2190, 2190, 75.55, P0, 0x0000000000000020
2026/08/28 09:40:39.450, 80, 96, 0, 2190, 2190, 75.55, P0, 0x0000000000000020
2026/08/28 09:40:39.551, 80, 96, 0, 2190, 2190, 75.55, P0, 0x0000000000000020
2026/08/28 09:40:39.651, 80, 96, 0, 2190, 2190, 75.55, P0, 0x0000000000000020
2026/08/28 09:40:39.751, 83, 96, 0, 2177, 2177, 73.64, P0, 0x0000000000000000
2026/08/28 09:40:39.851, 83, 96, 0, 2177, 2177, 73.64, P0, 0x0000000000000000
2026/08/28 09:40:39.951, 83, 96, 0, 2177, 2177, 73.64, P0, 0x0000000000000000
2026/08/28 09:40:40.051, 83, 96, 0, 2177, 2177, 73.64, P0, 0x0000000000000000
2026/08/28 09:40:40.152, 83, 96, 0, 2177, 2177, 73.64, P0, 0x0000000000000000
2026/08/28 09:40:40.252, 80, 96, 0, 2138, 2138, 73.21, P0, 0x0000000000000000
2026/08/28 09:40:40.352, 80, 96, 0, 2138, 2138, 73.21, P0, 0x0000000000000000
2026/08/28 09:40:40.452, 80, 96, 0, 2138, 2138, 73.21, P0, 0x0000000000000000
2026/08/28 09:40:40.552, 80, 96, 0, 2138, 2138, 73.21, P0, 0x0000000000000000
2026/08/28 09:40:40.652, 80, 96, 0, 2138, 2138, 73.21, P0, 0x0000000000000000
2026/08/28 09:40:40.753, 82, 96, 0, 2158, 2158, 68.32, P0, 0x0000000000000000
2026/08/28 09:40:40.853, 82, 96, 0, 2158, 2158, 68.32, P0, 0x0000000000000000
2026/08/28 09:40:40.953, 82, 96, 0, 2158, 2158, 68.32, P0, 0x0000000000000000
2026/08/28 09:40:41.054, 82, 96, 0, 2158, 2158, 68.32, P0, 0x0000000000000000
2026/08/28 09:40:41.154, 82, 96, 0, 2158, 2158, 68.32, P0, 0x0000000000000000
2026/08/28 09:40:41.254, 77, 96, 0, 2463, 2463, 59.18, P0, 0x0000000000000000
2026/08/28 09:40:41.354, 77, 96, 0, 2463, 2463, 59.18, P0, 0x0000000000000000
2026/08/28 09:40:41.454, 77, 96, 0, 2463, 2463, 59.18, P0, 0x0000000000000000
2026/08/28 09:40:41.555, 77, 96, 0, 2463, 2463, 59.18, P0, 0x0000000000000000
2026/08/28 09:40:41.655, 77, 96, 0, 2463, 2463, 59.18, P0, 0x0000000000000000
2026/08/28 09:40:41.755, 77, 96, 0, 2463, 2463, 51.71, P0, 0x0000000000000000
2026/08/28 09:40:41.855, 77, 96, 0, 2463, 2463, 51.71, P0, 0x0000000000000000
2026/08/28 09:40:41.956, 77, 96, 0, 2463, 2463, 51.71, P0, 0x0000000000000000
2026/08/28 09:40:42.056, 77, 96, 0, 2463, 2463, 51.71, P0, 0x0000000000000000
2026/08/28 09:40:42.156, 77, 96, 0, 2463, 2463, 51.71, P0, 0x0000000000000000
2026/08/28 09:40:42.256, 77, 96, 0, 2463, 2463, 50.74, P0, 0x0000000000000000
2026/08/28 09:40:42.356, 77, 96, 0, 2463, 2463, 50.74, P0, 0x0000000000000000
2026/08/28 09:40:42.456, 77, 96, 0, 2463, 2463, 50.74, P0, 0x0000000000000000
2026/08/28 09:40:42.557, 77, 96, 0, 2463, 2463, 50.74, P0, 0x0000000000000000
2026/08/28 09:40:42.657, 77, 96, 0, 2463, 2463, 50.74, P0, 0x0000000000000000
2026/08/28 09:40:42.757, 77, 96, 0, 2463, 2463, 50.82, P0, 0x0000000000000000
2026/08/28 09:40:42.858, 77, 96, 0, 2463, 2463, 50.82, P0, 0x0000000000000000
2026/08/28 09:40:42.958, 77, 96, 0, 2463, 2463, 50.82, P0, 0x0000000000000000
2026/08/28 09:40:43.058, 77, 96, 0, 2463, 2463, 50.82, P0, 0x0000000000000000
2026/08/28 09:40:43.158, 77, 96, 0, 2463, 2463, 50.82, P0, 0x0000000000000000
2026/08/28 09:40:43.259, 77, 96, 0, 2463, 2463, 50.76, P0, 0x0000000000000000
2026/08/28 09:40:43.359, 77, 96, 0, 2463, 2463, 50.76, P0, 0x0000000000000000
2026/08/28 09:40:43.459, 77, 96, 0, 2463, 2463, 50.76, P0, 0x0000000000000000
2026/08/28 09:40:43.560, 77, 96, 0, 2463, 2463, 50.76, P0, 0x0000000000000000
2026/08/28 09:40:43.660, 77, 96, 0, 2463, 2463, 50.76, P0, 0x0000000000000000
2026/08/28 09:40:43.760, 77, 96, 0, 2463, 2463, 50.65, P0, 0x0000000000000000
2026/08/28 09:40:43.860, 77, 96, 0, 2463, 2463, 50.65, P0, 0x0000000000000000
2026/08/28 09:40:43.960, 77, 96, 0, 2463, 2463, 50.65, P0, 0x0000000000000000
2026/08/28 09:40:44.061, 77, 96, 0, 2463, 2463, 50.65, P0, 0x0000000000000000
2026/08/28 09:40:44.161, 77, 96, 0, 2463, 2463, 50.65, P0, 0x0000000000000000
2026/08/28 09:40:44.261, 76, 96, 0, 2463, 2463, 50.58, P0, 0x0000000000000000
2026/08/28 09:40:44.361, 76, 96, 0, 2463, 2463, 50.58, P0, 0x0000000000000000
2026/08/28 09:40:44.462, 76, 96, 0, 2463, 2463, 50.58, P0, 0x0000000000000000
2026/08/28 09:40:44.562, 76, 96, 0, 2463, 2463, 50.58, P0, 0x0000000000000000
2026/08/28 09:40:44.662, 76, 96, 0, 2463, 2463, 50.58, P0, 0x0000000000000000
2026/08/28 09:40:44.763, 76, 96, 0, 2463, 2463, 50.42, P0, 0x0000000000000000
2026/08/28 09:40:44.863, 76, 96, 0, 2463, 2463, 50.42, P0, 0x0000000000000000
2026/08/28 09:40:44.963, 76, 96, 0, 2463, 2463, 50.42, P0, 0x0000000000000000
2026/08/28 09:40:45.064, 76, 96, 0, 2463, 2463, 50.42, P0, 0x0000000000000000
2026/08/28 09:40:45.164, 76, 96, 0, 2463, 2463, 50.42, P0, 0x0000000000000000
2026/08/28 09:40:45.264, 77, 96, 0, 2463, 2463, 50.36, P0, 0x0000000000000000
2026/08/28 09:40:45.364, 77, 96, 0, 2463, 2463, 50.36, P0, 0x0000000000000000
2026/08/28 09:40:45.465, 77, 96, 0, 2463, 2463, 50.36, P0, 0x0000000000000000
2026/08/28 09:40:45.565, 77, 96, 0, 2463, 2463, 50.36, P0, 0x0000000000000000
2026/08/28 09:40:45.665, 77, 96, 0, 2463, 2463, 50.36, P0, 0x0000000000000000
2026/08/28 09:40:45.766, 76, 96, 0, 2463, 2463, 50.42, P0, 0x0000000000000000
2026/08/28 09:40:45.866, 76, 96, 0, 2463, 2463, 50.42, P0, 0x0000000000000000
2026/08/28 09:40:45.966, 76, 96, 0, 2463, 2463, 50.42, P0, 0x0000000000000000
2026/08/28 09:40:46.066, 76, 96, 0, 2463, 2463, 50.42, P0, 0x0000000000000000
2026/08/28 09:40:46.166, 76, 96, 0, 2463, 2463, 50.42, P0, 0x0000000000000000
2026/08/28 09:40:46.267, 76, 96, 0, 2463, 2463, 50.46, P0, 0x0000000000000000
2026/08/28 09:40:46.367, 76, 96, 0, 2463, 2463, 50.46, P0, 0x0000000000000000
2026/08/28 09:40:46.467, 76, 96, 0, 2463, 2463, 50.46, P0, 0x0000000000000000
2026/08/28 09:40:46.567, 76, 96, 0, 2463, 2463, 50.46, P0, 0x0000000000000000
2026/08/28 09:40:46.668, 76, 96, 0, 2463, 2463, 50.46, P0, 0x0000000000000000
2026/08/28 09:40:46.768, 76, 96, 0, 2463, 2463, 50.45, P0, 0x0000000000000000
2026/08/28 09:40:46.868, 76, 96, 0, 2463, 2463, 50.45, P0, 0x0000000000000000
2026/08/28 09:40:46.969, 76, 96, 0, 2463, 2463, 50.45, P0, 0x0000000000000000
2026/08/28 09:40:47.069, 76, 96, 0, 2463, 2463, 50.45, P0, 0x0000000000000000
2026/08/28 09:40:47.169, 76, 96, 0, 2463, 2463, 50.45, P0, 0x0000000000000000
2026/08/28 09:40:47.269, 76, 96, 0, 2463, 2463, 50.42, P0, 0x0000000000000000
2026/08/28 09:40:47.370, 76, 96, 0, 2463, 2463, 50.42, P0, 0x0000000000000000
2026/08/28 09:40:47.470, 76, 96, 0, 2463, 2463, 50.42, P0, 0x0000000000000000
2026/08/28 09:40:47.570, 76, 96, 0, 2463, 2463, 50.42, P0, 0x0000000000000000
2026/08/28 09:40:47.670, 76, 96, 0, 2463, 2463, 50.42, P0, 0x0000000000000000
2026/08/28 09:40:47.771, 76, 96, 0, 2463, 2463, 50.44, P0, 0x0000000000000000
2026/08/28 09:40:47.871, 76, 96, 0, 2463, 2463, 50.44, P0, 0x0000000000000000
2026/08/28 09:40:47.971, 76, 96, 0, 2463, 2463, 50.44, P0, 0x0000000000000000
2026/08/28 09:40:48.072, 76, 96, 0, 2463, 2463, 50.44, P0, 0x0000000000000000
2026/08/28 09:40:48.172, 76, 96, 0, 2463, 2463, 50.44, P0, 0x0000000000000000
2026/08/28 09:40:48.272, 76, 96, 0, 2463, 2463, 50.40, P0, 0x0000000000000000
2026/08/28 09:40:48.373, 76, 96, 0, 2463, 2463, 50.40, P0, 0x0000000000000000
2026/08/28 09:40:48.473, 76, 96, 0, 2463, 2463, 50.40, P0, 0x0000000000000000
2026/08/28 09:40:48.573, 76, 96, 0, 2463, 2463, 50.40, P0, 0x0000000000000000
2026/08/28 09:40:48.673, 76, 96, 0, 2463, 2463, 50.40, P0, 0x0000000000000000
2026/08/28 09:40:48.774, 76, 96, 0, 2463, 2463, 50.34, P0, 0x0000000000000000
2026/08/28 09:40:48.874, 76, 96, 0, 2463, 2463, 50.34, P0, 0x0000000000000000
2026/08/28 09:40:48.974, 76, 96, 0, 2463, 2463, 50.34, P0, 0x0000000000000000
2026/08/28 09:40:49.075, 76, 96, 0, 2463, 2463, 50.34, P0, 0x0000000000000000
2026/08/28 09:40:49.175, 76, 96, 0, 2463, 2463, 50.34, P0, 0x0000000000000000
2026/08/28 09:40:49.275, 76, 96, 0, 2463, 2463, 50.26, P0, 0x0000000000000000
2026/08/28 09:40:49.376, 76, 96, 0, 2463, 2463, 50.26, P0, 0x0000000000000000
2026/08/28 09:40:49.476, 76, 96, 0, 2463, 2463, 50.26, P0, 0x0000000000000000
2026/08/28 09:40:49.576, 76, 96, 0, 2463, 2463, 50.26, P0, 0x0000000000000000
2026/08/28 09:40:49.677, 76, 96, 0, 2463, 2463, 50.26, P0, 0x0000000000000000
2026/08/28 09:40:49.777, 76, 96, 0, 2463, 2463, 50.24, P0, 0x0000000000000000
2026/08/28 09:40:49.877, 76, 96, 0, 2463, 2463, 50.24, P0, 0x0000000000000000
2026/08/28 09:40:49.978, 76, 96, 0, 2463, 2463, 50.24, P0, 0x0000000000000000
2026/08/28 09:40:50.078, 76, 96, 0, 2463, 2463, 50.24, P0, 0x0000000000000000
2026/08/28 09:40:50.178, 76, 96, 0, 2463, 2463, 50.24, P0, 0x0000000000000000
2026/08/28 09:40:50.279, 76, 96, 0, 2463, 2463, 50.54, P0, 0x0000000000000000
2026/08/28 09:40:50.379, 76, 96, 0, 2463, 2463, 50.54, P0, 0x0000000000000000
2026/08/28 09:40:50.479, 76, 96, 0, 2463, 2463, 50.54, P0, 0x0000000000000000
2026/08/28 09:40:50.579, 76, 96, 0, 2463, 2463, 50.54, P0, 0x0000000000000000
2026/08/28 09:40:50.679, 76, 96, 0, 2463, 2463, 50.54, P0, 0x0000000000000000
2026/08/28 09:40:50.779, 82, 96, 0, 2431, 2431, 65.22, P0, 0x0000000000000000
2026/08/28 09:40:50.880, 82, 96, 0, 2431, 2431, 65.22, P0, 0x0000000000000000
2026/08/28 09:40:50.980, 82, 96, 0, 2431, 2431, 65.22, P0, 0x0000000000000000
2026/08/28 09:40:51.080, 82, 96, 0, 2431, 2431, 65.22, P0, 0x0000000000000000
2026/08/28 09:40:51.180, 82, 96, 0, 2431, 2431, 65.22, P0, 0x0000000000000000
2026/08/28 09:40:51.280, 82, 96, 0, 2418, 2418, 80.56, P0, 0x0000000000000000
2026/08/28 09:40:51.380, 82, 96, 0, 2418, 2418, 80.56, P0, 0x0000000000000000
2026/08/28 09:40:51.481, 82, 96, 0, 2418, 2418, 80.56, P0, 0x0000000000000000
2026/08/28 09:40:51.581, 82, 96, 0, 2418, 2418, 80.56, P0, 0x0000000000000000
2026/08/28 09:40:51.681, 82, 96, 0, 2418, 2418, 80.56, P0, 0x0000000000000000
2026/08/28 09:40:51.781, 83, 96, 0, 2418, 2418, 81.17, P0, 0x0000000000000000
2026/08/28 09:40:51.881, 83, 96, 0, 2418, 2418, 81.17, P0, 0x0000000000000000
2026/08/28 09:40:51.982, 83, 96, 0, 2418, 2418, 81.17, P0, 0x0000000000000000
2026/08/28 09:40:52.082, 83, 96, 0, 2418, 2418, 81.17, P0, 0x0000000000000000
2026/08/28 09:40:52.182, 83, 96, 0, 2418, 2418, 81.17, P0, 0x0000000000000000
2026/08/28 09:40:52.282, 83, 96, 0, 2418, 2418, 82.23, P0, 0x0000000000000020
2026/08/28 09:40:52.382, 83, 96, 0, 2418, 2418, 82.23, P0, 0x0000000000000020
2026/08/28 09:40:52.482, 83, 96, 0, 2418, 2418, 82.23, P0, 0x0000000000000020
2026/08/28 09:40:52.582, 83, 96, 0, 2418, 2418, 82.23, P0, 0x0000000000000020
2026/08/28 09:40:52.683, 83, 96, 0, 2418, 2418, 82.23, P0, 0x0000000000000020
2026/08/28 09:40:52.783, 82, 96, 0, 2418, 2418, 78.73, P0, 0x0000000000000020
2026/08/28 09:40:52.883, 82, 96, 0, 2418, 2418, 78.73, P0, 0x0000000000000020
2026/08/28 09:40:52.983, 82, 96, 0, 2418, 2418, 78.73, P0, 0x0000000000000020
2026/08/28 09:40:53.083, 82, 96, 0, 2418, 2418, 78.73, P0, 0x0000000000000020
2026/08/28 09:40:53.183, 82, 96, 0, 2418, 2418, 78.73, P0, 0x0000000000000020
2026/08/28 09:40:53.284, 77, 96, 0, 2424, 2424, 68.38, P0, 0x0000000000000000
2026/08/28 09:40:53.384, 77, 96, 0, 2424, 2424, 68.38, P0, 0x0000000000000000
2026/08/28 09:40:53.484, 77, 96, 0, 2424, 2424, 68.38, P0, 0x0000000000000000
2026/08/28 09:40:53.585, 77, 96, 0, 2424, 2424, 68.38, P0, 0x0000000000000000
2026/08/28 09:40:53.685, 77, 96, 0, 2424, 2424, 68.38, P0, 0x0000000000000000
2026/08/28 09:40:53.785, 76, 96, 0, 2463, 2463, 55.96, P0, 0x0000000000000000
2026/08/28 09:40:53.885, 76, 96, 0, 2463, 2463, 55.96, P0, 0x0000000000000000
2026/08/28 09:40:53.986, 76, 96, 0, 2463, 2463, 55.96, P0, 0x0000000000000000
2026/08/28 09:40:54.086, 76, 96, 0, 2463, 2463, 55.96, P0, 0x0000000000000000
2026/08/28 09:40:54.186, 76, 96, 0, 2463, 2463, 55.96, P0, 0x0000000000000000
2026/08/28 09:40:54.287, 76, 96, 0, 2463, 2463, 50.52, P0, 0x0000000000000000
2026/08/28 09:40:54.387, 76, 96, 0, 2463, 2463, 50.52, P0, 0x0000000000000000
2026/08/28 09:40:54.487, 76, 96, 0, 2463, 2463, 50.52, P0, 0x0000000000000000
2026/08/28 09:40:54.588, 76, 96, 0, 2463, 2463, 50.52, P0, 0x0000000000000000
2026/08/28 09:40:54.688, 76, 96, 0, 2463, 2463, 50.52, P0, 0x0000000000000000
2026/08/28 09:40:54.788, 76, 96, 0, 2463, 2463, 50.42, P0, 0x0000000000000000
2026/08/28 09:40:54.888, 76, 96, 0, 2463, 2463, 50.42, P0, 0x0000000000000000
2026/08/28 09:40:54.989, 76, 96, 0, 2463, 2463, 50.42, P0, 0x0000000000000000
2026/08/28 09:40:55.089, 76, 96, 0, 2463, 2463, 50.42, P0, 0x0000000000000000
2026/08/28 09:40:55.189, 76, 96, 0, 2463, 2463, 50.42, P0, 0x0000000000000000
2026/08/28 09:40:55.289, 76, 96, 0, 2463, 2463, 51.50, P0, 0x0000000000000000
2026/08/28 09:40:55.389, 76, 96, 0, 2463, 2463, 51.50, P0, 0x0000000000000000
2026/08/28 09:40:55.489, 76, 96, 0, 2463, 2463, 51.50, P0, 0x0000000000000000
2026/08/28 09:40:55.589, 76, 96, 0, 2463, 2463, 51.50, P0, 0x0000000000000000
2026/08/28 09:40:55.690, 76, 96, 0, 2463, 2463, 51.50, P0, 0x0000000000000000
2026/08/28 09:40:55.790, 81, 96, 0, 2431, 2431, 66.42, P0, 0x0000000000000000
2026/08/28 09:40:55.890, 81, 96, 0, 2431, 2431, 66.42, P0, 0x0000000000000000
2026/08/28 09:40:55.990, 81, 96, 0, 2431, 2431, 66.42, P0, 0x0000000000000000
2026/08/28 09:40:56.090, 81, 96, 0, 2431, 2431, 66.42, P0, 0x0000000000000000
2026/08/28 09:40:56.190, 81, 96, 0, 2431, 2431, 66.42, P0, 0x0000000000000000
2026/08/28 09:40:56.291, 82, 96, 0, 2418, 2418, 80.28, P0, 0x0000000000000000
2026/08/28 09:40:56.391, 82, 96, 0, 2418, 2418, 80.28, P0, 0x0000000000000000
2026/08/28 09:40:56.491, 82, 96, 0, 2418, 2418, 80.28, P0, 0x0000000000000000
2026/08/28 09:40:56.591, 82, 96, 0, 2418, 2418, 80.28, P0, 0x0000000000000000
2026/08/28 09:40:56.691, 82, 96, 0, 2418, 2418, 80.28, P0, 0x0000000000000000
2026/08/28 09:40:56.791, 83, 96, 0, 2431, 2431, 78.00, P0, 0x0000000000000000
2026/08/28 09:40:56.891, 83, 96, 0, 2431, 2431, 78.00, P0, 0x0000000000000000
2026/08/28 09:40:56.992, 83, 96, 0, 2431, 2431, 78.00, P0, 0x0000000000000000
2026/08/28 09:40:57.092, 83, 96, 0, 2431, 2431, 78.00, P0, 0x0000000000000000
2026/08/28 09:40:57.192, 83, 96, 0, 2431, 2431, 78.00, P0, 0x0000000000000000
2026/08/28 09:40:57.293, 77, 96, 0, 2457, 2457, 67.27, P0, 0x0000000000000000
2026/08/28 09:40:57.393, 77, 96, 0, 2457, 2457, 67.27, P0, 0x0000000000000000
2026/08/28 09:40:57.493, 77, 96, 0, 2457, 2457, 67.27, P0, 0x0000000000000000
2026/08/28 09:40:57.593, 77, 96, 0, 2457, 2457, 67.27, P0, 0x0000000000000000
2026/08/28 09:40:57.693, 77, 96, 0, 2457, 2457, 67.27, P0, 0x0000000000000000
2026/08/28 09:40:57.794, 76, 96, 0, 2463, 2463, 54.63, P0, 0x0000000000000000
2026/08/28 09:40:57.894, 76, 96, 0, 2463, 2463, 54.63, P0, 0x0000000000000000
2026/08/28 09:40:57.994, 76, 96, 0, 2463, 2463, 54.63, P0, 0x0000000000000000
2026/08/28 09:40:58.095, 76, 96, 0, 2463, 2463, 54.63, P0, 0x0000000000000000
2026/08/28 09:40:58.195, 76, 96, 0, 2463, 2463, 54.63, P0, 0x0000000000000000
2026/08/28 09:40:58.295, 76, 96, 0, 2463, 2463, 51.28, P0, 0x0000000000000000
2026/08/28 09:40:58.395, 76, 96, 0, 2463, 2463, 51.28, P0, 0x0000000000000000
2026/08/28 09:40:58.495, 76, 96, 0, 2463, 2463, 51.28, P0, 0x0000000000000000
2026/08/28 09:40:58.596, 76, 96, 0, 2463, 2463, 51.28, P0, 0x0000000000000000
2026/08/28 09:40:58.696, 76, 96, 0, 2463, 2463, 51.28, P0, 0x0000000000000000
2026/08/28 09:40:58.796, 83, 96, 0, 2431, 2431, 66.24, P0, 0x0000000000000000
2026/08/28 09:40:58.896, 83, 96, 0, 2431, 2431, 66.24, P0, 0x0000000000000000
2026/08/28 09:40:58.996, 83, 96, 0, 2431, 2431, 66.24, P0, 0x0000000000000000
2026/08/28 09:40:59.097, 83, 96, 0, 2431, 2431, 66.24, P0, 0x0000000000000000
2026/08/28 09:40:59.197, 83, 96, 0, 2431, 2431, 66.24, P0, 0x0000000000000000
2026/08/28 09:40:59.297, 82, 96, 0, 2411, 2411, 80.29, P0, 0x0000000000000000
2026/08/28 09:40:59.397, 82, 96, 0, 2411, 2411, 80.29, P0, 0x0000000000000000
2026/08/28 09:40:59.497, 82, 96, 0, 2411, 2411, 80.29, P0, 0x0000000000000000
2026/08/28 09:40:59.597, 82, 96, 0, 2411, 2411, 80.29, P0, 0x0000000000000000
2026/08/28 09:40:59.698, 82, 96, 0, 2411, 2411, 80.29, P0, 0x0000000000000000
2026/08/28 09:40:59.798, 83, 96, 0, 2424, 2424, 80.76, P0, 0x0000000000000000
2026/08/28 09:40:59.898, 83, 96, 0, 2424, 2424, 80.76, P0, 0x0000000000000000
2026/08/28 09:40:59.998, 83, 96, 0, 2424, 2424, 80.76, P0, 0x0000000000000000
2026/08/28 09:41:00.098, 83, 96, 0, 2424, 2424, 80.76, P0, 0x0000000000000000
2026/08/28 09:41:00.198, 83, 96, 0, 2424, 2424, 80.76, P0, 0x0000000000000000
2026/08/28 09:41:00.298, 82, 96, 0, 2411, 2411, 82.15, P0, 0x0000000000000000
2026/08/28 09:41:00.399, 82, 96, 0, 2411, 2411, 82.15, P0, 0x0000000000000000
2026/08/28 09:41:00.499, 82, 96, 0, 2411, 2411, 82.15, P0, 0x0000000000000000
2026/08/28 09:41:00.599, 82, 96, 0, 2411, 2411, 82.15, P0, 0x0000000000000000
2026/08/28 09:41:00.699, 82, 96, 0, 2411, 2411, 82.15, P0, 0x0000000000000000
2026/08/28 09:41:00.799, 81, 96, 0, 2424, 2424, 80.43, P0, 0x0000000000000000
2026/08/28 09:41:00.899, 81, 96, 0, 2424, 2424, 80.43, P0, 0x0000000000000000
2026/08/28 09:41:01.000, 81, 96, 0, 2424, 2424, 80.43, P0, 0x0000000000000000
2026/08/28 09:41:01.100, 81, 96, 0, 2424, 2424, 80.43, P0, 0x0000000000000000
2026/08/28 09:41:01.200, 81, 96, 0, 2424, 2424, 80.43, P0, 0x0000000000000000
2026/08/28 09:41:01.300, 76, 96, 0, 2249, 2249, 75.66, P0, 0x0000000000000000
2026/08/28 09:41:01.400, 76, 96, 0, 2249, 2249, 75.66, P0, 0x0000000000000000
2026/08/28 09:41:01.501, 76, 96, 0, 2249, 2249, 75.66, P0, 0x0000000000000000
2026/08/28 09:41:01.601, 76, 96, 0, 2249, 2249, 75.66, P0, 0x0000000000000000
2026/08/28 09:41:01.701, 76, 96, 0, 2249, 2249, 75.66, P0, 0x0000000000000000
2026/08/28 09:41:01.801, 80, 96, 0, 2164, 2164, 72.37, P0, 0x0000000000000020
2026/08/28 09:41:01.901, 80, 96, 0, 2164, 2164, 72.37, P0, 0x0000000000000020
2026/08/28 09:41:02.001, 80, 96, 0, 2164, 2164, 72.37, P0, 0x0000000000000020
2026/08/28 09:41:02.102, 80, 96, 0, 2164, 2164, 72.37, P0, 0x0000000000000020
2026/08/28 09:41:02.202, 80, 96, 0, 2164, 2164, 72.37, P0, 0x0000000000000020
2026/08/28 09:41:02.302, 77, 96, 0, 2457, 2457, 65.54, P0, 0x0000000000000000
2026/08/28 09:41:02.402, 77, 96, 0, 2457, 2457, 65.54, P0, 0x0000000000000000
2026/08/28 09:41:02.503, 77, 96, 0, 2457, 2457, 65.54, P0, 0x0000000000000000
2026/08/28 09:41:02.603, 77, 96, 0, 2457, 2457, 65.54, P0, 0x0000000000000000
2026/08/28 09:41:02.703, 77, 96, 0, 2457, 2457, 65.54, P0, 0x0000000000000000
2026/08/28 09:41:02.803, 77, 96, 0, 2463, 2463, 54.99, P0, 0x0000000000000000
2026/08/28 09:41:02.904, 77, 96, 0, 2463, 2463, 54.99, P0, 0x0000000000000000
2026/08/28 09:41:03.004, 77, 96, 0, 2463, 2463, 54.99, P0, 0x0000000000000000
2026/08/28 09:41:03.104, 77, 96, 0, 2463, 2463, 54.99, P0, 0x0000000000000000
2026/08/28 09:41:03.204, 77, 96, 0, 2463, 2463, 54.99, P0, 0x0000000000000000
2026/08/28 09:41:03.304, 77, 96, 0, 2463, 2463, 50.49, P0, 0x0000000000000000
2026/08/28 09:41:03.405, 77, 96, 0, 2463, 2463, 50.49, P0, 0x0000000000000000
2026/08/28 09:41:03.505, 77, 96, 0, 2463, 2463, 50.49, P0, 0x0000000000000000
2026/08/28 09:41:03.605, 77, 96, 0, 2463, 2463, 50.49, P0, 0x0000000000000000
2026/08/28 09:41:03.705, 77, 96, 0, 2463, 2463, 50.49, P0, 0x0000000000000000
2026/08/28 09:41:03.806, 77, 96, 0, 2463, 2463, 50.54, P0, 0x0000000000000000
2026/08/28 09:41:03.906, 77, 96, 0, 2463, 2463, 50.54, P0, 0x0000000000000000
2026/08/28 09:41:04.006, 77, 96, 0, 2463, 2463, 50.54, P0, 0x0000000000000000
2026/08/28 09:41:04.106, 77, 96, 0, 2463, 2463, 50.54, P0, 0x0000000000000000
2026/08/28 09:41:04.207, 77, 96, 0, 2463, 2463, 50.54, P0, 0x0000000000000000
2026/08/28 09:41:04.307, 77, 96, 0, 2463, 2463, 50.48, P0, 0x0000000000000000
2026/08/28 09:41:04.407, 77, 96, 0, 2463, 2463, 50.48, P0, 0x0000000000000000
2026/08/28 09:41:04.507, 77, 96, 0, 2463, 2463, 50.48, P0, 0x0000000000000000
2026/08/28 09:41:04.607, 77, 96, 0, 2463, 2463, 50.48, P0, 0x0000000000000000
2026/08/28 09:41:04.708, 77, 96, 0, 2463, 2463, 50.48, P0, 0x0000000000000000
2026/08/28 09:41:04.808, 80, 96, 0, 2431, 2431, 62.44, P0, 0x0000000000000000
2026/08/28 09:41:04.908, 80, 96, 0, 2431, 2431, 62.44, P0, 0x0000000000000000
2026/08/28 09:41:05.008, 80, 96, 0, 2431, 2431, 62.44, P0, 0x0000000000000000
2026/08/28 09:41:05.108, 80, 96, 0, 2431, 2431, 62.44, P0, 0x0000000000000000
2026/08/28 09:41:05.209, 80, 96, 0, 2431, 2431, 62.44, P0, 0x0000000000000000
2026/08/28 09:41:05.309, 83, 96, 0, 2418, 2418, 77.21, P0, 0x0000000000000000
2026/08/28 09:41:05.409, 83, 96, 0, 2418, 2418, 77.21, P0, 0x0000000000000000
2026/08/28 09:41:05.509, 83, 96, 0, 2418, 2418, 77.21, P0, 0x0000000000000000
2026/08/28 09:41:05.609, 83, 96, 0, 2418, 2418, 77.21, P0, 0x0000000000000000
2026/08/28 09:41:05.709, 83, 96, 0, 2418, 2418, 77.21, P0, 0x0000000000000000
2026/08/28 09:41:05.810, 83, 96, 0, 2405, 2405, 80.09, P0, 0x0000000000000020
2026/08/28 09:41:05.910, 83, 96, 0, 2405, 2405, 80.09, P0, 0x0000000000000020
2026/08/28 09:41:06.010, 83, 96, 0, 2405, 2405, 80.09, P0, 0x0000000000000020
2026/08/28 09:41:06.110, 83, 96, 0, 2405, 2405, 80.09, P0, 0x0000000000000020
2026/08/28 09:41:06.210, 83, 96, 0, 2405, 2405, 80.09, P0, 0x0000000000000020
2026/08/28 09:41:06.310, 82, 96, 0, 2392, 2392, 79.32, P0, 0x0000000000000000
2026/08/28 09:41:06.411, 82, 96, 0, 2392, 2392, 79.32, P0, 0x0000000000000000
2026/08/28 09:41:06.511, 82, 96, 0, 2392, 2392, 79.32, P0, 0x0000000000000000
2026/08/28 09:41:06.611, 82, 96, 0, 2392, 2392, 79.32, P0, 0x0000000000000000
2026/08/28 09:41:06.711, 82, 96, 0, 2392, 2392, 79.32, P0, 0x0000000000000000
2026/08/28 09:41:06.812, 83, 96, 0, 2398, 2398, 77.62, P0, 0x0000000000000020
2026/08/28 09:41:06.912, 83, 96, 0, 2398, 2398, 77.62, P0, 0x0000000000000020
2026/08/28 09:41:07.012, 83, 96, 0, 2398, 2398, 77.62, P0, 0x0000000000000020
2026/08/28 09:41:07.112, 83, 96, 0, 2398, 2398, 77.62, P0, 0x0000000000000020
2026/08/28 09:41:07.212, 83, 96, 0, 2398, 2398, 77.62, P0, 0x0000000000000020
2026/08/28 09:41:07.312, 77, 96, 0, 2457, 2457, 64.77, P0, 0x0000000000000000
2026/08/28 09:41:07.413, 77, 96, 0, 2457, 2457, 64.77, P0, 0x0000000000000000
2026/08/28 09:41:07.513, 77, 96, 0, 2457, 2457, 64.77, P0, 0x0000000000000000
2026/08/28 09:41:07.613, 77, 96, 0, 2457, 2457, 64.77, P0, 0x0000000000000000
2026/08/28 09:41:07.713, 77, 96, 0, 2457, 2457, 64.77, P0, 0x0000000000000000
2026/08/28 09:41:07.814, 77, 96, 0, 2463, 2463, 52.19, P0, 0x0000000000000000
2026/08/28 09:41:07.914, 77, 96, 0, 2463, 2463, 52.19, P0, 0x0000000000000000
2026/08/28 09:41:08.014, 77, 96, 0, 2463, 2463, 52.19, P0, 0x0000000000000000
2026/08/28 09:41:08.114, 77, 96, 0, 2463, 2463, 52.19, P0, 0x0000000000000000
2026/08/28 09:41:08.214, 77, 96, 0, 2463, 2463, 52.19, P0, 0x0000000000000000
2026/08/28 09:41:08.315, 77, 96, 0, 2463, 2463, 50.73, P0, 0x0000000000000000
2026/08/28 09:41:08.415, 77, 96, 0, 2463, 2463, 50.73, P0, 0x0000000000000000
2026/08/28 09:41:08.515, 77, 96, 0, 2463, 2463, 50.73, P0, 0x0000000000000000
2026/08/28 09:41:08.615, 77, 96, 0, 2463, 2463, 50.73, P0, 0x0000000000000000
2026/08/28 09:41:08.716, 77, 96, 0, 2463, 2463, 50.73, P0, 0x0000000000000000
2026/08/28 09:41:08.816, 77, 96, 0, 2463, 2463, 50.56, P0, 0x0000000000000000
2026/08/28 09:41:08.916, 77, 96, 0, 2463, 2463, 50.56, P0, 0x0000000000000000
2026/08/28 09:41:09.016, 77, 96, 0, 2463, 2463, 50.56, P0, 0x0000000000000000
2026/08/28 09:41:09.117, 77, 96, 0, 2463, 2463, 50.56, P0, 0x0000000000000000
2026/08/28 09:41:09.217, 77, 96, 0, 2463, 2463, 50.56, P0, 0x0000000000000000
2026/08/28 09:41:09.317, 82, 96, 0, 2437, 2437, 58.72, P0, 0x0000000000000000
2026/08/28 09:41:09.417, 82, 96, 0, 2437, 2437, 58.72, P0, 0x0000000000000000
2026/08/28 09:41:09.517, 82, 96, 0, 2437, 2437, 58.72, P0, 0x0000000000000000
2026/08/28 09:41:09.617, 82, 96, 0, 2437, 2437, 58.72, P0, 0x0000000000000000
2026/08/28 09:41:09.718, 82, 96, 0, 2437, 2437, 58.72, P0, 0x0000000000000000
2026/08/28 09:41:09.818, 82, 96, 0, 2418, 2418, 72.94, P0, 0x0000000000000000
2026/08/28 09:41:09.918, 82, 96, 0, 2418, 2418, 72.94, P0, 0x0000000000000000
2026/08/28 09:41:10.018, 82, 96, 0, 2418, 2418, 72.94, P0, 0x0000000000000000
2026/08/28 09:41:10.118, 82, 96, 0, 2418, 2418, 72.94, P0, 0x0000000000000000
2026/08/28 09:41:10.218, 82, 96, 0, 2418, 2418, 72.94, P0, 0x0000000000000000
2026/08/28 09:41:10.319, 84, 96, 0, 2424, 2424, 79.74, P0, 0x0000000000000000
2026/08/28 09:41:10.419, 84, 96, 0, 2424, 2424, 79.74, P0, 0x0000000000000000
2026/08/28 09:41:10.519, 84, 96, 0, 2424, 2424, 79.74, P0, 0x0000000000000000
2026/08/28 09:41:10.619, 84, 96, 0, 2424, 2424, 79.74, P0, 0x0000000000000000
2026/08/28 09:41:10.719, 84, 96, 0, 2424, 2424, 79.74, P0, 0x0000000000000000
2026/08/28 09:41:10.820, 82, 96, 0, 2392, 2392, 78.83, P0, 0x0000000000000020
2026/08/28 09:41:10.920, 82, 96, 0, 2392, 2392, 78.83, P0, 0x0000000000000020
2026/08/28 09:41:11.020, 82, 96, 0, 2392, 2392, 78.83, P0, 0x0000000000000020
2026/08/28 09:41:11.120, 82, 96, 0, 2392, 2392, 78.83, P0, 0x0000000000000020
2026/08/28 09:41:11.220, 82, 96, 0, 2392, 2392, 78.83, P0, 0x0000000000000020
2026/08/28 09:41:11.321, 84, 94, 0, 2398, 2398, 77.40, P0, 0x0000000000000000
2026/08/28 09:41:11.421, 84, 94, 0, 2398, 2398, 77.40, P0, 0x0000000000000000
2026/08/28 09:41:11.521, 84, 94, 0, 2398, 2398, 77.40, P0, 0x0000000000000000
2026/08/28 09:41:11.621, 84, 94, 0, 2398, 2398, 77.40, P0, 0x0000000000000000
2026/08/28 09:41:11.721, 84, 94, 0, 2398, 2398, 77.40, P0, 0x0000000000000000
2026/08/28 09:41:11.821, 83, 94, 0, 2424, 2424, 74.42, P0, 0x0000000000000000
2026/08/28 09:41:11.922, 83, 94, 0, 2424, 2424, 74.42, P0, 0x0000000000000000
2026/08/28 09:41:12.022, 83, 94, 0, 2424, 2424, 74.42, P0, 0x0000000000000000
2026/08/28 09:41:12.122, 83, 94, 0, 2424, 2424, 74.42, P0, 0x0000000000000000
2026/08/28 09:41:12.222, 83, 94, 0, 2424, 2424, 74.42, P0, 0x0000000000000000
2026/08/28 09:41:12.322, 78, 96, 0, 2463, 2463, 60.98, P0, 0x0000000000000000
2026/08/28 09:41:12.423, 78, 96, 0, 2463, 2463, 60.98, P0, 0x0000000000000000
2026/08/28 09:41:12.523, 78, 96, 0, 2463, 2463, 60.98, P0, 0x0000000000000000
2026/08/28 09:41:12.624, 78, 96, 0, 2463, 2463, 60.98, P0, 0x0000000000000000
2026/08/28 09:41:12.724, 78, 96, 0, 2463, 2463, 60.98, P0, 0x0000000000000000
2026/08/28 09:41:12.824, 77, 96, 0, 2463, 2463, 50.52, P0, 0x0000000000000000
2026/08/28 09:41:12.924, 77, 96, 0, 2463, 2463, 50.52, P0, 0x0000000000000000
2026/08/28 09:41:13.025, 77, 96, 0, 2463, 2463, 50.52, P0, 0x0000000000000000
2026/08/28 09:41:13.125, 77, 96, 0, 2463, 2463, 50.52, P0, 0x0000000000000000
2026/08/28 09:41:13.225, 77, 96, 0, 2463, 2463, 50.52, P0, 0x0000000000000000
2026/08/28 09:41:13.325, 77, 96, 0, 2463, 2463, 50.89, P0, 0x0000000000000000
2026/08/28 09:41:13.425, 77, 96, 0, 2463, 2463, 50.89, P0, 0x0000000000000000
2026/08/28 09:41:13.526, 77, 96, 0, 2463, 2463, 50.89, P0, 0x0000000000000000
2026/08/28 09:41:13.626, 77, 96, 0, 2463, 2463, 50.89, P0, 0x0000000000000000
2026/08/28 09:41:13.726, 77, 96, 0, 2463, 2463, 50.89, P0, 0x0000000000000000
2026/08/28 09:41:13.826, 77, 96, 0, 2463, 2463, 50.85, P0, 0x0000000000000000
2026/08/28 09:41:13.927, 77, 96, 0, 2463, 2463, 50.85, P0, 0x0000000000000000
2026/08/28 09:41:14.027, 77, 96, 0, 2463, 2463, 50.85, P0, 0x0000000000000000
2026/08/28 09:41:14.127, 77, 96, 0, 2463, 2463, 50.85, P0, 0x0000000000000000
2026/08/28 09:41:14.227, 77, 96, 0, 2463, 2463, 50.85, P0, 0x0000000000000000
2026/08/28 09:41:14.328, 77, 96, 0, 2463, 2463, 50.61, P0, 0x0000000000000000
2026/08/28 09:41:14.428, 77, 96, 0, 2463, 2463, 50.61, P0, 0x0000000000000000
2026/08/28 09:41:14.528, 77, 96, 0, 2463, 2463, 50.61, P0, 0x0000000000000000
2026/08/28 09:41:14.628, 77, 96, 0, 2463, 2463, 50.61, P0, 0x0000000000000000
2026/08/28 09:41:14.729, 77, 96, 0, 2463, 2463, 50.61, P0, 0x0000000000000000
2026/08/28 09:41:14.829, 77, 96, 0, 2463, 2463, 51.10, P0, 0x0000000000000000
2026/08/28 09:41:14.929, 77, 96, 0, 2463, 2463, 51.10, P0, 0x0000000000000000
2026/08/28 09:41:15.029, 77, 96, 0, 2463, 2463, 51.10, P0, 0x0000000000000000
2026/08/28 09:41:15.129, 77, 96, 0, 2463, 2463, 51.10, P0, 0x0000000000000000
2026/08/28 09:41:15.229, 77, 96, 0, 2463, 2463, 51.10, P0, 0x0000000000000000
2026/08/28 09:41:15.330, 83, 96, 0, 2424, 2424, 66.51, P0, 0x0000000000000000
2026/08/28 09:41:15.430, 83, 96, 0, 2424, 2424, 66.51, P0, 0x0000000000000000
2026/08/28 09:41:15.530, 83, 96, 0, 2424, 2424, 66.51, P0, 0x0000000000000000
2026/08/28 09:41:15.630, 83, 96, 0, 2424, 2424, 66.51, P0, 0x0000000000000000
2026/08/28 09:41:15.730, 83, 96, 0, 2424, 2424, 66.51, P0, 0x0000000000000000
2026/08/28 09:41:15.830, 83, 96, 0, 2405, 2405, 80.18, P0, 0x0000000000000000
2026/08/28 09:41:15.930, 83, 96, 0, 2405, 2405, 80.18, P0, 0x0000000000000000
2026/08/28 09:41:16.031, 83, 96, 0, 2405, 2405, 80.18, P0, 0x0000000000000000
2026/08/28 09:41:16.131, 83, 96, 0, 2405, 2405, 80.18, P0, 0x0000000000000000
2026/08/28 09:41:16.231, 83, 96, 0, 2405, 2405, 80.18, P0, 0x0000000000000000
2026/08/28 09:41:16.331, 82, 94, 0, 2385, 2385, 79.48, P0, 0x0000000000000000
2026/08/28 09:41:16.431, 82, 94, 0, 2385, 2385, 79.48, P0, 0x0000000000000000
2026/08/28 09:41:16.532, 82, 94, 0, 2385, 2385, 79.48, P0, 0x0000000000000000
2026/08/28 09:41:16.632, 82, 94, 0, 2385, 2385, 79.48, P0, 0x0000000000000000
2026/08/28 09:41:16.732, 82, 94, 0, 2385, 2385, 79.48, P0, 0x0000000000000000
2026/08/28 09:41:16.832, 82, 94, 0, 2392, 2392, 75.58, P0, 0x0000000000000020
2026/08/28 09:41:16.933, 82, 94, 0, 2392, 2392, 75.58, P0, 0x0000000000000020
2026/08/28 09:41:17.033, 82, 94, 0, 2392, 2392, 75.58, P0, 0x0000000000000020
2026/08/28 09:41:17.133, 82, 94, 0, 2392, 2392, 75.58, P0, 0x0000000000000020
2026/08/28 09:41:17.233, 82, 94, 0, 2392, 2392, 75.58, P0, 0x0000000000000020
2026/08/28 09:41:17.334, 78, 96, 0, 2424, 2424, 69.71, P0, 0x0000000000000000
2026/08/28 09:41:17.434, 78, 96, 0, 2424, 2424, 69.71, P0, 0x0000000000000000
2026/08/28 09:41:17.534, 78, 96, 0, 2424, 2424, 69.71, P0, 0x0000000000000000
2026/08/28 09:41:17.634, 78, 96, 0, 2424, 2424, 69.71, P0, 0x0000000000000000
2026/08/28 09:41:17.735, 78, 96, 0, 2463, 2463, 69.71, P0, 0x0000000000000000
2026/08/28 09:41:17.835, 78, 96, 0, 2463, 2463, 59.32, P0, 0x0000000000000000
2026/08/28 09:41:17.935, 78, 96, 0, 2463, 2463, 59.32, P0, 0x0000000000000000
2026/08/28 09:41:18.035, 78, 96, 0, 2463, 2463, 59.32, P0, 0x0000000000000000
2026/08/28 09:41:18.136, 78, 96, 0, 2463, 2463, 59.32, P0, 0x0000000000000000
2026/08/28 09:41:18.236, 78, 96, 0, 2463, 2463, 50.77, P0, 0x0000000000000000
2026/08/28 09:41:18.336, 78, 96, 0, 2463, 2463, 50.77, P0, 0x0000000000000000
2026/08/28 09:41:18.436, 78, 96, 0, 2463, 2463, 50.77, P0, 0x0000000000000000
2026/08/28 09:41:18.537, 78, 96, 0, 2463, 2463, 50.77, P0, 0x0000000000000000
2026/08/28 09:41:18.637, 78, 96, 0, 2463, 2463, 50.77, P0, 0x0000000000000000
2026/08/28 09:41:18.737, 78, 96, 0, 2463, 2463, 51.65, P0, 0x0000000000000000
2026/08/28 09:41:18.837, 78, 96, 0, 2463, 2463, 51.65, P0, 0x0000000000000000
2026/08/28 09:41:18.937, 78, 96, 0, 2463, 2463, 51.65, P0, 0x0000000000000000
2026/08/28 09:41:19.038, 78, 96, 0, 2463, 2463, 51.65, P0, 0x0000000000000000
2026/08/28 09:41:19.138, 78, 96, 0, 2463, 2463, 51.65, P0, 0x0000000000000000
2026/08/28 09:41:19.238, 83, 96, 0, 2431, 2431, 66.17, P0, 0x0000000000000000
2026/08/28 09:41:19.338, 83, 96, 0, 2431, 2431, 66.17, P0, 0x0000000000000000
2026/08/28 09:41:19.438, 83, 96, 0, 2431, 2431, 66.17, P0, 0x0000000000000000
2026/08/28 09:41:19.538, 83, 96, 0, 2431, 2431, 66.17, P0, 0x0000000000000000
2026/08/28 09:41:19.639, 83, 96, 0, 2431, 2431, 66.17, P0, 0x0000000000000000
2026/08/28 09:41:19.739, 82, 96, 0, 2385, 2385, 78.68, P0, 0x0000000000000020
2026/08/28 09:41:19.839, 82, 96, 0, 2385, 2385, 78.68, P0, 0x0000000000000020
2026/08/28 09:41:19.939, 82, 96, 0, 2385, 2385, 78.68, P0, 0x0000000000000020
2026/08/28 09:41:20.040, 82, 96, 0, 2385, 2385, 78.68, P0, 0x0000000000000020
2026/08/28 09:41:20.140, 82, 96, 0, 2385, 2385, 78.68, P0, 0x0000000000000020
2026/08/28 09:41:20.240, 83, 94, 0, 2385, 2385, 78.81, P0, 0x0000000000000000
2026/08/28 09:41:20.340, 83, 94, 0, 2385, 2385, 78.81, P0, 0x0000000000000000
2026/08/28 09:41:20.440, 83, 94, 0, 2385, 2385, 78.81, P0, 0x0000000000000000
2026/08/28 09:41:20.540, 83, 94, 0, 2385, 2385, 78.81, P0, 0x0000000000000000
2026/08/28 09:41:20.641, 83, 94, 0, 2385, 2385, 78.81, P0, 0x0000000000000000
2026/08/28 09:41:20.741, 78, 94, 0, 2437, 2437, 72.06, P0, 0x0000000000000000
2026/08/28 09:41:20.841, 78, 94, 0, 2437, 2437, 72.06, P0, 0x0000000000000000
2026/08/28 09:41:20.942, 78, 94, 0, 2437, 2437, 72.06, P0, 0x0000000000000000
2026/08/28 09:41:21.042, 78, 94, 0, 2437, 2437, 72.06, P0, 0x0000000000000000
2026/08/28 09:41:21.142, 78, 94, 0, 2437, 2437, 72.06, P0, 0x0000000000000000
2026/08/28 09:41:21.242, 78, 96, 0, 2463, 2463, 59.22, P0, 0x0000000000000000
2026/08/28 09:41:21.343, 78, 96, 0, 2463, 2463, 59.22, P0, 0x0000000000000000
2026/08/28 09:41:21.443, 78, 96, 0, 2463, 2463, 59.22, P0, 0x0000000000000000
2026/08/28 09:41:21.543, 78, 96, 0, 2463, 2463, 59.22, P0, 0x0000000000000000
2026/08/28 09:41:21.643, 78, 96, 0, 2463, 2463, 59.22, P0, 0x0000000000000000
2026/08/28 09:41:21.744, 84, 96, 0, 2424, 2424, 66.35, P0, 0x0000000000000000
2026/08/28 09:41:21.844, 84, 96, 0, 2424, 2424, 66.35, P0, 0x0000000000000000
2026/08/28 09:41:21.944, 84, 96, 0, 2424, 2424, 66.35, P0, 0x0000000000000000
2026/08/28 09:41:22.044, 84, 96, 0, 2424, 2424, 66.35, P0, 0x0000000000000000
2026/08/28 09:41:22.145, 84, 96, 0, 2424, 2424, 66.35, P0, 0x0000000000000000
2026/08/28 09:41:22.245, 83, 96, 0, 2359, 2359, 76.47, P0, 0x0000000000000020
2026/08/28 09:41:22.345, 83, 96, 0, 2359, 2359, 76.47, P0, 0x0000000000000020
2026/08/28 09:41:22.445, 83, 96, 0, 2359, 2359, 76.47, P0, 0x0000000000000020
2026/08/28 09:41:22.545, 83, 96, 0, 2359, 2359, 76.47, P0, 0x0000000000000020
2026/08/28 09:41:22.645, 83, 96, 0, 2359, 2359, 76.47, P0, 0x0000000000000020
2026/08/28 09:41:22.746, 82, 96, 0, 2379, 2379, 75.50, P0, 0x0000000000000000
2026/08/28 09:41:22.846, 82, 96, 0, 2379, 2379, 75.50, P0, 0x0000000000000000
2026/08/28 09:41:22.946, 82, 96, 0, 2379, 2379, 75.50, P0, 0x0000000000000000
2026/08/28 09:41:23.046, 82, 96, 0, 2379, 2379, 75.50, P0, 0x0000000000000000
2026/08/28 09:41:23.146, 82, 96, 0, 2379, 2379, 75.50, P0, 0x0000000000000000
2026/08/28 09:41:23.246, 85, 96, 0, 2405, 2405, 73.64, P0, 0x0000000000000020
2026/08/28 09:41:23.346, 85, 96, 0, 2405, 2405, 73.64, P0, 0x0000000000000020
2026/08/28 09:41:23.447, 85, 96, 0, 2405, 2405, 73.64, P0, 0x0000000000000020
2026/08/28 09:41:23.547, 85, 96, 0, 2405, 2405, 73.64, P0, 0x0000000000000020
2026/08/28 09:41:23.647, 85, 96, 0, 2405, 2405, 73.64, P0, 0x0000000000000020
2026/08/28 09:41:23.747, 82, 96, 0, 2340, 2340, 72.05, P0, 0x0000000000000020
2026/08/28 09:41:23.847, 82, 96, 0, 2340, 2340, 72.05, P0, 0x0000000000000020
2026/08/28 09:41:23.947, 82, 96, 0, 2340, 2340, 72.05, P0, 0x0000000000000020
2026/08/28 09:41:24.048, 82, 96, 0, 2340, 2340, 72.05, P0, 0x0000000000000020
2026/08/28 09:41:24.148, 82, 96, 0, 2340, 2340, 72.05, P0, 0x0000000000000020
2026/08/28 09:41:24.248, 80, 94, 0, 2366, 2366, 74.08, P0, 0x0000000000000000
2026/08/28 09:41:24.348, 80, 94, 0, 2366, 2366, 74.08, P0, 0x0000000000000000
2026/08/28 09:41:24.449, 80, 94, 0, 2366, 2366, 74.08, P0, 0x0000000000000000
2026/08/28 09:41:24.549, 80, 94, 0, 2366, 2366, 74.08, P0, 0x0000000000000000
# start 2026-08-28 09:45:43 PDT
2026/08/28 09:45:43.691, 58, 1, 0, 2411, 2411, 14.11, P0, 0x0000000000000000
2026/08/28 09:45:43.798, 58, 1, 0, 2411, 2411, 14.11, P0, 0x0000000000000000
2026/08/28 09:45:43.898, 58, 1, 0, 2411, 2411, 14.12, P0, 0x0000000000000000
2026/08/28 09:45:43.998, 58, 1, 0, 2411, 2411, 14.12, P0, 0x0000000000000000
2026/08/28 09:45:44.098, 58, 1, 0, 2411, 2411, 14.12, P0, 0x0000000000000000
2026/08/28 09:45:44.199, 58, 1, 0, 2411, 2411, 14.12, P0, 0x0000000000000000
2026/08/28 09:45:44.299, 58, 1, 0, 2411, 2411, 14.12, P0, 0x0000000000000000
2026/08/28 09:45:44.400, 58, 1, 0, 2411, 2411, 14.15, P0, 0x0000000000000000
2026/08/28 09:45:44.500, 58, 1, 0, 2411, 2411, 14.15, P0, 0x0000000000000000
2026/08/28 09:45:44.600, 58, 1, 0, 2411, 2411, 14.15, P0, 0x0000000000000000
2026/08/28 09:45:44.700, 58, 1, 0, 2411, 2411, 14.15, P0, 0x0000000000000000
2026/08/28 09:45:44.800, 58, 1, 0, 2411, 2411, 14.15, P0, 0x0000000000000000
2026/08/28 09:45:44.900, 58, 1, 0, 2411, 2411, 14.16, P0, 0x0000000000000000
2026/08/28 09:45:45.000, 58, 1, 0, 2411, 2411, 14.16, P0, 0x0000000000000000
2026/08/28 09:45:45.100, 58, 1, 0, 2411, 2411, 14.16, P0, 0x0000000000000000
2026/08/28 09:45:45.200, 58, 1, 0, 2411, 2411, 14.16, P0, 0x0000000000000000
2026/08/28 09:45:45.301, 58, 1, 0, 2411, 2411, 14.16, P0, 0x0000000000000000
2026/08/28 09:45:45.401, 58, 1, 0, 2411, 2411, 14.10, P0, 0x0000000000000000
2026/08/28 09:45:45.501, 58, 1, 0, 2411, 2411, 14.10, P0, 0x0000000000000000
2026/08/28 09:45:45.601, 58, 1, 0, 2411, 2411, 14.10, P0, 0x0000000000000000
2026/08/28 09:45:45.701, 58, 1, 0, 2411, 2411, 14.10, P0, 0x0000000000000000
2026/08/28 09:45:45.801, 58, 1, 0, 2411, 2411, 14.10, P0, 0x0000000000000000
2026/08/28 09:45:45.901, 58, 1, 0, 2411, 2411, 14.10, P0, 0x0000000000000000
2026/08/28 09:45:46.001, 58, 1, 0, 2411, 2411, 14.10, P0, 0x0000000000000000
2026/08/28 09:45:46.102, 58, 1, 0, 2411, 2411, 14.10, P0, 0x0000000000000000
2026/08/28 09:45:46.202, 58, 1, 0, 2411, 2411, 14.10, P0, 0x0000000000000000
2026/08/28 09:45:46.302, 58, 1, 0, 2411, 2411, 14.10, P0, 0x0000000000000000
2026/08/28 09:45:46.402, 58, 2, 0, 2411, 2411, 14.11, P0, 0x0000000000000000
2026/08/28 09:45:46.502, 58, 2, 0, 2411, 2411, 14.11, P0, 0x0000000000000000
2026/08/28 09:45:46.603, 58, 2, 0, 2411, 2411, 14.11, P0, 0x0000000000000000
2026/08/28 09:45:46.703, 58, 2, 0, 2411, 2411, 14.11, P0, 0x0000000000000000
2026/08/28 09:45:46.803, 58, 2, 0, 2411, 2411, 14.11, P0, 0x0000000000000000
2026/08/28 09:45:46.903, 58, 2, 0, 2411, 2411, 14.09, P0, 0x0000000000000000
2026/08/28 09:45:47.003, 58, 2, 0, 2411, 2411, 14.09, P0, 0x0000000000000000
2026/08/28 09:45:47.103, 58, 2, 0, 2411, 2411, 14.09, P0, 0x0000000000000000
2026/08/28 09:45:47.203, 58, 2, 0, 2411, 2411, 14.09, P0, 0x0000000000000000
2026/08/28 09:45:47.303, 58, 2, 0, 2411, 2411, 14.09, P0, 0x0000000000000000
2026/08/28 09:45:47.404, 58, 1, 0, 2411, 2411, 14.06, P0, 0x0000000000000000
2026/08/28 09:45:47.504, 58, 1, 0, 2411, 2411, 14.06, P0, 0x0000000000000000
2026/08/28 09:45:47.604, 58, 1, 0, 2411, 2411, 14.06, P0, 0x0000000000000000
2026/08/28 09:45:47.704, 58, 1, 0, 2411, 2411, 14.06, P0, 0x0000000000000000
2026/08/28 09:45:47.804, 58, 1, 0, 2411, 2411, 14.06, P0, 0x0000000000000000
2026/08/28 09:45:47.904, 58, 1, 0, 2411, 2411, 14.04, P0, 0x0000000000000000
2026/08/28 09:45:48.004, 58, 1, 0, 2411, 2411, 14.04, P0, 0x0000000000000000
2026/08/28 09:45:48.104, 58, 1, 0, 2411, 2411, 14.04, P0, 0x0000000000000000
2026/08/28 09:45:48.205, 58, 1, 0, 2411, 2411, 14.04, P0, 0x0000000000000000
2026/08/28 09:45:48.305, 58, 1, 0, 2411, 2411, 14.04, P0, 0x0000000000000000
2026/08/28 09:45:48.405, 58, 2, 0, 2411, 2411, 14.07, P0, 0x0000000000000000
2026/08/28 09:45:48.505, 58, 2, 0, 2411, 2411, 14.07, P0, 0x0000000000000000
2026/08/28 09:45:48.605, 58, 2, 0, 2411, 2411, 14.07, P0, 0x0000000000000000
2026/08/28 09:45:48.705, 58, 2, 0, 2411, 2411, 14.07, P0, 0x0000000000000000
2026/08/28 09:45:48.805, 58, 2, 0, 2411, 2411, 14.07, P0, 0x0000000000000000
2026/08/28 09:45:48.905, 58, 2, 0, 2411, 2411, 14.12, P0, 0x0000000000000000
2026/08/28 09:45:49.006, 58, 2, 0, 2411, 2411, 14.12, P0, 0x0000000000000000
2026/08/28 09:45:49.106, 58, 2, 0, 2411, 2411, 14.12, P0, 0x0000000000000000
2026/08/28 09:45:49.206, 58, 2, 0, 2411, 2411, 14.12, P0, 0x0000000000000000
2026/08/28 09:45:49.306, 58, 2, 0, 2411, 2411, 14.12, P0, 0x0000000000000000
2026/08/28 09:45:49.406, 58, 2, 0, 2411, 2411, 14.15, P0, 0x0000000000000000
2026/08/28 09:45:49.506, 58, 2, 0, 2411, 2411, 14.15, P0, 0x0000000000000000
2026/08/28 09:45:49.606, 58, 2, 0, 2411, 2411, 14.15, P0, 0x0000000000000000
2026/08/28 09:45:49.706, 58, 2, 0, 2411, 2411, 14.15, P0, 0x0000000000000000
2026/08/28 09:45:49.807, 58, 2, 0, 2411, 2411, 14.15, P0, 0x0000000000000000
2026/08/28 09:45:49.907, 58, 2, 0, 2411, 2411, 14.09, P0, 0x0000000000000000
2026/08/28 09:45:50.007, 58, 2, 0, 2411, 2411, 14.09, P0, 0x0000000000000000
2026/08/28 09:45:50.107, 58, 2, 0, 2411, 2411, 14.09, P0, 0x0000000000000000
2026/08/28 09:45:50.207, 58, 2, 0, 2411, 2411, 14.09, P0, 0x0000000000000000
2026/08/28 09:45:50.307, 58, 2, 0, 2411, 2411, 14.09, P0, 0x0000000000000000
2026/08/28 09:45:50.407, 58, 2, 0, 2411, 2411, 14.06, P0, 0x0000000000000000
2026/08/28 09:45:50.507, 58, 2, 0, 2411, 2411, 14.06, P0, 0x0000000000000000
2026/08/28 09:45:50.608, 58, 2, 0, 2411, 2411, 14.06, P0, 0x0000000000000000
2026/08/28 09:45:50.708, 58, 2, 0, 2411, 2411, 14.06, P0, 0x0000000000000000
2026/08/28 09:45:50.808, 58, 2, 0, 2411, 2411, 14.06, P0, 0x0000000000000000
2026/08/28 09:45:50.908, 58, 2, 0, 2411, 2411, 14.07, P0, 0x0000000000000000
2026/08/28 09:45:51.008, 58, 2, 0, 2411, 2411, 14.07, P0, 0x0000000000000000
2026/08/28 09:45:51.108, 58, 2, 0, 2411, 2411, 14.07, P0, 0x0000000000000000
2026/08/28 09:45:51.208, 58, 2, 0, 2411, 2411, 14.07, P0, 0x0000000000000000
2026/08/28 09:45:51.308, 58, 2, 0, 2411, 2411, 14.07, P0, 0x0000000000000000
2026/08/28 09:45:51.409, 58, 1, 0, 2411, 2411, 14.06, P0, 0x0000000000000000
2026/08/28 09:45:51.509, 58, 1, 0, 2411, 2411, 14.06, P0, 0x0000000000000000
2026/08/28 09:45:51.609, 58, 1, 0, 2411, 2411, 14.06, P0, 0x0000000000000000
2026/08/28 09:45:51.709, 58, 1, 0, 2411, 2411, 14.06, P0, 0x0000000000000000
2026/08/28 09:45:51.809, 58, 1, 0, 2411, 2411, 14.06, P0, 0x0000000000000000
2026/08/28 09:45:51.909, 58, 1, 0, 2411, 2411, 14.06, P0, 0x0000000000000000
2026/08/28 09:45:52.009, 58, 1, 0, 2411, 2411, 14.06, P0, 0x0000000000000000
2026/08/28 09:45:52.109, 58, 1, 0, 2411, 2411, 14.06, P0, 0x0000000000000000
2026/08/28 09:45:52.210, 58, 1, 0, 2411, 2411, 14.06, P0, 0x0000000000000000
2026/08/28 09:45:52.310, 58, 1, 0, 2411, 2411, 14.06, P0, 0x0000000000000000
2026/08/28 09:45:52.410, 58, 1, 0, 2411, 2411, 14.07, P0, 0x0000000000000000
2026/08/28 09:45:52.510, 58, 1, 0, 2411, 2411, 14.07, P0, 0x0000000000000000
2026/08/28 09:45:52.610, 58, 1, 0, 2411, 2411, 14.07, P0, 0x0000000000000000
2026/08/28 09:45:52.710, 58, 1, 0, 2411, 2411, 14.07, P0, 0x0000000000000000
2026/08/28 09:45:52.810, 58, 1, 0, 2411, 2411, 14.07, P0, 0x0000000000000000
2026/08/28 09:45:52.910, 58, 1, 0, 2411, 2411, 14.08, P0, 0x0000000000000000
2026/08/28 09:45:53.011, 58, 1, 0, 2411, 2411, 14.08, P0, 0x0000000000000000
2026/08/28 09:45:53.111, 58, 1, 0, 2411, 2411, 14.08, P0, 0x0000000000000000
2026/08/28 09:45:53.211, 58, 1, 0, 2411, 2411, 14.08, P0, 0x0000000000000000
2026/08/28 09:45:53.311, 58, 1, 0, 2411, 2411, 14.08, P0, 0x0000000000000000
2026/08/28 09:45:53.411, 58, 1, 0, 2411, 2411, 14.06, P0, 0x0000000000000000
2026/08/28 09:45:53.511, 58, 1, 0, 2411, 2411, 14.06, P0, 0x0000000000000000
2026/08/28 09:45:53.611, 58, 1, 0, 2411, 2411, 14.06, P0, 0x0000000000000000
2026/08/28 09:45:53.711, 58, 1, 0, 2411, 2411, 14.06, P0, 0x0000000000000000
2026/08/28 09:45:53.812, 58, 1, 0, 2411, 2411, 14.06, P0, 0x0000000000000000
2026/08/28 09:45:53.912, 58, 1, 0, 2411, 2411, 14.00, P0, 0x0000000000000000
2026/08/28 09:45:54.012, 58, 1, 0, 2411, 2411, 14.00, P0, 0x0000000000000000
2026/08/28 09:45:54.112, 58, 1, 0, 2411, 2411, 14.00, P0, 0x0000000000000000
2026/08/28 09:45:54.212, 58, 1, 0, 2411, 2411, 14.00, P0, 0x0000000000000000
2026/08/28 09:45:54.312, 58, 1, 0, 2411, 2411, 14.00, P0, 0x0000000000000000
2026/08/28 09:45:54.412, 58, 2, 0, 2411, 2411, 13.99, P0, 0x0000000000000000
2026/08/28 09:45:54.512, 58, 2, 0, 2411, 2411, 13.99, P0, 0x0000000000000000
2026/08/28 09:45:54.612, 58, 2, 0, 2411, 2411, 13.99, P0, 0x0000000000000000
2026/08/28 09:45:54.713, 58, 2, 0, 2411, 2411, 13.99, P0, 0x0000000000000000
2026/08/28 09:45:54.813, 58, 2, 0, 2411, 2411, 13.99, P0, 0x0000000000000000
2026/08/28 09:45:54.913, 58, 2, 0, 2411, 2411, 14.03, P0, 0x0000000000000000
2026/08/28 09:45:55.013, 58, 2, 0, 2411, 2411, 14.03, P0, 0x0000000000000000
2026/08/28 09:45:55.113, 58, 2, 0, 2411, 2411, 14.03, P0, 0x0000000000000000
2026/08/28 09:45:55.213, 58, 2, 0, 2411, 2411, 14.03, P0, 0x0000000000000000
2026/08/28 09:45:55.313, 58, 2, 0, 2411, 2411, 14.03, P0, 0x0000000000000000
2026/08/28 09:45:55.414, 58, 2, 0, 2411, 2411, 14.03, P0, 0x0000000000000000
2026/08/28 09:45:55.514, 58, 2, 0, 2411, 2411, 14.03, P0, 0x0000000000000000
2026/08/28 09:45:55.614, 58, 2, 0, 2411, 2411, 14.03, P0, 0x0000000000000000
2026/08/28 09:45:55.714, 58, 2, 0, 2411, 2411, 14.03, P0, 0x0000000000000000
2026/08/28 09:45:55.814, 58, 2, 0, 2411, 2411, 14.03, P0, 0x0000000000000000
2026/08/28 09:45:55.914, 58, 2, 0, 2411, 2411, 14.02, P0, 0x0000000000000000
2026/08/28 09:45:56.014, 58, 2, 0, 2411, 2411, 14.02, P0, 0x0000000000000000
2026/08/28 09:45:56.114, 58, 2, 0, 2411, 2411, 14.02, P0, 0x0000000000000000
2026/08/28 09:45:56.214, 58, 2, 0, 2411, 2411, 14.02, P0, 0x0000000000000000
2026/08/28 09:45:56.315, 58, 2, 0, 2411, 2411, 14.02, P0, 0x0000000000000000
2026/08/28 09:45:56.415, 58, 2, 0, 2411, 2411, 14.02, P0, 0x0000000000000000
2026/08/28 09:45:56.515, 58, 2, 0, 2411, 2411, 14.02, P0, 0x0000000000000000
2026/08/28 09:45:56.615, 58, 2, 0, 2411, 2411, 14.02, P0, 0x0000000000000000
2026/08/28 09:45:56.715, 58, 2, 0, 2411, 2411, 14.02, P0, 0x0000000000000000
2026/08/28 09:45:56.815, 58, 2, 0, 2411, 2411, 14.02, P0, 0x0000000000000000
2026/08/28 09:45:56.915, 58, 2, 0, 2411, 2411, 14.02, P0, 0x0000000000000000
2026/08/28 09:45:57.016, 58, 2, 0, 2411, 2411, 14.02, P0, 0x0000000000000000
2026/08/28 09:45:57.116, 58, 2, 0, 2411, 2411, 14.02, P0, 0x0000000000000000
2026/08/28 09:45:57.216, 58, 2, 0, 2411, 2411, 14.02, P0, 0x0000000000000000
2026/08/28 09:45:57.316, 58, 2, 0, 2411, 2411, 14.02, P0, 0x0000000000000000
2026/08/28 09:45:57.416, 58, 2, 0, 2411, 2411, 13.99, P0, 0x0000000000000000
2026/08/28 09:45:57.516, 58, 2, 0, 2411, 2411, 13.99, P0, 0x0000000000000000
2026/08/28 09:45:57.616, 58, 2, 0, 2411, 2411, 13.99, P0, 0x0000000000000000
2026/08/28 09:45:57.717, 58, 2, 0, 2411, 2411, 13.99, P0, 0x0000000000000000
2026/08/28 09:45:57.817, 58, 2, 0, 2411, 2411, 13.99, P0, 0x0000000000000000
2026/08/28 09:45:57.917, 58, 2, 0, 2411, 2411, 13.96, P0, 0x0000000000000000
2026/08/28 09:45:58.017, 58, 2, 0, 2411, 2411, 13.96, P0, 0x0000000000000000
2026/08/28 09:45:58.117, 58, 2, 0, 2411, 2411, 13.96, P0, 0x0000000000000000
2026/08/28 09:45:58.217, 58, 2, 0, 2411, 2411, 13.96, P0, 0x0000000000000000
2026/08/28 09:45:58.317, 58, 2, 0, 2411, 2411, 13.96, P0, 0x0000000000000000
2026/08/28 09:45:58.418, 58, 2, 0, 2411, 2411, 13.98, P0, 0x0000000000000000
2026/08/28 09:45:58.518, 58, 2, 0, 2411, 2411, 13.98, P0, 0x0000000000000000
2026/08/28 09:45:58.618, 58, 2, 0, 2411, 2411, 13.98, P0, 0x0000000000000000
2026/08/28 09:45:58.718, 58, 2, 0, 2411, 2411, 13.98, P0, 0x0000000000000000
2026/08/28 09:45:58.818, 58, 2, 0, 2411, 2411, 13.98, P0, 0x0000000000000000
2026/08/28 09:45:58.918, 58, 2, 0, 2411, 2411, 14.02, P0, 0x0000000000000000
2026/08/28 09:45:59.018, 58, 2, 0, 2411, 2411, 14.02, P0, 0x0000000000000000
2026/08/28 09:45:59.119, 58, 2, 0, 2411, 2411, 14.02, P0, 0x0000000000000000
2026/08/28 09:45:59.219, 58, 2, 0, 2411, 2411, 14.02, P0, 0x0000000000000000
2026/08/28 09:45:59.319, 58, 2, 0, 2411, 2411, 14.02, P0, 0x0000000000000000
2026/08/28 09:45:59.419, 58, 2, 0, 2411, 2411, 14.02, P0, 0x0000000000000000
2026/08/28 09:45:59.519, 58, 2, 0, 2411, 2411, 14.02, P0, 0x0000000000000000
2026/08/28 09:45:59.619, 58, 2, 0, 2411, 2411, 14.02, P0, 0x0000000000000000
2026/08/28 09:45:59.719, 58, 2, 0, 2411, 2411, 14.02, P0, 0x0000000000000000
2026/08/28 09:45:59.819, 58, 2, 0, 2411, 2411, 14.02, P0, 0x0000000000000000
2026/08/28 09:45:59.920, 58, 2, 0, 2411, 2411, 14.02, P0, 0x0000000000000000
2026/08/28 09:46:00.020, 58, 2, 0, 2411, 2411, 14.02, P0, 0x0000000000000000
2026/08/28 09:46:00.120, 58, 2, 0, 2411, 2411, 14.02, P0, 0x0000000000000000
2026/08/28 09:46:00.220, 58, 2, 0, 2411, 2411, 14.02, P0, 0x0000000000000000
2026/08/28 09:46:00.320, 58, 2, 0, 2411, 2411, 14.02, P0, 0x0000000000000000
2026/08/28 09:46:00.420, 58, 2, 0, 2411, 2411, 14.00, P0, 0x0000000000000000
2026/08/28 09:46:00.520, 58, 2, 0, 2411, 2411, 14.00, P0, 0x0000000000000000
2026/08/28 09:46:00.620, 58, 2, 0, 2411, 2411, 14.00, P0, 0x0000000000000000
2026/08/28 09:46:00.721, 58, 2, 0, 2411, 2411, 14.00, P0, 0x0000000000000000
2026/08/28 09:46:00.821, 58, 2, 0, 2411, 2411, 14.00, P0, 0x0000000000000000
2026/08/28 09:46:00.921, 58, 2, 0, 2411, 2411, 13.99, P0, 0x0000000000000000
2026/08/28 09:46:01.021, 58, 2, 0, 2411, 2411, 13.99, P0, 0x0000000000000000
2026/08/28 09:46:01.121, 58, 2, 0, 2411, 2411, 13.99, P0, 0x0000000000000000
2026/08/28 09:46:01.221, 58, 2, 0, 2411, 2411, 13.99, P0, 0x0000000000000000
2026/08/28 09:46:01.321, 58, 2, 0, 2411, 2411, 13.99, P0, 0x0000000000000000
2026/08/28 09:46:01.421, 58, 1, 0, 2411, 2411, 14.01, P0, 0x0000000000000000
2026/08/28 09:46:01.521, 58, 1, 0, 2411, 2411, 14.01, P0, 0x0000000000000000
2026/08/28 09:46:01.622, 58, 1, 0, 2411, 2411, 14.01, P0, 0x0000000000000000
2026/08/28 09:46:01.722, 58, 1, 0, 2411, 2411, 14.01, P0, 0x0000000000000000
2026/08/28 09:46:01.822, 58, 1, 0, 2411, 2411, 14.01, P0, 0x0000000000000000
2026/08/28 09:46:01.922, 58, 1, 0, 2411, 2411, 14.00, P0, 0x0000000000000000
2026/08/28 09:46:02.022, 58, 1, 0, 2411, 2411, 14.00, P0, 0x0000000000000000
2026/08/28 09:46:02.122, 58, 1, 0, 2411, 2411, 14.00, P0, 0x0000000000000000
2026/08/28 09:46:02.222, 58, 1, 0, 2411, 2411, 14.00, P0, 0x0000000000000000
2026/08/28 09:46:02.323, 58, 1, 0, 2411, 2411, 14.00, P0, 0x0000000000000000
2026/08/28 09:46:02.423, 58, 1, 0, 2411, 2411, 13.91, P0, 0x0000000000000000
2026/08/28 09:46:02.523, 58, 1, 0, 2411, 2411, 13.91, P0, 0x0000000000000000
2026/08/28 09:46:02.623, 58, 1, 0, 2411, 2411, 13.91, P0, 0x0000000000000000
2026/08/28 09:46:02.723, 58, 1, 0, 2411, 2411, 13.91, P0, 0x0000000000000000
2026/08/28 09:46:02.823, 58, 1, 0, 2411, 2411, 13.91, P0, 0x0000000000000000
2026/08/28 09:46:02.923, 58, 1, 0, 2411, 2411, 13.90, P0, 0x0000000000000000
2026/08/28 09:46:03.024, 58, 1, 0, 2411, 2411, 13.90, P0, 0x0000000000000000
2026/08/28 09:46:03.124, 58, 1, 0, 2411, 2411, 13.90, P0, 0x0000000000000000
2026/08/28 09:46:03.224, 58, 1, 0, 2411, 2411, 13.90, P0, 0x0000000000000000
2026/08/28 09:46:03.324, 58, 1, 0, 2411, 2411, 13.90, P0, 0x0000000000000000
2026/08/28 09:46:03.424, 58, 2, 0, 2411, 2411, 13.95, P0, 0x0000000000000000
2026/08/28 09:46:03.524, 58, 2, 0, 2411, 2411, 13.95, P0, 0x0000000000000000
2026/08/28 09:46:03.624, 58, 2, 0, 2411, 2411, 13.95, P0, 0x0000000000000000
2026/08/28 09:46:03.724, 58, 2, 0, 2411, 2411, 13.95, P0, 0x0000000000000000
2026/08/28 09:46:03.825, 58, 2, 0, 2411, 2411, 13.95, P0, 0x0000000000000000
2026/08/28 09:46:03.925, 58, 2, 0, 2411, 2411, 13.97, P0, 0x0000000000000000
2026/08/28 09:46:04.025, 58, 2, 0, 2411, 2411, 13.97, P0, 0x0000000000000000
2026/08/28 09:46:04.125, 58, 2, 0, 2411, 2411, 13.97, P0, 0x0000000000000000
2026/08/28 09:46:04.225, 58, 2, 0, 2411, 2411, 13.97, P0, 0x0000000000000000
2026/08/28 09:46:04.325, 58, 2, 0, 2411, 2411, 13.97, P0, 0x0000000000000000
2026/08/28 09:46:04.425, 58, 2, 0, 2411, 2411, 13.99, P0, 0x0000000000000000
2026/08/28 09:46:04.526, 58, 2, 0, 2411, 2411, 13.99, P0, 0x0000000000000000
2026/08/28 09:46:04.626, 58, 2, 0, 2411, 2411, 13.99, P0, 0x0000000000000000
2026/08/28 09:46:04.726, 58, 2, 0, 2411, 2411, 13.99, P0, 0x0000000000000000
2026/08/28 09:46:04.826, 58, 2, 0, 2411, 2411, 13.99, P0, 0x0000000000000000
2026/08/28 09:46:04.926, 58, 2, 0, 2411, 2411, 14.00, P0, 0x0000000000000000
2026/08/28 09:46:05.026, 58, 2, 0, 2411, 2411, 14.00, P0, 0x0000000000000000
2026/08/28 09:46:05.126, 58, 2, 0, 2411, 2411, 14.00, P0, 0x0000000000000000
2026/08/28 09:46:05.227, 58, 2, 0, 2411, 2411, 14.00, P0, 0x0000000000000000
2026/08/28 09:46:05.327, 58, 2, 0, 2418, 2411, 14.00, P0, 0x0000000000000000
2026/08/28 09:46:05.428, 58, 2, 0, 2411, 2411, 13.98, P0, 0x0000000000000000
2026/08/28 09:46:05.528, 58, 2, 0, 2411, 2411, 13.98, P0, 0x0000000000000000
2026/08/28 09:46:05.628, 58, 2, 0, 2411, 2411, 13.98, P0, 0x0000000000000000
2026/08/28 09:46:05.728, 58, 2, 0, 2411, 2411, 13.98, P0, 0x0000000000000000
2026/08/28 09:46:05.828, 58, 2, 0, 2411, 2411, 13.99, P0, 0x0000000000000000
2026/08/28 09:46:05.929, 58, 2, 0, 2411, 2411, 13.99, P0, 0x0000000000000000
2026/08/28 09:46:06.029, 58, 2, 0, 2411, 2411, 13.99, P0, 0x0000000000000000
2026/08/28 09:46:06.129, 58, 2, 0, 2411, 2411, 13.99, P0, 0x0000000000000000
2026/08/28 09:46:06.229, 58, 2, 0, 2411, 2411, 13.99, P0, 0x0000000000000000
2026/08/28 09:46:06.329, 58, 2, 0, 2411, 2411, 13.94, P0, 0x0000000000000000
2026/08/28 09:46:06.429, 58, 2, 0, 2411, 2411, 13.94, P0, 0x0000000000000000
2026/08/28 09:46:06.529, 58, 2, 0, 2411, 2411, 13.94, P0, 0x0000000000000000
2026/08/28 09:46:06.629, 58, 2, 0, 2411, 2411, 13.94, P0, 0x0000000000000000
2026/08/28 09:46:06.730, 58, 2, 0, 2411, 2411, 13.94, P0, 0x0000000000000000
2026/08/28 09:46:06.830, 58, 2, 0, 2411, 2411, 13.93, P0, 0x0000000000000000
2026/08/28 09:46:06.930, 58, 2, 0, 2411, 2411, 13.93, P0, 0x0000000000000000
2026/08/28 09:46:07.030, 58, 2, 0, 2411, 2411, 13.93, P0, 0x0000000000000000
2026/08/28 09:46:07.130, 58, 2, 0, 2411, 2411, 13.93, P0, 0x0000000000000000
2026/08/28 09:46:07.230, 58, 2, 0, 2411, 2411, 13.93, P0, 0x0000000000000000
2026/08/28 09:46:07.330, 58, 1, 0, 2411, 2411, 13.98, P0, 0x0000000000000000
2026/08/28 09:46:07.431, 58, 1, 0, 2411, 2411, 13.98, P0, 0x0000000000000000
2026/08/28 09:46:07.531, 58, 1, 0, 2411, 2411, 13.98, P0, 0x0000000000000000
2026/08/28 09:46:07.631, 58, 1, 0, 2411, 2411, 13.98, P0, 0x0000000000000000
2026/08/28 09:46:07.731, 58, 1, 0, 2411, 2411, 13.98, P0, 0x0000000000000000
2026/08/28 09:46:07.831, 58, 1, 0, 2411, 2411, 14.00, P0, 0x0000000000000000
2026/08/28 09:46:07.931, 58, 1, 0, 2411, 2411, 14.00, P0, 0x0000000000000000
2026/08/28 09:46:08.031, 58, 1, 0, 2411, 2411, 14.00, P0, 0x0000000000000000
2026/08/28 09:46:08.132, 58, 1, 0, 2411, 2411, 14.00, P0, 0x0000000000000000
2026/08/28 09:46:08.232, 58, 1, 0, 2411, 2411, 14.00, P0, 0x0000000000000000
2026/08/28 09:46:08.332, 58, 2, 0, 2411, 2411, 14.02, P0, 0x0000000000000000
2026/08/28 09:46:08.432, 58, 2, 0, 2411, 2411, 14.02, P0, 0x0000000000000000
2026/08/28 09:46:08.532, 58, 2, 0, 2411, 2411, 14.02, P0, 0x0000000000000000
2026/08/28 09:46:08.632, 58, 2, 0, 2411, 2411, 14.02, P0, 0x0000000000000000
2026/08/28 09:46:08.732, 58, 2, 0, 2411, 2411, 14.02, P0, 0x0000000000000000
2026/08/28 09:46:08.832, 58, 2, 0, 2411, 2411, 14.00, P0, 0x0000000000000000
2026/08/28 09:46:08.933, 58, 2, 0, 2411, 2411, 14.00, P0, 0x0000000000000000
2026/08/28 09:46:09.033, 58, 2, 0, 2411, 2411, 14.00, P0, 0x0000000000000000
2026/08/28 09:46:09.133, 58, 2, 0, 2411, 2411, 14.00, P0, 0x0000000000000000
2026/08/28 09:46:09.233, 58, 2, 0, 2411, 2411, 14.00, P0, 0x0000000000000000
2026/08/28 09:46:09.333, 58, 2, 0, 2411, 2411, 13.98, P0, 0x0000000000000000
2026/08/28 09:46:09.433, 58, 2, 0, 2411, 2411, 13.98, P0, 0x0000000000000000
2026/08/28 09:46:09.533, 58, 2, 0, 2411, 2411, 13.98, P0, 0x0000000000000000
2026/08/28 09:46:09.633, 58, 2, 0, 2411, 2411, 13.98, P0, 0x0000000000000000
2026/08/28 09:46:09.734, 58, 2, 0, 2411, 2411, 13.98, P0, 0x0000000000000000
2026/08/28 09:46:09.834, 58, 2, 0, 2411, 2411, 13.98, P0, 0x0000000000000000
2026/08/28 09:46:09.934, 58, 2, 0, 2411, 2411, 13.98, P0, 0x0000000000000000
2026/08/28 09:46:10.034, 58, 2, 0, 2411, 2411, 13.98, P0, 0x0000000000000000
2026/08/28 09:46:10.134, 58, 2, 0, 2411, 2411, 13.98, P0, 0x0000000000000000
2026/08/28 09:46:10.234, 58, 2, 0, 2411, 2411, 13.98, P0, 0x0000000000000000
2026/08/28 09:46:10.334, 58, 1, 0, 2411, 2411, 13.92, P0, 0x0000000000000000
2026/08/28 09:46:10.434, 58, 1, 0, 2411, 2411, 13.92, P0, 0x0000000000000000
2026/08/28 09:46:10.535, 58, 1, 0, 2411, 2411, 13.92, P0, 0x0000000000000000
2026/08/28 09:46:10.635, 58, 1, 0, 2411, 2411, 13.92, P0, 0x0000000000000000
2026/08/28 09:46:10.735, 58, 1, 0, 2411, 2411, 13.92, P0, 0x0000000000000000
2026/08/28 09:46:10.835, 58, 1, 0, 2411, 2411, 13.90, P0, 0x0000000000000000
2026/08/28 09:46:10.935, 58, 1, 0, 2411, 2411, 13.90, P0, 0x0000000000000000
2026/08/28 09:46:11.035, 58, 1, 0, 2411, 2411, 13.90, P0, 0x0000000000000000
2026/08/28 09:46:11.135, 58, 1, 0, 2411, 2411, 13.90, P0, 0x0000000000000000
2026/08/28 09:46:11.235, 58, 1, 0, 2411, 2411, 13.90, P0, 0x0000000000000000
2026/08/28 09:46:11.336, 58, 1, 0, 2411, 2411, 13.94, P0, 0x0000000000000000
2026/08/28 09:46:11.436, 58, 1, 0, 2411, 2411, 13.94, P0, 0x0000000000000000
2026/08/28 09:46:11.536, 58, 1, 0, 2411, 2411, 13.94, P0, 0x0000000000000000
2026/08/28 09:46:11.636, 58, 1, 0, 2411, 2411, 13.94, P0, 0x0000000000000000
2026/08/28 09:46:11.736, 58, 1, 0, 2411, 2411, 13.94, P0, 0x0000000000000000
2026/08/28 09:46:11.836, 58, 1, 0, 2411, 2411, 13.94, P0, 0x0000000000000000
2026/08/28 09:46:11.936, 58, 1, 0, 2411, 2411, 13.94, P0, 0x0000000000000000
2026/08/28 09:46:12.036, 58, 1, 0, 2411, 2411, 13.94, P0, 0x0000000000000000
2026/08/28 09:46:12.136, 58, 1, 0, 2411, 2411, 13.94, P0, 0x0000000000000000
2026/08/28 09:46:12.237, 58, 1, 0, 2411, 2411, 13.94, P0, 0x0000000000000000
2026/08/28 09:46:12.337, 58, 1, 0, 2411, 2411, 13.94, P0, 0x0000000000000000
2026/08/28 09:46:12.437, 58, 1, 0, 2411, 2411, 13.94, P0, 0x0000000000000000
2026/08/28 09:46:12.537, 58, 1, 0, 2411, 2411, 13.94, P0, 0x0000000000000000
2026/08/28 09:46:12.637, 58, 1, 0, 2411, 2411, 13.94, P0, 0x0000000000000000
2026/08/28 09:46:12.737, 58, 1, 0, 2411, 2411, 13.94, P0, 0x0000000000000000
2026/08/28 09:46:12.837, 58, 1, 0, 2411, 2411, 13.94, P0, 0x0000000000000000
2026/08/28 09:46:12.937, 58, 1, 0, 2411, 2411, 13.94, P0, 0x0000000000000000
2026/08/28 09:46:13.037, 58, 1, 0, 2411, 2411, 13.94, P0, 0x0000000000000000
2026/08/28 09:46:13.138, 58, 1, 0, 2411, 2411, 13.94, P0, 0x0000000000000000
2026/08/28 09:46:13.238, 58, 1, 0, 2411, 2411, 13.94, P0, 0x0000000000000000
2026/08/28 09:46:13.338, 58, 2, 0, 2411, 2411, 13.96, P0, 0x0000000000000000
2026/08/28 09:46:13.438, 58, 2, 0, 2411, 2411, 13.96, P0, 0x0000000000000000
2026/08/28 09:46:13.538, 58, 2, 0, 2411, 2411, 13.96, P0, 0x0000000000000000
2026/08/28 09:46:13.638, 58, 2, 0, 2411, 2411, 13.96, P0, 0x0000000000000000
2026/08/28 09:46:13.738, 58, 2, 0, 2411, 2411, 13.96, P0, 0x0000000000000000
2026/08/28 09:46:13.838, 58, 2, 0, 2411, 2411, 13.98, P0, 0x0000000000000000
2026/08/28 09:46:13.939, 58, 2, 0, 2411, 2411, 13.98, P0, 0x0000000000000000
2026/08/28 09:46:14.039, 58, 2, 0, 2411, 2411, 13.98, P0, 0x0000000000000000
2026/08/28 09:46:14.139, 58, 2, 0, 2411, 2411, 13.98, P0, 0x0000000000000000
2026/08/28 09:46:14.239, 58, 2, 0, 2411, 2411, 13.98, P0, 0x0000000000000000
2026/08/28 09:46:14.339, 58, 1, 0, 2411, 2411, 13.98, P0, 0x0000000000000000
2026/08/28 09:46:14.439, 58, 1, 0, 2411, 2411, 13.98, P0, 0x0000000000000000
2026/08/28 09:46:14.539, 58, 1, 0, 2411, 2411, 13.98, P0, 0x0000000000000000
2026/08/28 09:46:14.639, 58, 1, 0, 2411, 2411, 13.98, P0, 0x0000000000000000
2026/08/28 09:46:14.740, 58, 1, 0, 2411, 2411, 13.98, P0, 0x0000000000000000
2026/08/28 09:46:14.840, 58, 1, 0, 2411, 2411, 13.87, P0, 0x0000000000000000
2026/08/28 09:46:14.940, 58, 1, 0, 2411, 2411, 13.87, P0, 0x0000000000000000
2026/08/28 09:46:15.040, 58, 1, 0, 2411, 2411, 13.87, P0, 0x0000000000000000
2026/08/28 09:46:15.140, 58, 1, 0, 2411, 2411, 13.87, P0, 0x0000000000000000
2026/08/28 09:46:15.240, 58, 1, 0, 2411, 2411, 13.87, P0, 0x0000000000000000
2026/08/28 09:46:15.341, 58, 2, 0, 2411, 2411, 13.83, P0, 0x0000000000000000
2026/08/28 09:46:15.441, 58, 2, 0, 2411, 2411, 13.83, P0, 0x0000000000000000
2026/08/28 09:46:15.541, 58, 2, 0, 2411, 2411, 13.83, P0, 0x0000000000000000
2026/08/28 09:46:15.641, 58, 2, 0, 2411, 2411, 13.83, P0, 0x0000000000000000
2026/08/28 09:46:15.741, 58, 2, 0, 2411, 2411, 13.83, P0, 0x0000000000000000
2026/08/28 09:46:15.841, 58, 2, 0, 2411, 2411, 13.92, P0, 0x0000000000000000
2026/08/28 09:46:15.941, 58, 2, 0, 2411, 2411, 13.92, P0, 0x0000000000000000
2026/08/28 09:46:16.041, 58, 2, 0, 2411, 2411, 13.92, P0, 0x0000000000000000
2026/08/28 09:46:16.142, 58, 2, 0, 2411, 2411, 13.92, P0, 0x0000000000000000
2026/08/28 09:46:16.242, 58, 2, 0, 2411, 2411, 13.92, P0, 0x0000000000000000
2026/08/28 09:46:16.342, 58, 2, 0, 2411, 2411, 13.94, P0, 0x0000000000000000
2026/08/28 09:46:16.442, 58, 2, 0, 2411, 2411, 13.94, P0, 0x0000000000000000
2026/08/28 09:46:16.542, 58, 2, 0, 2411, 2411, 13.94, P0, 0x0000000000000000
2026/08/28 09:46:16.642, 58, 2, 0, 2411, 2411, 13.94, P0, 0x0000000000000000
2026/08/28 09:46:16.743, 58, 2, 0, 2411, 2411, 13.94, P0, 0x0000000000000000
2026/08/28 09:46:16.843, 58, 2, 0, 2411, 2411, 13.92, P0, 0x0000000000000000
2026/08/28 09:46:16.943, 58, 2, 0, 2411, 2411, 13.92, P0, 0x0000000000000000
2026/08/28 09:46:17.043, 58, 2, 0, 2411, 2411, 13.92, P0, 0x0000000000000000
2026/08/28 09:46:17.143, 58, 2, 0, 2411, 2411, 13.92, P0, 0x0000000000000000
2026/08/28 09:46:17.243, 58, 2, 0, 2411, 2411, 13.92, P0, 0x0000000000000000
2026/08/28 09:46:17.343, 58, 2, 0, 2411, 2411, 13.94, P0, 0x0000000000000000
2026/08/28 09:46:17.443, 58, 2, 0, 2411, 2411, 13.94, P0, 0x0000000000000000
2026/08/28 09:46:17.543, 58, 2, 0, 2411, 2411, 13.94, P0, 0x0000000000000000
2026/08/28 09:46:17.644, 58, 2, 0, 2411, 2411, 13.94, P0, 0x0000000000000000
2026/08/28 09:46:17.744, 58, 2, 0, 2411, 2411, 13.94, P0, 0x0000000000000000
2026/08/28 09:46:17.844, 58, 2, 0, 2411, 2411, 13.94, P0, 0x0000000000000000
2026/08/28 09:46:17.944, 58, 2, 0, 2411, 2411, 13.94, P0, 0x0000000000000000
2026/08/28 09:46:18.044, 58, 2, 0, 2411, 2411, 13.94, P0, 0x0000000000000000
2026/08/28 09:46:18.144, 58, 2, 0, 2411, 2411, 13.94, P0, 0x0000000000000000
2026/08/28 09:46:18.245, 58, 2, 0, 2411, 2411, 13.94, P0, 0x0000000000000000
2026/08/28 09:46:18.345, 58, 1, 0, 2411, 2411, 13.92, P0, 0x0000000000000000
2026/08/28 09:46:18.445, 58, 1, 0, 2411, 2411, 13.92, P0, 0x0000000000000000
2026/08/28 09:46:18.545, 58, 1, 0, 2411, 2411, 13.92, P0, 0x0000000000000000
2026/08/28 09:46:18.645, 58, 1, 0, 2411, 2411, 13.92, P0, 0x0000000000000000
2026/08/28 09:46:18.745, 58, 1, 0, 2411, 2411, 13.92, P0, 0x0000000000000000
2026/08/28 09:46:18.845, 58, 1, 0, 2411, 2411, 13.86, P0, 0x0000000000000000
2026/08/28 09:46:18.945, 58, 1, 0, 2411, 2411, 13.86, P0, 0x0000000000000000
2026/08/28 09:46:19.046, 58, 1, 0, 2411, 2411, 13.86, P0, 0x0000000000000000
2026/08/28 09:46:19.146, 58, 1, 0, 2411, 2411, 13.86, P0, 0x0000000000000000
2026/08/28 09:46:19.246, 58, 1, 0, 2411, 2411, 13.86, P0, 0x0000000000000000
2026/08/28 09:46:19.346, 58, 1, 0, 2411, 2411, 13.84, P0, 0x0000000000000000
2026/08/28 09:46:19.446, 58, 1, 0, 2411, 2411, 13.84, P0, 0x0000000000000000
2026/08/28 09:46:19.547, 58, 1, 0, 2411, 2411, 13.84, P0, 0x0000000000000000
2026/08/28 09:46:19.647, 58, 1, 0, 2411, 2411, 13.84, P0, 0x0000000000000000
2026/08/28 09:46:19.747, 58, 1, 0, 2411, 2411, 13.84, P0, 0x0000000000000000
2026/08/28 09:46:19.847, 58, 1, 0, 2411, 2411, 13.92, P0, 0x0000000000000000
2026/08/28 09:46:19.947, 58, 1, 0, 2411, 2411, 13.92, P0, 0x0000000000000000
2026/08/28 09:46:20.047, 58, 1, 0, 2411, 2411, 13.92, P0, 0x0000000000000000
2026/08/28 09:46:20.147, 58, 1, 0, 2411, 2411, 13.92, P0, 0x0000000000000000
2026/08/28 09:46:20.248, 58, 1, 0, 2411, 2411, 13.92, P0, 0x0000000000000000
2026/08/28 09:46:20.348, 58, 2, 0, 2411, 2411, 13.94, P0, 0x0000000000000000
2026/08/28 09:46:20.448, 58, 2, 0, 2411, 2411, 13.94, P0, 0x0000000000000000
2026/08/28 09:46:20.548, 58, 2, 0, 2411, 2411, 13.94, P0, 0x0000000000000000
2026/08/28 09:46:20.648, 58, 2, 0, 2411, 2411, 13.94, P0, 0x0000000000000000
2026/08/28 09:46:20.748, 58, 2, 0, 2411, 2411, 13.94, P0, 0x0000000000000000
2026/08/28 09:46:20.849, 58, 2, 0, 2411, 2411, 13.93, P0, 0x0000000000000000
2026/08/28 09:46:20.949, 58, 2, 0, 2411, 2411, 13.93, P0, 0x0000000000000000
2026/08/28 09:46:21.049, 58, 2, 0, 2411, 2411, 13.93, P0, 0x0000000000000000
2026/08/28 09:46:21.149, 58, 2, 0, 2411, 2411, 13.93, P0, 0x0000000000000000
2026/08/28 09:46:21.249, 58, 2, 0, 2411, 2411, 13.93, P0, 0x0000000000000000
2026/08/28 09:46:21.349, 58, 2, 0, 2411, 2411, 13.94, P0, 0x0000000000000000
2026/08/28 09:46:21.449, 58, 2, 0, 2411, 2411, 13.94, P0, 0x0000000000000000
2026/08/28 09:46:21.550, 58, 2, 0, 2411, 2411, 13.94, P0, 0x0000000000000000
2026/08/28 09:46:21.650, 58, 2, 0, 2411, 2411, 13.94, P0, 0x0000000000000000
2026/08/28 09:46:21.750, 58, 2, 0, 2411, 2411, 13.94, P0, 0x0000000000000000
2026/08/28 09:46:21.850, 58, 2, 0, 2411, 2411, 13.97, P0, 0x0000000000000000
2026/08/28 09:46:21.950, 58, 2, 0, 2411, 2411, 13.97, P0, 0x0000000000000000
2026/08/28 09:46:22.050, 58, 2, 0, 2411, 2411, 13.97, P0, 0x0000000000000000
2026/08/28 09:46:22.150, 58, 2, 0, 2411, 2411, 13.97, P0, 0x0000000000000000
2026/08/28 09:46:22.250, 58, 2, 0, 2411, 2411, 13.97, P0, 0x0000000000000000
2026/08/28 09:46:22.351, 58, 2, 0, 2411, 2411, 13.96, P0, 0x0000000000000000
2026/08/28 09:46:22.451, 58, 2, 0, 2411, 2411, 13.96, P0, 0x0000000000000000
2026/08/28 09:46:22.551, 58, 2, 0, 2411, 2411, 13.96, P0, 0x0000000000000000
2026/08/28 09:46:22.651, 58, 2, 0, 2411, 2411, 13.96, P0, 0x0000000000000000
2026/08/28 09:46:22.751, 58, 2, 0, 2411, 2411, 13.96, P0, 0x0000000000000000
2026/08/28 09:46:22.851, 58, 2, 0, 2411, 2411, 13.88, P0, 0x0000000000000000
2026/08/28 09:46:22.951, 58, 2, 0, 2411, 2411, 13.88, P0, 0x0000000000000000
2026/08/28 09:46:23.051, 58, 2, 0, 2411, 2411, 13.88, P0, 0x0000000000000000
2026/08/28 09:46:23.152, 58, 2, 0, 2411, 2411, 13.88, P0, 0x0000000000000000
2026/08/28 09:46:23.252, 58, 2, 0, 2411, 2411, 13.88, P0, 0x0000000000000000
2026/08/28 09:46:23.352, 58, 2, 0, 2411, 2411, 13.88, P0, 0x0000000000000000
2026/08/28 09:46:23.452, 58, 2, 0, 2411, 2411, 13.88, P0, 0x0000000000000000
2026/08/28 09:46:23.552, 58, 2, 0, 2411, 2411, 13.88, P0, 0x0000000000000000
2026/08/28 09:46:23.652, 58, 2, 0, 2411, 2411, 13.88, P0, 0x0000000000000000
2026/08/28 09:46:23.752, 58, 2, 0, 2411, 2411, 13.88, P0, 0x0000000000000000
2026/08/28 09:46:23.852, 58, 2, 0, 2411, 2411, 13.95, P0, 0x0000000000000000
2026/08/28 09:46:23.953, 58, 2, 0, 2411, 2411, 13.95, P0, 0x0000000000000000
2026/08/28 09:46:24.053, 58, 2, 0, 2411, 2411, 13.95, P0, 0x0000000000000000
2026/08/28 09:46:24.153, 58, 2, 0, 2411, 2411, 13.95, P0, 0x0000000000000000
2026/08/28 09:46:24.253, 58, 2, 0, 2411, 2411, 13.95, P0, 0x0000000000000000
2026/08/28 09:46:24.353, 58, 2, 0, 2411, 2411, 13.96, P0, 0x0000000000000000
2026/08/28 09:46:24.453, 58, 2, 0, 2411, 2411, 13.96, P0, 0x0000000000000000
2026/08/28 09:46:24.553, 58, 2, 0, 2411, 2411, 13.96, P0, 0x0000000000000000
2026/08/28 09:46:24.653, 58, 2, 0, 2411, 2411, 13.96, P0, 0x0000000000000000
2026/08/28 09:46:24.754, 58, 2, 0, 2411, 2411, 13.96, P0, 0x0000000000000000
2026/08/28 09:46:24.854, 58, 2, 0, 2411, 2411, 13.94, P0, 0x0000000000000000
2026/08/28 09:46:24.954, 58, 2, 0, 2411, 2411, 13.94, P0, 0x0000000000000000
2026/08/28 09:46:25.054, 58, 2, 0, 2411, 2411, 13.94, P0, 0x0000000000000000
2026/08/28 09:46:25.154, 58, 2, 0, 2411, 2411, 13.94, P0, 0x0000000000000000
2026/08/28 09:46:25.254, 58, 2, 0, 2411, 2411, 13.94, P0, 0x0000000000000000
2026/08/28 09:46:25.354, 58, 2, 0, 2411, 2411, 13.93, P0, 0x0000000000000000
2026/08/28 09:46:25.454, 58, 2, 0, 2411, 2411, 13.93, P0, 0x0000000000000000
2026/08/28 09:46:25.555, 58, 2, 0, 2411, 2411, 13.93, P0, 0x0000000000000000
2026/08/28 09:46:25.655, 58, 2, 0, 2411, 2411, 13.93, P0, 0x0000000000000000
2026/08/28 09:46:25.755, 58, 2, 0, 2411, 2411, 13.93, P0, 0x0000000000000000
2026/08/28 09:46:25.855, 57, 2, 0, 2411, 2411, 13.94, P0, 0x0000000000000000
2026/08/28 09:46:25.955, 57, 2, 0, 2411, 2411, 13.94, P0, 0x0000000000000000
2026/08/28 09:46:26.055, 57, 2, 0, 2411, 2411, 13.94, P0, 0x0000000000000000
2026/08/28 09:46:26.155, 57, 2, 0, 2411, 2411, 13.94, P0, 0x0000000000000000
2026/08/28 09:46:26.256, 57, 2, 0, 2411, 2411, 13.94, P0, 0x0000000000000000
2026/08/28 09:46:26.356, 58, 1, 0, 2411, 2411, 13.94, P0, 0x0000000000000000
2026/08/28 09:46:26.456, 58, 1, 0, 2411, 2411, 13.94, P0, 0x0000000000000000
2026/08/28 09:46:26.556, 58, 1, 0, 2411, 2411, 13.94, P0, 0x0000000000000000
2026/08/28 09:46:26.656, 58, 1, 0, 2411, 2411, 13.94, P0, 0x0000000000000000
2026/08/28 09:46:26.756, 58, 1, 0, 2411, 2411, 13.94, P0, 0x0000000000000000
2026/08/28 09:46:26.856, 57, 1, 0, 2411, 2411, 13.90, P0, 0x0000000000000000
2026/08/28 09:46:26.956, 57, 1, 0, 2411, 2411, 13.90, P0, 0x0000000000000000
2026/08/28 09:46:27.057, 57, 1, 0, 2411, 2411, 13.90, P0, 0x0000000000000000
2026/08/28 09:46:27.157, 57, 1, 0, 2411, 2411, 13.90, P0, 0x0000000000000000
2026/08/28 09:46:27.257, 57, 1, 0, 2411, 2411, 13.90, P0, 0x0000000000000000
2026/08/28 09:46:27.357, 57, 2, 0, 2411, 2411, 13.89, P0, 0x0000000000000000
2026/08/28 09:46:27.457, 57, 2, 0, 2411, 2411, 13.89, P0, 0x0000000000000000
2026/08/28 09:46:27.557, 57, 2, 0, 2411, 2411, 13.89, P0, 0x0000000000000000
2026/08/28 09:46:27.657, 57, 2, 0, 2411, 2411, 13.89, P0, 0x0000000000000000
2026/08/28 09:46:27.758, 57, 2, 0, 2411, 2411, 13.89, P0, 0x0000000000000000
2026/08/28 09:46:27.858, 57, 2, 0, 2411, 2411, 13.92, P0, 0x0000000000000000
2026/08/28 09:46:27.958, 57, 2, 0, 2411, 2411, 13.92, P0, 0x0000000000000000
2026/08/28 09:46:28.058, 57, 2, 0, 2411, 2411, 13.92, P0, 0x0000000000000000
2026/08/28 09:46:28.158, 57, 2, 0, 2411, 2411, 13.92, P0, 0x0000000000000000
2026/08/28 09:46:28.258, 57, 2, 0, 2411, 2411, 13.92, P0, 0x0000000000000000
2026/08/28 09:46:28.358, 57, 1, 0, 2411, 2411, 13.91, P0, 0x0000000000000000
2026/08/28 09:46:28.458, 57, 1, 0, 2411, 2411, 13.91, P0, 0x0000000000000000
2026/08/28 09:46:28.558, 57, 1, 0, 2411, 2411, 13.91, P0, 0x0000000000000000
2026/08/28 09:46:28.659, 57, 1, 0, 2411, 2411, 13.91, P0, 0x0000000000000000
2026/08/28 09:46:28.759, 57, 1, 0, 2411, 2411, 13.91, P0, 0x0000000000000000
2026/08/28 09:46:28.859, 57, 1, 0, 2411, 2411, 13.89, P0, 0x0000000000000000
2026/08/28 09:46:28.959, 57, 1, 0, 2411, 2411, 13.89, P0, 0x0000000000000000
2026/08/28 09:46:29.059, 57, 1, 0, 2411, 2411, 13.89, P0, 0x0000000000000000
2026/08/28 09:46:29.159, 57, 1, 0, 2411, 2411, 13.89, P0, 0x0000000000000000
2026/08/28 09:46:29.260, 57, 1, 0, 2411, 2411, 13.89, P0, 0x0000000000000000
2026/08/28 09:46:29.360, 58, 2, 0, 2411, 2411, 13.88, P0, 0x0000000000000000
2026/08/28 09:46:29.460, 58, 2, 0, 2411, 2411, 13.88, P0, 0x0000000000000000
2026/08/28 09:46:29.560, 58, 2, 0, 2411, 2411, 13.88, P0, 0x0000000000000000
2026/08/28 09:46:29.660, 58, 2, 0, 2411, 2411, 13.88, P0, 0x0000000000000000
2026/08/28 09:46:29.760, 58, 2, 0, 2411, 2411, 13.88, P0, 0x0000000000000000
2026/08/28 09:46:29.860, 57, 2, 0, 2411, 2411, 13.86, P0, 0x0000000000000000
2026/08/28 09:46:29.960, 57, 2, 0, 2411, 2411, 13.86, P0, 0x0000000000000000
2026/08/28 09:46:30.061, 57, 2, 0, 2411, 2411, 13.86, P0, 0x0000000000000000
2026/08/28 09:46:30.161, 57, 2, 0, 2411, 2411, 13.86, P0, 0x0000000000000000
2026/08/28 09:46:30.261, 57, 2, 0, 2411, 2411, 13.86, P0, 0x0000000000000000
2026/08/28 09:46:30.361, 57, 1, 0, 2411, 2411, 13.88, P0, 0x0000000000000000
2026/08/28 09:46:30.461, 57, 1, 0, 2411, 2411, 13.88, P0, 0x0000000000000000
2026/08/28 09:46:30.561, 57, 1, 0, 2411, 2411, 13.88, P0, 0x0000000000000000
2026/08/28 09:46:30.661, 57, 1, 0, 2411, 2411, 13.88, P0, 0x0000000000000000
2026/08/28 09:46:30.761, 57, 1, 0, 2411, 2411, 13.88, P0, 0x0000000000000000
2026/08/28 09:46:30.862, 57, 1, 0, 2411, 2411, 13.90, P0, 0x0000000000000000
2026/08/28 09:46:30.962, 57, 1, 0, 2411, 2411, 13.90, P0, 0x0000000000000000
2026/08/28 09:46:31.062, 57, 1, 0, 2411, 2411, 13.90, P0, 0x0000000000000000
2026/08/28 09:46:31.162, 57, 1, 0, 2411, 2411, 13.90, P0, 0x0000000000000000
2026/08/28 09:46:31.262, 57, 1, 0, 2411, 2411, 13.90, P0, 0x0000000000000000
2026/08/28 09:46:31.362, 57, 2, 0, 2411, 2411, 13.84, P0, 0x0000000000000000
2026/08/28 09:46:31.462, 57, 2, 0, 2411, 2411, 13.84, P0, 0x0000000000000000
2026/08/28 09:46:31.562, 57, 2, 0, 2411, 2411, 13.84, P0, 0x0000000000000000
2026/08/28 09:46:31.663, 57, 2, 0, 2411, 2411, 13.84, P0, 0x0000000000000000
2026/08/28 09:46:31.763, 57, 2, 0, 2411, 2411, 13.84, P0, 0x0000000000000000
2026/08/28 09:46:31.863, 57, 2, 0, 2411, 2411, 13.82, P0, 0x0000000000000000
2026/08/28 09:46:31.963, 57, 2, 0, 2411, 2411, 13.82, P0, 0x0000000000000000
2026/08/28 09:46:32.063, 57, 2, 0, 2411, 2411, 13.82, P0, 0x0000000000000000
2026/08/28 09:46:32.163, 57, 2, 0, 2411, 2411, 13.82, P0, 0x0000000000000000
2026/08/28 09:46:32.264, 57, 2, 0, 2411, 2411, 13.82, P0, 0x0000000000000000
2026/08/28 09:46:32.364, 57, 1, 0, 2411, 2411, 13.89, P0, 0x0000000000000000
2026/08/28 09:46:32.464, 57, 1, 0, 2411, 2411, 13.89, P0, 0x0000000000000000
2026/08/28 09:46:32.564, 57, 1, 0, 2411, 2411, 13.89, P0, 0x0000000000000000
2026/08/28 09:46:32.664, 57, 1, 0, 2411, 2411, 13.89, P0, 0x0000000000000000
2026/08/28 09:46:32.764, 57, 1, 0, 2411, 2411, 13.89, P0, 0x0000000000000000
2026/08/28 09:46:32.864, 57, 1, 0, 2411, 2411, 13.92, P0, 0x0000000000000000
2026/08/28 09:46:32.964, 57, 1, 0, 2411, 2411, 13.92, P0, 0x0000000000000000
2026/08/28 09:46:33.065, 57, 1, 0, 2411, 2411, 13.92, P0, 0x0000000000000000
2026/08/28 09:46:33.165, 57, 1, 0, 2411, 2411, 13.92, P0, 0x0000000000000000
2026/08/28 09:46:33.265, 57, 1, 0, 2411, 2411, 13.92, P0, 0x0000000000000000
2026/08/28 09:46:33.365, 57, 2, 0, 2411, 2411, 13.90, P0, 0x0000000000000000
2026/08/28 09:46:33.465, 57, 2, 0, 2411, 2411, 13.90, P0, 0x0000000000000000
2026/08/28 09:46:33.565, 57, 2, 0, 2411, 2411, 13.90, P0, 0x0000000000000000
2026/08/28 09:46:33.665, 57, 2, 0, 2411, 2411, 13.90, P0, 0x0000000000000000
2026/08/28 09:46:33.765, 57, 2, 0, 2411, 2411, 13.90, P0, 0x0000000000000000
2026/08/28 09:46:33.866, 57, 2, 0, 2411, 2411, 13.89, P0, 0x0000000000000000
2026/08/28 09:46:33.966, 57, 2, 0, 2411, 2411, 13.89, P0, 0x0000000000000000
2026/08/28 09:46:34.066, 57, 2, 0, 2411, 2411, 13.89, P0, 0x0000000000000000
2026/08/28 09:46:34.166, 57, 2, 0, 2411, 2411, 13.89, P0, 0x0000000000000000
2026/08/28 09:46:34.266, 57, 2, 0, 2411, 2411, 13.89, P0, 0x0000000000000000
2026/08/28 09:46:34.366, 57, 2, 0, 2411, 2411, 13.92, P0, 0x0000000000000000
2026/08/28 09:46:34.466, 57, 2, 0, 2411, 2411, 13.92, P0, 0x0000000000000000
2026/08/28 09:46:34.567, 57, 2, 0, 2411, 2411, 13.92, P0, 0x0000000000000000
2026/08/28 09:46:34.667, 57, 2, 0, 2411, 2411, 13.92, P0, 0x0000000000000000
2026/08/28 09:46:34.767, 57, 2, 0, 2411, 2411, 13.92, P0, 0x0000000000000000
2026/08/28 09:46:34.867, 57, 2, 0, 2411, 2411, 13.93, P0, 0x0000000000000000
2026/08/28 09:46:34.967, 57, 2, 0, 2411, 2411, 13.93, P0, 0x0000000000000000
2026/08/28 09:46:35.067, 57, 2, 0, 2411, 2411, 13.93, P0, 0x0000000000000000
2026/08/28 09:46:35.168, 57, 2, 0, 2411, 2411, 13.93, P0, 0x0000000000000000
2026/08/28 09:46:35.268, 57, 2, 0, 2411, 2411, 13.93, P0, 0x0000000000000000
2026/08/28 09:46:35.368, 57, 0, 0, 2411, 2411, 13.87, P0, 0x0000000000000000
2026/08/28 09:46:35.468, 57, 0, 0, 2411, 2411, 13.87, P0, 0x0000000000000000
2026/08/28 09:46:35.568, 57, 0, 0, 2411, 2411, 13.87, P0, 0x0000000000000000
2026/08/28 09:46:35.668, 57, 0, 0, 2411, 2411, 13.87, P0, 0x0000000000000000
2026/08/28 09:46:35.768, 57, 0, 0, 2411, 2411, 13.87, P0, 0x0000000000000000
2026/08/28 09:46:35.868, 57, 0, 0, 2411, 2411, 13.86, P0, 0x0000000000000000
2026/08/28 09:46:35.969, 57, 0, 0, 2411, 2411, 13.86, P0, 0x0000000000000000
2026/08/28 09:46:36.069, 57, 0, 0, 2411, 2411, 13.86, P0, 0x0000000000000000
2026/08/28 09:46:36.169, 57, 0, 0, 2411, 2411, 13.86, P0, 0x0000000000000000
2026/08/28 09:46:36.269, 57, 0, 0, 2411, 2411, 13.86, P0, 0x0000000000000000
2026/08/28 09:46:36.369, 57, 2, 0, 2411, 2411, 13.89, P0, 0x0000000000000000
2026/08/28 09:46:36.469, 57, 2, 0, 2411, 2411, 13.89, P0, 0x0000000000000000
2026/08/28 09:46:36.569, 57, 2, 0, 2411, 2411, 13.89, P0, 0x0000000000000000
2026/08/28 09:46:36.669, 57, 2, 0, 2411, 2411, 13.89, P0, 0x0000000000000000
2026/08/28 09:46:36.770, 57, 2, 0, 2411, 2411, 13.89, P0, 0x0000000000000000
2026/08/28 09:46:36.870, 57, 2, 0, 2411, 2411, 13.89, P0, 0x0000000000000000
2026/08/28 09:46:36.970, 57, 2, 0, 2411, 2411, 13.89, P0, 0x0000000000000000
2026/08/28 09:46:37.070, 57, 2, 0, 2411, 2411, 13.89, P0, 0x0000000000000000
2026/08/28 09:46:37.170, 57, 2, 0, 2411, 2411, 13.89, P0, 0x0000000000000000
2026/08/28 09:46:37.270, 57, 2, 0, 2411, 2411, 13.89, P0, 0x0000000000000000
2026/08/28 09:46:37.371, 57, 2, 0, 2411, 2411, 13.91, P0, 0x0000000000000000
2026/08/28 09:46:37.471, 57, 2, 0, 2411, 2411, 13.91, P0, 0x0000000000000000
2026/08/28 09:46:37.571, 57, 2, 0, 2411, 2411, 13.91, P0, 0x0000000000000000
2026/08/28 09:46:37.671, 57, 2, 0, 2411, 2411, 13.91, P0, 0x0000000000000000
2026/08/28 09:46:37.771, 57, 2, 0, 2411, 2411, 13.91, P0, 0x0000000000000000
2026/08/28 09:46:37.871, 57, 2, 0, 2411, 2411, 13.93, P0, 0x0000000000000000
2026/08/28 09:46:37.971, 57, 2, 0, 2411, 2411, 13.93, P0, 0x0000000000000000
2026/08/28 09:46:38.071, 57, 2, 0, 2411, 2411, 13.93, P0, 0x0000000000000000
2026/08/28 09:46:38.172, 57, 2, 0, 2411, 2411, 13.93, P0, 0x0000000000000000
2026/08/28 09:46:38.272, 57, 2, 0, 2411, 2411, 13.93, P0, 0x0000000000000000
2026/08/28 09:46:38.372, 57, 2, 0, 2411, 2411, 13.92, P0, 0x0000000000000000
2026/08/28 09:46:38.472, 57, 2, 0, 2411, 2411, 13.92, P0, 0x0000000000000000
2026/08/28 09:46:38.572, 57, 2, 0, 2411, 2411, 13.92, P0, 0x0000000000000000
2026/08/28 09:46:38.672, 57, 2, 0, 2411, 2411, 13.92, P0, 0x0000000000000000
2026/08/28 09:46:38.772, 57, 2, 0, 2411, 2411, 13.92, P0, 0x0000000000000000
2026/08/28 09:46:38.873, 57, 2, 0, 2411, 2411, 13.89, P0, 0x0000000000000000
2026/08/28 09:46:38.973, 57, 2, 0, 2411, 2411, 13.89, P0, 0x0000000000000000
2026/08/28 09:46:39.073, 57, 2, 0, 2411, 2411, 13.89, P0, 0x0000000000000000
2026/08/28 09:46:39.173, 57, 2, 0, 2411, 2411, 13.89, P0, 0x0000000000000000
2026/08/28 09:46:39.273, 57, 2, 0, 2411, 2411, 13.89, P0, 0x0000000000000000
2026/08/28 09:46:39.373, 57, 1, 0, 2411, 2411, 13.85, P0, 0x0000000000000000
2026/08/28 09:46:39.473, 57, 1, 0, 2411, 2411, 13.85, P0, 0x0000000000000000
2026/08/28 09:46:39.573, 57, 1, 0, 2411, 2411, 13.85, P0, 0x0000000000000000
2026/08/28 09:46:39.674, 57, 1, 0, 2411, 2411, 13.85, P0, 0x0000000000000000
2026/08/28 09:46:39.774, 57, 1, 0, 2411, 2411, 13.85, P0, 0x0000000000000000
2026/08/28 09:46:39.874, 57, 1, 0, 2411, 2411, 13.82, P0, 0x0000000000000000
2026/08/28 09:46:39.974, 57, 1, 0, 2411, 2411, 13.82, P0, 0x0000000000000000
2026/08/28 09:46:40.074, 57, 1, 0, 2411, 2411, 13.82, P0, 0x0000000000000000
2026/08/28 09:46:40.174, 57, 1, 0, 2411, 2411, 13.82, P0, 0x0000000000000000
2026/08/28 09:46:40.274, 57, 1, 0, 2411, 2411, 13.82, P0, 0x0000000000000000
2026/08/28 09:46:40.375, 57, 2, 0, 2411, 2411, 13.83, P0, 0x0000000000000000
2026/08/28 09:46:40.475, 57, 2, 0, 2411, 2411, 13.83, P0, 0x0000000000000000
2026/08/28 09:46:40.575, 57, 2, 0, 2411, 2411, 13.83, P0, 0x0000000000000000
2026/08/28 09:46:40.675, 57, 2, 0, 2411, 2411, 13.83, P0, 0x0000000000000000
2026/08/28 09:46:40.775, 57, 2, 0, 2411, 2411, 13.83, P0, 0x0000000000000000
2026/08/28 09:46:40.875, 57, 2, 0, 2411, 2411, 13.84, P0, 0x0000000000000000
2026/08/28 09:46:40.975, 57, 2, 0, 2411, 2411, 13.84, P0, 0x0000000000000000
2026/08/28 09:46:41.076, 57, 2, 0, 2411, 2411, 13.84, P0, 0x0000000000000000
2026/08/28 09:46:41.176, 57, 2, 0, 2411, 2411, 13.84, P0, 0x0000000000000000
2026/08/28 09:46:41.276, 57, 2, 0, 2411, 2411, 13.84, P0, 0x0000000000000000
2026/08/28 09:46:41.376, 57, 2, 0, 2411, 2411, 13.84, P0, 0x0000000000000000
2026/08/28 09:46:41.476, 57, 2, 0, 2411, 2411, 13.84, P0, 0x0000000000000000
2026/08/28 09:46:41.576, 57, 2, 0, 2411, 2411, 13.84, P0, 0x0000000000000000
2026/08/28 09:46:41.676, 57, 2, 0, 2411, 2411, 13.84, P0, 0x0000000000000000
2026/08/28 09:46:41.777, 57, 2, 0, 2411, 2411, 13.84, P0, 0x0000000000000000
2026/08/28 09:46:41.877, 57, 2, 0, 2411, 2411, 13.85, P0, 0x0000000000000000
2026/08/28 09:46:41.977, 57, 2, 0, 2411, 2411, 13.85, P0, 0x0000000000000000
2026/08/28 09:46:42.077, 57, 2, 0, 2411, 2411, 13.85, P0, 0x0000000000000000
2026/08/28 09:46:42.177, 57, 2, 0, 2411, 2411, 13.85, P0, 0x0000000000000000
2026/08/28 09:46:42.277, 57, 2, 0, 2411, 2411, 13.85, P0, 0x0000000000000000
2026/08/28 09:46:42.378, 57, 1, 0, 2411, 2411, 13.87, P0, 0x0000000000000000
2026/08/28 09:46:42.478, 57, 1, 0, 2411, 2411, 13.87, P0, 0x0000000000000000
2026/08/28 09:46:42.578, 57, 1, 0, 2411, 2411, 13.87, P0, 0x0000000000000000
2026/08/28 09:46:42.678, 57, 1, 0, 2411, 2411, 13.87, P0, 0x0000000000000000
2026/08/28 09:46:42.778, 57, 1, 0, 2411, 2411, 13.87, P0, 0x0000000000000000
2026/08/28 09:46:42.878, 57, 1, 0, 2411, 2411, 13.87, P0, 0x0000000000000000
2026/08/28 09:46:42.979, 57, 1, 0, 2411, 2411, 13.87, P0, 0x0000000000000000
2026/08/28 09:46:43.079, 57, 1, 0, 2411, 2411, 13.87, P0, 0x0000000000000000
2026/08/28 09:46:43.179, 57, 1, 0, 2411, 2411, 13.87, P0, 0x0000000000000000
2026/08/28 09:46:43.279, 57, 1, 0, 2411, 2411, 13.87, P0, 0x0000000000000000
2026/08/28 09:46:43.379, 57, 1, 0, 2411, 2411, 13.85, P0, 0x0000000000000000
2026/08/28 09:46:43.479, 57, 1, 0, 2411, 2411, 13.85, P0, 0x0000000000000000
2026/08/28 09:46:43.579, 57, 1, 0, 2411, 2411, 13.85, P0, 0x0000000000000000
2026/08/28 09:46:43.679, 57, 1, 0, 2411, 2411, 13.85, P0, 0x0000000000000000
2026/08/28 09:46:43.780, 57, 1, 0, 2411, 2411, 13.85, P0, 0x0000000000000000
2026/08/28 09:46:43.880, 57, 1, 0, 2411, 2411, 13.77, P0, 0x0000000000000000
2026/08/28 09:46:43.980, 57, 1, 0, 2411, 2411, 13.77, P0, 0x0000000000000000
2026/08/28 09:46:44.080, 57, 1, 0, 2411, 2411, 13.77, P0, 0x0000000000000000
2026/08/28 09:46:44.180, 57, 1, 0, 2411, 2411, 13.77, P0, 0x0000000000000000
2026/08/28 09:46:44.280, 57, 1, 0, 2411, 2411, 13.77, P0, 0x0000000000000000
2026/08/28 09:46:44.380, 57, 1, 0, 2411, 2411, 13.78, P0, 0x0000000000000000
2026/08/28 09:46:44.481, 57, 1, 0, 2411, 2411, 13.78, P0, 0x0000000000000000
2026/08/28 09:46:44.581, 57, 1, 0, 2411, 2411, 13.78, P0, 0x0000000000000000
2026/08/28 09:46:44.681, 57, 1, 0, 2411, 2411, 13.78, P0, 0x0000000000000000
2026/08/28 09:46:44.781, 57, 1, 0, 2411, 2411, 13.78, P0, 0x0000000000000000
2026/08/28 09:46:44.881, 57, 1, 0, 2411, 2411, 13.81, P0, 0x0000000000000000
2026/08/28 09:46:44.981, 57, 1, 0, 2411, 2411, 13.81, P0, 0x0000000000000000
2026/08/28 09:46:45.082, 57, 1, 0, 2411, 2411, 13.81, P0, 0x0000000000000000
2026/08/28 09:46:45.182, 57, 1, 0, 2411, 2411, 13.81, P0, 0x0000000000000000
2026/08/28 09:46:45.282, 57, 1, 0, 2411, 2411, 13.81, P0, 0x0000000000000000
2026/08/28 09:46:45.382, 57, 1, 0, 2411, 2411, 13.83, P0, 0x0000000000000000
2026/08/28 09:46:45.482, 57, 1, 0, 2411, 2411, 13.83, P0, 0x0000000000000000
2026/08/28 09:46:45.582, 57, 1, 0, 2411, 2411, 13.83, P0, 0x0000000000000000
2026/08/28 09:46:45.682, 57, 1, 0, 2411, 2411, 13.83, P0, 0x0000000000000000
2026/08/28 09:46:45.782, 57, 1, 0, 2411, 2411, 13.83, P0, 0x0000000000000000
2026/08/28 09:46:45.882, 57, 1, 0, 2411, 2411, 13.88, P0, 0x0000000000000000
2026/08/28 09:46:45.983, 57, 1, 0, 2411, 2411, 13.88, P0, 0x0000000000000000
2026/08/28 09:46:46.083, 57, 1, 0, 2411, 2411, 13.88, P0, 0x0000000000000000
2026/08/28 09:46:46.183, 57, 1, 0, 2411, 2411, 13.88, P0, 0x0000000000000000
2026/08/28 09:46:46.283, 57, 1, 0, 2411, 2411, 13.88, P0, 0x0000000000000000
2026/08/28 09:46:46.383, 57, 2, 0, 2411, 2411, 13.94, P0, 0x0000000000000000
2026/08/28 09:46:46.483, 57, 2, 0, 2411, 2411, 13.94, P0, 0x0000000000000000
2026/08/28 09:46:46.584, 57, 2, 0, 2411, 2411, 13.94, P0, 0x0000000000000000
2026/08/28 09:46:46.684, 57, 2, 0, 2411, 2411, 13.94, P0, 0x0000000000000000
2026/08/28 09:46:46.784, 57, 2, 0, 2411, 2411, 13.94, P0, 0x0000000000000000
2026/08/28 09:46:46.884, 57, 2, 0, 2411, 2411, 13.94, P0, 0x0000000000000000
2026/08/28 09:46:46.984, 57, 2, 0, 2411, 2411, 13.94, P0, 0x0000000000000000
2026/08/28 09:46:47.084, 57, 2, 0, 2411, 2411, 13.94, P0, 0x0000000000000000
2026/08/28 09:46:47.185, 57, 2, 0, 2411, 2411, 13.94, P0, 0x0000000000000000
2026/08/28 09:46:47.285, 57, 2, 0, 2411, 2411, 13.94, P0, 0x0000000000000000
2026/08/28 09:46:47.385, 57, 2, 0, 2411, 2411, 13.96, P0, 0x0000000000000000
2026/08/28 09:46:47.485, 57, 2, 0, 2411, 2411, 13.96, P0, 0x0000000000000000
2026/08/28 09:46:47.585, 57, 2, 0, 2411, 2411, 13.96, P0, 0x0000000000000000
2026/08/28 09:46:47.685, 57, 2, 0, 2411, 2411, 13.96, P0, 0x0000000000000000
2026/08/28 09:46:47.785, 57, 2, 0, 2411, 2411, 13.96, P0, 0x0000000000000000
2026/08/28 09:46:47.886, 57, 2, 0, 2411, 2411, 13.98, P0, 0x0000000000000000
2026/08/28 09:46:47.986, 57, 2, 0, 2411, 2411, 13.98, P0, 0x0000000000000000
2026/08/28 09:46:48.086, 57, 2, 0, 2411, 2411, 13.98, P0, 0x0000000000000000
2026/08/28 09:46:48.186, 57, 2, 0, 2411, 2411, 13.98, P0, 0x0000000000000000
2026/08/28 09:46:48.286, 57, 2, 0, 2411, 2411, 13.98, P0, 0x0000000000000000
2026/08/28 09:46:48.386, 57, 2, 0, 2411, 2411, 13.92, P0, 0x0000000000000000
2026/08/28 09:46:48.486, 57, 2, 0, 2411, 2411, 13.92, P0, 0x0000000000000000
2026/08/28 09:46:48.587, 57, 2, 0, 2411, 2411, 13.92, P0, 0x0000000000000000
2026/08/28 09:46:48.687, 57, 2, 0, 2411, 2411, 13.92, P0, 0x0000000000000000
2026/08/28 09:46:48.787, 57, 2, 0, 2411, 2411, 13.92, P0, 0x0000000000000000
2026/08/28 09:46:48.887, 57, 2, 0, 2411, 2411, 13.76, P0, 0x0000000000000000
2026/08/28 09:46:48.987, 57, 2, 0, 2411, 2411, 13.76, P0, 0x0000000000000000
2026/08/28 09:46:49.087, 57, 2, 0, 2411, 2411, 13.76, P0, 0x0000000000000000
2026/08/28 09:46:49.187, 57, 2, 0, 2411, 2411, 13.76, P0, 0x0000000000000000
2026/08/28 09:46:49.287, 57, 2, 0, 2411, 2411, 13.76, P0, 0x0000000000000000
2026/08/28 09:46:49.388, 58, 22, 0, 2411, 2411, 14.40, P0, 0x0000000000000000
2026/08/28 09:46:49.488, 58, 22, 0, 2411, 2411, 14.40, P0, 0x0000000000000000
2026/08/28 09:46:49.588, 58, 22, 0, 2411, 2411, 14.40, P0, 0x0000000000000000
2026/08/28 09:46:49.688, 58, 22, 0, 2411, 2411, 14.40, P0, 0x0000000000000000
2026/08/28 09:46:49.789, 58, 22, 0, 2411, 2411, 14.40, P0, 0x0000000000000000
2026/08/28 09:46:49.889, 60, 22, 0, 2496, 2496, 24.92, P0, 0x0000000000000000
2026/08/28 09:46:49.989, 60, 22, 0, 2496, 2496, 24.92, P0, 0x0000000000000000
2026/08/28 09:46:50.089, 60, 22, 0, 2496, 2496, 24.92, P0, 0x0000000000000000
2026/08/28 09:46:50.189, 60, 22, 0, 2496, 2496, 24.92, P0, 0x0000000000000000
2026/08/28 09:46:50.290, 60, 22, 0, 2496, 2496, 24.92, P0, 0x0000000000000000
2026/08/28 09:46:50.390, 61, 77, 0, 2496, 2496, 34.68, P0, 0x0000000000000000
2026/08/28 09:46:50.490, 61, 77, 0, 2496, 2496, 34.68, P0, 0x0000000000000000
2026/08/28 09:46:50.590, 61, 77, 0, 2496, 2496, 34.68, P0, 0x0000000000000000
2026/08/28 09:46:50.691, 61, 77, 0, 2496, 2496, 34.68, P0, 0x0000000000000000
2026/08/28 09:46:50.791, 61, 77, 0, 2496, 2496, 34.68, P0, 0x0000000000000000
2026/08/28 09:46:50.891, 62, 77, 0, 2496, 2496, 35.34, P0, 0x0000000000000000
2026/08/28 09:46:50.991, 62, 77, 0, 2496, 2496, 35.34, P0, 0x0000000000000000
2026/08/28 09:46:51.091, 62, 77, 0, 2496, 2496, 35.34, P0, 0x0000000000000000
2026/08/28 09:46:51.192, 62, 77, 0, 2496, 2496, 35.34, P0, 0x0000000000000000
2026/08/28 09:46:51.292, 62, 77, 0, 2496, 2496, 35.34, P0, 0x0000000000000000
2026/08/28 09:46:51.392, 58, 7, 0, 2483, 2483, 32.01, P0, 0x0000000000000000
2026/08/28 09:46:51.492, 58, 7, 0, 2483, 2483, 32.01, P0, 0x0000000000000000
2026/08/28 09:46:51.592, 58, 7, 0, 2483, 2483, 32.01, P0, 0x0000000000000000
2026/08/28 09:46:51.692, 58, 7, 0, 2483, 2483, 32.01, P0, 0x0000000000000000
2026/08/28 09:46:51.793, 58, 7, 0, 2483, 2483, 32.01, P0, 0x0000000000000000
2026/08/28 09:46:51.893, 58, 7, 0, 2411, 2411, 21.28, P0, 0x0000000000000000
2026/08/28 09:46:51.993, 58, 7, 0, 2411, 2411, 21.28, P0, 0x0000000000000000
2026/08/28 09:46:52.093, 58, 7, 0, 2411, 2411, 21.28, P0, 0x0000000000000000
2026/08/28 09:46:52.193, 58, 7, 0, 2411, 2411, 21.28, P0, 0x0000000000000000
2026/08/28 09:46:52.293, 58, 7, 0, 2411, 2411, 21.28, P0, 0x0000000000000000
2026/08/28 09:46:52.393, 57, 0, 0, 2411, 2411, 13.53, P0, 0x0000000000000000
2026/08/28 09:46:52.493, 57, 0, 0, 2411, 2411, 13.53, P0, 0x0000000000000000
2026/08/28 09:46:52.593, 57, 0, 0, 2411, 2411, 13.53, P0, 0x0000000000000000
2026/08/28 09:46:52.694, 57, 0, 0, 2411, 2411, 13.53, P0, 0x0000000000000000
2026/08/28 09:46:52.794, 57, 0, 0, 2411, 2411, 13.53, P0, 0x0000000000000000
2026/08/28 09:46:52.894, 57, 0, 0, 2411, 2411, 13.42, P0, 0x0000000000000000
2026/08/28 09:46:52.994, 57, 0, 0, 2411, 2411, 13.42, P0, 0x0000000000000000
2026/08/28 09:46:53.094, 57, 0, 0, 2411, 2411, 13.42, P0, 0x0000000000000000
2026/08/28 09:46:53.194, 57, 0, 0, 2411, 2411, 13.42, P0, 0x0000000000000000
2026/08/28 09:46:53.294, 57, 0, 0, 2411, 2411, 13.42, P0, 0x0000000000000000
2026/08/28 09:46:53.394, 57, 0, 0, 2411, 2411, 13.47, P0, 0x0000000000000000
2026/08/28 09:46:53.495, 57, 0, 0, 2411, 2411, 13.47, P0, 0x0000000000000000
2026/08/28 09:46:53.595, 57, 0, 0, 2411, 2411, 13.47, P0, 0x0000000000000000
2026/08/28 09:46:53.695, 57, 0, 0, 2411, 2411, 13.47, P0, 0x0000000000000000
2026/08/28 09:46:53.795, 57, 0, 0, 2411, 2411, 13.47, P0, 0x0000000000000000
2026/08/28 09:46:53.895, 57, 0, 0, 2411, 2411, 13.55, P0, 0x0000000000000000
2026/08/28 09:46:53.995, 57, 0, 0, 2411, 2411, 13.55, P0, 0x0000000000000000
2026/08/28 09:46:54.096, 57, 0, 0, 2411, 2411, 13.55, P0, 0x0000000000000000
2026/08/28 09:46:54.196, 57, 0, 0, 2411, 2411, 13.55, P0, 0x0000000000000000
2026/08/28 09:46:54.296, 57, 0, 0, 2411, 2411, 13.55, P0, 0x0000000000000000
2026/08/28 09:46:54.396, 57, 0, 0, 2411, 2411, 13.59, P0, 0x0000000000000000
2026/08/28 09:46:54.496, 57, 0, 0, 2411, 2411, 13.59, P0, 0x0000000000000000
2026/08/28 09:46:54.596, 57, 0, 0, 2411, 2411, 13.59, P0, 0x0000000000000000
2026/08/28 09:46:54.696, 57, 0, 0, 2411, 2411, 13.59, P0, 0x0000000000000000
2026/08/28 09:46:54.796, 57, 0, 0, 2411, 2411, 13.59, P0, 0x0000000000000000
2026/08/28 09:46:54.896, 57, 0, 0, 2411, 2411, 13.53, P0, 0x0000000000000000
2026/08/28 09:46:54.997, 57, 0, 0, 2411, 2411, 13.53, P0, 0x0000000000000000
2026/08/28 09:46:55.097, 57, 0, 0, 2411, 2411, 13.53, P0, 0x0000000000000000
2026/08/28 09:46:55.197, 57, 0, 0, 2411, 2411, 13.53, P0, 0x0000000000000000
2026/08/28 09:46:55.297, 57, 0, 0, 2411, 2411, 13.53, P0, 0x0000000000000000
2026/08/28 09:46:55.397, 57, 0, 0, 2411, 2411, 13.45, P0, 0x0000000000000000
2026/08/28 09:46:55.497, 57, 0, 0, 2411, 2411, 13.45, P0, 0x0000000000000000
2026/08/28 09:46:55.597, 57, 0, 0, 2411, 2411, 13.45, P0, 0x0000000000000000
2026/08/28 09:46:55.697, 57, 0, 0, 2411, 2411, 13.45, P0, 0x0000000000000000
2026/08/28 09:46:55.798, 57, 0, 0, 2411, 2411, 13.45, P0, 0x0000000000000000
2026/08/28 09:46:55.898, 57, 0, 0, 2411, 2411, 13.48, P0, 0x0000000000000000
2026/08/28 09:46:55.998, 57, 0, 0, 2411, 2411, 13.48, P0, 0x0000000000000000
2026/08/28 09:46:56.098, 57, 0, 0, 2411, 2411, 13.48, P0, 0x0000000000000000
2026/08/28 09:46:56.198, 57, 0, 0, 2411, 2411, 13.48, P0, 0x0000000000000000
2026/08/28 09:46:56.298, 57, 0, 0, 2411, 2411, 13.48, P0, 0x0000000000000000
2026/08/28 09:46:56.398, 57, 0, 0, 2411, 2411, 13.67, P0, 0x0000000000000000
2026/08/28 09:46:56.499, 57, 0, 0, 2411, 2411, 13.67, P0, 0x0000000000000000
2026/08/28 09:46:56.599, 57, 0, 0, 2411, 2411, 13.67, P0, 0x0000000000000000
2026/08/28 09:46:56.699, 57, 0, 0, 2411, 2411, 13.67, P0, 0x0000000000000000
2026/08/28 09:46:56.799, 57, 0, 0, 2411, 2411, 13.67, P0, 0x0000000000000000
2026/08/28 09:46:56.899, 57, 0, 0, 2411, 2411, 13.71, P0, 0x0000000000000000
2026/08/28 09:46:56.999, 57, 0, 0, 2411, 2411, 13.71, P0, 0x0000000000000000
2026/08/28 09:46:57.099, 57, 0, 0, 2411, 2411, 13.71, P0, 0x0000000000000000
2026/08/28 09:46:57.200, 57, 0, 0, 2411, 2411, 13.71, P0, 0x0000000000000000
2026/08/28 09:46:57.300, 57, 0, 0, 2411, 2411, 13.71, P0, 0x0000000000000000
2026/08/28 09:46:57.400, 58, 26, 0, 2437, 2437, 15.73, P0, 0x0000000000000000
2026/08/28 09:46:57.500, 58, 26, 0, 2437, 2437, 15.73, P0, 0x0000000000000000
2026/08/28 09:46:57.600, 58, 26, 0, 2437, 2437, 15.73, P0, 0x0000000000000000
2026/08/28 09:46:57.700, 58, 26, 0, 2437, 2437, 15.73, P0, 0x0000000000000000
2026/08/28 09:46:57.800, 58, 26, 0, 2437, 2437, 15.73, P0, 0x0000000000000000
2026/08/28 09:46:57.900, 57, 26, 0, 2411, 2411, 15.45, P0, 0x0000000000000000
2026/08/28 09:46:58.001, 57, 26, 0, 2411, 2411, 15.45, P0, 0x0000000000000000
2026/08/28 09:46:58.101, 57, 26, 0, 2411, 2411, 15.45, P0, 0x0000000000000000
2026/08/28 09:46:58.201, 57, 26, 0, 2411, 2411, 15.45, P0, 0x0000000000000000
2026/08/28 09:46:58.301, 57, 26, 0, 2411, 2411, 15.45, P0, 0x0000000000000000
2026/08/28 09:46:58.401, 57, 0, 0, 2424, 2424, 15.39, P0, 0x0000000000000000
2026/08/28 09:46:58.502, 57, 0, 0, 2424, 2424, 15.39, P0, 0x0000000000000000
2026/08/28 09:46:58.602, 57, 0, 0, 2424, 2424, 15.39, P0, 0x0000000000000000
2026/08/28 09:46:58.702, 57, 0, 0, 2424, 2424, 15.39, P0, 0x0000000000000000
2026/08/28 09:46:58.802, 57, 0, 0, 2424, 2424, 15.39, P0, 0x0000000000000000
2026/08/28 09:46:58.902, 57, 0, 0, 2450, 2450, 17.41, P0, 0x0000000000000000
2026/08/28 09:46:59.002, 57, 0, 0, 2450, 2450, 17.41, P0, 0x0000000000000000
2026/08/28 09:46:59.102, 57, 0, 0, 2450, 2450, 17.41, P0, 0x0000000000000000
2026/08/28 09:46:59.203, 57, 0, 0, 2450, 2450, 17.41, P0, 0x0000000000000000
2026/08/28 09:46:59.303, 57, 0, 0, 2450, 2450, 17.41, P0, 0x0000000000000000
2026/08/28 09:46:59.403, 58, 18, 0, 2444, 2444, 17.57, P0, 0x0000000000000000
2026/08/28 09:46:59.503, 58, 18, 0, 2444, 2444, 17.57, P0, 0x0000000000000000
2026/08/28 09:46:59.603, 58, 18, 0, 2444, 2444, 17.57, P0, 0x0000000000000000
2026/08/28 09:46:59.703, 58, 18, 0, 2444, 2444, 17.57, P0, 0x0000000000000000
2026/08/28 09:46:59.803, 58, 18, 0, 2444, 2444, 17.57, P0, 0x0000000000000000
2026/08/28 09:46:59.903, 57, 18, 0, 2411, 2411, 15.44, P0, 0x0000000000000000
2026/08/28 09:47:00.004, 57, 18, 0, 2411, 2411, 15.44, P0, 0x0000000000000000
2026/08/28 09:47:00.104, 57, 18, 0, 2411, 2411, 15.44, P0, 0x0000000000000000
2026/08/28 09:47:00.204, 57, 18, 0, 2411, 2411, 15.44, P0, 0x0000000000000000
2026/08/28 09:47:00.304, 57, 18, 0, 2411, 2411, 15.44, P0, 0x0000000000000000
2026/08/28 09:47:00.404, 57, 0, 0, 2411, 2411, 13.54, P0, 0x0000000000000000
2026/08/28 09:47:00.504, 57, 0, 0, 2411, 2411, 13.54, P0, 0x0000000000000000
2026/08/28 09:47:00.604, 57, 0, 0, 2411, 2411, 13.54, P0, 0x0000000000000000
2026/08/28 09:47:00.704, 57, 0, 0, 2411, 2411, 13.54, P0, 0x0000000000000000
2026/08/28 09:47:00.805, 57, 0, 0, 2411, 2411, 13.54, P0, 0x0000000000000000
2026/08/28 09:47:00.905, 58, 0, 0, 2476, 2476, 17.51, P0, 0x0000000000000000
2026/08/28 09:47:01.005, 58, 0, 0, 2476, 2476, 17.51, P0, 0x0000000000000000
2026/08/28 09:47:01.105, 58, 0, 0, 2476, 2476, 17.51, P0, 0x0000000000000000
2026/08/28 09:47:01.205, 58, 0, 0, 2476, 2476, 17.51, P0, 0x0000000000000000
2026/08/28 09:47:01.305, 58, 0, 0, 2476, 2476, 17.51, P0, 0x0000000000000000
2026/08/28 09:47:01.405, 57, 0, 0, 2450, 2450, 20.53, P0, 0x0000000000000000
2026/08/28 09:47:01.506, 57, 0, 0, 2450, 2450, 20.53, P0, 0x0000000000000000
2026/08/28 09:47:01.606, 57, 0, 0, 2450, 2450, 20.53, P0, 0x0000000000000000
2026/08/28 09:47:01.706, 57, 0, 0, 2450, 2450, 20.53, P0, 0x0000000000000000
2026/08/28 09:47:01.806, 57, 0, 0, 2450, 2450, 20.53, P0, 0x0000000000000000
2026/08/28 09:47:01.906, 59, 0, 0, 2411, 2411, 19.68, P0, 0x0000000000000000
2026/08/28 09:47:02.006, 59, 0, 0, 2411, 2411, 19.68, P0, 0x0000000000000000
2026/08/28 09:47:02.107, 59, 0, 0, 2411, 2411, 19.68, P0, 0x0000000000000000
2026/08/28 09:47:02.207, 59, 0, 0, 2411, 2411, 19.68, P0, 0x0000000000000000
2026/08/28 09:47:02.307, 59, 0, 0, 2411, 2411, 19.68, P0, 0x0000000000000000
2026/08/28 09:47:02.407, 59, 81, 0, 2450, 2450, 20.38, P0, 0x0000000000000000
2026/08/28 09:47:02.507, 59, 81, 0, 2450, 2450, 20.38, P0, 0x0000000000000000
2026/08/28 09:47:02.607, 59, 81, 0, 2450, 2450, 20.38, P0, 0x0000000000000000
2026/08/28 09:47:02.707, 59, 81, 0, 2450, 2450, 20.38, P0, 0x0000000000000000
2026/08/28 09:47:02.808, 59, 81, 0, 2450, 2450, 20.38, P0, 0x0000000000000000
2026/08/28 09:47:02.908, 59, 81, 0, 2450, 2450, 21.09, P0, 0x0000000000000000
2026/08/28 09:47:03.008, 59, 81, 0, 2450, 2450, 21.09, P0, 0x0000000000000000
2026/08/28 09:47:03.108, 59, 81, 0, 2450, 2450, 21.09, P0, 0x0000000000000000
2026/08/28 09:47:03.208, 59, 81, 0, 2450, 2450, 21.09, P0, 0x0000000000000000
2026/08/28 09:47:03.308, 59, 81, 0, 2450, 2450, 21.09, P0, 0x0000000000000000
2026/08/28 09:47:03.409, 58, 0, 0, 2450, 2450, 18.84, P0, 0x0000000000000000
2026/08/28 09:47:03.509, 58, 0, 0, 2450, 2450, 18.84, P0, 0x0000000000000000
2026/08/28 09:47:03.609, 58, 0, 0, 2450, 2450, 18.84, P0, 0x0000000000000000
2026/08/28 09:47:03.709, 58, 0, 0, 2450, 2450, 18.84, P0, 0x0000000000000000
2026/08/28 09:47:03.809, 58, 0, 0, 2450, 2450, 18.84, P0, 0x0000000000000000
2026/08/28 09:47:03.909, 59, 0, 0, 2411, 2411, 17.20, P0, 0x0000000000000000
2026/08/28 09:47:04.010, 59, 0, 0, 2411, 2411, 17.20, P0, 0x0000000000000000
2026/08/28 09:47:04.110, 59, 0, 0, 2411, 2411, 17.20, P0, 0x0000000000000000
2026/08/28 09:47:04.210, 59, 0, 0, 2411, 2411, 17.20, P0, 0x0000000000000000
2026/08/28 09:47:04.310, 59, 0, 0, 2411, 2411, 17.20, P0, 0x0000000000000000
2026/08/28 09:47:04.410, 58, 0, 0, 2450, 2450, 16.97, P0, 0x0000000000000000
2026/08/28 09:47:04.510, 58, 0, 0, 2450, 2450, 16.97, P0, 0x0000000000000000
2026/08/28 09:47:04.610, 58, 0, 0, 2450, 2450, 16.97, P0, 0x0000000000000000
2026/08/28 09:47:04.711, 58, 0, 0, 2450, 2450, 16.97, P0, 0x0000000000000000
2026/08/28 09:47:04.811, 58, 0, 0, 2450, 2450, 16.97, P0, 0x0000000000000000
2026/08/28 09:47:04.911, 59, 0, 0, 2424, 2424, 18.71, P0, 0x0000000000000000
2026/08/28 09:47:05.011, 59, 0, 0, 2424, 2424, 18.71, P0, 0x0000000000000000
2026/08/28 09:47:05.111, 59, 0, 0, 2424, 2424, 18.71, P0, 0x0000000000000000
2026/08/28 09:47:05.211, 59, 0, 0, 2424, 2424, 18.71, P0, 0x0000000000000000
2026/08/28 09:47:05.312, 59, 0, 0, 2424, 2424, 18.71, P0, 0x0000000000000000
2026/08/28 09:47:05.412, 58, 18, 0, 2450, 2450, 19.97, P0, 0x0000000000000000
2026/08/28 09:47:05.512, 58, 18, 0, 2450, 2450, 19.97, P0, 0x0000000000000000
2026/08/28 09:47:05.612, 58, 18, 0, 2450, 2450, 19.97, P0, 0x0000000000000000
2026/08/28 09:47:05.712, 58, 18, 0, 2450, 2450, 19.97, P0, 0x0000000000000000
2026/08/28 09:47:05.812, 58, 18, 0, 2450, 2450, 19.97, P0, 0x0000000000000000
2026/08/28 09:47:05.913, 58, 18, 0, 2450, 2450, 18.69, P0, 0x0000000000000000
2026/08/28 09:47:06.013, 58, 18, 0, 2450, 2450, 18.69, P0, 0x0000000000000000
2026/08/28 09:47:06.113, 58, 18, 0, 2450, 2450, 18.69, P0, 0x0000000000000000
2026/08/28 09:47:06.213, 58, 18, 0, 2450, 2450, 18.69, P0, 0x0000000000000000
2026/08/28 09:47:06.313, 58, 18, 0, 2450, 2450, 18.69, P0, 0x0000000000000000
2026/08/28 09:47:06.413, 60, 65, 0, 2470, 2470, 21.19, P0, 0x0000000000000000
2026/08/28 09:47:06.513, 60, 65, 0, 2470, 2470, 21.19, P0, 0x0000000000000000
2026/08/28 09:47:06.614, 60, 65, 0, 2470, 2470, 21.19, P0, 0x0000000000000000
2026/08/28 09:47:06.714, 60, 65, 0, 2470, 2470, 21.19, P0, 0x0000000000000000
2026/08/28 09:47:06.814, 60, 65, 0, 2470, 2470, 21.19, P0, 0x0000000000000000
2026/08/28 09:47:06.914, 59, 65, 0, 2476, 2476, 23.45, P0, 0x0000000000000000
2026/08/28 09:47:07.014, 59, 65, 0, 2476, 2476, 23.45, P0, 0x0000000000000000
2026/08/28 09:47:07.114, 59, 65, 0, 2476, 2476, 23.45, P0, 0x0000000000000000
2026/08/28 09:47:07.215, 59, 65, 0, 2476, 2476, 23.45, P0, 0x0000000000000000
2026/08/28 09:47:07.315, 59, 65, 0, 2476, 2476, 23.45, P0, 0x0000000000000000
2026/08/28 09:47:07.415, 59, 53, 0, 2444, 2444, 22.17, P0, 0x0000000000000000
2026/08/28 09:47:07.515, 59, 53, 0, 2444, 2444, 22.17, P0, 0x0000000000000000
2026/08/28 09:47:07.615, 59, 53, 0, 2444, 2444, 22.17, P0, 0x0000000000000000
2026/08/28 09:47:07.715, 59, 53, 0, 2444, 2444, 22.17, P0, 0x0000000000000000
2026/08/28 09:47:07.815, 59, 53, 0, 2444, 2444, 22.17, P0, 0x0000000000000000
2026/08/28 09:47:07.916, 58, 53, 0, 2450, 2450, 19.36, P0, 0x0000000000000000
2026/08/28 09:47:08.016, 58, 53, 0, 2450, 2450, 19.36, P0, 0x0000000000000000
2026/08/28 09:47:08.116, 58, 53, 0, 2450, 2450, 19.36, P0, 0x0000000000000000
2026/08/28 09:47:08.216, 58, 53, 0, 2450, 2450, 19.36, P0, 0x0000000000000000
2026/08/28 09:47:08.316, 58, 53, 0, 2450, 2450, 19.36, P0, 0x0000000000000000
2026/08/28 09:47:08.416, 58, 33, 0, 2450, 2450, 19.19, P0, 0x0000000000000000
2026/08/28 09:47:08.517, 58, 33, 0, 2450, 2450, 19.19, P0, 0x0000000000000000
2026/08/28 09:47:08.617, 58, 33, 0, 2450, 2450, 19.19, P0, 0x0000000000000000
2026/08/28 09:47:08.717, 58, 33, 0, 2450, 2450, 19.19, P0, 0x0000000000000000
2026/08/28 09:47:08.817, 58, 33, 0, 2450, 2450, 19.19, P0, 0x0000000000000000
2026/08/28 09:47:08.917, 58, 33, 0, 2463, 2463, 20.69, P0, 0x0000000000000000
2026/08/28 09:47:09.017, 58, 33, 0, 2463, 2463, 20.69, P0, 0x0000000000000000
2026/08/28 09:47:09.118, 58, 33, 0, 2463, 2463, 20.69, P0, 0x0000000000000000
2026/08/28 09:47:09.219, 58, 33, 0, 2463, 2463, 20.69, P0, 0x0000000000000000
2026/08/28 09:47:09.319, 58, 33, 0, 2463, 2463, 20.69, P0, 0x0000000000000000
2026/08/28 09:47:09.419, 58, 0, 0, 2450, 2450, 20.90, P0, 0x0000000000000000
2026/08/28 09:47:09.519, 58, 0, 0, 2450, 2450, 20.90, P0, 0x0000000000000000
2026/08/28 09:47:09.619, 58, 0, 0, 2450, 2450, 20.90, P0, 0x0000000000000000
2026/08/28 09:47:09.719, 58, 0, 0, 2450, 2450, 20.90, P0, 0x0000000000000000
2026/08/28 09:47:09.820, 58, 0, 0, 2450, 2450, 20.90, P0, 0x0000000000000000
2026/08/28 09:47:09.920, 59, 0, 0, 2431, 2431, 20.45, P0, 0x0000000000000000
2026/08/28 09:47:10.020, 59, 0, 0, 2431, 2431, 20.45, P0, 0x0000000000000000
2026/08/28 09:47:10.120, 59, 0, 0, 2431, 2431, 20.45, P0, 0x0000000000000000
2026/08/28 09:47:10.220, 59, 0, 0, 2431, 2431, 20.45, P0, 0x0000000000000000
2026/08/28 09:47:10.320, 59, 0, 0, 2431, 2431, 20.45, P0, 0x0000000000000000
2026/08/28 09:47:10.420, 59, 22, 0, 2450, 2450, 19.58, P0, 0x0000000000000000
2026/08/28 09:47:10.520, 59, 22, 0, 2450, 2450, 19.58, P0, 0x0000000000000000
2026/08/28 09:47:10.620, 59, 22, 0, 2450, 2450, 19.58, P0, 0x0000000000000000
2026/08/28 09:47:10.721, 59, 22, 0, 2450, 2450, 19.58, P0, 0x0000000000000000
2026/08/28 09:47:10.821, 59, 22, 0, 2450, 2450, 19.58, P0, 0x0000000000000000
2026/08/28 09:47:10.921, 59, 22, 0, 2431, 2431, 18.75, P0, 0x0000000000000000
2026/08/28 09:47:11.021, 59, 22, 0, 2431, 2431, 18.75, P0, 0x0000000000000000
2026/08/28 09:47:11.121, 59, 22, 0, 2431, 2431, 18.75, P0, 0x0000000000000000
2026/08/28 09:47:11.221, 59, 22, 0, 2431, 2431, 18.75, P0, 0x0000000000000000
2026/08/28 09:47:11.321, 59, 22, 0, 2431, 2431, 18.75, P0, 0x0000000000000000
2026/08/28 09:47:11.421, 58, 0, 0, 2450, 2450, 18.12, P0, 0x0000000000000000
2026/08/28 09:47:11.522, 58, 0, 0, 2450, 2450, 18.12, P0, 0x0000000000000000
2026/08/28 09:47:11.622, 58, 0, 0, 2450, 2450, 18.12, P0, 0x0000000000000000
2026/08/28 09:47:11.722, 58, 0, 0, 2450, 2450, 18.12, P0, 0x0000000000000000
2026/08/28 09:47:11.822, 58, 0, 0, 2450, 2450, 18.12, P0, 0x0000000000000000
2026/08/28 09:47:11.922, 58, 0, 0, 2437, 2437, 18.08, P0, 0x0000000000000000
2026/08/28 09:47:12.022, 58, 0, 0, 2437, 2437, 18.08, P0, 0x0000000000000000
2026/08/28 09:47:12.122, 58, 0, 0, 2437, 2437, 18.08, P0, 0x0000000000000000
2026/08/28 09:47:12.223, 58, 0, 0, 2437, 2437, 18.08, P0, 0x0000000000000000
2026/08/28 09:47:12.323, 58, 0, 0, 2437, 2437, 18.08, P0, 0x0000000000000000
2026/08/28 09:47:12.423, 58, 0, 0, 2411, 2411, 17.71, P0, 0x0000000000000000
2026/08/28 09:47:12.523, 58, 0, 0, 2411, 2411, 17.71, P0, 0x0000000000000000
2026/08/28 09:47:12.623, 58, 0, 0, 2411, 2411, 17.71, P0, 0x0000000000000000
2026/08/28 09:47:12.723, 58, 0, 0, 2411, 2411, 17.71, P0, 0x0000000000000000
2026/08/28 09:47:12.823, 58, 0, 0, 2411, 2411, 17.71, P0, 0x0000000000000000
2026/08/28 09:47:12.923, 59, 0, 0, 2424, 2424, 17.91, P0, 0x0000000000000000
2026/08/28 09:47:13.024, 59, 0, 0, 2424, 2424, 17.91, P0, 0x0000000000000000
2026/08/28 09:47:13.124, 59, 0, 0, 2424, 2424, 17.91, P0, 0x0000000000000000
2026/08/28 09:47:13.224, 59, 0, 0, 2424, 2424, 17.91, P0, 0x0000000000000000
2026/08/28 09:47:13.324, 59, 0, 0, 2424, 2424, 17.91, P0, 0x0000000000000000
2026/08/28 09:47:13.425, 59, 22, 0, 2444, 2444, 18.08, P0, 0x0000000000000000
2026/08/28 09:47:13.525, 59, 22, 0, 2444, 2444, 18.08, P0, 0x0000000000000000
2026/08/28 09:47:13.625, 59, 22, 0, 2444, 2444, 18.08, P0, 0x0000000000000000
2026/08/28 09:47:13.725, 59, 22, 0, 2444, 2444, 18.08, P0, 0x0000000000000000
2026/08/28 09:47:13.825, 59, 22, 0, 2444, 2444, 18.08, P0, 0x0000000000000000
2026/08/28 09:47:13.925, 58, 22, 0, 2450, 2450, 17.12, P0, 0x0000000000000000
2026/08/28 09:47:14.026, 58, 22, 0, 2450, 2450, 17.12, P0, 0x0000000000000000
2026/08/28 09:47:14.126, 58, 22, 0, 2450, 2450, 17.12, P0, 0x0000000000000000
2026/08/28 09:47:14.226, 58, 22, 0, 2450, 2450, 17.12, P0, 0x0000000000000000
2026/08/28 09:47:14.326, 58, 22, 0, 2450, 2450, 17.12, P0, 0x0000000000000000
2026/08/28 09:47:14.426, 58, 0, 0, 2444, 2444, 17.06, P0, 0x0000000000000000
2026/08/28 09:47:14.526, 58, 0, 0, 2444, 2444, 17.06, P0, 0x0000000000000000
2026/08/28 09:47:14.627, 58, 0, 0, 2444, 2444, 17.06, P0, 0x0000000000000000
2026/08/28 09:47:14.727, 58, 0, 0, 2444, 2444, 17.06, P0, 0x0000000000000000
2026/08/28 09:47:14.827, 58, 0, 0, 2444, 2444, 17.06, P0, 0x0000000000000000
2026/08/28 09:47:14.927, 58, 0, 0, 2411, 2411, 15.35, P0, 0x0000000000000000
2026/08/28 09:47:15.027, 58, 0, 0, 2411, 2411, 15.35, P0, 0x0000000000000000
2026/08/28 09:47:15.127, 58, 0, 0, 2411, 2411, 15.35, P0, 0x0000000000000000
2026/08/28 09:47:15.227, 58, 0, 0, 2411, 2411, 15.35, P0, 0x0000000000000000
2026/08/28 09:47:15.328, 58, 0, 0, 2411, 2411, 15.35, P0, 0x0000000000000000
2026/08/28 09:47:15.428, 58, 0, 0, 2411, 2411, 13.53, P0, 0x0000000000000000
2026/08/28 09:47:15.528, 58, 0, 0, 2411, 2411, 13.53, P0, 0x0000000000000000
2026/08/28 09:47:15.628, 58, 0, 0, 2411, 2411, 13.53, P0, 0x0000000000000000
2026/08/28 09:47:15.728, 58, 0, 0, 2411, 2411, 13.53, P0, 0x0000000000000000
2026/08/28 09:47:15.828, 58, 0, 0, 2411, 2411, 13.53, P0, 0x0000000000000000
2026/08/28 09:47:15.928, 58, 0, 0, 2411, 2411, 13.49, P0, 0x0000000000000000
2026/08/28 09:47:16.029, 58, 0, 0, 2411, 2411, 13.49, P0, 0x0000000000000000
2026/08/28 09:47:16.129, 58, 0, 0, 2411, 2411, 13.49, P0, 0x0000000000000000
2026/08/28 09:47:16.229, 58, 0, 0, 2411, 2411, 13.49, P0, 0x0000000000000000
2026/08/28 09:47:16.329, 58, 0, 0, 2411, 2411, 13.49, P0, 0x0000000000000000
2026/08/28 09:47:16.429, 60, 75, 0, 2411, 2411, 15.27, P0, 0x0000000000000000
2026/08/28 09:47:16.529, 60, 75, 0, 2411, 2411, 15.27, P0, 0x0000000000000000
2026/08/28 09:47:16.630, 60, 75, 0, 2411, 2411, 15.27, P0, 0x0000000000000000
2026/08/28 09:47:16.730, 60, 75, 0, 2411, 2411, 15.27, P0, 0x0000000000000000
2026/08/28 09:47:16.830, 60, 75, 0, 2411, 2411, 15.27, P0, 0x0000000000000000
2026/08/28 09:47:16.930, 58, 75, 0, 2411, 2411, 15.33, P0, 0x0000000000000000
2026/08/28 09:47:17.030, 58, 75, 0, 2411, 2411, 15.33, P0, 0x0000000000000000
2026/08/28 09:47:17.130, 58, 75, 0, 2411, 2411, 15.33, P0, 0x0000000000000000
2026/08/28 09:47:17.230, 58, 75, 0, 2411, 2411, 15.33, P0, 0x0000000000000000
2026/08/28 09:47:17.331, 58, 75, 0, 2411, 2411, 15.33, P0, 0x0000000000000000
2026/08/28 09:47:17.431, 58, 0, 0, 2450, 2450, 15.28, P0, 0x0000000000000000
2026/08/28 09:47:17.531, 58, 0, 0, 2450, 2450, 15.28, P0, 0x0000000000000000
2026/08/28 09:47:17.631, 58, 0, 0, 2450, 2450, 15.28, P0, 0x0000000000000000
2026/08/28 09:47:17.731, 58, 0, 0, 2450, 2450, 15.28, P0, 0x0000000000000000
2026/08/28 09:47:17.831, 58, 0, 0, 2450, 2450, 15.28, P0, 0x0000000000000000
2026/08/28 09:47:17.932, 58, 0, 0, 2437, 2437, 17.00, P0, 0x0000000000000000
2026/08/28 09:47:18.032, 58, 0, 0, 2437, 2437, 17.00, P0, 0x0000000000000000
2026/08/28 09:47:18.132, 58, 0, 0, 2437, 2437, 17.00, P0, 0x0000000000000000
2026/08/28 09:47:18.232, 58, 0, 0, 2437, 2437, 17.00, P0, 0x0000000000000000
2026/08/28 09:47:18.332, 58, 0, 0, 2437, 2437, 17.00, P0, 0x0000000000000000
2026/08/28 09:47:18.432, 59, 17, 0, 2411, 2411, 16.48, P0, 0x0000000000000000
2026/08/28 09:47:18.532, 59, 17, 0, 2411, 2411, 16.48, P0, 0x0000000000000000
2026/08/28 09:47:18.633, 59, 17, 0, 2411, 2411, 16.48, P0, 0x0000000000000000
2026/08/28 09:47:18.733, 59, 17, 0, 2411, 2411, 16.48, P0, 0x0000000000000000
2026/08/28 09:47:18.833, 59, 17, 0, 2411, 2411, 16.48, P0, 0x0000000000000000
2026/08/28 09:47:18.933, 58, 17, 0, 2411, 2411, 15.18, P0, 0x0000000000000000
2026/08/28 09:47:19.033, 58, 17, 0, 2411, 2411, 15.18, P0, 0x0000000000000000
2026/08/28 09:47:19.133, 58, 17, 0, 2411, 2411, 15.18, P0, 0x0000000000000000
2026/08/28 09:47:19.233, 58, 17, 0, 2411, 2411, 15.18, P0, 0x0000000000000000
2026/08/28 09:47:19.333, 58, 17, 0, 2411, 2411, 15.18, P0, 0x0000000000000000
2026/08/28 09:47:19.434, 58, 0, 0, 2411, 2411, 14.26, P0, 0x0000000000000000
2026/08/28 09:47:19.534, 58, 0, 0, 2411, 2411, 14.26, P0, 0x0000000000000000
2026/08/28 09:47:19.634, 58, 0, 0, 2411, 2411, 14.26, P0, 0x0000000000000000
2026/08/28 09:47:19.734, 58, 0, 0, 2411, 2411, 14.26, P0, 0x0000000000000000
2026/08/28 09:47:19.834, 58, 0, 0, 2411, 2411, 14.26, P0, 0x0000000000000000
2026/08/28 09:47:19.934, 58, 0, 0, 2411, 2411, 13.45, P0, 0x0000000000000000
2026/08/28 09:47:20.034, 58, 0, 0, 2411, 2411, 13.45, P0, 0x0000000000000000
2026/08/28 09:47:20.135, 58, 0, 0, 2411, 2411, 13.45, P0, 0x0000000000000000
2026/08/28 09:47:20.235, 58, 0, 0, 2411, 2411, 13.45, P0, 0x0000000000000000
2026/08/28 09:47:20.335, 58, 0, 0, 2411, 2411, 13.45, P0, 0x0000000000000000
2026/08/28 09:47:20.435, 58, 0, 0, 2450, 2450, 15.24, P0, 0x0000000000000000
2026/08/28 09:47:20.535, 58, 0, 0, 2450, 2450, 15.24, P0, 0x0000000000000000
2026/08/28 09:47:20.636, 58, 0, 0, 2450, 2450, 15.24, P0, 0x0000000000000000
2026/08/28 09:47:20.736, 58, 0, 0, 2450, 2450, 15.24, P0, 0x0000000000000000
2026/08/28 09:47:20.836, 58, 0, 0, 2450, 2450, 15.24, P0, 0x0000000000000000
2026/08/28 09:47:20.936, 58, 0, 0, 2450, 2450, 17.06, P0, 0x0000000000000000
2026/08/28 09:47:21.036, 58, 0, 0, 2450, 2450, 17.06, P0, 0x0000000000000000
2026/08/28 09:47:21.136, 58, 0, 0, 2450, 2450, 17.06, P0, 0x0000000000000000
2026/08/28 09:47:21.236, 58, 0, 0, 2450, 2450, 17.06, P0, 0x0000000000000000
2026/08/28 09:47:21.337, 58, 0, 0, 2450, 2450, 17.06, P0, 0x0000000000000000
2026/08/28 09:47:21.437, 58, 0, 0, 2450, 2450, 16.97, P0, 0x0000000000000000
2026/08/28 09:47:21.537, 58, 0, 0, 2450, 2450, 16.97, P0, 0x0000000000000000
2026/08/28 09:47:21.637, 58, 0, 0, 2450, 2450, 16.97, P0, 0x0000000000000000
2026/08/28 09:47:21.737, 58, 0, 0, 2450, 2450, 16.97, P0, 0x0000000000000000
2026/08/28 09:47:21.837, 58, 0, 0, 2450, 2450, 16.97, P0, 0x0000000000000000
2026/08/28 09:47:21.938, 58, 0, 0, 2411, 2411, 16.56, P0, 0x0000000000000000
2026/08/28 09:47:22.038, 58, 0, 0, 2411, 2411, 16.56, P0, 0x0000000000000000
2026/08/28 09:47:22.138, 58, 0, 0, 2411, 2411, 16.56, P0, 0x0000000000000000
2026/08/28 09:47:22.238, 58, 0, 0, 2411, 2411, 16.56, P0, 0x0000000000000000
2026/08/28 09:47:22.338, 58, 0, 0, 2411, 2411, 16.56, P0, 0x0000000000000000
2026/08/28 09:47:22.438, 59, 44, 0, 2476, 2476, 19.52, P0, 0x0000000000000000
2026/08/28 09:47:22.539, 59, 44, 0, 2476, 2476, 19.52, P0, 0x0000000000000000
2026/08/28 09:47:22.639, 59, 44, 0, 2476, 2476, 19.52, P0, 0x0000000000000000
2026/08/28 09:47:22.739, 59, 44, 0, 2476, 2476, 19.52, P0, 0x0000000000000000
2026/08/28 09:47:22.839, 59, 44, 0, 2476, 2476, 19.52, P0, 0x0000000000000000
2026/08/28 09:47:22.939, 60, 44, 0, 2450, 2450, 22.76, P0, 0x0000000000000000
2026/08/28 09:47:23.039, 60, 44, 0, 2450, 2450, 22.76, P0, 0x0000000000000000
2026/08/28 09:47:23.140, 60, 44, 0, 2450, 2450, 22.76, P0, 0x0000000000000000
2026/08/28 09:47:23.240, 60, 44, 0, 2450, 2450, 22.76, P0, 0x0000000000000000
2026/08/28 09:47:23.340, 60, 44, 0, 2450, 2450, 22.76, P0, 0x0000000000000000
2026/08/28 09:47:23.440, 59, 81, 0, 2437, 2437, 21.59, P0, 0x0000000000000000
2026/08/28 09:47:23.540, 59, 81, 0, 2437, 2437, 21.59, P0, 0x0000000000000000
2026/08/28 09:47:23.640, 59, 81, 0, 2437, 2437, 21.59, P0, 0x0000000000000000
2026/08/28 09:47:23.741, 59, 81, 0, 2437, 2437, 21.59, P0, 0x0000000000000000
2026/08/28 09:47:23.841, 59, 81, 0, 2437, 2437, 21.59, P0, 0x0000000000000000
2026/08/28 09:47:23.941, 58, 81, 0, 2450, 2450, 19.60, P0, 0x0000000000000000
2026/08/28 09:47:24.041, 58, 81, 0, 2450, 2450, 19.60, P0, 0x0000000000000000
2026/08/28 09:47:24.141, 58, 81, 0, 2450, 2450, 19.60, P0, 0x0000000000000000
2026/08/28 09:47:24.241, 58, 81, 0, 2450, 2450, 19.60, P0, 0x0000000000000000
2026/08/28 09:47:24.341, 58, 81, 0, 2450, 2450, 19.60, P0, 0x0000000000000000
2026/08/28 09:47:24.441, 59, 80, 0, 2418, 2418, 18.94, P0, 0x0000000000000000
2026/08/28 09:47:24.542, 59, 80, 0, 2418, 2418, 18.94, P0, 0x0000000000000000
2026/08/28 09:47:24.642, 59, 80, 0, 2418, 2418, 18.94, P0, 0x0000000000000000
2026/08/28 09:47:24.742, 59, 80, 0, 2418, 2418, 18.94, P0, 0x0000000000000000
2026/08/28 09:47:24.842, 59, 80, 0, 2418, 2418, 18.94, P0, 0x0000000000000000
2026/08/28 09:47:24.942, 58, 80, 0, 2450, 2450, 18.57, P0, 0x0000000000000000
2026/08/28 09:47:25.042, 58, 80, 0, 2450, 2450, 18.57, P0, 0x0000000000000000
2026/08/28 09:47:25.143, 58, 80, 0, 2450, 2450, 18.57, P0, 0x0000000000000000
2026/08/28 09:47:25.243, 58, 80, 0, 2450, 2450, 18.57, P0, 0x0000000000000000
2026/08/28 09:47:25.343, 58, 80, 0, 2450, 2450, 18.57, P0, 0x0000000000000000
2026/08/28 09:47:25.443, 58, 0, 0, 2450, 2450, 17.70, P0, 0x0000000000000000
2026/08/28 09:47:25.543, 58, 0, 0, 2450, 2450, 17.70, P0, 0x0000000000000000
2026/08/28 09:47:25.643, 58, 0, 0, 2450, 2450, 17.70, P0, 0x0000000000000000
2026/08/28 09:47:25.743, 58, 0, 0, 2450, 2450, 17.70, P0, 0x0000000000000000
2026/08/28 09:47:25.844, 58, 0, 0, 2450, 2450, 17.70, P0, 0x0000000000000000
2026/08/28 09:47:25.944, 58, 0, 0, 2411, 2411, 17.81, P0, 0x0000000000000000
2026/08/28 09:47:26.044, 58, 0, 0, 2411, 2411, 17.81, P0, 0x0000000000000000
2026/08/28 09:47:26.144, 58, 0, 0, 2411, 2411, 17.81, P0, 0x0000000000000000
2026/08/28 09:47:26.244, 58, 0, 0, 2411, 2411, 17.81, P0, 0x0000000000000000
2026/08/28 09:47:26.344, 58, 0, 0, 2411, 2411, 17.81, P0, 0x0000000000000000
2026/08/28 09:47:26.445, 59, 54, 0, 2431, 2431, 18.64, P0, 0x0000000000000000
2026/08/28 09:47:26.545, 59, 54, 0, 2431, 2431, 18.64, P0, 0x0000000000000000
2026/08/28 09:47:26.645, 59, 54, 0, 2431, 2431, 18.64, P0, 0x0000000000000000
2026/08/28 09:47:26.745, 59, 54, 0, 2431, 2431, 18.64, P0, 0x0000000000000000
2026/08/28 09:47:26.845, 59, 54, 0, 2431, 2431, 18.64, P0, 0x0000000000000000
2026/08/28 09:47:26.945, 58, 54, 0, 2450, 2450, 18.45, P0, 0x0000000000000000
2026/08/28 09:47:27.045, 58, 54, 0, 2450, 2450, 18.45, P0, 0x0000000000000000
2026/08/28 09:47:27.145, 58, 54, 0, 2450, 2450, 18.45, P0, 0x0000000000000000
2026/08/28 09:47:27.246, 58, 54, 0, 2450, 2450, 18.45, P0, 0x0000000000000000
2026/08/28 09:47:27.346, 58, 54, 0, 2450, 2450, 18.45, P0, 0x0000000000000000
2026/08/28 09:47:27.446, 58, 0, 0, 2450, 2450, 17.10, P0, 0x0000000000000000
2026/08/28 09:47:27.546, 58, 0, 0, 2450, 2450, 17.10, P0, 0x0000000000000000
2026/08/28 09:47:27.646, 58, 0, 0, 2450, 2450, 17.10, P0, 0x0000000000000000
2026/08/28 09:47:27.746, 58, 0, 0, 2450, 2450, 17.10, P0, 0x0000000000000000
2026/08/28 09:47:27.847, 58, 0, 0, 2450, 2450, 17.10, P0, 0x0000000000000000
2026/08/28 09:47:27.947, 58, 0, 0, 2411, 2411, 17.03, P0, 0x0000000000000000
2026/08/28 09:47:28.047, 58, 0, 0, 2411, 2411, 17.03, P0, 0x0000000000000000
2026/08/28 09:47:28.147, 58, 0, 0, 2411, 2411, 17.03, P0, 0x0000000000000000
2026/08/28 09:47:28.247, 58, 0, 0, 2411, 2411, 17.03, P0, 0x0000000000000000
2026/08/28 09:47:28.347, 58, 0, 0, 2411, 2411, 17.03, P0, 0x0000000000000000
2026/08/28 09:47:28.447, 58, 0, 0, 2411, 2411, 15.16, P0, 0x0000000000000000
2026/08/28 09:47:28.548, 58, 0, 0, 2411, 2411, 15.16, P0, 0x0000000000000000
2026/08/28 09:47:28.648, 58, 0, 0, 2411, 2411, 15.16, P0, 0x0000000000000000
2026/08/28 09:47:28.748, 58, 0, 0, 2411, 2411, 15.16, P0, 0x0000000000000000
2026/08/28 09:47:28.848, 58, 0, 0, 2411, 2411, 15.16, P0, 0x0000000000000000
2026/08/28 09:47:28.948, 58, 0, 0, 2411, 2411, 14.13, P0, 0x0000000000000000
2026/08/28 09:47:29.048, 58, 0, 0, 2411, 2411, 14.13, P0, 0x0000000000000000
2026/08/28 09:47:29.149, 58, 0, 0, 2411, 2411, 14.13, P0, 0x0000000000000000
2026/08/28 09:47:29.249, 58, 0, 0, 2411, 2411, 14.13, P0, 0x0000000000000000
2026/08/28 09:47:29.349, 58, 0, 0, 2411, 2411, 14.13, P0, 0x0000000000000000
2026/08/28 09:47:29.449, 58, 0, 0, 2411, 2411, 15.32, P0, 0x0000000000000000
2026/08/28 09:47:29.549, 58, 0, 0, 2411, 2411, 15.32, P0, 0x0000000000000000
2026/08/28 09:47:29.649, 58, 0, 0, 2411, 2411, 15.32, P0, 0x0000000000000000
2026/08/28 09:47:29.750, 58, 0, 0, 2411, 2411, 15.32, P0, 0x0000000000000000
2026/08/28 09:47:29.850, 58, 0, 0, 2411, 2411, 15.32, P0, 0x0000000000000000
2026/08/28 09:47:29.950, 58, 0, 0, 2450, 2450, 16.71, P0, 0x0000000000000000
2026/08/28 09:47:30.050, 58, 0, 0, 2450, 2450, 16.71, P0, 0x0000000000000000
2026/08/28 09:47:30.150, 58, 0, 0, 2450, 2450, 16.71, P0, 0x0000000000000000
2026/08/28 09:47:30.250, 58, 0, 0, 2450, 2450, 16.71, P0, 0x0000000000000000
2026/08/28 09:47:30.350, 58, 0, 0, 2450, 2450, 16.71, P0, 0x0000000000000000
2026/08/28 09:47:30.451, 59, 42, 0, 2437, 2437, 17.00, P0, 0x0000000000000000
2026/08/28 09:47:30.551, 59, 42, 0, 2437, 2437, 17.00, P0, 0x0000000000000000
2026/08/28 09:47:30.651, 59, 42, 0, 2437, 2437, 17.00, P0, 0x0000000000000000
2026/08/28 09:47:30.751, 59, 42, 0, 2437, 2437, 17.00, P0, 0x0000000000000000
2026/08/28 09:47:30.851, 59, 42, 0, 2437, 2437, 17.00, P0, 0x0000000000000000
2026/08/28 09:47:30.951, 59, 42, 0, 2418, 2418, 16.99, P0, 0x0000000000000000
2026/08/28 09:47:31.051, 59, 42, 0, 2418, 2418, 16.99, P0, 0x0000000000000000
2026/08/28 09:47:31.152, 59, 42, 0, 2418, 2418, 16.99, P0, 0x0000000000000000
2026/08/28 09:47:31.252, 59, 42, 0, 2418, 2418, 16.99, P0, 0x0000000000000000
2026/08/28 09:47:31.352, 59, 42, 0, 2418, 2418, 16.99, P0, 0x0000000000000000
2026/08/28 09:47:31.452, 58, 0, 0, 2411, 2411, 15.32, P0, 0x0000000000000000
2026/08/28 09:47:31.552, 58, 0, 0, 2411, 2411, 15.32, P0, 0x0000000000000000
2026/08/28 09:47:31.652, 58, 0, 0, 2411, 2411, 15.32, P0, 0x0000000000000000
2026/08/28 09:47:31.753, 58, 0, 0, 2411, 2411, 15.32, P0, 0x0000000000000000
2026/08/28 09:47:31.853, 58, 0, 0, 2411, 2411, 15.32, P0, 0x0000000000000000
2026/08/28 09:47:31.953, 58, 0, 0, 2411, 2411, 13.52, P0, 0x0000000000000000
2026/08/28 09:47:32.053, 58, 0, 0, 2411, 2411, 13.52, P0, 0x0000000000000000
2026/08/28 09:47:32.153, 58, 0, 0, 2411, 2411, 13.52, P0, 0x0000000000000000
2026/08/28 09:47:32.253, 58, 0, 0, 2411, 2411, 13.52, P0, 0x0000000000000000
2026/08/28 09:47:32.353, 58, 0, 0, 2411, 2411, 13.52, P0, 0x0000000000000000
2026/08/28 09:47:32.454, 59, 78, 0, 2418, 2418, 15.27, P0, 0x0000000000000000
2026/08/28 09:47:32.554, 59, 78, 0, 2418, 2418, 15.27, P0, 0x0000000000000000
2026/08/28 09:47:32.654, 59, 78, 0, 2418, 2418, 15.27, P0, 0x0000000000000000
2026/08/28 09:47:32.754, 59, 78, 0, 2418, 2418, 15.27, P0, 0x0000000000000000
2026/08/28 09:47:32.854, 59, 78, 0, 2418, 2418, 15.27, P0, 0x0000000000000000
2026/08/28 09:47:32.954, 60, 78, 0, 2411, 2411, 17.06, P0, 0x0000000000000000
2026/08/28 09:47:33.055, 60, 78, 0, 2411, 2411, 17.06, P0, 0x0000000000000000
2026/08/28 09:47:33.155, 60, 78, 0, 2411, 2411, 17.06, P0, 0x0000000000000000
2026/08/28 09:47:33.255, 60, 78, 0, 2411, 2411, 17.06, P0, 0x0000000000000000
2026/08/28 09:47:33.355, 60, 78, 0, 2411, 2411, 17.06, P0, 0x0000000000000000
2026/08/28 09:47:33.455, 60, 93, 0, 2411, 2411, 17.12, P0, 0x0000000000000000
2026/08/28 09:47:33.556, 60, 93, 0, 2411, 2411, 17.12, P0, 0x0000000000000000
2026/08/28 09:47:33.656, 60, 93, 0, 2411, 2411, 17.12, P0, 0x0000000000000000
2026/08/28 09:47:33.756, 60, 93, 0, 2411, 2411, 17.12, P0, 0x0000000000000000
2026/08/28 09:47:33.856, 60, 93, 0, 2411, 2411, 17.12, P0, 0x0000000000000000
2026/08/28 09:47:33.956, 59, 93, 0, 2411, 2411, 16.74, P0, 0x0000000000000000
2026/08/28 09:47:34.056, 59, 93, 0, 2411, 2411, 16.74, P0, 0x0000000000000000
2026/08/28 09:47:34.156, 59, 93, 0, 2411, 2411, 16.74, P0, 0x0000000000000000
2026/08/28 09:47:34.257, 59, 93, 0, 2411, 2411, 16.74, P0, 0x0000000000000000
2026/08/28 09:47:34.357, 59, 40, 0, 2411, 2411, 17.23, P0, 0x0000000000000000
2026/08/28 09:47:34.457, 59, 40, 0, 2411, 2411, 17.23, P0, 0x0000000000000000
2026/08/28 09:47:34.557, 59, 40, 0, 2411, 2411, 17.23, P0, 0x0000000000000000
2026/08/28 09:47:34.657, 59, 40, 0, 2411, 2411, 17.23, P0, 0x0000000000000000
2026/08/28 09:47:34.757, 59, 40, 0, 2411, 2411, 17.23, P0, 0x0000000000000000
2026/08/28 09:47:34.857, 58, 40, 0, 2411, 2411, 17.07, P0, 0x0000000000000000
2026/08/28 09:47:34.957, 58, 40, 0, 2411, 2411, 17.07, P0, 0x0000000000000000
2026/08/28 09:47:35.058, 58, 40, 0, 2411, 2411, 17.07, P0, 0x0000000000000000
2026/08/28 09:47:35.158, 58, 40, 0, 2411, 2411, 17.07, P0, 0x0000000000000000
2026/08/28 09:47:35.258, 58, 40, 0, 2411, 2411, 17.07, P0, 0x0000000000000000
2026/08/28 09:47:35.358, 66, 89, 0, 2418, 2418, 25.49, P0, 0x0000000000000000
2026/08/28 09:47:35.458, 66, 89, 0, 2418, 2418, 25.49, P0, 0x0000000000000000
2026/08/28 09:47:35.558, 66, 89, 0, 2418, 2418, 25.49, P0, 0x0000000000000000
2026/08/28 09:47:35.659, 66, 89, 0, 2418, 2418, 25.49, P0, 0x0000000000000000
2026/08/28 09:47:35.759, 66, 89, 0, 2418, 2418, 25.49, P0, 0x0000000000000000
2026/08/28 09:47:35.859, 58, 89, 0, 2411, 2411, 30.74, P0, 0x0000000000000000
2026/08/28 09:47:35.959, 58, 89, 0, 2411, 2411, 30.74, P0, 0x0000000000000000
2026/08/28 09:47:36.059, 58, 89, 0, 2411, 2411, 30.74, P0, 0x0000000000000000
2026/08/28 09:47:36.159, 58, 89, 0, 2411, 2411, 30.74, P0, 0x0000000000000000
2026/08/28 09:47:36.259, 58, 89, 0, 2411, 2411, 30.74, P0, 0x0000000000000000
2026/08/28 09:47:36.360, 58, 0, 0, 2411, 2411, 20.12, P0, 0x0000000000000000
2026/08/28 09:47:36.460, 58, 0, 0, 2411, 2411, 20.12, P0, 0x0000000000000000
2026/08/28 09:47:36.560, 58, 0, 0, 2411, 2411, 20.12, P0, 0x0000000000000000
2026/08/28 09:47:36.660, 58, 0, 0, 2411, 2411, 20.12, P0, 0x0000000000000000
2026/08/28 09:47:36.760, 58, 0, 0, 2411, 2411, 20.12, P0, 0x0000000000000000
2026/08/28 09:47:36.860, 58, 0, 0, 2411, 2411, 13.57, P0, 0x0000000000000000
2026/08/28 09:47:36.960, 58, 0, 0, 2411, 2411, 13.57, P0, 0x0000000000000000
2026/08/28 09:47:37.060, 58, 0, 0, 2411, 2411, 13.57, P0, 0x0000000000000000
2026/08/28 09:47:37.160, 58, 0, 0, 2411, 2411, 13.57, P0, 0x0000000000000000
2026/08/28 09:47:37.260, 58, 0, 0, 2411, 2411, 13.57, P0, 0x0000000000000000
2026/08/28 09:47:37.361, 58, 0, 0, 2411, 2411, 13.52, P0, 0x0000000000000000
2026/08/28 09:47:37.461, 58, 0, 0, 2411, 2411, 13.52, P0, 0x0000000000000000
2026/08/28 09:47:37.561, 58, 0, 0, 2411, 2411, 13.52, P0, 0x0000000000000000
2026/08/28 09:47:37.661, 58, 0, 0, 2411, 2411, 13.52, P0, 0x0000000000000000
2026/08/28 09:47:37.761, 58, 0, 0, 2411, 2411, 13.52, P0, 0x0000000000000000
2026/08/28 09:47:37.861, 58, 0, 0, 2411, 2411, 13.51, P0, 0x0000000000000000
2026/08/28 09:47:37.962, 58, 0, 0, 2411, 2411, 13.51, P0, 0x0000000000000000
2026/08/28 09:47:38.062, 58, 0, 0, 2411, 2411, 13.51, P0, 0x0000000000000000
2026/08/28 09:47:38.162, 58, 0, 0, 2411, 2411, 13.51, P0, 0x0000000000000000
2026/08/28 09:47:38.262, 58, 0, 0, 2411, 2411, 13.51, P0, 0x0000000000000000
2026/08/28 09:47:38.362, 58, 0, 0, 2411, 2411, 13.48, P0, 0x0000000000000000
2026/08/28 09:47:38.462, 58, 0, 0, 2411, 2411, 13.48, P0, 0x0000000000000000
2026/08/28 09:47:38.562, 58, 0, 0, 2411, 2411, 13.48, P0, 0x0000000000000000
2026/08/28 09:47:38.663, 58, 0, 0, 2411, 2411, 13.48, P0, 0x0000000000000000
2026/08/28 09:47:38.763, 58, 0, 0, 2411, 2411, 13.48, P0, 0x0000000000000000
2026/08/28 09:47:38.863, 58, 0, 0, 2411, 2411, 13.51, P0, 0x0000000000000000
2026/08/28 09:47:38.963, 58, 0, 0, 2411, 2411, 13.51, P0, 0x0000000000000000
2026/08/28 09:47:39.063, 58, 0, 0, 2411, 2411, 13.51, P0, 0x0000000000000000
2026/08/28 09:47:39.163, 58, 0, 0, 2411, 2411, 13.51, P0, 0x0000000000000000
2026/08/28 09:47:39.263, 58, 0, 0, 2411, 2411, 13.51, P0, 0x0000000000000000
2026/08/28 09:47:39.364, 58, 12, 0, 2411, 2411, 13.84, P0, 0x0000000000000000
2026/08/28 09:47:39.464, 58, 12, 0, 2411, 2411, 13.84, P0, 0x0000000000000000
2026/08/28 09:47:39.564, 58, 12, 0, 2411, 2411, 13.84, P0, 0x0000000000000000
2026/08/28 09:47:39.664, 58, 12, 0, 2411, 2411, 13.84, P0, 0x0000000000000000
2026/08/28 09:47:39.764, 58, 12, 0, 2411, 2411, 13.84, P0, 0x0000000000000000
2026/08/28 09:47:39.864, 58, 12, 0, 2418, 2418, 14.94, P0, 0x0000000000000000
2026/08/28 09:47:39.964, 58, 12, 0, 2418, 2418, 14.94, P0, 0x0000000000000000
2026/08/28 09:47:40.064, 58, 12, 0, 2418, 2418, 14.94, P0, 0x0000000000000000
2026/08/28 09:47:40.165, 58, 12, 0, 2418, 2418, 14.94, P0, 0x0000000000000000
2026/08/28 09:47:40.265, 58, 12, 0, 2418, 2418, 14.94, P0, 0x0000000000000000
2026/08/28 09:47:40.365, 58, 19, 0, 2411, 2411, 15.21, P0, 0x0000000000000000
2026/08/28 09:47:40.465, 58, 19, 0, 2411, 2411, 15.21, P0, 0x0000000000000000
2026/08/28 09:47:40.565, 58, 19, 0, 2411, 2411, 15.21, P0, 0x0000000000000000
2026/08/28 09:47:40.665, 58, 19, 0, 2411, 2411, 15.21, P0, 0x0000000000000000
2026/08/28 09:47:40.765, 58, 19, 0, 2411, 2411, 15.21, P0, 0x0000000000000000
2026/08/28 09:47:40.866, 57, 19, 0, 2411, 2411, 14.12, P0, 0x0000000000000000
2026/08/28 09:47:40.966, 57, 19, 0, 2411, 2411, 14.12, P0, 0x0000000000000000
2026/08/28 09:47:41.066, 57, 19, 0, 2411, 2411, 14.12, P0, 0x0000000000000000
2026/08/28 09:47:41.166, 57, 19, 0, 2411, 2411, 14.12, P0, 0x0000000000000000
2026/08/28 09:47:41.266, 57, 19, 0, 2411, 2411, 14.12, P0, 0x0000000000000000
2026/08/28 09:47:41.366, 58, 0, 0, 2418, 2418, 14.09, P0, 0x0000000000000000
2026/08/28 09:47:41.466, 58, 0, 0, 2418, 2418, 14.09, P0, 0x0000000000000000
2026/08/28 09:47:41.567, 58, 0, 0, 2418, 2418, 14.09, P0, 0x0000000000000000
2026/08/28 09:47:41.667, 58, 0, 0, 2418, 2418, 14.09, P0, 0x0000000000000000
2026/08/28 09:47:41.767, 58, 0, 0, 2418, 2418, 14.09, P0, 0x0000000000000000
2026/08/28 09:47:41.867, 57, 0, 0, 2411, 2411, 14.06, P0, 0x0000000000000000
2026/08/28 09:47:41.967, 57, 0, 0, 2411, 2411, 14.06, P0, 0x0000000000000000
2026/08/28 09:47:42.067, 57, 0, 0, 2411, 2411, 14.06, P0, 0x0000000000000000
2026/08/28 09:47:42.167, 57, 0, 0, 2411, 2411, 14.06, P0, 0x0000000000000000
2026/08/28 09:47:42.268, 57, 0, 0, 2411, 2411, 14.06, P0, 0x0000000000000000
2026/08/28 09:47:42.368, 59, 53, 0, 2437, 2437, 15.01, P0, 0x0000000000000000
2026/08/28 09:47:42.468, 59, 53, 0, 2437, 2437, 15.01, P0, 0x0000000000000000
2026/08/28 09:47:42.568, 59, 53, 0, 2437, 2437, 15.01, P0, 0x0000000000000000
2026/08/28 09:47:42.668, 59, 53, 0, 2437, 2437, 15.01, P0, 0x0000000000000000
2026/08/28 09:47:42.768, 59, 53, 0, 2437, 2437, 15.01, P0, 0x0000000000000000
2026/08/28 09:47:42.868, 58, 53, 0, 2424, 2424, 16.58, P0, 0x0000000000000000
2026/08/28 09:47:42.968, 58, 53, 0, 2424, 2424, 16.58, P0, 0x0000000000000000
2026/08/28 09:47:43.069, 58, 53, 0, 2424, 2424, 16.58, P0, 0x0000000000000000
2026/08/28 09:47:43.169, 58, 53, 0, 2424, 2424, 16.58, P0, 0x0000000000000000
2026/08/28 09:47:43.269, 58, 53, 0, 2424, 2424, 16.58, P0, 0x0000000000000000
2026/08/28 09:47:43.369, 59, 44, 0, 2431, 2431, 16.64, P0, 0x0000000000000000
2026/08/28 09:47:43.469, 59, 44, 0, 2431, 2431, 16.64, P0, 0x0000000000000000
2026/08/28 09:47:43.569, 59, 44, 0, 2431, 2431, 16.64, P0, 0x0000000000000000
2026/08/28 09:47:43.670, 59, 44, 0, 2431, 2431, 16.64, P0, 0x0000000000000000
2026/08/28 09:47:43.770, 59, 44, 0, 2431, 2431, 16.64, P0, 0x0000000000000000
2026/08/28 09:47:43.870, 59, 44, 0, 2437, 2437, 16.69, P0, 0x0000000000000000
2026/08/28 09:47:43.970, 59, 44, 0, 2437, 2437, 16.69, P0, 0x0000000000000000
2026/08/28 09:47:44.070, 59, 44, 0, 2437, 2437, 16.69, P0, 0x0000000000000000
2026/08/28 09:47:44.171, 59, 44, 0, 2437, 2437, 16.69, P0, 0x0000000000000000
2026/08/28 09:47:44.271, 59, 44, 0, 2437, 2437, 16.69, P0, 0x0000000000000000
2026/08/28 09:47:44.371, 58, 44, 0, 2437, 2437, 16.73, P0, 0x0000000000000000
2026/08/28 09:47:44.471, 58, 44, 0, 2437, 2437, 16.73, P0, 0x0000000000000000
2026/08/28 09:47:44.571, 58, 44, 0, 2437, 2437, 16.73, P0, 0x0000000000000000
2026/08/28 09:47:44.671, 58, 44, 0, 2437, 2437, 16.73, P0, 0x0000000000000000
2026/08/28 09:47:44.772, 58, 44, 0, 2437, 2437, 16.73, P0, 0x0000000000000000
2026/08/28 09:47:44.872, 58, 44, 0, 2450, 2450, 17.13, P0, 0x0000000000000000
2026/08/28 09:47:44.972, 58, 44, 0, 2450, 2450, 17.13, P0, 0x0000000000000000
2026/08/28 09:47:45.072, 58, 44, 0, 2450, 2450, 17.13, P0, 0x0000000000000000
2026/08/28 09:47:45.172, 58, 44, 0, 2450, 2450, 17.13, P0, 0x0000000000000000
2026/08/28 09:47:45.272, 58, 44, 0, 2450, 2450, 17.13, P0, 0x0000000000000000
2026/08/28 09:47:45.372, 59, 32, 0, 2418, 2418, 16.73, P0, 0x0000000000000000
2026/08/28 09:47:45.473, 59, 32, 0, 2418, 2418, 16.73, P0, 0x0000000000000000
2026/08/28 09:47:45.573, 59, 32, 0, 2418, 2418, 16.73, P0, 0x0000000000000000
2026/08/28 09:47:45.673, 59, 32, 0, 2418, 2418, 16.73, P0, 0x0000000000000000
2026/08/28 09:47:45.773, 59, 32, 0, 2418, 2418, 16.73, P0, 0x0000000000000000
2026/08/28 09:47:45.873, 57, 32, 0, 2411, 2411, 15.92, P0, 0x0000000000000000
2026/08/28 09:47:45.973, 57, 32, 0, 2411, 2411, 15.92, P0, 0x0000000000000000
2026/08/28 09:47:46.074, 57, 32, 0, 2411, 2411, 15.92, P0, 0x0000000000000000
2026/08/28 09:47:46.174, 57, 32, 0, 2411, 2411, 15.92, P0, 0x0000000000000000
2026/08/28 09:47:46.274, 57, 32, 0, 2411, 2411, 15.92, P0, 0x0000000000000000
2026/08/28 09:47:46.374, 58, 35, 0, 2450, 2450, 18.31, P0, 0x0000000000000000
2026/08/28 09:47:46.474, 58, 35, 0, 2450, 2450, 18.31, P0, 0x0000000000000000
2026/08/28 09:47:46.574, 58, 35, 0, 2450, 2450, 18.31, P0, 0x0000000000000000
2026/08/28 09:47:46.675, 58, 35, 0, 2450, 2450, 18.31, P0, 0x0000000000000000
2026/08/28 09:47:46.775, 58, 35, 0, 2450, 2450, 18.31, P0, 0x0000000000000000
2026/08/28 09:47:46.875, 59, 35, 0, 2424, 2424, 21.10, P0, 0x0000000000000000
2026/08/28 09:47:46.975, 59, 35, 0, 2424, 2424, 21.10, P0, 0x0000000000000000
2026/08/28 09:47:47.075, 59, 35, 0, 2424, 2424, 21.10, P0, 0x0000000000000000
2026/08/28 09:47:47.175, 59, 35, 0, 2424, 2424, 21.10, P0, 0x0000000000000000
2026/08/28 09:47:47.275, 59, 35, 0, 2424, 2424, 21.10, P0, 0x0000000000000000
2026/08/28 09:47:47.376, 64, 58, 0, 2424, 2424, 23.26, P0, 0x0000000000000000
2026/08/28 09:47:47.476, 64, 58, 0, 2424, 2424, 23.26, P0, 0x0000000000000000
2026/08/28 09:47:47.576, 64, 58, 0, 2424, 2424, 23.26, P0, 0x0000000000000000
2026/08/28 09:47:47.676, 64, 58, 0, 2424, 2424, 23.26, P0, 0x0000000000000000
2026/08/28 09:47:47.776, 64, 58, 0, 2424, 2424, 23.26, P0, 0x0000000000000000
2026/08/28 09:47:47.876, 60, 58, 0, 2418, 2418, 26.58, P0, 0x0000000000000000
2026/08/28 09:47:47.976, 60, 58, 0, 2418, 2418, 26.58, P0, 0x0000000000000000
2026/08/28 09:47:48.076, 60, 58, 0, 2418, 2418, 26.58, P0, 0x0000000000000000
2026/08/28 09:47:48.177, 60, 58, 0, 2418, 2418, 26.58, P0, 0x0000000000000000
2026/08/28 09:47:48.277, 60, 58, 0, 2418, 2418, 26.58, P0, 0x0000000000000000
2026/08/28 09:47:48.377, 60, 45, 0, 2418, 2418, 29.61, P0, 0x0000000000000000
2026/08/28 09:47:48.477, 60, 45, 0, 2418, 2418, 29.61, P0, 0x0000000000000000
2026/08/28 09:47:48.577, 60, 45, 0, 2418, 2418, 29.61, P0, 0x0000000000000000
2026/08/28 09:47:48.677, 60, 45, 0, 2418, 2418, 29.61, P0, 0x0000000000000000
2026/08/28 09:47:48.778, 60, 45, 0, 2418, 2418, 29.61, P0, 0x0000000000000000
2026/08/28 09:47:48.878, 61, 45, 0, 2411, 2411, 33.42, P0, 0x0000000000000000
2026/08/28 09:47:48.978, 61, 45, 0, 2411, 2411, 33.42, P0, 0x0000000000000000
2026/08/28 09:47:49.078, 61, 45, 0, 2411, 2411, 33.42, P0, 0x0000000000000000
2026/08/28 09:47:49.178, 61, 45, 0, 2411, 2411, 33.42, P0, 0x0000000000000000
2026/08/28 09:47:49.278, 61, 45, 0, 2411, 2411, 33.42, P0, 0x0000000000000000
2026/08/28 09:47:49.378, 68, 77, 0, 2411, 2411, 37.78, P0, 0x0000000000000000
2026/08/28 09:47:49.478, 68, 77, 0, 2411, 2411, 37.78, P0, 0x0000000000000000
2026/08/28 09:47:49.579, 68, 77, 0, 2411, 2411, 37.78, P0, 0x0000000000000000
2026/08/28 09:47:49.679, 68, 77, 0, 2411, 2411, 37.78, P0, 0x0000000000000000
2026/08/28 09:47:49.779, 68, 77, 0, 2411, 2411, 37.78, P0, 0x0000000000000000
2026/08/28 09:47:49.879, 66, 77, 0, 2392, 2392, 41.99, P0, 0x0000000000000000
2026/08/28 09:47:49.979, 66, 77, 0, 2392, 2392, 41.99, P0, 0x0000000000000000
2026/08/28 09:47:50.079, 66, 77, 0, 2392, 2392, 41.99, P0, 0x0000000000000000
2026/08/28 09:47:50.180, 66, 77, 0, 2392, 2392, 41.99, P0, 0x0000000000000000
2026/08/28 09:47:50.280, 66, 77, 0, 2392, 2392, 41.99, P0, 0x0000000000000000
2026/08/28 09:47:50.380, 61, 41, 0, 2392, 2392, 43.59, P0, 0x0000000000000000
2026/08/28 09:47:50.480, 61, 41, 0, 2392, 2392, 43.59, P0, 0x0000000000000000
2026/08/28 09:47:50.580, 61, 41, 0, 2392, 2392, 43.59, P0, 0x0000000000000000
2026/08/28 09:47:50.680, 61, 41, 0, 2392, 2392, 43.59, P0, 0x0000000000000000
2026/08/28 09:47:50.780, 61, 41, 0, 2392, 2392, 43.59, P0, 0x0000000000000000
2026/08/28 09:47:50.880, 65, 41, 0, 2405, 2405, 42.65, P0, 0x0000000000000000
2026/08/28 09:47:50.980, 65, 41, 0, 2405, 2405, 42.65, P0, 0x0000000000000000
2026/08/28 09:47:51.081, 65, 41, 0, 2405, 2405, 42.65, P0, 0x0000000000000000
2026/08/28 09:47:51.181, 65, 41, 0, 2405, 2405, 42.65, P0, 0x0000000000000000
2026/08/28 09:47:51.281, 65, 41, 0, 2405, 2405, 42.65, P0, 0x0000000000000000
2026/08/28 09:47:51.381, 59, 11, 0, 2424, 2424, 31.99, P0, 0x0000000000000000
2026/08/28 09:47:51.481, 59, 11, 0, 2424, 2424, 31.99, P0, 0x0000000000000000
2026/08/28 09:47:51.581, 59, 11, 0, 2424, 2424, 31.99, P0, 0x0000000000000000
2026/08/28 09:47:51.681, 59, 11, 0, 2424, 2424, 31.99, P0, 0x0000000000000000
2026/08/28 09:47:51.782, 59, 11, 0, 2424, 2424, 31.99, P0, 0x0000000000000000
2026/08/28 09:47:51.882, 59, 11, 0, 2437, 2437, 17.84, P0, 0x0000000000000000
2026/08/28 09:47:51.982, 59, 11, 0, 2437, 2437, 17.84, P0, 0x0000000000000000
2026/08/28 09:47:52.082, 59, 11, 0, 2437, 2437, 17.84, P0, 0x0000000000000000
2026/08/28 09:47:52.182, 59, 11, 0, 2437, 2437, 17.84, P0, 0x0000000000000000
2026/08/28 09:47:52.282, 59, 11, 0, 2437, 2437, 17.84, P0, 0x0000000000000000
2026/08/28 09:47:52.382, 59, 27, 0, 2431, 2431, 16.34, P0, 0x0000000000000000
2026/08/28 09:47:52.482, 59, 27, 0, 2431, 2431, 16.34, P0, 0x0000000000000000
2026/08/28 09:47:52.582, 59, 27, 0, 2431, 2431, 16.34, P0, 0x0000000000000000
2026/08/28 09:47:52.683, 59, 27, 0, 2431, 2431, 16.34, P0, 0x0000000000000000
2026/08/28 09:47:52.783, 59, 27, 0, 2431, 2431, 16.34, P0, 0x0000000000000000
2026/08/28 09:47:52.883, 58, 27, 0, 2418, 2418, 16.26, P0, 0x0000000000000000
2026/08/28 09:47:52.983, 58, 27, 0, 2418, 2418, 16.26, P0, 0x0000000000000000
2026/08/28 09:47:53.083, 58, 27, 0, 2418, 2418, 16.26, P0, 0x0000000000000000
2026/08/28 09:47:53.183, 58, 27, 0, 2418, 2418, 16.26, P0, 0x0000000000000000
2026/08/28 09:47:53.283, 58, 27, 0, 2418, 2418, 16.26, P0, 0x0000000000000000
2026/08/28 09:47:53.383, 59, 56, 0, 2431, 2431, 16.21, P0, 0x0000000000000000
2026/08/28 09:47:53.484, 59, 56, 0, 2431, 2431, 16.21, P0, 0x0000000000000000
2026/08/28 09:47:53.584, 59, 56, 0, 2431, 2431, 16.21, P0, 0x0000000000000000
2026/08/28 09:47:53.684, 59, 56, 0, 2431, 2431, 16.21, P0, 0x0000000000000000
2026/08/28 09:47:53.784, 59, 56, 0, 2431, 2431, 16.21, P0, 0x0000000000000000
2026/08/28 09:47:53.884, 58, 56, 0, 2444, 2444, 16.05, P0, 0x0000000000000000
2026/08/28 09:47:53.984, 58, 56, 0, 2444, 2444, 16.05, P0, 0x0000000000000000
2026/08/28 09:47:54.084, 58, 56, 0, 2444, 2444, 16.05, P0, 0x0000000000000000
2026/08/28 09:47:54.184, 58, 56, 0, 2444, 2444, 16.05, P0, 0x0000000000000000
2026/08/28 09:47:54.285, 58, 56, 0, 2444, 2444, 16.05, P0, 0x0000000000000000
2026/08/28 09:47:54.385, 58, 0, 0, 2437, 2437, 15.78, P0, 0x0000000000000000
2026/08/28 09:47:54.485, 58, 0, 0, 2437, 2437, 15.78, P0, 0x0000000000000000
2026/08/28 09:47:54.585, 58, 0, 0, 2437, 2437, 15.78, P0, 0x0000000000000000
2026/08/28 09:47:54.685, 58, 0, 0, 2437, 2437, 15.78, P0, 0x0000000000000000
2026/08/28 09:47:54.785, 58, 0, 0, 2437, 2437, 15.78, P0, 0x0000000000000000
2026/08/28 09:47:54.885, 58, 0, 0, 2444, 2444, 16.33, P0, 0x0000000000000000
2026/08/28 09:47:54.985, 58, 0, 0, 2444, 2444, 16.33, P0, 0x0000000000000000
2026/08/28 09:47:55.085, 58, 0, 0, 2444, 2444, 16.33, P0, 0x0000000000000000
2026/08/28 09:47:55.186, 58, 0, 0, 2444, 2444, 16.33, P0, 0x0000000000000000
2026/08/28 09:47:55.286, 58, 0, 0, 2444, 2444, 16.33, P0, 0x0000000000000000
2026/08/28 09:47:55.386, 59, 25, 0, 2431, 2431, 17.61, P0, 0x0000000000000000
2026/08/28 09:47:55.486, 59, 25, 0, 2431, 2431, 17.61, P0, 0x0000000000000000
2026/08/28 09:47:55.586, 59, 25, 0, 2431, 2431, 17.61, P0, 0x0000000000000000
2026/08/28 09:47:55.686, 59, 25, 0, 2431, 2431, 17.61, P0, 0x0000000000000000
2026/08/28 09:47:55.786, 59, 25, 0, 2431, 2431, 17.61, P0, 0x0000000000000000
2026/08/28 09:47:55.886, 59, 25, 0, 2424, 2424, 20.30, P0, 0x0000000000000000
2026/08/28 09:47:55.987, 59, 25, 0, 2424, 2424, 20.30, P0, 0x0000000000000000
2026/08/28 09:47:56.087, 59, 25, 0, 2424, 2424, 20.30, P0, 0x0000000000000000
2026/08/28 09:47:56.187, 59, 25, 0, 2424, 2424, 20.30, P0, 0x0000000000000000
2026/08/28 09:47:56.287, 59, 25, 0, 2424, 2424, 20.30, P0, 0x0000000000000000
2026/08/28 09:47:56.387, 59, 32, 0, 2418, 2418, 24.35, P0, 0x0000000000000000
2026/08/28 09:47:56.487, 59, 32, 0, 2418, 2418, 24.35, P0, 0x0000000000000000
2026/08/28 09:47:56.587, 59, 32, 0, 2418, 2418, 24.35, P0, 0x0000000000000000
2026/08/28 09:47:56.687, 59, 32, 0, 2418, 2418, 24.35, P0, 0x0000000000000000
2026/08/28 09:47:56.788, 59, 32, 0, 2418, 2418, 24.35, P0, 0x0000000000000000
2026/08/28 09:47:56.888, 63, 32, 0, 2418, 2418, 25.48, P0, 0x0000000000000000
2026/08/28 09:47:56.988, 63, 32, 0, 2418, 2418, 25.48, P0, 0x0000000000000000
2026/08/28 09:47:57.088, 63, 32, 0, 2418, 2418, 25.48, P0, 0x0000000000000000
2026/08/28 09:47:57.188, 63, 32, 0, 2418, 2418, 25.48, P0, 0x0000000000000000
2026/08/28 09:47:57.288, 63, 32, 0, 2418, 2418, 25.48, P0, 0x0000000000000000
2026/08/28 09:47:57.388, 60, 61, 0, 2424, 2424, 25.73, P0, 0x0000000000000000
2026/08/28 09:47:57.488, 60, 61, 0, 2424, 2424, 25.73, P0, 0x0000000000000000
2026/08/28 09:47:57.589, 60, 61, 0, 2424, 2424, 25.73, P0, 0x0000000000000000
2026/08/28 09:47:57.689, 60, 61, 0, 2424, 2424, 25.73, P0, 0x0000000000000000
2026/08/28 09:47:57.789, 60, 61, 0, 2424, 2424, 25.73, P0, 0x0000000000000000
2026/08/28 09:47:57.889, 59, 61, 0, 2418, 2418, 26.49, P0, 0x0000000000000000
2026/08/28 09:47:57.989, 59, 61, 0, 2418, 2418, 26.49, P0, 0x0000000000000000
2026/08/28 09:47:58.089, 59, 61, 0, 2418, 2418, 26.49, P0, 0x0000000000000000
2026/08/28 09:47:58.189, 59, 61, 0, 2418, 2418, 26.49, P0, 0x0000000000000000
2026/08/28 09:47:58.289, 59, 61, 0, 2418, 2418, 26.49, P0, 0x0000000000000000
2026/08/28 09:47:58.389, 59, 4, 0, 2424, 2424, 28.56, P0, 0x0000000000000000
2026/08/28 09:47:58.490, 59, 4, 0, 2424, 2424, 28.56, P0, 0x0000000000000000
2026/08/28 09:47:58.590, 59, 4, 0, 2424, 2424, 28.56, P0, 0x0000000000000000
2026/08/28 09:47:58.690, 59, 4, 0, 2424, 2424, 28.56, P0, 0x0000000000000000
2026/08/28 09:47:58.790, 59, 4, 0, 2424, 2424, 28.56, P0, 0x0000000000000000
2026/08/28 09:47:58.890, 69, 4, 0, 2431, 2431, 39.79, P0, 0x0000000000000000
2026/08/28 09:47:58.990, 69, 4, 0, 2431, 2431, 39.79, P0, 0x0000000000000000
2026/08/28 09:47:59.090, 69, 4, 0, 2431, 2431, 39.79, P0, 0x0000000000000000
2026/08/28 09:47:59.191, 69, 4, 0, 2431, 2431, 39.79, P0, 0x0000000000000000
2026/08/28 09:47:59.291, 69, 4, 0, 2431, 2431, 39.79, P0, 0x0000000000000000
2026/08/28 09:47:59.391, 60, 21, 0, 2424, 2424, 37.49, P0, 0x0000000000000000
2026/08/28 09:47:59.491, 60, 21, 0, 2424, 2424, 37.49, P0, 0x0000000000000000
2026/08/28 09:47:59.591, 60, 21, 0, 2424, 2424, 37.49, P0, 0x0000000000000000
2026/08/28 09:47:59.691, 60, 21, 0, 2424, 2424, 37.49, P0, 0x0000000000000000
2026/08/28 09:47:59.791, 60, 21, 0, 2424, 2424, 37.49, P0, 0x0000000000000000
2026/08/28 09:47:59.891, 59, 21, 0, 2457, 2457, 24.13, P0, 0x0000000000000000
2026/08/28 09:47:59.992, 59, 21, 0, 2457, 2457, 24.13, P0, 0x0000000000000000
2026/08/28 09:48:00.092, 59, 21, 0, 2457, 2457, 24.13, P0, 0x0000000000000000
2026/08/28 09:48:00.192, 59, 21, 0, 2457, 2457, 24.13, P0, 0x0000000000000000
2026/08/28 09:48:00.292, 59, 21, 0, 2457, 2457, 24.13, P0, 0x0000000000000000
2026/08/28 09:48:00.392, 59, 0, 0, 2431, 2431, 19.11, P0, 0x0000000000000000
2026/08/28 09:48:00.492, 59, 0, 0, 2431, 2431, 19.11, P0, 0x0000000000000000
2026/08/28 09:48:00.592, 59, 0, 0, 2431, 2431, 19.11, P0, 0x0000000000000000
2026/08/28 09:48:00.693, 59, 0, 0, 2431, 2431, 19.11, P0, 0x0000000000000000
2026/08/28 09:48:00.793, 59, 0, 0, 2431, 2431, 19.11, P0, 0x0000000000000000
2026/08/28 09:48:00.893, 58, 0, 0, 2431, 2431, 15.82, P0, 0x0000000000000000
2026/08/28 09:48:00.993, 58, 0, 0, 2431, 2431, 15.82, P0, 0x0000000000000000
2026/08/28 09:48:01.093, 58, 0, 0, 2431, 2431, 15.82, P0, 0x0000000000000000
2026/08/28 09:48:01.193, 58, 0, 0, 2431, 2431, 15.82, P0, 0x0000000000000000
2026/08/28 09:48:01.293, 58, 0, 0, 2431, 2431, 15.82, P0, 0x0000000000000000
2026/08/28 09:48:01.393, 58, 0, 0, 2411, 2411, 14.82, P0, 0x0000000000000000
2026/08/28 09:48:01.494, 58, 0, 0, 2411, 2411, 14.82, P0, 0x0000000000000000
2026/08/28 09:48:01.594, 58, 0, 0, 2411, 2411, 14.82, P0, 0x0000000000000000
2026/08/28 09:48:01.694, 58, 0, 0, 2411, 2411, 14.82, P0, 0x0000000000000000
2026/08/28 09:48:01.794, 58, 0, 0, 2411, 2411, 14.82, P0, 0x0000000000000000
2026/08/28 09:48:01.894, 58, 0, 0, 2411, 2411, 13.53, P0, 0x0000000000000000
2026/08/28 09:48:01.994, 58, 0, 0, 2411, 2411, 13.53, P0, 0x0000000000000000
2026/08/28 09:48:02.094, 58, 0, 0, 2411, 2411, 13.53, P0, 0x0000000000000000
2026/08/28 09:48:02.195, 58, 0, 0, 2411, 2411, 13.53, P0, 0x0000000000000000
2026/08/28 09:48:02.295, 58, 0, 0, 2411, 2411, 13.53, P0, 0x0000000000000000
2026/08/28 09:48:02.395, 58, 0, 0, 2411, 2411, 13.54, P0, 0x0000000000000000
2026/08/28 09:48:02.495, 58, 0, 0, 2411, 2411, 13.54, P0, 0x0000000000000000
2026/08/28 09:48:02.595, 58, 0, 0, 2411, 2411, 13.54, P0, 0x0000000000000000
2026/08/28 09:48:02.695, 58, 0, 0, 2411, 2411, 13.54, P0, 0x0000000000000000
2026/08/28 09:48:02.795, 58, 0, 0, 2411, 2411, 13.54, P0, 0x0000000000000000
2026/08/28 09:48:02.896, 58, 0, 0, 2411, 2411, 13.55, P0, 0x0000000000000000
2026/08/28 09:48:02.996, 58, 0, 0, 2411, 2411, 13.55, P0, 0x0000000000000000
2026/08/28 09:48:03.096, 58, 0, 0, 2411, 2411, 13.55, P0, 0x0000000000000000
2026/08/28 09:48:03.196, 58, 0, 0, 2411, 2411, 13.55, P0, 0x0000000000000000
2026/08/28 09:48:03.296, 58, 0, 0, 2411, 2411, 13.55, P0, 0x0000000000000000
2026/08/28 09:48:03.396, 58, 0, 0, 2411, 2411, 13.53, P0, 0x0000000000000000
2026/08/28 09:48:03.497, 58, 0, 0, 2411, 2411, 13.53, P0, 0x0000000000000000
2026/08/28 09:48:03.597, 58, 0, 0, 2411, 2411, 13.53, P0, 0x0000000000000000
2026/08/28 09:48:03.697, 58, 0, 0, 2411, 2411, 13.53, P0, 0x0000000000000000
2026/08/28 09:48:03.797, 58, 0, 0, 2411, 2411, 13.53, P0, 0x0000000000000000
2026/08/28 09:48:03.897, 58, 0, 0, 2411, 2411, 13.51, P0, 0x0000000000000000
2026/08/28 09:48:03.997, 58, 0, 0, 2411, 2411, 13.51, P0, 0x0000000000000000
2026/08/28 09:48:04.097, 58, 0, 0, 2411, 2411, 13.51, P0, 0x0000000000000000
2026/08/28 09:48:04.198, 58, 0, 0, 2411, 2411, 13.51, P0, 0x0000000000000000
2026/08/28 09:48:04.298, 58, 0, 0, 2411, 2411, 13.51, P0, 0x0000000000000000
2026/08/28 09:48:04.398, 58, 0, 0, 2411, 2411, 13.51, P0, 0x0000000000000000
2026/08/28 09:48:04.498, 58, 0, 0, 2411, 2411, 13.51, P0, 0x0000000000000000
2026/08/28 09:48:04.598, 58, 0, 0, 2411, 2411, 13.51, P0, 0x0000000000000000
2026/08/28 09:48:04.698, 58, 0, 0, 2411, 2411, 13.51, P0, 0x0000000000000000
2026/08/28 09:48:04.798, 58, 0, 0, 2411, 2411, 13.51, P0, 0x0000000000000000
2026/08/28 09:48:04.899, 58, 0, 0, 2411, 2411, 13.52, P0, 0x0000000000000000
2026/08/28 09:48:04.999, 58, 0, 0, 2411, 2411, 13.52, P0, 0x0000000000000000
2026/08/28 09:48:05.099, 58, 0, 0, 2411, 2411, 13.52, P0, 0x0000000000000000
2026/08/28 09:48:05.199, 58, 0, 0, 2411, 2411, 13.52, P0, 0x0000000000000000
2026/08/28 09:48:05.299, 58, 0, 0, 2411, 2411, 13.52, P0, 0x0000000000000000
2026/08/28 09:48:05.399, 58, 0, 0, 2411, 2411, 13.52, P0, 0x0000000000000000
2026/08/28 09:48:05.499, 58, 0, 0, 2411, 2411, 13.52, P0, 0x0000000000000000
2026/08/28 09:48:05.599, 58, 0, 0, 2411, 2411, 13.52, P0, 0x0000000000000000
2026/08/28 09:48:05.700, 58, 0, 0, 2411, 2411, 13.52, P0, 0x0000000000000000
2026/08/28 09:48:05.800, 58, 0, 0, 2411, 2411, 13.52, P0, 0x0000000000000000
2026/08/28 09:48:05.900, 58, 0, 0, 2411, 2411, 13.51, P0, 0x0000000000000000
2026/08/28 09:48:06.000, 58, 0, 0, 2411, 2411, 13.51, P0, 0x0000000000000000
2026/08/28 09:48:06.100, 58, 0, 0, 2411, 2411, 13.51, P0, 0x0000000000000000
2026/08/28 09:48:06.200, 58, 0, 0, 2411, 2411, 13.51, P0, 0x0000000000000000
2026/08/28 09:48:06.300, 58, 0, 0, 2411, 2411, 13.51, P0, 0x0000000000000000
2026/08/28 09:48:06.400, 58, 0, 0, 2411, 2411, 13.48, P0, 0x0000000000000000
2026/08/28 09:48:06.500, 58, 0, 0, 2411, 2411, 13.48, P0, 0x0000000000000000
2026/08/28 09:48:06.601, 58, 0, 0, 2411, 2411, 13.48, P0, 0x0000000000000000
2026/08/28 09:48:06.701, 58, 0, 0, 2411, 2411, 13.48, P0, 0x0000000000000000
2026/08/28 09:48:06.801, 58, 0, 0, 2411, 2411, 13.48, P0, 0x0000000000000000
2026/08/28 09:48:06.901, 58, 0, 0, 2411, 2411, 13.46, P0, 0x0000000000000000
2026/08/28 09:48:07.001, 58, 0, 0, 2411, 2411, 13.46, P0, 0x0000000000000000
2026/08/28 09:48:07.101, 58, 0, 0, 2411, 2411, 13.46, P0, 0x0000000000000000
2026/08/28 09:48:07.201, 58, 0, 0, 2411, 2411, 13.46, P0, 0x0000000000000000
2026/08/28 09:48:07.301, 58, 0, 0, 2411, 2411, 13.46, P0, 0x0000000000000000
2026/08/28 09:48:07.401, 58, 0, 0, 2411, 2411, 13.46, P0, 0x0000000000000000
2026/08/28 09:48:07.502, 58, 0, 0, 2411, 2411, 13.46, P0, 0x0000000000000000
2026/08/28 09:48:07.602, 58, 0, 0, 2411, 2411, 13.46, P0, 0x0000000000000000
2026/08/28 09:48:07.702, 58, 0, 0, 2411, 2411, 13.46, P0, 0x0000000000000000
2026/08/28 09:48:07.802, 58, 0, 0, 2411, 2411, 13.46, P0, 0x0000000000000000
2026/08/28 09:48:07.902, 58, 0, 0, 2411, 2411, 13.46, P0, 0x0000000000000000
2026/08/28 09:48:08.002, 58, 0, 0, 2411, 2411, 13.46, P0, 0x0000000000000000
2026/08/28 09:48:08.102, 58, 0, 0, 2411, 2411, 13.46, P0, 0x0000000000000000
2026/08/28 09:48:08.202, 58, 0, 0, 2411, 2411, 13.46, P0, 0x0000000000000000
2026/08/28 09:48:08.303, 58, 0, 0, 2411, 2411, 13.46, P0, 0x0000000000000000
2026/08/28 09:48:08.403, 58, 0, 0, 2411, 2411, 13.48, P0, 0x0000000000000000
2026/08/28 09:48:08.503, 58, 0, 0, 2411, 2411, 13.48, P0, 0x0000000000000000
2026/08/28 09:48:08.603, 58, 0, 0, 2411, 2411, 13.48, P0, 0x0000000000000000
2026/08/28 09:48:08.703, 58, 0, 0, 2411, 2411, 13.48, P0, 0x0000000000000000
2026/08/28 09:48:08.803, 58, 0, 0, 2411, 2411, 13.48, P0, 0x0000000000000000
2026/08/28 09:48:08.903, 58, 0, 0, 2411, 2411, 13.48, P0, 0x0000000000000000
2026/08/28 09:48:09.003, 58, 0, 0, 2411, 2411, 13.48, P0, 0x0000000000000000
2026/08/28 09:48:09.104, 58, 0, 0, 2411, 2411, 13.48, P0, 0x0000000000000000
2026/08/28 09:48:09.204, 58, 0, 0, 2411, 2411, 13.48, P0, 0x0000000000000000
2026/08/28 09:48:09.304, 58, 0, 0, 2411, 2411, 13.48, P0, 0x0000000000000000
2026/08/28 09:48:09.404, 58, 0, 0, 2411, 2411, 13.45, P0, 0x0000000000000000
2026/08/28 09:48:09.504, 58, 0, 0, 2411, 2411, 13.45, P0, 0x0000000000000000
2026/08/28 09:48:09.604, 58, 0, 0, 2411, 2411, 13.45, P0, 0x0000000000000000
2026/08/28 09:48:09.704, 58, 0, 0, 2411, 2411, 13.45, P0, 0x0000000000000000
2026/08/28 09:48:09.805, 58, 0, 0, 2411, 2411, 13.45, P0, 0x0000000000000000
2026/08/28 09:48:09.905, 58, 0, 0, 2411, 2411, 13.46, P0, 0x0000000000000000
2026/08/28 09:48:10.006, 58, 0, 0, 2411, 2411, 13.46, P0, 0x0000000000000000
2026/08/28 09:48:10.106, 58, 0, 0, 2411, 2411, 13.46, P0, 0x0000000000000000
2026/08/28 09:48:10.206, 58, 0, 0, 2411, 2411, 13.46, P0, 0x0000000000000000
2026/08/28 09:48:10.306, 58, 0, 0, 2411, 2411, 13.46, P0, 0x0000000000000000
2026/08/28 09:48:10.406, 58, 0, 0, 2411, 2411, 13.46, P0, 0x0000000000000000
2026/08/28 09:48:10.506, 58, 0, 0, 2411, 2411, 13.46, P0, 0x0000000000000000
2026/08/28 09:48:10.606, 58, 0, 0, 2411, 2411, 13.46, P0, 0x0000000000000000
2026/08/28 09:48:10.706, 58, 0, 0, 2411, 2411, 13.46, P0, 0x0000000000000000
2026/08/28 09:48:10.807, 58, 0, 0, 2411, 2411, 13.46, P0, 0x0000000000000000
2026/08/28 09:48:10.907, 58, 0, 0, 2411, 2411, 13.44, P0, 0x0000000000000000
2026/08/28 09:48:11.007, 58, 0, 0, 2411, 2411, 13.44, P0, 0x0000000000000000
2026/08/28 09:48:11.107, 58, 0, 0, 2411, 2411, 13.44, P0, 0x0000000000000000
2026/08/28 09:48:11.207, 58, 0, 0, 2411, 2411, 13.44, P0, 0x0000000000000000
2026/08/28 09:48:11.307, 58, 0, 0, 2411, 2411, 13.44, P0, 0x0000000000000000
2026/08/28 09:48:11.407, 58, 0, 0, 2411, 2411, 13.45, P0, 0x0000000000000000
2026/08/28 09:48:11.507, 58, 0, 0, 2411, 2411, 13.45, P0, 0x0000000000000000
2026/08/28 09:48:11.608, 58, 0, 0, 2411, 2411, 13.45, P0, 0x0000000000000000
2026/08/28 09:48:11.708, 58, 0, 0, 2411, 2411, 13.45, P0, 0x0000000000000000
2026/08/28 09:48:11.808, 58, 0, 0, 2411, 2411, 13.45, P0, 0x0000000000000000
2026/08/28 09:48:11.908, 58, 0, 0, 2411, 2411, 13.45, P0, 0x0000000000000000
2026/08/28 09:48:12.008, 58, 0, 0, 2411, 2411, 13.45, P0, 0x0000000000000000
2026/08/28 09:48:12.108, 58, 0, 0, 2411, 2411, 13.45, P0, 0x0000000000000000
2026/08/28 09:48:12.208, 58, 0, 0, 2411, 2411, 13.45, P0, 0x0000000000000000
2026/08/28 09:48:12.309, 58, 0, 0, 2411, 2411, 13.45, P0, 0x0000000000000000
2026/08/28 09:48:12.409, 58, 0, 0, 2411, 2411, 13.45, P0, 0x0000000000000000
2026/08/28 09:48:12.509, 58, 0, 0, 2411, 2411, 13.45, P0, 0x0000000000000000
2026/08/28 09:48:12.609, 58, 0, 0, 2411, 2411, 13.45, P0, 0x0000000000000000
2026/08/28 09:48:12.709, 58, 0, 0, 2411, 2411, 13.45, P0, 0x0000000000000000
2026/08/28 09:48:12.809, 58, 0, 0, 2411, 2411, 13.45, P0, 0x0000000000000000
2026/08/28 09:48:12.909, 58, 0, 0, 2411, 2411, 13.44, P0, 0x0000000000000000
2026/08/28 09:48:13.010, 58, 0, 0, 2411, 2411, 13.44, P0, 0x0000000000000000
2026/08/28 09:48:13.110, 58, 0, 0, 2411, 2411, 13.44, P0, 0x0000000000000000
2026/08/28 09:48:13.210, 58, 0, 0, 2411, 2411, 13.44, P0, 0x0000000000000000
2026/08/28 09:48:13.310, 58, 0, 0, 2411, 2411, 13.44, P0, 0x0000000000000000
2026/08/28 09:48:13.410, 58, 0, 0, 2411, 2411, 13.44, P0, 0x0000000000000000
2026/08/28 09:48:13.510, 58, 0, 0, 2411, 2411, 13.44, P0, 0x0000000000000000
2026/08/28 09:48:13.611, 58, 0, 0, 2411, 2411, 13.44, P0, 0x0000000000000000
2026/08/28 09:48:13.711, 58, 0, 0, 2411, 2411, 13.44, P0, 0x0000000000000000
2026/08/28 09:48:13.811, 58, 0, 0, 2411, 2411, 13.44, P0, 0x0000000000000000
2026/08/28 09:48:13.911, 58, 0, 0, 2411, 2411, 13.44, P0, 0x0000000000000000
2026/08/28 09:48:14.011, 58, 0, 0, 2411, 2411, 13.44, P0, 0x0000000000000000
2026/08/28 09:48:14.111, 58, 0, 0, 2411, 2411, 13.44, P0, 0x0000000000000000
2026/08/28 09:48:14.211, 58, 0, 0, 2411, 2411, 13.44, P0, 0x0000000000000000
2026/08/28 09:48:14.311, 58, 0, 0, 2411, 2411, 13.44, P0, 0x0000000000000000
2026/08/28 09:48:14.412, 58, 0, 0, 2411, 2411, 13.44, P0, 0x0000000000000000
2026/08/28 09:48:14.512, 58, 0, 0, 2411, 2411, 13.44, P0, 0x0000000000000000
2026/08/28 09:48:14.612, 58, 0, 0, 2411, 2411, 13.44, P0, 0x0000000000000000
2026/08/28 09:48:14.712, 58, 0, 0, 2411, 2411, 13.44, P0, 0x0000000000000000
2026/08/28 09:48:14.812, 58, 0, 0, 2411, 2411, 13.44, P0, 0x0000000000000000
2026/08/28 09:48:14.912, 58, 0, 0, 2411, 2411, 13.41, P0, 0x0000000000000000
2026/08/28 09:48:15.013, 58, 0, 0, 2411, 2411, 13.41, P0, 0x0000000000000000
2026/08/28 09:48:15.113, 58, 0, 0, 2411, 2411, 13.41, P0, 0x0000000000000000
2026/08/28 09:48:15.213, 58, 0, 0, 2411, 2411, 13.41, P0, 0x0000000000000000
2026/08/28 09:48:15.313, 58, 0, 0, 2411, 2411, 13.41, P0, 0x0000000000000000
2026/08/28 09:48:15.413, 58, 0, 0, 2411, 2411, 13.37, P0, 0x0000000000000000
2026/08/28 09:48:15.513, 58, 0, 0, 2411, 2411, 13.37, P0, 0x0000000000000000
2026/08/28 09:48:15.613, 58, 0, 0, 2411, 2411, 13.37, P0, 0x0000000000000000
2026/08/28 09:48:15.713, 58, 0, 0, 2411, 2411, 13.37, P0, 0x0000000000000000
2026/08/28 09:48:15.813, 58, 0, 0, 2411, 2411, 13.37, P0, 0x0000000000000000
2026/08/28 09:48:15.914, 58, 0, 0, 2411, 2411, 13.38, P0, 0x0000000000000000
2026/08/28 09:48:16.014, 58, 0, 0, 2411, 2411, 13.38, P0, 0x0000000000000000
2026/08/28 09:48:16.114, 58, 0, 0, 2411, 2411, 13.38, P0, 0x0000000000000000
2026/08/28 09:48:16.214, 58, 0, 0, 2411, 2411, 13.38, P0, 0x0000000000000000
2026/08/28 09:48:16.314, 58, 0, 0, 2411, 2411, 13.38, P0, 0x0000000000000000
2026/08/28 09:48:16.414, 60, 27, 0, 2424, 2424, 15.83, P0, 0x0000000000000000
2026/08/28 09:48:16.514, 60, 27, 0, 2424, 2424, 15.83, P0, 0x0000000000000000
2026/08/28 09:48:16.615, 60, 27, 0, 2424, 2424, 15.83, P0, 0x0000000000000000
2026/08/28 09:48:16.715, 60, 27, 0, 2424, 2424, 15.83, P0, 0x0000000000000000
2026/08/28 09:48:16.815, 60, 27, 0, 2424, 2424, 15.83, P0, 0x0000000000000000
2026/08/28 09:48:16.915, 58, 27, 0, 2424, 2424, 16.85, P0, 0x0000000000000000
2026/08/28 09:48:17.015, 58, 27, 0, 2424, 2424, 16.85, P0, 0x0000000000000000
2026/08/28 09:48:17.115, 58, 27, 0, 2424, 2424, 16.85, P0, 0x0000000000000000
2026/08/28 09:48:17.216, 58, 27, 0, 2424, 2424, 16.85, P0, 0x0000000000000000
2026/08/28 09:48:17.316, 58, 27, 0, 2424, 2424, 16.85, P0, 0x0000000000000000
2026/08/28 09:48:17.416, 58, 0, 0, 2411, 2411, 15.35, P0, 0x0000000000000000
2026/08/28 09:48:17.516, 58, 0, 0, 2411, 2411, 15.35, P0, 0x0000000000000000
2026/08/28 09:48:17.616, 58, 0, 0, 2411, 2411, 15.35, P0, 0x0000000000000000
2026/08/28 09:48:17.716, 58, 0, 0, 2411, 2411, 15.35, P0, 0x0000000000000000
2026/08/28 09:48:17.816, 58, 0, 0, 2411, 2411, 15.35, P0, 0x0000000000000000
2026/08/28 09:48:17.916, 58, 0, 0, 2411, 2411, 14.22, P0, 0x0000000000000000
2026/08/28 09:48:18.016, 58, 0, 0, 2411, 2411, 14.22, P0, 0x0000000000000000
2026/08/28 09:48:18.117, 58, 0, 0, 2411, 2411, 14.22, P0, 0x0000000000000000
2026/08/28 09:48:18.217, 58, 0, 0, 2411, 2411, 14.22, P0, 0x0000000000000000
2026/08/28 09:48:18.317, 58, 0, 0, 2411, 2411, 14.22, P0, 0x0000000000000000
2026/08/28 09:48:18.417, 58, 0, 0, 2411, 2411, 13.39, P0, 0x0000000000000000
2026/08/28 09:48:18.517, 58, 0, 0, 2411, 2411, 13.39, P0, 0x0000000000000000
2026/08/28 09:48:18.618, 58, 0, 0, 2411, 2411, 13.39, P0, 0x0000000000000000
2026/08/28 09:48:18.718, 58, 0, 0, 2411, 2411, 13.39, P0, 0x0000000000000000
2026/08/28 09:48:18.818, 58, 0, 0, 2411, 2411, 13.39, P0, 0x0000000000000000
2026/08/28 09:48:18.918, 58, 0, 0, 2411, 2411, 13.44, P0, 0x0000000000000000
2026/08/28 09:48:19.018, 58, 0, 0, 2411, 2411, 13.44, P0, 0x0000000000000000
2026/08/28 09:48:19.118, 58, 0, 0, 2411, 2411, 13.44, P0, 0x0000000000000000
2026/08/28 09:48:19.218, 58, 0, 0, 2411, 2411, 13.44, P0, 0x0000000000000000
2026/08/28 09:48:19.318, 58, 0, 0, 2411, 2411, 13.44, P0, 0x0000000000000000
2026/08/28 09:48:19.419, 58, 0, 0, 2411, 2411, 13.42, P0, 0x0000000000000000
2026/08/28 09:48:19.519, 58, 0, 0, 2411, 2411, 13.42, P0, 0x0000000000000000
2026/08/28 09:48:19.619, 58, 0, 0, 2411, 2411, 13.42, P0, 0x0000000000000000
2026/08/28 09:48:19.719, 58, 0, 0, 2411, 2411, 13.42, P0, 0x0000000000000000
2026/08/28 09:48:19.819, 58, 0, 0, 2411, 2411, 13.42, P0, 0x0000000000000000
2026/08/28 09:48:19.919, 57, 0, 0, 2411, 2411, 13.37, P0, 0x0000000000000000
2026/08/28 09:48:20.019, 57, 0, 0, 2411, 2411, 13.37, P0, 0x0000000000000000
2026/08/28 09:48:20.119, 57, 0, 0, 2411, 2411, 13.37, P0, 0x0000000000000000
2026/08/28 09:48:20.220, 57, 0, 0, 2411, 2411, 13.37, P0, 0x0000000000000000
2026/08/28 09:48:20.320, 57, 0, 0, 2411, 2411, 13.37, P0, 0x0000000000000000
2026/08/28 09:48:20.420, 57, 0, 0, 2411, 2411, 13.35, P0, 0x0000000000000000
2026/08/28 09:48:20.520, 57, 0, 0, 2411, 2411, 13.35, P0, 0x0000000000000000
2026/08/28 09:48:20.620, 57, 0, 0, 2411, 2411, 13.35, P0, 0x0000000000000000
2026/08/28 09:48:20.720, 57, 0, 0, 2411, 2411, 13.35, P0, 0x0000000000000000
2026/08/28 09:48:20.820, 57, 0, 0, 2411, 2411, 13.35, P0, 0x0000000000000000
2026/08/28 09:48:20.920, 57, 0, 0, 2411, 2411, 13.33, P0, 0x0000000000000000
2026/08/28 09:48:21.020, 57, 0, 0, 2411, 2411, 13.33, P0, 0x0000000000000000
2026/08/28 09:48:21.121, 57, 0, 0, 2411, 2411, 13.33, P0, 0x0000000000000000
2026/08/28 09:48:21.221, 57, 0, 0, 2411, 2411, 13.33, P0, 0x0000000000000000
2026/08/28 09:48:21.321, 57, 0, 0, 2411, 2411, 13.33, P0, 0x0000000000000000
2026/08/28 09:48:21.421, 57, 0, 0, 2411, 2411, 13.31, P0, 0x0000000000000000
2026/08/28 09:48:21.521, 57, 0, 0, 2411, 2411, 13.31, P0, 0x0000000000000000
2026/08/28 09:48:21.621, 57, 0, 0, 2411, 2411, 13.31, P0, 0x0000000000000000
2026/08/28 09:48:21.722, 57, 0, 0, 2411, 2411, 13.31, P0, 0x0000000000000000
2026/08/28 09:48:21.822, 57, 0, 0, 2411, 2411, 13.31, P0, 0x0000000000000000
2026/08/28 09:48:21.922, 57, 0, 0, 2411, 2411, 13.32, P0, 0x0000000000000000
2026/08/28 09:48:22.022, 57, 0, 0, 2411, 2411, 13.32, P0, 0x0000000000000000
2026/08/28 09:48:22.122, 57, 0, 0, 2411, 2411, 13.32, P0, 0x0000000000000000
2026/08/28 09:48:22.222, 57, 0, 0, 2411, 2411, 13.32, P0, 0x0000000000000000
2026/08/28 09:48:22.322, 57, 0, 0, 2411, 2411, 13.32, P0, 0x0000000000000000
2026/08/28 09:48:22.422, 57, 0, 0, 2411, 2411, 13.32, P0, 0x0000000000000000
2026/08/28 09:48:22.522, 57, 0, 0, 2411, 2411, 13.32, P0, 0x0000000000000000
2026/08/28 09:48:22.623, 57, 0, 0, 2411, 2411, 13.32, P0, 0x0000000000000000
2026/08/28 09:48:22.723, 57, 0, 0, 2411, 2411, 13.32, P0, 0x0000000000000000
2026/08/28 09:48:22.823, 57, 0, 0, 2411, 2411, 13.32, P0, 0x0000000000000000
2026/08/28 09:48:22.923, 57, 0, 0, 2411, 2411, 13.30, P0, 0x0000000000000000
2026/08/28 09:48:23.023, 57, 0, 0, 2411, 2411, 13.30, P0, 0x0000000000000000
2026/08/28 09:48:23.123, 57, 0, 0, 2411, 2411, 13.30, P0, 0x0000000000000000
2026/08/28 09:48:23.223, 57, 0, 0, 2411, 2411, 13.30, P0, 0x0000000000000000
2026/08/28 09:48:23.323, 57, 0, 0, 2411, 2411, 13.30, P0, 0x0000000000000000
2026/08/28 09:48:23.424, 57, 0, 0, 2411, 2411, 13.33, P0, 0x0000000000000000
2026/08/28 09:48:23.524, 57, 0, 0, 2411, 2411, 13.33, P0, 0x0000000000000000
2026/08/28 09:48:23.624, 57, 0, 0, 2411, 2411, 13.33, P0, 0x0000000000000000
2026/08/28 09:48:23.724, 57, 0, 0, 2411, 2411, 13.33, P0, 0x0000000000000000
2026/08/28 09:48:23.824, 57, 0, 0, 2411, 2411, 13.33, P0, 0x0000000000000000
2026/08/28 09:48:23.924, 57, 0, 0, 2411, 2411, 13.30, P0, 0x0000000000000000
2026/08/28 09:48:24.024, 57, 0, 0, 2411, 2411, 13.30, P0, 0x0000000000000000
2026/08/28 09:48:24.124, 57, 0, 0, 2411, 2411, 13.30, P0, 0x0000000000000000
2026/08/28 09:48:24.224, 57, 0, 0, 2411, 2411, 13.30, P0, 0x0000000000000000
2026/08/28 09:48:24.325, 57, 0, 0, 2411, 2411, 13.30, P0, 0x0000000000000000
2026/08/28 09:48:24.425, 57, 0, 0, 2411, 2411, 13.26, P0, 0x0000000000000000
2026/08/28 09:48:24.525, 57, 0, 0, 2411, 2411, 13.26, P0, 0x0000000000000000
2026/08/28 09:48:24.625, 57, 0, 0, 2411, 2411, 13.26, P0, 0x0000000000000000
2026/08/28 09:48:24.725, 57, 0, 0, 2411, 2411, 13.26, P0, 0x0000000000000000
2026/08/28 09:48:24.825, 57, 0, 0, 2411, 2411, 13.26, P0, 0x0000000000000000
2026/08/28 09:48:24.925, 57, 0, 0, 2411, 2411, 13.26, P0, 0x0000000000000000
2026/08/28 09:48:25.026, 57, 0, 0, 2411, 2411, 13.26, P0, 0x0000000000000000
2026/08/28 09:48:25.126, 57, 0, 0, 2411, 2411, 13.26, P0, 0x0000000000000000
2026/08/28 09:48:25.226, 57, 0, 0, 2411, 2411, 13.26, P0, 0x0000000000000000
2026/08/28 09:48:25.326, 57, 0, 0, 2411, 2411, 13.26, P0, 0x0000000000000000
2026/08/28 09:48:25.426, 57, 0, 0, 2411, 2411, 13.26, P0, 0x0000000000000000
2026/08/28 09:48:25.526, 57, 0, 0, 2411, 2411, 13.26, P0, 0x0000000000000000
2026/08/28 09:48:25.626, 57, 0, 0, 2411, 2411, 13.26, P0, 0x0000000000000000
2026/08/28 09:48:25.727, 57, 0, 0, 2411, 2411, 13.26, P0, 0x0000000000000000
2026/08/28 09:48:25.827, 57, 0, 0, 2411, 2411, 13.26, P0, 0x0000000000000000
2026/08/28 09:48:25.927, 57, 0, 0, 2411, 2411, 13.28, P0, 0x0000000000000000
2026/08/28 09:48:26.027, 57, 0, 0, 2411, 2411, 13.28, P0, 0x0000000000000000
2026/08/28 09:48:26.127, 57, 0, 0, 2411, 2411, 13.28, P0, 0x0000000000000000
2026/08/28 09:48:26.228, 57, 0, 0, 2411, 2411, 13.28, P0, 0x0000000000000000
2026/08/28 09:48:26.328, 57, 0, 0, 2411, 2411, 13.28, P0, 0x0000000000000000
2026/08/28 09:48:26.428, 57, 0, 0, 2411, 2411, 13.28, P0, 0x0000000000000000
2026/08/28 09:48:26.528, 57, 0, 0, 2411, 2411, 13.28, P0, 0x0000000000000000
2026/08/28 09:48:26.628, 57, 0, 0, 2411, 2411, 13.28, P0, 0x0000000000000000
2026/08/28 09:48:26.728, 57, 0, 0, 2411, 2411, 13.28, P0, 0x0000000000000000
2026/08/28 09:48:26.828, 57, 0, 0, 2411, 2411, 13.28, P0, 0x0000000000000000
2026/08/28 09:48:26.928, 57, 0, 0, 2411, 2411, 13.26, P0, 0x0000000000000000
2026/08/28 09:48:27.029, 57, 0, 0, 2411, 2411, 13.26, P0, 0x0000000000000000
2026/08/28 09:48:27.129, 57, 0, 0, 2411, 2411, 13.26, P0, 0x0000000000000000
2026/08/28 09:48:27.229, 57, 0, 0, 2411, 2411, 13.26, P0, 0x0000000000000000
2026/08/28 09:48:27.329, 57, 0, 0, 2411, 2411, 13.26, P0, 0x0000000000000000
2026/08/28 09:48:27.429, 57, 0, 0, 2411, 2411, 13.23, P0, 0x0000000000000000
2026/08/28 09:48:27.529, 57, 0, 0, 2411, 2411, 13.23, P0, 0x0000000000000000
2026/08/28 09:48:27.630, 57, 0, 0, 2411, 2411, 13.23, P0, 0x0000000000000000
2026/08/28 09:48:27.730, 57, 0, 0, 2411, 2411, 13.23, P0, 0x0000000000000000
2026/08/28 09:48:27.830, 57, 0, 0, 2411, 2411, 13.23, P0, 0x0000000000000000
2026/08/28 09:48:27.930, 57, 0, 0, 2411, 2411, 13.23, P0, 0x0000000000000000
2026/08/28 09:48:28.030, 57, 0, 0, 2411, 2411, 13.23, P0, 0x0000000000000000
2026/08/28 09:48:28.130, 57, 0, 0, 2411, 2411, 13.23, P0, 0x0000000000000000
2026/08/28 09:48:28.231, 57, 0, 0, 2411, 2411, 13.23, P0, 0x0000000000000000
2026/08/28 09:48:28.331, 57, 0, 0, 2411, 2411, 13.23, P0, 0x0000000000000000
2026/08/28 09:48:28.431, 57, 0, 0, 2411, 2411, 13.23, P0, 0x0000000000000000
2026/08/28 09:48:28.531, 57, 0, 0, 2411, 2411, 13.23, P0, 0x0000000000000000
2026/08/28 09:48:28.631, 57, 0, 0, 2411, 2411, 13.23, P0, 0x0000000000000000
2026/08/28 09:48:28.731, 57, 0, 0, 2411, 2411, 13.23, P0, 0x0000000000000000
2026/08/28 09:48:28.831, 57, 0, 0, 2411, 2411, 13.23, P0, 0x0000000000000000
2026/08/28 09:48:28.931, 57, 0, 0, 2411, 2411, 13.19, P0, 0x0000000000000000
2026/08/28 09:48:29.031, 57, 0, 0, 2411, 2411, 13.19, P0, 0x0000000000000000
2026/08/28 09:48:29.131, 57, 0, 0, 2411, 2411, 13.19, P0, 0x0000000000000000
2026/08/28 09:48:29.232, 57, 0, 0, 2411, 2411, 13.19, P0, 0x0000000000000000
2026/08/28 09:48:29.332, 57, 0, 0, 2411, 2411, 13.19, P0, 0x0000000000000000
2026/08/28 09:48:29.432, 57, 0, 0, 2411, 2411, 13.20, P0, 0x0000000000000000
2026/08/28 09:48:29.532, 57, 0, 0, 2411, 2411, 13.20, P0, 0x0000000000000000
2026/08/28 09:48:29.632, 57, 0, 0, 2411, 2411, 13.20, P0, 0x0000000000000000
2026/08/28 09:48:29.732, 57, 0, 0, 2411, 2411, 13.20, P0, 0x0000000000000000
2026/08/28 09:48:29.832, 57, 0, 0, 2411, 2411, 13.20, P0, 0x0000000000000000
2026/08/28 09:48:29.933, 57, 0, 0, 2411, 2411, 13.23, P0, 0x0000000000000000
2026/08/28 09:48:30.033, 57, 0, 0, 2411, 2411, 13.23, P0, 0x0000000000000000
2026/08/28 09:48:30.133, 57, 0, 0, 2411, 2411, 13.23, P0, 0x0000000000000000
2026/08/28 09:48:30.233, 57, 0, 0, 2411, 2411, 13.23, P0, 0x0000000000000000
2026/08/28 09:48:30.333, 57, 0, 0, 2411, 2411, 13.23, P0, 0x0000000000000000
2026/08/28 09:48:30.433, 57, 0, 0, 2411, 2411, 13.22, P0, 0x0000000000000000
2026/08/28 09:48:30.534, 57, 0, 0, 2411, 2411, 13.22, P0, 0x0000000000000000
2026/08/28 09:48:30.634, 57, 0, 0, 2411, 2411, 13.22, P0, 0x0000000000000000
2026/08/28 09:48:30.734, 57, 0, 0, 2411, 2411, 13.22, P0, 0x0000000000000000
2026/08/28 09:48:30.834, 57, 0, 0, 2411, 2411, 13.22, P0, 0x0000000000000000
2026/08/28 09:48:30.934, 56, 0, 0, 2411, 2411, 13.20, P0, 0x0000000000000000
2026/08/28 09:48:31.035, 56, 0, 0, 2411, 2411, 13.20, P0, 0x0000000000000000
2026/08/28 09:48:31.135, 56, 0, 0, 2411, 2411, 13.20, P0, 0x0000000000000000
2026/08/28 09:48:31.235, 56, 0, 0, 2411, 2411, 13.20, P0, 0x0000000000000000
2026/08/28 09:48:31.335, 56, 0, 0, 2411, 2411, 13.20, P0, 0x0000000000000000
2026/08/28 09:48:31.435, 57, 0, 0, 2411, 2411, 13.18, P0, 0x0000000000000000
2026/08/28 09:48:31.535, 57, 0, 0, 2411, 2411, 13.18, P0, 0x0000000000000000
2026/08/28 09:48:31.635, 57, 0, 0, 2411, 2411, 13.18, P0, 0x0000000000000000
2026/08/28 09:48:31.735, 57, 0, 0, 2411, 2411, 13.18, P0, 0x0000000000000000
2026/08/28 09:48:31.835, 57, 0, 0, 2411, 2411, 13.18, P0, 0x0000000000000000
2026/08/28 09:48:31.935, 56, 0, 0, 2411, 2411, 13.21, P0, 0x0000000000000000
2026/08/28 09:48:32.036, 56, 0, 0, 2411, 2411, 13.21, P0, 0x0000000000000000
2026/08/28 09:48:32.136, 56, 0, 0, 2411, 2411, 13.21, P0, 0x0000000000000000
2026/08/28 09:48:32.236, 56, 0, 0, 2411, 2411, 13.21, P0, 0x0000000000000000
2026/08/28 09:48:32.336, 56, 0, 0, 2411, 2411, 13.21, P0, 0x0000000000000000
2026/08/28 09:48:32.436, 56, 0, 0, 2411, 2411, 13.19, P0, 0x0000000000000000
2026/08/28 09:48:32.536, 56, 0, 0, 2411, 2411, 13.19, P0, 0x0000000000000000
2026/08/28 09:48:32.636, 56, 0, 0, 2411, 2411, 13.19, P0, 0x0000000000000000
2026/08/28 09:48:32.736, 56, 0, 0, 2411, 2411, 13.19, P0, 0x0000000000000000
2026/08/28 09:48:32.836, 56, 0, 0, 2411, 2411, 13.19, P0, 0x0000000000000000
2026/08/28 09:48:32.936, 56, 0, 0, 2411, 2411, 13.15, P0, 0x0000000000000000
2026/08/28 09:48:33.037, 56, 0, 0, 2411, 2411, 13.15, P0, 0x0000000000000000
2026/08/28 09:48:33.137, 56, 0, 0, 2411, 2411, 13.15, P0, 0x0000000000000000
2026/08/28 09:48:33.237, 56, 0, 0, 2411, 2411, 13.15, P0, 0x0000000000000000
2026/08/28 09:48:33.337, 56, 0, 0, 2411, 2411, 13.15, P0, 0x0000000000000000
2026/08/28 09:48:33.437, 56, 0, 0, 2411, 2411, 13.16, P0, 0x0000000000000000
2026/08/28 09:48:33.537, 56, 0, 0, 2411, 2411, 13.16, P0, 0x0000000000000000
2026/08/28 09:48:33.637, 56, 0, 0, 2411, 2411, 13.16, P0, 0x0000000000000000
2026/08/28 09:48:33.737, 56, 0, 0, 2411, 2411, 13.16, P0, 0x0000000000000000
2026/08/28 09:48:33.838, 56, 0, 0, 2411, 2411, 13.16, P0, 0x0000000000000000
2026/08/28 09:48:33.938, 56, 0, 0, 2411, 2411, 13.16, P0, 0x0000000000000000
2026/08/28 09:48:34.038, 56, 0, 0, 2411, 2411, 13.16, P0, 0x0000000000000000
2026/08/28 09:48:34.138, 56, 0, 0, 2411, 2411, 13.16, P0, 0x0000000000000000
2026/08/28 09:48:34.238, 56, 0, 0, 2411, 2411, 13.16, P0, 0x0000000000000000
2026/08/28 09:48:34.338, 56, 0, 0, 2411, 2411, 13.16, P0, 0x0000000000000000
2026/08/28 09:48:34.438, 56, 0, 0, 2411, 2411, 13.14, P0, 0x0000000000000000
2026/08/28 09:48:34.538, 56, 0, 0, 2411, 2411, 13.14, P0, 0x0000000000000000
2026/08/28 09:48:34.639, 56, 0, 0, 2411, 2411, 13.14, P0, 0x0000000000000000
2026/08/28 09:48:34.739, 56, 0, 0, 2411, 2411, 13.14, P0, 0x0000000000000000
2026/08/28 09:48:34.839, 56, 0, 0, 2411, 2411, 13.14, P0, 0x0000000000000000
2026/08/28 09:48:34.939, 56, 0, 0, 2411, 2411, 13.14, P0, 0x0000000000000000
2026/08/28 09:48:35.039, 56, 0, 0, 2411, 2411, 13.14, P0, 0x0000000000000000
2026/08/28 09:48:35.139, 56, 0, 0, 2411, 2411, 13.14, P0, 0x0000000000000000
2026/08/28 09:48:35.239, 56, 0, 0, 2411, 2411, 13.14, P0, 0x0000000000000000
2026/08/28 09:48:35.339, 56, 0, 0, 2411, 2411, 13.14, P0, 0x0000000000000000
2026/08/28 09:48:35.440, 56, 0, 0, 2411, 2411, 13.15, P0, 0x0000000000000000
2026/08/28 09:48:35.540, 56, 0, 0, 2411, 2411, 13.15, P0, 0x0000000000000000
2026/08/28 09:48:35.640, 56, 0, 0, 2411, 2411, 13.15, P0, 0x0000000000000000
2026/08/28 09:48:35.740, 56, 0, 0, 2411, 2411, 13.15, P0, 0x0000000000000000
2026/08/28 09:48:35.840, 56, 0, 0, 2411, 2411, 13.15, P0, 0x0000000000000000
2026/08/28 09:48:35.940, 56, 0, 0, 2411, 2411, 13.13, P0, 0x0000000000000000
2026/08/28 09:48:36.040, 56, 0, 0, 2411, 2411, 13.13, P0, 0x0000000000000000
2026/08/28 09:48:36.140, 56, 0, 0, 2411, 2411, 13.13, P0, 0x0000000000000000
2026/08/28 09:48:36.241, 56, 0, 0, 2411, 2411, 13.13, P0, 0x0000000000000000
2026/08/28 09:48:36.341, 56, 0, 0, 2411, 2411, 13.13, P0, 0x0000000000000000
2026/08/28 09:48:36.441, 56, 0, 0, 2411, 2411, 13.12, P0, 0x0000000000000000
2026/08/28 09:48:36.541, 56, 0, 0, 2411, 2411, 13.12, P0, 0x0000000000000000
2026/08/28 09:48:36.641, 56, 0, 0, 2411, 2411, 13.12, P0, 0x0000000000000000
2026/08/28 09:48:36.741, 56, 0, 0, 2411, 2411, 13.12, P0, 0x0000000000000000
2026/08/28 09:48:36.842, 56, 0, 0, 2411, 2411, 13.12, P0, 0x0000000000000000
2026/08/28 09:48:36.942, 56, 0, 0, 2411, 2411, 13.11, P0, 0x0000000000000000
2026/08/28 09:48:37.042, 56, 0, 0, 2411, 2411, 13.11, P0, 0x0000000000000000
2026/08/28 09:48:37.142, 56, 0, 0, 2411, 2411, 13.11, P0, 0x0000000000000000
2026/08/28 09:48:37.242, 56, 0, 0, 2411, 2411, 13.11, P0, 0x0000000000000000
2026/08/28 09:48:37.342, 56, 0, 0, 2411, 2411, 13.11, P0, 0x0000000000000000
2026/08/28 09:48:37.442, 56, 0, 0, 2411, 2411, 13.09, P0, 0x0000000000000000
2026/08/28 09:48:37.542, 56, 0, 0, 2411, 2411, 13.09, P0, 0x0000000000000000
2026/08/28 09:48:37.642, 56, 0, 0, 2411, 2411, 13.09, P0, 0x0000000000000000
2026/08/28 09:48:37.743, 56, 0, 0, 2411, 2411, 13.09, P0, 0x0000000000000000
2026/08/28 09:48:37.843, 56, 0, 0, 2411, 2411, 13.09, P0, 0x0000000000000000
2026/08/28 09:48:37.943, 56, 0, 0, 2411, 2411, 13.06, P0, 0x0000000000000000
2026/08/28 09:48:38.043, 56, 0, 0, 2411, 2411, 13.06, P0, 0x0000000000000000
2026/08/28 09:48:38.143, 56, 0, 0, 2411, 2411, 13.06, P0, 0x0000000000000000
2026/08/28 09:48:38.243, 56, 0, 0, 2411, 2411, 13.06, P0, 0x0000000000000000
2026/08/28 09:48:38.343, 56, 0, 0, 2411, 2411, 13.06, P0, 0x0000000000000000
2026/08/28 09:48:38.443, 56, 0, 0, 2411, 2411, 13.06, P0, 0x0000000000000000
2026/08/28 09:48:38.544, 56, 0, 0, 2411, 2411, 13.06, P0, 0x0000000000000000
2026/08/28 09:48:38.644, 56, 0, 0, 2411, 2411, 13.06, P0, 0x0000000000000000
2026/08/28 09:48:38.744, 56, 0, 0, 2411, 2411, 13.06, P0, 0x0000000000000000
2026/08/28 09:48:38.844, 56, 0, 0, 2411, 2411, 13.06, P0, 0x0000000000000000
2026/08/28 09:48:38.944, 56, 0, 0, 2411, 2411, 13.08, P0, 0x0000000000000000
2026/08/28 09:48:39.044, 56, 0, 0, 2411, 2411, 13.08, P0, 0x0000000000000000
2026/08/28 09:48:39.144, 56, 0, 0, 2411, 2411, 13.08, P0, 0x0000000000000000
2026/08/28 09:48:39.244, 56, 0, 0, 2411, 2411, 13.08, P0, 0x0000000000000000
2026/08/28 09:48:39.345, 56, 0, 0, 2411, 2411, 13.08, P0, 0x0000000000000000
2026/08/28 09:48:39.445, 56, 0, 0, 2411, 2411, 13.10, P0, 0x0000000000000000
2026/08/28 09:48:39.545, 56, 0, 0, 2411, 2411, 13.10, P0, 0x0000000000000000
2026/08/28 09:48:39.645, 56, 0, 0, 2411, 2411, 13.10, P0, 0x0000000000000000
2026/08/28 09:48:39.745, 56, 0, 0, 2411, 2411, 13.10, P0, 0x0000000000000000
2026/08/28 09:48:39.845, 56, 0, 0, 2411, 2411, 13.10, P0, 0x0000000000000000
2026/08/28 09:48:39.945, 56, 0, 0, 2411, 2411, 13.13, P0, 0x0000000000000000
2026/08/28 09:48:40.045, 56, 0, 0, 2411, 2411, 13.13, P0, 0x0000000000000000
2026/08/28 09:48:40.146, 56, 0, 0, 2411, 2411, 13.13, P0, 0x0000000000000000
2026/08/28 09:48:40.246, 56, 0, 0, 2411, 2411, 13.13, P0, 0x0000000000000000
2026/08/28 09:48:40.346, 56, 0, 0, 2411, 2411, 13.13, P0, 0x0000000000000000
2026/08/28 09:48:40.446, 56, 0, 0, 2411, 2411, 13.14, P0, 0x0000000000000000
2026/08/28 09:48:40.546, 56, 0, 0, 2411, 2411, 13.14, P0, 0x0000000000000000
2026/08/28 09:48:40.646, 56, 0, 0, 2411, 2411, 13.14, P0, 0x0000000000000000
2026/08/28 09:48:40.746, 56, 0, 0, 2411, 2411, 13.14, P0, 0x0000000000000000
2026/08/28 09:48:40.847, 56, 0, 0, 2411, 2411, 13.14, P0, 0x0000000000000000
2026/08/28 09:48:40.947, 56, 0, 0, 2411, 2411, 13.15, P0, 0x0000000000000000
2026/08/28 09:48:41.047, 56, 0, 0, 2411, 2411, 13.15, P0, 0x0000000000000000
2026/08/28 09:48:41.147, 56, 0, 0, 2411, 2411, 13.15, P0, 0x0000000000000000
2026/08/28 09:48:41.247, 56, 0, 0, 2411, 2411, 13.15, P0, 0x0000000000000000
2026/08/28 09:48:41.347, 56, 0, 0, 2411, 2411, 13.15, P0, 0x0000000000000000
2026/08/28 09:48:41.448, 56, 0, 0, 2411, 2411, 13.16, P0, 0x0000000000000000
2026/08/28 09:48:41.548, 56, 0, 0, 2411, 2411, 13.16, P0, 0x0000000000000000
2026/08/28 09:48:41.648, 56, 0, 0, 2411, 2411, 13.16, P0, 0x0000000000000000
2026/08/28 09:48:41.748, 56, 0, 0, 2411, 2411, 13.16, P0, 0x0000000000000000
2026/08/28 09:48:41.848, 56, 0, 0, 2411, 2411, 13.16, P0, 0x0000000000000000
2026/08/28 09:48:41.948, 56, 0, 0, 2411, 2411, 13.13, P0, 0x0000000000000000
2026/08/28 09:48:42.048, 56, 0, 0, 2411, 2411, 13.13, P0, 0x0000000000000000
2026/08/28 09:48:42.149, 56, 0, 0, 2411, 2411, 13.13, P0, 0x0000000000000000
2026/08/28 09:48:42.249, 56, 0, 0, 2411, 2411, 13.13, P0, 0x0000000000000000
2026/08/28 09:48:42.349, 56, 0, 0, 2411, 2411, 13.13, P0, 0x0000000000000000
2026/08/28 09:48:42.449, 56, 0, 0, 2411, 2411, 13.11, P0, 0x0000000000000000
2026/08/28 09:48:42.550, 56, 0, 0, 2411, 2411, 13.11, P0, 0x0000000000000000
2026/08/28 09:48:42.650, 56, 0, 0, 2411, 2411, 13.11, P0, 0x0000000000000000
2026/08/28 09:48:42.750, 56, 0, 0, 2411, 2411, 13.11, P0, 0x0000000000000000
2026/08/28 09:48:42.850, 56, 0, 0, 2411, 2411, 13.11, P0, 0x0000000000000000
2026/08/28 09:48:42.950, 56, 0, 0, 2411, 2411, 13.13, P0, 0x0000000000000000
2026/08/28 09:48:43.051, 56, 0, 0, 2411, 2411, 13.13, P0, 0x0000000000000000
2026/08/28 09:48:43.151, 56, 0, 0, 2411, 2411, 13.13, P0, 0x0000000000000000
2026/08/28 09:48:43.251, 56, 0, 0, 2411, 2411, 13.13, P0, 0x0000000000000000
2026/08/28 09:48:43.351, 56, 0, 0, 2411, 2411, 13.13, P0, 0x0000000000000000
2026/08/28 09:48:43.451, 56, 0, 0, 2411, 2411, 13.11, P0, 0x0000000000000000
2026/08/28 09:48:43.551, 56, 0, 0, 2411, 2411, 13.11, P0, 0x0000000000000000
2026/08/28 09:48:43.651, 56, 0, 0, 2411, 2411, 13.11, P0, 0x0000000000000000
2026/08/28 09:48:43.752, 56, 0, 0, 2411, 2411, 13.11, P0, 0x0000000000000000
2026/08/28 09:48:43.852, 56, 0, 0, 2411, 2411, 13.11, P0, 0x0000000000000000
2026/08/28 09:48:43.952, 56, 0, 0, 2411, 2411, 13.11, P0, 0x0000000000000000
2026/08/28 09:48:44.052, 56, 0, 0, 2411, 2411, 13.11, P0, 0x0000000000000000
2026/08/28 09:48:44.153, 56, 0, 0, 2411, 2411, 13.11, P0, 0x0000000000000000
2026/08/28 09:48:44.253, 56, 0, 0, 2411, 2411, 13.11, P0, 0x0000000000000000
2026/08/28 09:48:44.353, 56, 0, 0, 2411, 2411, 13.11, P0, 0x0000000000000000
2026/08/28 09:48:44.453, 56, 0, 0, 2411, 2411, 13.12, P0, 0x0000000000000000
2026/08/28 09:48:44.553, 56, 0, 0, 2411, 2411, 13.12, P0, 0x0000000000000000
2026/08/28 09:48:44.653, 56, 0, 0, 2411, 2411, 13.12, P0, 0x0000000000000000
2026/08/28 09:48:44.753, 56, 0, 0, 2411, 2411, 13.12, P0, 0x0000000000000000
2026/08/28 09:48:44.854, 56, 0, 0, 2411, 2411, 13.12, P0, 0x0000000000000000
2026/08/28 09:48:44.954, 56, 0, 0, 2411, 2411, 13.10, P0, 0x0000000000000000
2026/08/28 09:48:45.054, 56, 0, 0, 2411, 2411, 13.10, P0, 0x0000000000000000
2026/08/28 09:48:45.154, 56, 0, 0, 2411, 2411, 13.10, P0, 0x0000000000000000
2026/08/28 09:48:45.254, 56, 0, 0, 2411, 2411, 13.10, P0, 0x0000000000000000
2026/08/28 09:48:45.354, 56, 0, 0, 2411, 2411, 13.10, P0, 0x0000000000000000
2026/08/28 09:48:45.454, 56, 0, 0, 2411, 2411, 13.09, P0, 0x0000000000000000
2026/08/28 09:48:45.555, 56, 0, 0, 2411, 2411, 13.09, P0, 0x0000000000000000
2026/08/28 09:48:45.655, 56, 0, 0, 2411, 2411, 13.09, P0, 0x0000000000000000
2026/08/28 09:48:45.755, 56, 0, 0, 2411, 2411, 13.09, P0, 0x0000000000000000
2026/08/28 09:48:45.855, 56, 0, 0, 2411, 2411, 13.09, P0, 0x0000000000000000
2026/08/28 09:48:45.956, 55, 0, 0, 2411, 2411, 13.08, P0, 0x0000000000000000
2026/08/28 09:48:46.056, 55, 0, 0, 2411, 2411, 13.08, P0, 0x0000000000000000
2026/08/28 09:48:46.156, 55, 0, 0, 2411, 2411, 13.08, P0, 0x0000000000000000
2026/08/28 09:48:46.256, 55, 0, 0, 2411, 2411, 13.08, P0, 0x0000000000000000
2026/08/28 09:48:46.356, 55, 0, 0, 2411, 2411, 13.08, P0, 0x0000000000000000
2026/08/28 09:48:46.456, 56, 0, 0, 2411, 2411, 13.10, P0, 0x0000000000000000
2026/08/28 09:48:46.557, 56, 0, 0, 2411, 2411, 13.10, P0, 0x0000000000000000
2026/08/28 09:48:46.657, 56, 0, 0, 2411, 2411, 13.10, P0, 0x0000000000000000
2026/08/28 09:48:46.757, 56, 0, 0, 2411, 2411, 13.10, P0, 0x0000000000000000
2026/08/28 09:48:46.857, 56, 0, 0, 2411, 2411, 13.10, P0, 0x0000000000000000
2026/08/28 09:48:46.957, 55, 0, 0, 2411, 2411, 13.07, P0, 0x0000000000000000
2026/08/28 09:48:47.057, 55, 0, 0, 2411, 2411, 13.07, P0, 0x0000000000000000
2026/08/28 09:48:47.157, 55, 0, 0, 2411, 2411, 13.07, P0, 0x0000000000000000
2026/08/28 09:48:47.257, 55, 0, 0, 2411, 2411, 13.07, P0, 0x0000000000000000
2026/08/28 09:48:47.358, 55, 0, 0, 2411, 2411, 13.07, P0, 0x0000000000000000
2026/08/28 09:48:47.458, 55, 0, 0, 2411, 2411, 13.02, P0, 0x0000000000000000
2026/08/28 09:48:47.558, 55, 0, 0, 2411, 2411, 13.02, P0, 0x0000000000000000
2026/08/28 09:48:47.658, 55, 0, 0, 2411, 2411, 13.02, P0, 0x0000000000000000
2026/08/28 09:48:47.758, 55, 0, 0, 2411, 2411, 13.02, P0, 0x0000000000000000
2026/08/28 09:48:47.858, 55, 0, 0, 2411, 2411, 13.02, P0, 0x0000000000000000
2026/08/28 09:48:47.958, 55, 0, 0, 2411, 2411, 13.02, P0, 0x0000000000000000
2026/08/28 09:48:48.058, 55, 0, 0, 2411, 2411, 13.02, P0, 0x0000000000000000
2026/08/28 09:48:48.159, 55, 0, 0, 2411, 2411, 13.02, P0, 0x0000000000000000
2026/08/28 09:48:48.259, 55, 0, 0, 2411, 2411, 13.02, P0, 0x0000000000000000
2026/08/28 09:48:48.359, 55, 0, 0, 2411, 2411, 13.02, P0, 0x0000000000000000
2026/08/28 09:48:48.459, 55, 0, 0, 2411, 2411, 13.04, P0, 0x0000000000000000
2026/08/28 09:48:48.559, 55, 0, 0, 2411, 2411, 13.04, P0, 0x0000000000000000
2026/08/28 09:48:48.659, 55, 0, 0, 2411, 2411, 13.04, P0, 0x0000000000000000
2026/08/28 09:48:48.759, 55, 0, 0, 2411, 2411, 13.04, P0, 0x0000000000000000
2026/08/28 09:48:48.860, 55, 0, 0, 2411, 2411, 13.04, P0, 0x0000000000000000
2026/08/28 09:48:48.960, 55, 0, 0, 2411, 2411, 13.07, P0, 0x0000000000000000
2026/08/28 09:48:49.060, 55, 0, 0, 2411, 2411, 13.07, P0, 0x0000000000000000
2026/08/28 09:48:49.160, 55, 0, 0, 2411, 2411, 13.07, P0, 0x0000000000000000
2026/08/28 09:48:49.260, 55, 0, 0, 2411, 2411, 13.07, P0, 0x0000000000000000
2026/08/28 09:48:49.360, 55, 0, 0, 2411, 2411, 13.07, P0, 0x0000000000000000
2026/08/28 09:48:49.460, 55, 0, 0, 2411, 2411, 13.07, P0, 0x0000000000000000
2026/08/28 09:48:49.560, 55, 0, 0, 2411, 2411, 13.07, P0, 0x0000000000000000
2026/08/28 09:48:49.661, 55, 0, 0, 2411, 2411, 13.07, P0, 0x0000000000000000
2026/08/28 09:48:49.761, 55, 0, 0, 2411, 2411, 13.07, P0, 0x0000000000000000
2026/08/28 09:48:49.861, 55, 0, 0, 2411, 2411, 13.07, P0, 0x0000000000000000
2026/08/28 09:48:49.961, 55, 0, 0, 2411, 2411, 13.06, P0, 0x0000000000000000
2026/08/28 09:48:50.061, 55, 0, 0, 2411, 2411, 13.06, P0, 0x0000000000000000
2026/08/28 09:48:50.162, 55, 0, 0, 2411, 2411, 13.06, P0, 0x0000000000000000
2026/08/28 09:48:50.262, 55, 0, 0, 2411, 2411, 13.06, P0, 0x0000000000000000
2026/08/28 09:48:50.362, 55, 0, 0, 2411, 2411, 13.06, P0, 0x0000000000000000
2026/08/28 09:48:50.462, 55, 0, 0, 2411, 2411, 13.06, P0, 0x0000000000000000
2026/08/28 09:48:50.562, 55, 0, 0, 2411, 2411, 13.06, P0, 0x0000000000000000
2026/08/28 09:48:50.662, 55, 0, 0, 2411, 2411, 13.06, P0, 0x0000000000000000
2026/08/28 09:48:50.763, 55, 0, 0, 2411, 2411, 13.06, P0, 0x0000000000000000
2026/08/28 09:48:50.863, 55, 0, 0, 2411, 2411, 13.06, P0, 0x0000000000000000
2026/08/28 09:48:50.963, 55, 0, 0, 2411, 2411, 13.07, P0, 0x0000000000000000
2026/08/28 09:48:51.063, 55, 0, 0, 2411, 2411, 13.07, P0, 0x0000000000000000
2026/08/28 09:48:51.163, 55, 0, 0, 2411, 2411, 13.07, P0, 0x0000000000000000
2026/08/28 09:48:51.263, 55, 0, 0, 2411, 2411, 13.07, P0, 0x0000000000000000
2026/08/28 09:48:51.363, 55, 0, 0, 2411, 2411, 13.07, P0, 0x0000000000000000
2026/08/28 09:48:51.464, 55, 0, 0, 2411, 2411, 13.07, P0, 0x0000000000000000
2026/08/28 09:48:51.564, 55, 0, 0, 2411, 2411, 13.07, P0, 0x0000000000000000
2026/08/28 09:48:51.664, 55, 0, 0, 2411, 2411, 13.07, P0, 0x0000000000000000
2026/08/28 09:48:51.764, 55, 0, 0, 2411, 2411, 13.07, P0, 0x0000000000000000
2026/08/28 09:48:51.864, 55, 0, 0, 2411, 2411, 13.07, P0, 0x0000000000000000
2026/08/28 09:48:51.964, 55, 0, 0, 2411, 2411, 13.05, P0, 0x0000000000000000
2026/08/28 09:48:52.064, 55, 0, 0, 2411, 2411, 13.05, P0, 0x0000000000000000
2026/08/28 09:48:52.164, 55, 0, 0, 2411, 2411, 13.05, P0, 0x0000000000000000
2026/08/28 09:48:52.265, 55, 0, 0, 2411, 2411, 13.05, P0, 0x0000000000000000
2026/08/28 09:48:52.365, 55, 0, 0, 2411, 2411, 13.05, P0, 0x0000000000000000
2026/08/28 09:48:52.465, 55, 0, 0, 2411, 2411, 13.04, P0, 0x0000000000000000
2026/08/28 09:48:52.565, 55, 0, 0, 2411, 2411, 13.04, P0, 0x0000000000000000
2026/08/28 09:48:52.665, 55, 0, 0, 2411, 2411, 13.04, P0, 0x0000000000000000
2026/08/28 09:48:52.765, 55, 0, 0, 2411, 2411, 13.04, P0, 0x0000000000000000
2026/08/28 09:48:52.865, 55, 0, 0, 2411, 2411, 13.04, P0, 0x0000000000000000
2026/08/28 09:48:52.966, 55, 0, 0, 2411, 2411, 13.03, P0, 0x0000000000000000
2026/08/28 09:48:53.066, 55, 0, 0, 2411, 2411, 13.03, P0, 0x0000000000000000
2026/08/28 09:48:53.166, 55, 0, 0, 2411, 2411, 13.03, P0, 0x0000000000000000
2026/08/28 09:48:53.266, 55, 0, 0, 2411, 2411, 13.03, P0, 0x0000000000000000
2026/08/28 09:48:53.366, 55, 0, 0, 2411, 2411, 13.03, P0, 0x0000000000000000
2026/08/28 09:48:53.466, 55, 0, 0, 2411, 2411, 12.98, P0, 0x0000000000000000
2026/08/28 09:48:53.566, 55, 0, 0, 2411, 2411, 12.98, P0, 0x0000000000000000
2026/08/28 09:48:53.667, 55, 0, 0, 2411, 2411, 12.98, P0, 0x0000000000000000
2026/08/28 09:48:53.767, 55, 0, 0, 2411, 2411, 12.98, P0, 0x0000000000000000
2026/08/28 09:48:53.867, 55, 0, 0, 2411, 2411, 12.98, P0, 0x0000000000000000
2026/08/28 09:48:53.967, 55, 0, 0, 2411, 2411, 12.97, P0, 0x0000000000000000
2026/08/28 09:48:54.067, 55, 0, 0, 2411, 2411, 12.97, P0, 0x0000000000000000
2026/08/28 09:48:54.167, 55, 0, 0, 2411, 2411, 12.97, P0, 0x0000000000000000
2026/08/28 09:48:54.267, 55, 0, 0, 2411, 2411, 12.97, P0, 0x0000000000000000
2026/08/28 09:48:54.368, 55, 0, 0, 2411, 2411, 12.97, P0, 0x0000000000000000
2026/08/28 09:48:54.468, 55, 0, 0, 2411, 2411, 12.99, P0, 0x0000000000000000
2026/08/28 09:48:54.568, 55, 0, 0, 2411, 2411, 12.99, P0, 0x0000000000000000
2026/08/28 09:48:54.668, 55, 0, 0, 2411, 2411, 12.99, P0, 0x0000000000000000
2026/08/28 09:48:54.768, 55, 0, 0, 2411, 2411, 12.99, P0, 0x0000000000000000
2026/08/28 09:48:54.868, 55, 0, 0, 2411, 2411, 12.99, P0, 0x0000000000000000
2026/08/28 09:48:54.968, 55, 0, 0, 2411, 2411, 13.04, P0, 0x0000000000000000
2026/08/28 09:48:55.069, 55, 0, 0, 2411, 2411, 13.04, P0, 0x0000000000000000
2026/08/28 09:48:55.169, 55, 0, 0, 2411, 2411, 13.04, P0, 0x0000000000000000
2026/08/28 09:48:55.269, 55, 0, 0, 2411, 2411, 13.04, P0, 0x0000000000000000
2026/08/28 09:48:55.369, 55, 0, 0, 2411, 2411, 13.04, P0, 0x0000000000000000
2026/08/28 09:48:55.469, 55, 0, 0, 2411, 2411, 13.06, P0, 0x0000000000000000
2026/08/28 09:48:55.569, 55, 0, 0, 2411, 2411, 13.06, P0, 0x0000000000000000
2026/08/28 09:48:55.669, 55, 0, 0, 2411, 2411, 13.06, P0, 0x0000000000000000
2026/08/28 09:48:55.769, 55, 0, 0, 2411, 2411, 13.06, P0, 0x0000000000000000
2026/08/28 09:48:55.870, 55, 0, 0, 2411, 2411, 13.06, P0, 0x0000000000000000
2026/08/28 09:48:55.970, 55, 0, 0, 2411, 2411, 13.05, P0, 0x0000000000000000
2026/08/28 09:48:56.070, 55, 0, 0, 2411, 2411, 13.05, P0, 0x0000000000000000
2026/08/28 09:48:56.170, 55, 0, 0, 2411, 2411, 13.05, P0, 0x0000000000000000
2026/08/28 09:48:56.270, 55, 0, 0, 2411, 2411, 13.05, P0, 0x0000000000000000
2026/08/28 09:48:56.370, 55, 0, 0, 2411, 2411, 13.05, P0, 0x0000000000000000
2026/08/28 09:48:56.470, 55, 0, 0, 2411, 2411, 13.05, P0, 0x0000000000000000
2026/08/28 09:48:56.570, 55, 0, 0, 2411, 2411, 13.05, P0, 0x0000000000000000
2026/08/28 09:48:56.671, 55, 0, 0, 2411, 2411, 13.05, P0, 0x0000000000000000
2026/08/28 09:48:56.771, 55, 0, 0, 2411, 2411, 13.05, P0, 0x0000000000000000
2026/08/28 09:48:56.871, 55, 0, 0, 2411, 2411, 13.05, P0, 0x0000000000000000
2026/08/28 09:48:56.971, 55, 0, 0, 2411, 2411, 13.01, P0, 0x0000000000000000
2026/08/28 09:48:57.071, 55, 0, 0, 2411, 2411, 13.01, P0, 0x0000000000000000
2026/08/28 09:48:57.171, 55, 0, 0, 2411, 2411, 13.01, P0, 0x0000000000000000
2026/08/28 09:48:57.271, 55, 0, 0, 2411, 2411, 13.01, P0, 0x0000000000000000
2026/08/28 09:48:57.371, 55, 0, 0, 2411, 2411, 13.01, P0, 0x0000000000000000
2026/08/28 09:48:57.471, 55, 0, 0, 2411, 2411, 12.99, P0, 0x0000000000000000
2026/08/28 09:48:57.572, 55, 0, 0, 2411, 2411, 12.99, P0, 0x0000000000000000
2026/08/28 09:48:57.672, 55, 0, 0, 2411, 2411, 12.99, P0, 0x0000000000000000
2026/08/28 09:48:57.772, 55, 0, 0, 2411, 2411, 12.99, P0, 0x0000000000000000
2026/08/28 09:48:57.872, 55, 0, 0, 2411, 2411, 12.99, P0, 0x0000000000000000
2026/08/28 09:48:57.973, 55, 0, 0, 2411, 2411, 12.96, P0, 0x0000000000000000
2026/08/28 09:48:58.073, 55, 0, 0, 2411, 2411, 12.96, P0, 0x0000000000000000
2026/08/28 09:48:58.173, 55, 0, 0, 2411, 2411, 12.96, P0, 0x0000000000000000
2026/08/28 09:48:58.273, 55, 0, 0, 2411, 2411, 12.96, P0, 0x0000000000000000
2026/08/28 09:48:58.373, 55, 0, 0, 2411, 2411, 12.96, P0, 0x0000000000000000
2026/08/28 09:48:58.473, 55, 0, 0, 2411, 2411, 12.96, P0, 0x0000000000000000
2026/08/28 09:48:58.574, 55, 0, 0, 2411, 2411, 12.96, P0, 0x0000000000000000
2026/08/28 09:48:58.674, 55, 0, 0, 2411, 2411, 12.96, P0, 0x0000000000000000
2026/08/28 09:48:58.774, 55, 0, 0, 2411, 2411, 12.96, P0, 0x0000000000000000
2026/08/28 09:48:58.874, 55, 0, 0, 2411, 2411, 12.97, P0, 0x0000000000000000
2026/08/28 09:48:58.974, 55, 0, 0, 2411, 2411, 12.97, P0, 0x0000000000000000
2026/08/28 09:48:59.075, 55, 0, 0, 2411, 2411, 12.97, P0, 0x0000000000000000
2026/08/28 09:48:59.175, 55, 0, 0, 2411, 2411, 12.97, P0, 0x0000000000000000
2026/08/28 09:48:59.275, 55, 0, 0, 2411, 2411, 12.97, P0, 0x0000000000000000
2026/08/28 09:48:59.375, 55, 0, 0, 2411, 2411, 12.95, P0, 0x0000000000000000
2026/08/28 09:48:59.475, 55, 0, 0, 2411, 2411, 12.95, P0, 0x0000000000000000
2026/08/28 09:48:59.575, 55, 0, 0, 2411, 2411, 12.95, P0, 0x0000000000000000
2026/08/28 09:48:59.675, 55, 0, 0, 2411, 2411, 12.95, P0, 0x0000000000000000
2026/08/28 09:48:59.775, 55, 0, 0, 2411, 2411, 12.95, P0, 0x0000000000000000
2026/08/28 09:48:59.876, 55, 0, 0, 2411, 2411, 12.95, P0, 0x0000000000000000
2026/08/28 09:48:59.976, 55, 0, 0, 2411, 2411, 12.95, P0, 0x0000000000000000
2026/08/28 09:49:00.076, 55, 0, 0, 2411, 2411, 12.95, P0, 0x0000000000000000
2026/08/28 09:49:00.176, 55, 0, 0, 2411, 2411, 12.95, P0, 0x0000000000000000
2026/08/28 09:49:00.276, 55, 0, 0, 2411, 2411, 12.95, P0, 0x0000000000000000
2026/08/28 09:49:00.376, 55, 0, 0, 2411, 2411, 12.98, P0, 0x0000000000000000
2026/08/28 09:49:00.476, 55, 0, 0, 2411, 2411, 12.98, P0, 0x0000000000000000
2026/08/28 09:49:00.577, 55, 0, 0, 2411, 2411, 12.98, P0, 0x0000000000000000
2026/08/28 09:49:00.677, 55, 0, 0, 2411, 2411, 12.98, P0, 0x0000000000000000
2026/08/28 09:49:00.777, 55, 0, 0, 2411, 2411, 12.98, P0, 0x0000000000000000
2026/08/28 09:49:00.877, 55, 0, 0, 2411, 2411, 12.96, P0, 0x0000000000000000
2026/08/28 09:49:00.977, 55, 0, 0, 2411, 2411, 12.96, P0, 0x0000000000000000
2026/08/28 09:49:01.077, 55, 0, 0, 2411, 2411, 12.96, P0, 0x0000000000000000
2026/08/28 09:49:01.177, 55, 0, 0, 2411, 2411, 12.96, P0, 0x0000000000000000
2026/08/28 09:49:01.278, 55, 0, 0, 2411, 2411, 12.96, P0, 0x0000000000000000
2026/08/28 09:49:01.378, 55, 0, 0, 2411, 2411, 12.93, P0, 0x0000000000000000
2026/08/28 09:49:01.478, 55, 0, 0, 2411, 2411, 12.93, P0, 0x0000000000000000
2026/08/28 09:49:01.578, 55, 0, 0, 2411, 2411, 12.93, P0, 0x0000000000000000
2026/08/28 09:49:01.678, 55, 0, 0, 2411, 2411, 12.93, P0, 0x0000000000000000
2026/08/28 09:49:01.778, 55, 0, 0, 2411, 2411, 12.93, P0, 0x0000000000000000
2026/08/28 09:49:01.878, 55, 0, 0, 2411, 2411, 12.92, P0, 0x0000000000000000
2026/08/28 09:49:01.978, 55, 0, 0, 2411, 2411, 12.92, P0, 0x0000000000000000
2026/08/28 09:49:02.079, 55, 0, 0, 2411, 2411, 12.92, P0, 0x0000000000000000
2026/08/28 09:49:02.179, 55, 0, 0, 2411, 2411, 12.92, P0, 0x0000000000000000
2026/08/28 09:49:02.279, 55, 0, 0, 2411, 2411, 12.92, P0, 0x0000000000000000
2026/08/28 09:49:02.379, 55, 0, 0, 2411, 2411, 12.92, P0, 0x0000000000000000
2026/08/28 09:49:02.479, 55, 0, 0, 2411, 2411, 12.92, P0, 0x0000000000000000
2026/08/28 09:49:02.579, 55, 0, 0, 2411, 2411, 12.92, P0, 0x0000000000000000
2026/08/28 09:49:02.679, 55, 0, 0, 2411, 2411, 12.92, P0, 0x0000000000000000
2026/08/28 09:49:02.779, 55, 0, 0, 2411, 2411, 12.92, P0, 0x0000000000000000
2026/08/28 09:49:02.880, 55, 0, 0, 2411, 2411, 12.91, P0, 0x0000000000000000
2026/08/28 09:49:02.980, 55, 0, 0, 2411, 2411, 12.91, P0, 0x0000000000000000
2026/08/28 09:49:03.080, 55, 0, 0, 2411, 2411, 12.91, P0, 0x0000000000000000
2026/08/28 09:49:03.180, 55, 0, 0, 2411, 2411, 12.91, P0, 0x0000000000000000
2026/08/28 09:49:03.280, 55, 0, 0, 2411, 2411, 12.91, P0, 0x0000000000000000
2026/08/28 09:49:03.380, 55, 0, 0, 2411, 2411, 12.92, P0, 0x0000000000000000
2026/08/28 09:49:03.481, 55, 0, 0, 2411, 2411, 12.92, P0, 0x0000000000000000
2026/08/28 09:49:03.581, 55, 0, 0, 2411, 2411, 12.92, P0, 0x0000000000000000
2026/08/28 09:49:03.681, 55, 0, 0, 2411, 2411, 12.92, P0, 0x0000000000000000
2026/08/28 09:49:03.781, 55, 0, 0, 2411, 2411, 12.92, P0, 0x0000000000000000
2026/08/28 09:49:03.881, 55, 0, 0, 2411, 2411, 12.91, P0, 0x0000000000000000
2026/08/28 09:49:03.981, 55, 0, 0, 2411, 2411, 12.91, P0, 0x0000000000000000
2026/08/28 09:49:04.081, 55, 0, 0, 2411, 2411, 12.91, P0, 0x0000000000000000
2026/08/28 09:49:04.182, 55, 0, 0, 2411, 2411, 12.91, P0, 0x0000000000000000
2026/08/28 09:49:04.282, 55, 0, 0, 2411, 2411, 12.91, P0, 0x0000000000000000
2026/08/28 09:49:04.382, 55, 0, 0, 2411, 2411, 12.91, P0, 0x0000000000000000
2026/08/28 09:49:04.482, 55, 0, 0, 2411, 2411, 12.91, P0, 0x0000000000000000
2026/08/28 09:49:04.582, 55, 0, 0, 2411, 2411, 12.91, P0, 0x0000000000000000
2026/08/28 09:49:04.682, 55, 0, 0, 2411, 2411, 12.91, P0, 0x0000000000000000
2026/08/28 09:49:04.783, 55, 0, 0, 2411, 2411, 12.91, P0, 0x0000000000000000
2026/08/28 09:49:04.883, 55, 0, 0, 2411, 2411, 12.96, P0, 0x0000000000000000
2026/08/28 09:49:04.983, 55, 0, 0, 2411, 2411, 12.96, P0, 0x0000000000000000
2026/08/28 09:49:05.083, 55, 0, 0, 2411, 2411, 12.96, P0, 0x0000000000000000
2026/08/28 09:49:05.183, 55, 0, 0, 2411, 2411, 12.96, P0, 0x0000000000000000
2026/08/28 09:49:05.283, 55, 0, 0, 2411, 2411, 12.96, P0, 0x0000000000000000
2026/08/28 09:49:05.383, 55, 0, 0, 2411, 2411, 12.95, P0, 0x0000000000000000
2026/08/28 09:49:05.483, 55, 0, 0, 2411, 2411, 12.95, P0, 0x0000000000000000
2026/08/28 09:49:05.583, 55, 0, 0, 2411, 2411, 12.95, P0, 0x0000000000000000
2026/08/28 09:49:05.684, 55, 0, 0, 2411, 2411, 12.95, P0, 0x0000000000000000
2026/08/28 09:49:05.784, 55, 0, 0, 2411, 2411, 12.95, P0, 0x0000000000000000
2026/08/28 09:49:05.884, 55, 0, 0, 2411, 2411, 12.93, P0, 0x0000000000000000
2026/08/28 09:49:05.984, 55, 0, 0, 2411, 2411, 12.93, P0, 0x0000000000000000
2026/08/28 09:49:06.084, 55, 0, 0, 2411, 2411, 12.93, P0, 0x0000000000000000
2026/08/28 09:49:06.184, 55, 0, 0, 2411, 2411, 12.93, P0, 0x0000000000000000
2026/08/28 09:49:06.285, 55, 0, 0, 2411, 2411, 12.93, P0, 0x0000000000000000
2026/08/28 09:49:06.385, 55, 0, 0, 2411, 2411, 12.94, P0, 0x0000000000000000
2026/08/28 09:49:06.485, 55, 0, 0, 2411, 2411, 12.94, P0, 0x0000000000000000
2026/08/28 09:49:06.585, 55, 0, 0, 2411, 2411, 12.94, P0, 0x0000000000000000
2026/08/28 09:49:06.685, 55, 0, 0, 2411, 2411, 12.94, P0, 0x0000000000000000
2026/08/28 09:49:06.785, 55, 0, 0, 2411, 2411, 12.94, P0, 0x0000000000000000
2026/08/28 09:49:06.885, 55, 0, 0, 2411, 2411, 12.97, P0, 0x0000000000000000
2026/08/28 09:49:06.986, 55, 0, 0, 2411, 2411, 12.97, P0, 0x0000000000000000
2026/08/28 09:49:07.086, 55, 0, 0, 2411, 2411, 12.97, P0, 0x0000000000000000
2026/08/28 09:49:07.186, 55, 0, 0, 2411, 2411, 12.97, P0, 0x0000000000000000
2026/08/28 09:49:07.286, 55, 0, 0, 2411, 2411, 12.97, P0, 0x0000000000000000
2026/08/28 09:49:07.386, 55, 0, 0, 2411, 2411, 12.98, P0, 0x0000000000000000
2026/08/28 09:49:07.486, 55, 0, 0, 2411, 2411, 12.98, P0, 0x0000000000000000
2026/08/28 09:49:07.586, 55, 0, 0, 2411, 2411, 12.98, P0, 0x0000000000000000
2026/08/28 09:49:07.686, 55, 0, 0, 2411, 2411, 12.98, P0, 0x0000000000000000
2026/08/28 09:49:07.786, 55, 0, 0, 2411, 2411, 12.98, P0, 0x0000000000000000
2026/08/28 09:49:07.887, 54, 0, 0, 2411, 2411, 12.96, P0, 0x0000000000000000
2026/08/28 09:49:07.987, 54, 0, 0, 2411, 2411, 12.96, P0, 0x0000000000000000
2026/08/28 09:49:08.087, 54, 0, 0, 2411, 2411, 12.96, P0, 0x0000000000000000
2026/08/28 09:49:08.187, 54, 0, 0, 2411, 2411, 12.96, P0, 0x0000000000000000
2026/08/28 09:49:08.287, 54, 0, 0, 2411, 2411, 12.96, P0, 0x0000000000000000
2026/08/28 09:49:08.387, 54, 0, 0, 2411, 2411, 12.96, P0, 0x0000000000000000
2026/08/28 09:49:08.487, 54, 0, 0, 2411, 2411, 12.96, P0, 0x0000000000000000
2026/08/28 09:49:08.587, 54, 0, 0, 2411, 2411, 12.96, P0, 0x0000000000000000
2026/08/28 09:49:08.687, 54, 0, 0, 2411, 2411, 12.96, P0, 0x0000000000000000
2026/08/28 09:49:08.788, 54, 0, 0, 2411, 2411, 12.96, P0, 0x0000000000000000
2026/08/28 09:49:08.888, 54, 0, 0, 2411, 2411, 12.94, P0, 0x0000000000000000
2026/08/28 09:49:08.988, 54, 0, 0, 2411, 2411, 12.94, P0, 0x0000000000000000
2026/08/28 09:49:09.088, 54, 0, 0, 2411, 2411, 12.94, P0, 0x0000000000000000
2026/08/28 09:49:09.188, 54, 0, 0, 2411, 2411, 12.94, P0, 0x0000000000000000
2026/08/28 09:49:09.288, 54, 0, 0, 2411, 2411, 12.94, P0, 0x0000000000000000
2026/08/28 09:49:09.389, 54, 0, 0, 2411, 2411, 12.93, P0, 0x0000000000000000
2026/08/28 09:49:09.489, 54, 0, 0, 2411, 2411, 12.93, P0, 0x0000000000000000
2026/08/28 09:49:09.589, 54, 0, 0, 2411, 2411, 12.93, P0, 0x0000000000000000
2026/08/28 09:49:09.689, 54, 0, 0, 2411, 2411, 12.93, P0, 0x0000000000000000
2026/08/28 09:49:09.789, 54, 0, 0, 2411, 2411, 12.93, P0, 0x0000000000000000
2026/08/28 09:49:09.889, 54, 0, 0, 2411, 2411, 12.95, P0, 0x0000000000000000
2026/08/28 09:49:09.989, 54, 0, 0, 2411, 2411, 12.95, P0, 0x0000000000000000
2026/08/28 09:49:10.089, 54, 0, 0, 2411, 2411, 12.95, P0, 0x0000000000000000
2026/08/28 09:49:10.189, 54, 0, 0, 2411, 2411, 12.95, P0, 0x0000000000000000
2026/08/28 09:49:10.290, 54, 0, 0, 2411, 2411, 12.95, P0, 0x0000000000000000
2026/08/28 09:49:10.390, 54, 0, 0, 2411, 2411, 12.94, P0, 0x0000000000000000
2026/08/28 09:49:10.490, 54, 0, 0, 2411, 2411, 12.94, P0, 0x0000000000000000
2026/08/28 09:49:10.590, 54, 0, 0, 2411, 2411, 12.94, P0, 0x0000000000000000
2026/08/28 09:49:10.690, 54, 0, 0, 2411, 2411, 12.94, P0, 0x0000000000000000
2026/08/28 09:49:10.790, 54, 0, 0, 2411, 2411, 12.94, P0, 0x0000000000000000
2026/08/28 09:49:10.890, 54, 0, 0, 2411, 2411, 12.91, P0, 0x0000000000000000
2026/08/28 09:49:10.991, 54, 0, 0, 2411, 2411, 12.91, P0, 0x0000000000000000
2026/08/28 09:49:11.091, 54, 0, 0, 2411, 2411, 12.91, P0, 0x0000000000000000
2026/08/28 09:49:11.191, 54, 0, 0, 2411, 2411, 12.91, P0, 0x0000000000000000
2026/08/28 09:49:11.291, 54, 0, 0, 2411, 2411, 12.91, P0, 0x0000000000000000
2026/08/28 09:49:11.391, 54, 0, 0, 2411, 2411, 12.89, P0, 0x0000000000000000
2026/08/28 09:49:11.491, 54, 0, 0, 2411, 2411, 12.89, P0, 0x0000000000000000
2026/08/28 09:49:11.591, 54, 0, 0, 2411, 2411, 12.89, P0, 0x0000000000000000
2026/08/28 09:49:11.691, 54, 0, 0, 2411, 2411, 12.89, P0, 0x0000000000000000
2026/08/28 09:49:11.791, 54, 0, 0, 2411, 2411, 12.89, P0, 0x0000000000000000
2026/08/28 09:49:11.892, 54, 0, 0, 2411, 2411, 12.88, P0, 0x0000000000000000
2026/08/28 09:49:11.992, 54, 0, 0, 2411, 2411, 12.88, P0, 0x0000000000000000
2026/08/28 09:49:12.092, 54, 0, 0, 2411, 2411, 12.88, P0, 0x0000000000000000
2026/08/28 09:49:12.192, 54, 0, 0, 2411, 2411, 12.88, P0, 0x0000000000000000
2026/08/28 09:49:12.292, 54, 0, 0, 2411, 2411, 12.88, P0, 0x0000000000000000
2026/08/28 09:49:12.392, 54, 0, 0, 2411, 2411, 12.89, P0, 0x0000000000000000
2026/08/28 09:49:12.492, 54, 0, 0, 2411, 2411, 12.89, P0, 0x0000000000000000
2026/08/28 09:49:12.592, 54, 0, 0, 2411, 2411, 12.89, P0, 0x0000000000000000
2026/08/28 09:49:12.692, 54, 0, 0, 2411, 2411, 12.89, P0, 0x0000000000000000
2026/08/28 09:49:12.793, 54, 0, 0, 2411, 2411, 12.89, P0, 0x0000000000000000
2026/08/28 09:49:12.893, 54, 0, 0, 2411, 2411, 12.89, P0, 0x0000000000000000
2026/08/28 09:49:12.993, 54, 0, 0, 2411, 2411, 12.89, P0, 0x0000000000000000
2026/08/28 09:49:13.093, 54, 0, 0, 2411, 2411, 12.89, P0, 0x0000000000000000
2026/08/28 09:49:13.193, 54, 0, 0, 2411, 2411, 12.89, P0, 0x0000000000000000
2026/08/28 09:49:13.293, 54, 0, 0, 2411, 2411, 12.89, P0, 0x0000000000000000
2026/08/28 09:49:13.393, 54, 0, 0, 2411, 2411, 12.90, P0, 0x0000000000000000
2026/08/28 09:49:13.493, 54, 0, 0, 2411, 2411, 12.90, P0, 0x0000000000000000
2026/08/28 09:49:13.593, 54, 0, 0, 2411, 2411, 12.90, P0, 0x0000000000000000
2026/08/28 09:49:13.694, 54, 0, 0, 2411, 2411, 12.90, P0, 0x0000000000000000
2026/08/28 09:49:13.794, 54, 0, 0, 2411, 2411, 12.90, P0, 0x0000000000000000
2026/08/28 09:49:13.894, 54, 0, 0, 2411, 2411, 12.90, P0, 0x0000000000000000
2026/08/28 09:49:13.994, 54, 0, 0, 2411, 2411, 12.90, P0, 0x0000000000000000
2026/08/28 09:49:14.094, 54, 0, 0, 2411, 2411, 12.90, P0, 0x0000000000000000
2026/08/28 09:49:14.194, 54, 0, 0, 2411, 2411, 12.90, P0, 0x0000000000000000
2026/08/28 09:49:14.294, 54, 0, 0, 2411, 2411, 12.90, P0, 0x0000000000000000
2026/08/28 09:49:14.394, 54, 0, 0, 2411, 2411, 12.91, P0, 0x0000000000000000
2026/08/28 09:49:14.494, 54, 0, 0, 2411, 2411, 12.91, P0, 0x0000000000000000
2026/08/28 09:49:14.594, 54, 0, 0, 2411, 2411, 12.91, P0, 0x0000000000000000
2026/08/28 09:49:14.695, 54, 0, 0, 2411, 2411, 12.91, P0, 0x0000000000000000
2026/08/28 09:49:14.795, 54, 0, 0, 2411, 2411, 12.91, P0, 0x0000000000000000
2026/08/28 09:49:14.895, 54, 0, 0, 2411, 2411, 12.92, P0, 0x0000000000000000
2026/08/28 09:49:14.995, 54, 0, 0, 2411, 2411, 12.92, P0, 0x0000000000000000
2026/08/28 09:49:15.095, 54, 0, 0, 2411, 2411, 12.92, P0, 0x0000000000000000
2026/08/28 09:49:15.195, 54, 0, 0, 2411, 2411, 12.92, P0, 0x0000000000000000
2026/08/28 09:49:15.295, 54, 0, 0, 2411, 2411, 12.92, P0, 0x0000000000000000
2026/08/28 09:49:15.395, 54, 0, 0, 2411, 2411, 12.92, P0, 0x0000000000000000
2026/08/28 09:49:15.496, 54, 0, 0, 2411, 2411, 12.92, P0, 0x0000000000000000
2026/08/28 09:49:15.596, 54, 0, 0, 2411, 2411, 12.92, P0, 0x0000000000000000
2026/08/28 09:49:15.696, 54, 0, 0, 2411, 2411, 12.92, P0, 0x0000000000000000
2026/08/28 09:49:15.796, 54, 0, 0, 2411, 2411, 12.92, P0, 0x0000000000000000
2026/08/28 09:49:15.896, 54, 0, 0, 2411, 2411, 12.94, P0, 0x0000000000000000
2026/08/28 09:49:15.996, 54, 0, 0, 2411, 2411, 12.94, P0, 0x0000000000000000
2026/08/28 09:49:16.097, 54, 0, 0, 2411, 2411, 12.94, P0, 0x0000000000000000
2026/08/28 09:49:16.197, 54, 0, 0, 2411, 2411, 12.94, P0, 0x0000000000000000
2026/08/28 09:49:16.297, 54, 0, 0, 2411, 2411, 12.94, P0, 0x0000000000000000
2026/08/28 09:49:16.397, 54, 0, 0, 2411, 2411, 12.92, P0, 0x0000000000000000
2026/08/28 09:49:16.497, 54, 0, 0, 2411, 2411, 12.92, P0, 0x0000000000000000
2026/08/28 09:49:16.597, 54, 0, 0, 2411, 2411, 12.92, P0, 0x0000000000000000
2026/08/28 09:49:16.697, 54, 0, 0, 2411, 2411, 12.92, P0, 0x0000000000000000
2026/08/28 09:49:16.797, 54, 0, 0, 2411, 2411, 12.92, P0, 0x0000000000000000
2026/08/28 09:49:16.898, 54, 0, 0, 2411, 2411, 12.89, P0, 0x0000000000000000
2026/08/28 09:49:16.998, 54, 0, 0, 2411, 2411, 12.89, P0, 0x0000000000000000
2026/08/28 09:49:17.098, 54, 0, 0, 2411, 2411, 12.89, P0, 0x0000000000000000
2026/08/28 09:49:17.198, 54, 0, 0, 2411, 2411, 12.89, P0, 0x0000000000000000
2026/08/28 09:49:17.298, 54, 0, 0, 2411, 2411, 12.89, P0, 0x0000000000000000
2026/08/28 09:49:17.399, 54, 0, 0, 2411, 2411, 12.90, P0, 0x0000000000000000
2026/08/28 09:49:17.499, 54, 0, 0, 2411, 2411, 12.90, P0, 0x0000000000000000
2026/08/28 09:49:17.599, 54, 0, 0, 2411, 2411, 12.90, P0, 0x0000000000000000
2026/08/28 09:49:17.699, 54, 0, 0, 2411, 2411, 12.90, P0, 0x0000000000000000
2026/08/28 09:49:17.799, 54, 0, 0, 2411, 2411, 12.90, P0, 0x0000000000000000
2026/08/28 09:49:17.899, 54, 0, 0, 2411, 2411, 12.90, P0, 0x0000000000000000
2026/08/28 09:49:17.999, 54, 0, 0, 2411, 2411, 12.90, P0, 0x0000000000000000
2026/08/28 09:49:18.099, 54, 0, 0, 2411, 2411, 12.90, P0, 0x0000000000000000
2026/08/28 09:49:18.200, 54, 0, 0, 2411, 2411, 12.90, P0, 0x0000000000000000
2026/08/28 09:49:18.300, 54, 0, 0, 2411, 2411, 12.90, P0, 0x0000000000000000
2026/08/28 09:49:18.400, 54, 0, 0, 2411, 2411, 12.91, P0, 0x0000000000000000
2026/08/28 09:49:18.500, 54, 0, 0, 2411, 2411, 12.91, P0, 0x0000000000000000
2026/08/28 09:49:18.600, 54, 0, 0, 2411, 2411, 12.91, P0, 0x0000000000000000
2026/08/28 09:49:18.700, 54, 0, 0, 2411, 2411, 12.91, P0, 0x0000000000000000
2026/08/28 09:49:18.800, 54, 0, 0, 2411, 2411, 12.91, P0, 0x0000000000000000
2026/08/28 09:49:18.900, 54, 0, 0, 2411, 2411, 12.94, P0, 0x0000000000000000
2026/08/28 09:49:19.001, 54, 0, 0, 2411, 2411, 12.94, P0, 0x0000000000000000
2026/08/28 09:49:19.101, 54, 0, 0, 2411, 2411, 12.94, P0, 0x0000000000000000
2026/08/28 09:49:19.201, 54, 0, 0, 2411, 2411, 12.94, P0, 0x0000000000000000
2026/08/28 09:49:19.301, 54, 0, 0, 2411, 2411, 12.94, P0, 0x0000000000000000
2026/08/28 09:49:19.401, 54, 0, 0, 2411, 2411, 12.94, P0, 0x0000000000000000
2026/08/28 09:49:19.501, 54, 0, 0, 2411, 2411, 12.94, P0, 0x0000000000000000
2026/08/28 09:49:19.601, 54, 0, 0, 2411, 2411, 12.94, P0, 0x0000000000000000
2026/08/28 09:49:19.701, 54, 0, 0, 2411, 2411, 12.94, P0, 0x0000000000000000
2026/08/28 09:49:19.801, 54, 0, 0, 2411, 2411, 12.94, P0, 0x0000000000000000
2026/08/28 09:49:19.902, 54, 0, 0, 2411, 2411, 12.94, P0, 0x0000000000000000
2026/08/28 09:49:20.002, 54, 0, 0, 2411, 2411, 12.94, P0, 0x0000000000000000
2026/08/28 09:49:20.102, 54, 0, 0, 2411, 2411, 12.94, P0, 0x0000000000000000
2026/08/28 09:49:20.202, 54, 0, 0, 2411, 2411, 12.94, P0, 0x0000000000000000
2026/08/28 09:49:20.302, 54, 0, 0, 2411, 2411, 12.94, P0, 0x0000000000000000
2026/08/28 09:49:20.402, 54, 0, 0, 2411, 2411, 12.92, P0, 0x0000000000000000
2026/08/28 09:49:20.503, 54, 0, 0, 2411, 2411, 12.92, P0, 0x0000000000000000
2026/08/28 09:49:20.603, 54, 0, 0, 2411, 2411, 12.92, P0, 0x0000000000000000
2026/08/28 09:49:20.703, 54, 0, 0, 2411, 2411, 12.92, P0, 0x0000000000000000
2026/08/28 09:49:20.803, 54, 0, 0, 2411, 2411, 12.92, P0, 0x0000000000000000
2026/08/28 09:49:20.903, 54, 0, 0, 2411, 2411, 12.91, P0, 0x0000000000000000
2026/08/28 09:49:21.003, 54, 0, 0, 2411, 2411, 12.91, P0, 0x0000000000000000
2026/08/28 09:49:21.103, 54, 0, 0, 2411, 2411, 12.91, P0, 0x0000000000000000
2026/08/28 09:49:21.203, 54, 0, 0, 2411, 2411, 12.91, P0, 0x0000000000000000
2026/08/28 09:49:21.303, 54, 0, 0, 2411, 2411, 12.91, P0, 0x0000000000000000
2026/08/28 09:49:21.404, 54, 0, 0, 2411, 2411, 12.91, P0, 0x0000000000000000
2026/08/28 09:49:21.504, 54, 0, 0, 2411, 2411, 12.91, P0, 0x0000000000000000
2026/08/28 09:49:21.604, 54, 0, 0, 2411, 2411, 12.91, P0, 0x0000000000000000
2026/08/28 09:49:21.704, 54, 0, 0, 2411, 2411, 12.91, P0, 0x0000000000000000
2026/08/28 09:49:21.804, 54, 0, 0, 2411, 2411, 12.91, P0, 0x0000000000000000
2026/08/28 09:49:21.904, 54, 0, 0, 2411, 2411, 12.89, P0, 0x0000000000000000
2026/08/28 09:49:22.004, 54, 0, 0, 2411, 2411, 12.89, P0, 0x0000000000000000
2026/08/28 09:49:22.105, 54, 0, 0, 2411, 2411, 12.89, P0, 0x0000000000000000
2026/08/28 09:49:22.205, 54, 0, 0, 2411, 2411, 12.89, P0, 0x0000000000000000
2026/08/28 09:49:22.305, 54, 0, 0, 2411, 2411, 12.89, P0, 0x0000000000000000
2026/08/28 09:49:22.405, 54, 0, 0, 2411, 2411, 12.86, P0, 0x0000000000000000
2026/08/28 09:49:22.505, 54, 0, 0, 2411, 2411, 12.86, P0, 0x0000000000000000
2026/08/28 09:49:22.605, 54, 0, 0, 2411, 2411, 12.86, P0, 0x0000000000000000
2026/08/28 09:49:22.705, 54, 0, 0, 2411, 2411, 12.86, P0, 0x0000000000000000
2026/08/28 09:49:22.806, 54, 0, 0, 2411, 2411, 12.86, P0, 0x0000000000000000
2026/08/28 09:49:22.906, 54, 0, 0, 2411, 2411, 12.87, P0, 0x0000000000000000
2026/08/28 09:49:23.006, 54, 0, 0, 2411, 2411, 12.87, P0, 0x0000000000000000
2026/08/28 09:49:23.106, 54, 0, 0, 2411, 2411, 12.87, P0, 0x0000000000000000
2026/08/28 09:49:23.206, 54, 0, 0, 2411, 2411, 12.87, P0, 0x0000000000000000
2026/08/28 09:49:23.307, 54, 0, 0, 2411, 2411, 12.87, P0, 0x0000000000000000
2026/08/28 09:49:23.407, 54, 0, 0, 2411, 2411, 12.86, P0, 0x0000000000000000
2026/08/28 09:49:23.507, 54, 0, 0, 2411, 2411, 12.86, P0, 0x0000000000000000
2026/08/28 09:49:23.607, 54, 0, 0, 2411, 2411, 12.86, P0, 0x0000000000000000
2026/08/28 09:49:23.707, 54, 0, 0, 2411, 2411, 12.86, P0, 0x0000000000000000
2026/08/28 09:49:23.807, 54, 0, 0, 2411, 2411, 12.86, P0, 0x0000000000000000
2026/08/28 09:49:23.907, 54, 0, 0, 2411, 2411, 12.85, P0, 0x0000000000000000
2026/08/28 09:49:24.007, 54, 0, 0, 2411, 2411, 12.85, P0, 0x0000000000000000
2026/08/28 09:49:24.107, 54, 0, 0, 2411, 2411, 12.85, P0, 0x0000000000000000
2026/08/28 09:49:24.208, 54, 0, 0, 2411, 2411, 12.85, P0, 0x0000000000000000
2026/08/28 09:49:24.308, 54, 0, 0, 2411, 2411, 12.85, P0, 0x0000000000000000
2026/08/28 09:49:24.408, 54, 0, 0, 2411, 2411, 12.87, P0, 0x0000000000000000
2026/08/28 09:49:24.508, 54, 0, 0, 2411, 2411, 12.87, P0, 0x0000000000000000
2026/08/28 09:49:24.608, 54, 0, 0, 2411, 2411, 12.87, P0, 0x0000000000000000
2026/08/28 09:49:24.708, 54, 0, 0, 2411, 2411, 12.87, P0, 0x0000000000000000
2026/08/28 09:49:24.808, 54, 0, 0, 2411, 2411, 12.87, P0, 0x0000000000000000
2026/08/28 09:49:24.908, 54, 0, 0, 2411, 2411, 12.88, P0, 0x0000000000000000
2026/08/28 09:49:25.009, 54, 0, 0, 2411, 2411, 12.88, P0, 0x0000000000000000
2026/08/28 09:49:25.109, 54, 0, 0, 2411, 2411, 12.88, P0, 0x0000000000000000
2026/08/28 09:49:25.209, 54, 0, 0, 2411, 2411, 12.88, P0, 0x0000000000000000
2026/08/28 09:49:25.309, 54, 0, 0, 2411, 2411, 12.88, P0, 0x0000000000000000
2026/08/28 09:49:25.409, 54, 0, 0, 2411, 2411, 12.88, P0, 0x0000000000000000
2026/08/28 09:49:25.509, 54, 0, 0, 2411, 2411, 12.88, P0, 0x0000000000000000
2026/08/28 09:49:25.609, 54, 0, 0, 2411, 2411, 12.88, P0, 0x0000000000000000
2026/08/28 09:49:25.709, 54, 0, 0, 2411, 2411, 12.88, P0, 0x0000000000000000
2026/08/28 09:49:25.810, 54, 0, 0, 2411, 2411, 12.88, P0, 0x0000000000000000
2026/08/28 09:49:25.910, 54, 0, 0, 2411, 2411, 12.90, P0, 0x0000000000000000
2026/08/28 09:49:26.010, 54, 0, 0, 2411, 2411, 12.90, P0, 0x0000000000000000
2026/08/28 09:49:26.110, 54, 0, 0, 2411, 2411, 12.90, P0, 0x0000000000000000
2026/08/28 09:49:26.210, 54, 0, 0, 2411, 2411, 12.90, P0, 0x0000000000000000
2026/08/28 09:49:26.310, 54, 0, 0, 2411, 2411, 12.90, P0, 0x0000000000000000
2026/08/28 09:49:26.411, 54, 0, 0, 2411, 2411, 12.88, P0, 0x0000000000000000
2026/08/28 09:49:26.511, 54, 0, 0, 2411, 2411, 12.88, P0, 0x0000000000000000
2026/08/28 09:49:26.611, 54, 0, 0, 2411, 2411, 12.88, P0, 0x0000000000000000
2026/08/28 09:49:26.711, 54, 0, 0, 2411, 2411, 12.88, P0, 0x0000000000000000
2026/08/28 09:49:26.811, 54, 0, 0, 2411, 2411, 12.88, P0, 0x0000000000000000
2026/08/28 09:49:26.911, 54, 0, 0, 2411, 2411, 12.85, P0, 0x0000000000000000
2026/08/28 09:49:27.011, 54, 0, 0, 2411, 2411, 12.85, P0, 0x0000000000000000
2026/08/28 09:49:27.112, 54, 0, 0, 2411, 2411, 12.85, P0, 0x0000000000000000
2026/08/28 09:49:27.212, 54, 0, 0, 2411, 2411, 12.85, P0, 0x0000000000000000
2026/08/28 09:49:27.312, 54, 0, 0, 2411, 2411, 12.85, P0, 0x0000000000000000
2026/08/28 09:49:27.412, 54, 0, 0, 2411, 2411, 12.88, P0, 0x0000000000000000
2026/08/28 09:49:27.512, 54, 0, 0, 2411, 2411, 12.88, P0, 0x0000000000000000
2026/08/28 09:49:27.612, 54, 0, 0, 2411, 2411, 12.88, P0, 0x0000000000000000
2026/08/28 09:49:27.712, 54, 0, 0, 2411, 2411, 12.88, P0, 0x0000000000000000
2026/08/28 09:49:27.813, 54, 0, 0, 2411, 2411, 12.88, P0, 0x0000000000000000
2026/08/28 09:49:27.913, 54, 0, 0, 2411, 2411, 12.87, P0, 0x0000000000000000
2026/08/28 09:49:28.013, 54, 0, 0, 2411, 2411, 12.87, P0, 0x0000000000000000
2026/08/28 09:49:28.113, 54, 0, 0, 2411, 2411, 12.87, P0, 0x0000000000000000
2026/08/28 09:49:28.213, 54, 0, 0, 2411, 2411, 12.87, P0, 0x0000000000000000
2026/08/28 09:49:28.313, 54, 0, 0, 2411, 2411, 12.87, P0, 0x0000000000000000
2026/08/28 09:49:28.413, 54, 0, 0, 2411, 2411, 12.84, P0, 0x0000000000000000
2026/08/28 09:49:28.514, 54, 0, 0, 2411, 2411, 12.84, P0, 0x0000000000000000
2026/08/28 09:49:28.614, 54, 0, 0, 2411, 2411, 12.84, P0, 0x0000000000000000
2026/08/28 09:49:28.714, 54, 0, 0, 2411, 2411, 12.84, P0, 0x0000000000000000
2026/08/28 09:49:28.814, 54, 0, 0, 2411, 2411, 12.84, P0, 0x0000000000000000
2026/08/28 09:49:28.914, 54, 0, 0, 2411, 2411, 12.85, P0, 0x0000000000000000
2026/08/28 09:49:29.014, 54, 0, 0, 2411, 2411, 12.85, P0, 0x0000000000000000
2026/08/28 09:49:29.114, 54, 0, 0, 2411, 2411, 12.85, P0, 0x0000000000000000
2026/08/28 09:49:29.214, 54, 0, 0, 2411, 2411, 12.85, P0, 0x0000000000000000
2026/08/28 09:49:29.314, 54, 0, 0, 2411, 2411, 12.85, P0, 0x0000000000000000
2026/08/28 09:49:29.415, 54, 0, 0, 2411, 2411, 12.85, P0, 0x0000000000000000
2026/08/28 09:49:29.515, 54, 0, 0, 2411, 2411, 12.85, P0, 0x0000000000000000
2026/08/28 09:49:29.615, 54, 0, 0, 2411, 2411, 12.85, P0, 0x0000000000000000
2026/08/28 09:49:29.715, 54, 0, 0, 2411, 2411, 12.85, P0, 0x0000000000000000
2026/08/28 09:49:29.815, 54, 0, 0, 2411, 2411, 12.85, P0, 0x0000000000000000
2026/08/28 09:49:29.915, 54, 0, 0, 2411, 2411, 12.85, P0, 0x0000000000000000
2026/08/28 09:49:30.015, 54, 0, 0, 2411, 2411, 12.85, P0, 0x0000000000000000
2026/08/28 09:49:30.116, 54, 0, 0, 2411, 2411, 12.85, P0, 0x0000000000000000
2026/08/28 09:49:30.216, 54, 0, 0, 2411, 2411, 12.85, P0, 0x0000000000000000
2026/08/28 09:49:30.316, 54, 0, 0, 2411, 2411, 12.85, P0, 0x0000000000000000
2026/08/28 09:49:30.416, 54, 0, 0, 2411, 2411, 12.83, P0, 0x0000000000000000
2026/08/28 09:49:30.516, 54, 0, 0, 2411, 2411, 12.83, P0, 0x0000000000000000
2026/08/28 09:49:30.617, 54, 0, 0, 2411, 2411, 12.83, P0, 0x0000000000000000
2026/08/28 09:49:30.717, 54, 0, 0, 2411, 2411, 12.83, P0, 0x0000000000000000
2026/08/28 09:49:30.817, 54, 0, 0, 2411, 2411, 12.83, P0, 0x0000000000000000
2026/08/28 09:49:30.917, 54, 0, 0, 2411, 2411, 12.84, P0, 0x0000000000000000
2026/08/28 09:49:31.017, 54, 0, 0, 2411, 2411, 12.84, P0, 0x0000000000000000
2026/08/28 09:49:31.117, 54, 0, 0, 2411, 2411, 12.84, P0, 0x0000000000000000
2026/08/28 09:49:31.217, 54, 0, 0, 2411, 2411, 12.84, P0, 0x0000000000000000
2026/08/28 09:49:31.317, 54, 0, 0, 2411, 2411, 12.84, P0, 0x0000000000000000
2026/08/28 09:49:31.417, 54, 0, 0, 2411, 2411, 12.85, P0, 0x0000000000000000
2026/08/28 09:49:31.518, 54, 0, 0, 2411, 2411, 12.85, P0, 0x0000000000000000
2026/08/28 09:49:31.618, 54, 0, 0, 2411, 2411, 12.85, P0, 0x0000000000000000
2026/08/28 09:49:31.718, 54, 0, 0, 2411, 2411, 12.85, P0, 0x0000000000000000
2026/08/28 09:49:31.818, 54, 0, 0, 2411, 2411, 12.85, P0, 0x0000000000000000
2026/08/28 09:49:31.918, 54, 0, 0, 2411, 2411, 12.84, P0, 0x0000000000000000
2026/08/28 09:49:32.018, 54, 0, 0, 2411, 2411, 12.84, P0, 0x0000000000000000
2026/08/28 09:49:32.118, 54, 0, 0, 2411, 2411, 12.84, P0, 0x0000000000000000
2026/08/28 09:49:32.219, 54, 0, 0, 2411, 2411, 12.84, P0, 0x0000000000000000
2026/08/28 09:49:32.319, 54, 0, 0, 2411, 2411, 12.84, P0, 0x0000000000000000
2026/08/28 09:49:32.419, 54, 0, 0, 2411, 2411, 12.83, P0, 0x0000000000000000
2026/08/28 09:49:32.519, 54, 0, 0, 2411, 2411, 12.83, P0, 0x0000000000000000
2026/08/28 09:49:32.619, 54, 0, 0, 2411, 2411, 12.83, P0, 0x0000000000000000
2026/08/28 09:49:32.719, 54, 0, 0, 2411, 2411, 12.83, P0, 0x0000000000000000
2026/08/28 09:49:32.819, 54, 0, 0, 2411, 2411, 12.83, P0, 0x0000000000000000
2026/08/28 09:49:32.920, 54, 0, 0, 2411, 2411, 12.82, P0, 0x0000000000000000
2026/08/28 09:49:33.020, 54, 0, 0, 2411, 2411, 12.82, P0, 0x0000000000000000
2026/08/28 09:49:33.120, 54, 0, 0, 2411, 2411, 12.82, P0, 0x0000000000000000
2026/08/28 09:49:33.220, 54, 0, 0, 2411, 2411, 12.82, P0, 0x0000000000000000
2026/08/28 09:49:33.320, 54, 0, 0, 2411, 2411, 12.82, P0, 0x0000000000000000
2026/08/28 09:49:33.420, 54, 0, 0, 2411, 2411, 12.86, P0, 0x0000000000000000
2026/08/28 09:49:33.520, 54, 0, 0, 2411, 2411, 12.86, P0, 0x0000000000000000
2026/08/28 09:49:33.620, 54, 0, 0, 2411, 2411, 12.86, P0, 0x0000000000000000
2026/08/28 09:49:33.721, 54, 0, 0, 2411, 2411, 12.86, P0, 0x0000000000000000
2026/08/28 09:49:33.821, 54, 0, 0, 2411, 2411, 12.86, P0, 0x0000000000000000
2026/08/28 09:49:33.921, 54, 0, 0, 2411, 2411, 12.87, P0, 0x0000000000000000
2026/08/28 09:49:34.021, 54, 0, 0, 2411, 2411, 12.87, P0, 0x0000000000000000
2026/08/28 09:49:34.121, 54, 0, 0, 2411, 2411, 12.87, P0, 0x0000000000000000
2026/08/28 09:49:34.221, 54, 0, 0, 2411, 2411, 12.87, P0, 0x0000000000000000
2026/08/28 09:49:34.321, 54, 0, 0, 2411, 2411, 12.87, P0, 0x0000000000000000
2026/08/28 09:49:34.422, 54, 0, 0, 2411, 2411, 12.83, P0, 0x0000000000000000
2026/08/28 09:49:34.522, 54, 0, 0, 2411, 2411, 12.83, P0, 0x0000000000000000
2026/08/28 09:49:34.622, 54, 0, 0, 2411, 2411, 12.83, P0, 0x0000000000000000
2026/08/28 09:49:34.722, 54, 0, 0, 2411, 2411, 12.83, P0, 0x0000000000000000
2026/08/28 09:49:34.822, 54, 0, 0, 2411, 2411, 12.83, P0, 0x0000000000000000
2026/08/28 09:49:34.922, 54, 0, 0, 2411, 2411, 12.81, P0, 0x0000000000000000
2026/08/28 09:49:35.022, 54, 0, 0, 2411, 2411, 12.81, P0, 0x0000000000000000
2026/08/28 09:49:35.122, 54, 0, 0, 2411, 2411, 12.81, P0, 0x0000000000000000
2026/08/28 09:49:35.222, 54, 0, 0, 2411, 2411, 12.81, P0, 0x0000000000000000
2026/08/28 09:49:35.323, 54, 0, 0, 2411, 2411, 12.81, P0, 0x0000000000000000
2026/08/28 09:49:35.423, 54, 0, 0, 2411, 2411, 12.79, P0, 0x0000000000000000
2026/08/28 09:49:35.523, 54, 0, 0, 2411, 2411, 12.79, P0, 0x0000000000000000
2026/08/28 09:49:35.623, 54, 0, 0, 2411, 2411, 12.79, P0, 0x0000000000000000
2026/08/28 09:49:35.723, 54, 0, 0, 2411, 2411, 12.79, P0, 0x0000000000000000
2026/08/28 09:49:35.823, 54, 0, 0, 2411, 2411, 12.79, P0, 0x0000000000000000
2026/08/28 09:49:35.923, 54, 0, 0, 2411, 2411, 12.80, P0, 0x0000000000000000
2026/08/28 09:49:36.024, 54, 0, 0, 2411, 2411, 12.80, P0, 0x0000000000000000
2026/08/28 09:49:36.124, 54, 0, 0, 2411, 2411, 12.80, P0, 0x0000000000000000
2026/08/28 09:49:36.224, 54, 0, 0, 2411, 2411, 12.80, P0, 0x0000000000000000
2026/08/28 09:49:36.324, 54, 0, 0, 2411, 2411, 12.80, P0, 0x0000000000000000
2026/08/28 09:49:36.424, 54, 0, 0, 2411, 2411, 12.81, P0, 0x0000000000000000
2026/08/28 09:49:36.524, 54, 0, 0, 2411, 2411, 12.81, P0, 0x0000000000000000
2026/08/28 09:49:36.624, 54, 0, 0, 2411, 2411, 12.81, P0, 0x0000000000000000
2026/08/28 09:49:36.724, 54, 0, 0, 2411, 2411, 12.81, P0, 0x0000000000000000
2026/08/28 09:49:36.825, 54, 0, 0, 2411, 2411, 12.81, P0, 0x0000000000000000
2026/08/28 09:49:36.925, 54, 0, 0, 2411, 2411, 12.80, P0, 0x0000000000000000
2026/08/28 09:49:37.025, 54, 0, 0, 2411, 2411, 12.80, P0, 0x0000000000000000
2026/08/28 09:49:37.125, 54, 0, 0, 2411, 2411, 12.80, P0, 0x0000000000000000
2026/08/28 09:49:37.225, 54, 0, 0, 2411, 2411, 12.80, P0, 0x0000000000000000
2026/08/28 09:49:37.325, 54, 0, 0, 2411, 2411, 12.80, P0, 0x0000000000000000
2026/08/28 09:49:37.425, 54, 0, 0, 2411, 2411, 12.82, P0, 0x0000000000000000
2026/08/28 09:49:37.526, 54, 0, 0, 2411, 2411, 12.82, P0, 0x0000000000000000
2026/08/28 09:49:37.626, 54, 0, 0, 2411, 2411, 12.82, P0, 0x0000000000000000
2026/08/28 09:49:37.726, 54, 0, 0, 2411, 2411, 12.82, P0, 0x0000000000000000
2026/08/28 09:49:37.826, 54, 0, 0, 2411, 2411, 12.82, P0, 0x0000000000000000
2026/08/28 09:49:37.926, 54, 0, 0, 2411, 2411, 12.85, P0, 0x0000000000000000
2026/08/28 09:49:38.026, 54, 0, 0, 2411, 2411, 12.85, P0, 0x0000000000000000
2026/08/28 09:49:38.126, 54, 0, 0, 2411, 2411, 12.85, P0, 0x0000000000000000
2026/08/28 09:49:38.226, 54, 0, 0, 2411, 2411, 12.85, P0, 0x0000000000000000
2026/08/28 09:49:38.327, 54, 0, 0, 2411, 2411, 12.85, P0, 0x0000000000000000
2026/08/28 09:49:38.427, 54, 0, 0, 2411, 2411, 12.82, P0, 0x0000000000000000
2026/08/28 09:49:38.527, 54, 0, 0, 2411, 2411, 12.82, P0, 0x0000000000000000
2026/08/28 09:49:38.627, 54, 0, 0, 2411, 2411, 12.82, P0, 0x0000000000000000
2026/08/28 09:49:38.727, 54, 0, 0, 2411, 2411, 12.82, P0, 0x0000000000000000
2026/08/28 09:49:38.827, 54, 0, 0, 2411, 2411, 12.82, P0, 0x0000000000000000
2026/08/28 09:49:38.927, 54, 0, 0, 2411, 2411, 12.81, P0, 0x0000000000000000
2026/08/28 09:49:39.027, 54, 0, 0, 2411, 2411, 12.81, P0, 0x0000000000000000
2026/08/28 09:49:39.128, 54, 0, 0, 2411, 2411, 12.81, P0, 0x0000000000000000
2026/08/28 09:49:39.228, 54, 0, 0, 2411, 2411, 12.81, P0, 0x0000000000000000
2026/08/28 09:49:39.328, 54, 0, 0, 2411, 2411, 12.81, P0, 0x0000000000000000
2026/08/28 09:49:39.428, 54, 0, 0, 2411, 2411, 12.80, P0, 0x0000000000000000
2026/08/28 09:49:39.528, 54, 0, 0, 2411, 2411, 12.80, P0, 0x0000000000000000
2026/08/28 09:49:39.628, 54, 0, 0, 2411, 2411, 12.80, P0, 0x0000000000000000
2026/08/28 09:49:39.729, 54, 0, 0, 2411, 2411, 12.80, P0, 0x0000000000000000
2026/08/28 09:49:39.829, 54, 0, 0, 2411, 2411, 12.80, P0, 0x0000000000000000
2026/08/28 09:49:39.929, 54, 0, 0, 2411, 2411, 12.77, P0, 0x0000000000000000
2026/08/28 09:49:40.029, 54, 0, 0, 2411, 2411, 12.77, P0, 0x0000000000000000
2026/08/28 09:49:40.129, 54, 0, 0, 2411, 2411, 12.77, P0, 0x0000000000000000
2026/08/28 09:49:40.230, 54, 0, 0, 2411, 2411, 12.77, P0, 0x0000000000000000
2026/08/28 09:49:40.330, 54, 0, 0, 2411, 2411, 12.77, P0, 0x0000000000000000
2026/08/28 09:49:40.430, 54, 0, 0, 2411, 2411, 12.75, P0, 0x0000000000000000
2026/08/28 09:49:40.530, 54, 0, 0, 2411, 2411, 12.75, P0, 0x0000000000000000
2026/08/28 09:49:40.630, 54, 0, 0, 2411, 2411, 12.75, P0, 0x0000000000000000
2026/08/28 09:49:40.730, 54, 0, 0, 2411, 2411, 12.75, P0, 0x0000000000000000
2026/08/28 09:49:40.830, 54, 0, 0, 2411, 2411, 12.75, P0, 0x0000000000000000
2026/08/28 09:49:40.931, 53, 0, 0, 2411, 2411, 12.76, P0, 0x0000000000000000
2026/08/28 09:49:41.031, 53, 0, 0, 2411, 2411, 12.76, P0, 0x0000000000000000
2026/08/28 09:49:41.131, 53, 0, 0, 2411, 2411, 12.76, P0, 0x0000000000000000
2026/08/28 09:49:41.231, 53, 0, 0, 2411, 2411, 12.76, P0, 0x0000000000000000
2026/08/28 09:49:41.331, 53, 0, 0, 2411, 2411, 12.76, P0, 0x0000000000000000
2026/08/28 09:49:41.431, 54, 0, 0, 2411, 2411, 12.77, P0, 0x0000000000000000
2026/08/28 09:49:41.531, 54, 0, 0, 2411, 2411, 12.77, P0, 0x0000000000000000
2026/08/28 09:49:41.631, 54, 0, 0, 2411, 2411, 12.77, P0, 0x0000000000000000
2026/08/28 09:49:41.732, 54, 0, 0, 2411, 2411, 12.77, P0, 0x0000000000000000
2026/08/28 09:49:41.832, 54, 0, 0, 2411, 2411, 12.77, P0, 0x0000000000000000
2026/08/28 09:49:41.932, 53, 0, 0, 2411, 2411, 12.80, P0, 0x0000000000000000
2026/08/28 09:49:42.032, 53, 0, 0, 2411, 2411, 12.80, P0, 0x0000000000000000
2026/08/28 09:49:42.132, 53, 0, 0, 2411, 2411, 12.80, P0, 0x0000000000000000
2026/08/28 09:49:42.232, 53, 0, 0, 2411, 2411, 12.80, P0, 0x0000000000000000
2026/08/28 09:49:42.332, 53, 0, 0, 2411, 2411, 12.80, P0, 0x0000000000000000
2026/08/28 09:49:42.432, 53, 0, 0, 2411, 2411, 12.81, P0, 0x0000000000000000
2026/08/28 09:49:42.532, 53, 0, 0, 2411, 2411, 12.81, P0, 0x0000000000000000
2026/08/28 09:49:42.633, 53, 0, 0, 2411, 2411, 12.81, P0, 0x0000000000000000
2026/08/28 09:49:42.733, 53, 0, 0, 2411, 2411, 12.81, P0, 0x0000000000000000
2026/08/28 09:49:42.833, 53, 0, 0, 2411, 2411, 12.81, P0, 0x0000000000000000
2026/08/28 09:49:42.933, 53, 0, 0, 2411, 2411, 12.78, P0, 0x0000000000000000
2026/08/28 09:49:43.033, 53, 0, 0, 2411, 2411, 12.78, P0, 0x0000000000000000
2026/08/28 09:49:43.133, 53, 0, 0, 2411, 2411, 12.78, P0, 0x0000000000000000
2026/08/28 09:49:43.233, 53, 0, 0, 2411, 2411, 12.78, P0, 0x0000000000000000
2026/08/28 09:49:43.333, 53, 0, 0, 2411, 2411, 12.78, P0, 0x0000000000000000
2026/08/28 09:49:43.434, 53, 0, 0, 2411, 2411, 12.76, P0, 0x0000000000000000
2026/08/28 09:49:43.534, 53, 0, 0, 2411, 2411, 12.76, P0, 0x0000000000000000
2026/08/28 09:49:43.634, 53, 0, 0, 2411, 2411, 12.76, P0, 0x0000000000000000
2026/08/28 09:49:43.734, 53, 0, 0, 2411, 2411, 12.76, P0, 0x0000000000000000
2026/08/28 09:49:43.834, 53, 0, 0, 2411, 2411, 12.76, P0, 0x0000000000000000
2026/08/28 09:49:43.934, 53, 0, 0, 2411, 2411, 12.74, P0, 0x0000000000000000
2026/08/28 09:49:44.034, 53, 0, 0, 2411, 2411, 12.74, P0, 0x0000000000000000
2026/08/28 09:49:44.135, 53, 0, 0, 2411, 2411, 12.74, P0, 0x0000000000000000
2026/08/28 09:49:44.235, 53, 0, 0, 2411, 2411, 12.74, P0, 0x0000000000000000
2026/08/28 09:49:44.335, 53, 0, 0, 2411, 2411, 12.74, P0, 0x0000000000000000
2026/08/28 09:49:44.435, 53, 0, 0, 2411, 2411, 12.74, P0, 0x0000000000000000
2026/08/28 09:49:44.535, 53, 0, 0, 2411, 2411, 12.74, P0, 0x0000000000000000
2026/08/28 09:49:44.635, 53, 0, 0, 2411, 2411, 12.74, P0, 0x0000000000000000
2026/08/28 09:49:44.735, 53, 0, 0, 2411, 2411, 12.74, P0, 0x0000000000000000
2026/08/28 09:49:44.835, 53, 0, 0, 2411, 2411, 12.74, P0, 0x0000000000000000
2026/08/28 09:49:44.936, 53, 0, 0, 2411, 2411, 12.74, P0, 0x0000000000000000
2026/08/28 09:49:45.036, 53, 0, 0, 2411, 2411, 12.74, P0, 0x0000000000000000
2026/08/28 09:49:45.136, 53, 0, 0, 2411, 2411, 12.74, P0, 0x0000000000000000
2026/08/28 09:49:45.236, 53, 0, 0, 2411, 2411, 12.74, P0, 0x0000000000000000
2026/08/28 09:49:45.336, 53, 0, 0, 2411, 2411, 12.74, P0, 0x0000000000000000
2026/08/28 09:49:45.436, 53, 0, 0, 2411, 2411, 12.72, P0, 0x0000000000000000
2026/08/28 09:49:45.537, 53, 0, 0, 2411, 2411, 12.72, P0, 0x0000000000000000
2026/08/28 09:49:45.637, 53, 0, 0, 2411, 2411, 12.72, P0, 0x0000000000000000
2026/08/28 09:49:45.737, 53, 0, 0, 2411, 2411, 12.72, P0, 0x0000000000000000
2026/08/28 09:49:45.837, 53, 0, 0, 2411, 2411, 12.72, P0, 0x0000000000000000
2026/08/28 09:49:45.937, 53, 0, 0, 2411, 2411, 12.73, P0, 0x0000000000000000
2026/08/28 09:49:46.037, 53, 0, 0, 2411, 2411, 12.73, P0, 0x0000000000000000
2026/08/28 09:49:46.137, 53, 0, 0, 2411, 2411, 12.73, P0, 0x0000000000000000
2026/08/28 09:49:46.237, 53, 0, 0, 2411, 2411, 12.73, P0, 0x0000000000000000
2026/08/28 09:49:46.337, 53, 0, 0, 2411, 2411, 12.73, P0, 0x0000000000000000
2026/08/28 09:49:46.438, 53, 0, 0, 2411, 2411, 12.77, P0, 0x0000000000000000
2026/08/28 09:49:46.538, 53, 0, 0, 2411, 2411, 12.77, P0, 0x0000000000000000
2026/08/28 09:49:46.638, 53, 0, 0, 2411, 2411, 12.77, P0, 0x0000000000000000
2026/08/28 09:49:46.738, 53, 0, 0, 2411, 2411, 12.77, P0, 0x0000000000000000
2026/08/28 09:49:46.838, 53, 0, 0, 2411, 2411, 12.77, P0, 0x0000000000000000
2026/08/28 09:49:46.938, 53, 0, 0, 2411, 2411, 12.78, P0, 0x0000000000000000
2026/08/28 09:49:47.038, 53, 0, 0, 2411, 2411, 12.78, P0, 0x0000000000000000
2026/08/28 09:49:47.138, 53, 0, 0, 2411, 2411, 12.78, P0, 0x0000000000000000
2026/08/28 09:49:47.239, 53, 0, 0, 2411, 2411, 12.78, P0, 0x0000000000000000
2026/08/28 09:49:47.339, 53, 0, 0, 2411, 2411, 12.78, P0, 0x0000000000000000
2026/08/28 09:49:47.439, 53, 0, 0, 2411, 2411, 12.77, P0, 0x0000000000000000
2026/08/28 09:49:47.539, 53, 0, 0, 2411, 2411, 12.77, P0, 0x0000000000000000
2026/08/28 09:49:47.639, 53, 0, 0, 2411, 2411, 12.77, P0, 0x0000000000000000
2026/08/28 09:49:47.739, 53, 0, 0, 2411, 2411, 12.77, P0, 0x0000000000000000
2026/08/28 09:49:47.839, 53, 0, 0, 2411, 2411, 12.77, P0, 0x0000000000000000
2026/08/28 09:49:47.940, 53, 0, 0, 2411, 2411, 12.77, P0, 0x0000000000000000
2026/08/28 09:49:48.040, 53, 0, 0, 2411, 2411, 12.77, P0, 0x0000000000000000
2026/08/28 09:49:48.140, 53, 0, 0, 2411, 2411, 12.77, P0, 0x0000000000000000
2026/08/28 09:49:48.240, 53, 0, 0, 2411, 2411, 12.77, P0, 0x0000000000000000
2026/08/28 09:49:48.340, 53, 0, 0, 2411, 2411, 12.77, P0, 0x0000000000000000
2026/08/28 09:49:48.440, 53, 0, 0, 2411, 2411, 12.76, P0, 0x0000000000000000
2026/08/28 09:49:48.540, 53, 0, 0, 2411, 2411, 12.76, P0, 0x0000000000000000
2026/08/28 09:49:48.640, 53, 0, 0, 2411, 2411, 12.76, P0, 0x0000000000000000
2026/08/28 09:49:48.740, 53, 0, 0, 2411, 2411, 12.76, P0, 0x0000000000000000
2026/08/28 09:49:48.840, 53, 0, 0, 2411, 2411, 12.76, P0, 0x0000000000000000
2026/08/28 09:49:48.941, 53, 0, 0, 2411, 2411, 12.75, P0, 0x0000000000000000
2026/08/28 09:49:49.041, 53, 0, 0, 2411, 2411, 12.75, P0, 0x0000000000000000
2026/08/28 09:49:49.141, 53, 0, 0, 2411, 2411, 12.75, P0, 0x0000000000000000
2026/08/28 09:49:49.241, 53, 0, 0, 2411, 2411, 12.75, P0, 0x0000000000000000
2026/08/28 09:49:49.341, 53, 0, 0, 2411, 2411, 12.75, P0, 0x0000000000000000
2026/08/28 09:49:49.441, 53, 0, 0, 2411, 2411, 12.74, P0, 0x0000000000000000
2026/08/28 09:49:49.541, 53, 0, 0, 2411, 2411, 12.74, P0, 0x0000000000000000
2026/08/28 09:49:49.641, 53, 0, 0, 2411, 2411, 12.74, P0, 0x0000000000000000
2026/08/28 09:49:49.741, 53, 0, 0, 2411, 2411, 12.74, P0, 0x0000000000000000
2026/08/28 09:49:49.842, 53, 0, 0, 2411, 2411, 12.74, P0, 0x0000000000000000
2026/08/28 09:49:49.942, 53, 0, 0, 2411, 2411, 12.72, P0, 0x0000000000000000
2026/08/28 09:49:50.042, 53, 0, 0, 2411, 2411, 12.72, P0, 0x0000000000000000
2026/08/28 09:49:50.142, 53, 0, 0, 2411, 2411, 12.72, P0, 0x0000000000000000
2026/08/28 09:49:50.242, 53, 0, 0, 2411, 2411, 12.72, P0, 0x0000000000000000
2026/08/28 09:49:50.342, 53, 0, 0, 2411, 2411, 12.72, P0, 0x0000000000000000
2026/08/28 09:49:50.442, 53, 0, 0, 2411, 2411, 12.71, P0, 0x0000000000000000
2026/08/28 09:49:50.543, 53, 0, 0, 2411, 2411, 12.71, P0, 0x0000000000000000
2026/08/28 09:49:50.643, 53, 0, 0, 2411, 2411, 12.71, P0, 0x0000000000000000
2026/08/28 09:49:50.743, 53, 0, 0, 2411, 2411, 12.71, P0, 0x0000000000000000
2026/08/28 09:49:50.843, 53, 0, 0, 2411, 2411, 12.71, P0, 0x0000000000000000
2026/08/28 09:49:50.943, 53, 0, 0, 2411, 2411, 12.73, P0, 0x0000000000000000
2026/08/28 09:49:51.043, 53, 0, 0, 2411, 2411, 12.73, P0, 0x0000000000000000
2026/08/28 09:49:51.143, 53, 0, 0, 2411, 2411, 12.73, P0, 0x0000000000000000
2026/08/28 09:49:51.243, 53, 0, 0, 2411, 2411, 12.73, P0, 0x0000000000000000
2026/08/28 09:49:51.343, 53, 0, 0, 2411, 2411, 12.73, P0, 0x0000000000000000
2026/08/28 09:49:51.444, 53, 0, 0, 2411, 2411, 12.74, P0, 0x0000000000000000
2026/08/28 09:49:51.544, 53, 0, 0, 2411, 2411, 12.74, P0, 0x0000000000000000
2026/08/28 09:49:51.644, 53, 0, 0, 2411, 2411, 12.74, P0, 0x0000000000000000
2026/08/28 09:49:51.744, 53, 0, 0, 2411, 2411, 12.74, P0, 0x0000000000000000
2026/08/28 09:49:51.844, 53, 0, 0, 2411, 2411, 12.74, P0, 0x0000000000000000
2026/08/28 09:49:51.944, 53, 0, 0, 2411, 2411, 12.74, P0, 0x0000000000000000
2026/08/28 09:49:52.044, 53, 0, 0, 2411, 2411, 12.74, P0, 0x0000000000000000
2026/08/28 09:49:52.145, 53, 0, 0, 2411, 2411, 12.74, P0, 0x0000000000000000
2026/08/28 09:49:52.245, 53, 0, 0, 2411, 2411, 12.74, P0, 0x0000000000000000
2026/08/28 09:49:52.345, 53, 0, 0, 2411, 2411, 12.74, P0, 0x0000000000000000
2026/08/28 09:49:52.445, 53, 0, 0, 2411, 2411, 12.74, P0, 0x0000000000000000
2026/08/28 09:49:52.545, 53, 0, 0, 2411, 2411, 12.74, P0, 0x0000000000000000
2026/08/28 09:49:52.645, 53, 0, 0, 2411, 2411, 12.74, P0, 0x0000000000000000
2026/08/28 09:49:52.745, 53, 0, 0, 2411, 2411, 12.74, P0, 0x0000000000000000
2026/08/28 09:49:52.845, 53, 0, 0, 2411, 2411, 12.74, P0, 0x0000000000000000
2026/08/28 09:49:52.945, 53, 0, 0, 2411, 2411, 12.73, P0, 0x0000000000000000
2026/08/28 09:49:53.046, 53, 0, 0, 2411, 2411, 12.73, P0, 0x0000000000000000
2026/08/28 09:49:53.146, 53, 0, 0, 2411, 2411, 12.73, P0, 0x0000000000000000
2026/08/28 09:49:53.246, 53, 0, 0, 2411, 2411, 12.73, P0, 0x0000000000000000
2026/08/28 09:49:53.346, 53, 0, 0, 2411, 2411, 12.73, P0, 0x0000000000000000
2026/08/28 09:49:53.446, 53, 0, 0, 2411, 2411, 12.76, P0, 0x0000000000000000
2026/08/28 09:49:53.547, 53, 0, 0, 2411, 2411, 12.76, P0, 0x0000000000000000
2026/08/28 09:49:53.647, 53, 0, 0, 2411, 2411, 12.76, P0, 0x0000000000000000
2026/08/28 09:49:53.747, 53, 0, 0, 2411, 2411, 12.76, P0, 0x0000000000000000
2026/08/28 09:49:53.847, 53, 0, 0, 2411, 2411, 12.76, P0, 0x0000000000000000
2026/08/28 09:49:53.947, 53, 0, 0, 2411, 2411, 12.78, P0, 0x0000000000000000
2026/08/28 09:49:54.047, 53, 0, 0, 2411, 2411, 12.78, P0, 0x0000000000000000
2026/08/28 09:49:54.147, 53, 0, 0, 2411, 2411, 12.78, P0, 0x0000000000000000
2026/08/28 09:49:54.248, 53, 0, 0, 2411, 2411, 12.78, P0, 0x0000000000000000
2026/08/28 09:49:54.348, 53, 0, 0, 2411, 2411, 12.78, P0, 0x0000000000000000
2026/08/28 09:49:54.448, 53, 0, 0, 2411, 2411, 12.79, P0, 0x0000000000000000
2026/08/28 09:49:54.548, 53, 0, 0, 2411, 2411, 12.79, P0, 0x0000000000000000
2026/08/28 09:49:54.648, 53, 0, 0, 2411, 2411, 12.79, P0, 0x0000000000000000
2026/08/28 09:49:54.748, 53, 0, 0, 2411, 2411, 12.79, P0, 0x0000000000000000
2026/08/28 09:49:54.848, 53, 0, 0, 2411, 2411, 12.79, P0, 0x0000000000000000
2026/08/28 09:49:54.949, 53, 0, 0, 2411, 2411, 12.80, P0, 0x0000000000000000
2026/08/28 09:49:55.049, 53, 0, 0, 2411, 2411, 12.80, P0, 0x0000000000000000
2026/08/28 09:49:55.149, 53, 0, 0, 2411, 2411, 12.80, P0, 0x0000000000000000
2026/08/28 09:49:55.249, 53, 0, 0, 2411, 2411, 12.80, P0, 0x0000000000000000
2026/08/28 09:49:55.349, 53, 0, 0, 2411, 2411, 12.80, P0, 0x0000000000000000
2026/08/28 09:49:55.449, 53, 0, 0, 2411, 2411, 12.79, P0, 0x0000000000000000
2026/08/28 09:49:55.549, 53, 0, 0, 2411, 2411, 12.79, P0, 0x0000000000000000
2026/08/28 09:49:55.650, 53, 0, 0, 2411, 2411, 12.79, P0, 0x0000000000000000
2026/08/28 09:49:55.750, 53, 0, 0, 2411, 2411, 12.79, P0, 0x0000000000000000
2026/08/28 09:49:55.850, 53, 0, 0, 2411, 2411, 12.79, P0, 0x0000000000000000
2026/08/28 09:49:55.950, 53, 0, 0, 2411, 2411, 12.77, P0, 0x0000000000000000
2026/08/28 09:49:56.050, 53, 0, 0, 2411, 2411, 12.77, P0, 0x0000000000000000
2026/08/28 09:49:56.150, 53, 0, 0, 2411, 2411, 12.77, P0, 0x0000000000000000
2026/08/28 09:49:56.250, 53, 0, 0, 2411, 2411, 12.77, P0, 0x0000000000000000
2026/08/28 09:49:56.351, 53, 0, 0, 2411, 2411, 12.77, P0, 0x0000000000000000
2026/08/28 09:49:56.451, 53, 0, 0, 2411, 2411, 12.74, P0, 0x0000000000000000
2026/08/28 09:49:56.551, 53, 0, 0, 2411, 2411, 12.74, P0, 0x0000000000000000
2026/08/28 09:49:56.651, 53, 0, 0, 2411, 2411, 12.74, P0, 0x0000000000000000
2026/08/28 09:49:56.752, 53, 0, 0, 2411, 2411, 12.74, P0, 0x0000000000000000
2026/08/28 09:49:56.852, 53, 0, 0, 2411, 2411, 12.74, P0, 0x0000000000000000
2026/08/28 09:49:56.952, 53, 0, 0, 2411, 2411, 12.73, P0, 0x0000000000000000
2026/08/28 09:49:57.052, 53, 0, 0, 2411, 2411, 12.73, P0, 0x0000000000000000
2026/08/28 09:49:57.152, 53, 0, 0, 2411, 2411, 12.73, P0, 0x0000000000000000
2026/08/28 09:49:57.252, 53, 0, 0, 2411, 2411, 12.73, P0, 0x0000000000000000
2026/08/28 09:49:57.352, 53, 0, 0, 2411, 2411, 12.73, P0, 0x0000000000000000
2026/08/28 09:49:57.452, 53, 0, 0, 2411, 2411, 12.72, P0, 0x0000000000000000
2026/08/28 09:49:57.553, 53, 0, 0, 2411, 2411, 12.72, P0, 0x0000000000000000
2026/08/28 09:49:57.653, 53, 0, 0, 2411, 2411, 12.72, P0, 0x0000000000000000
2026/08/28 09:49:57.753, 53, 0, 0, 2411, 2411, 12.72, P0, 0x0000000000000000
2026/08/28 09:49:57.853, 53, 0, 0, 2411, 2411, 12.72, P0, 0x0000000000000000
2026/08/28 09:49:57.953, 53, 0, 0, 2411, 2411, 12.73, P0, 0x0000000000000000
2026/08/28 09:49:58.053, 53, 0, 0, 2411, 2411, 12.73, P0, 0x0000000000000000
2026/08/28 09:49:58.153, 53, 0, 0, 2411, 2411, 12.73, P0, 0x0000000000000000
2026/08/28 09:49:58.254, 53, 0, 0, 2411, 2411, 12.73, P0, 0x0000000000000000
2026/08/28 09:49:58.354, 53, 0, 0, 2411, 2411, 12.73, P0, 0x0000000000000000
2026/08/28 09:49:58.454, 53, 0, 0, 2411, 2411, 12.75, P0, 0x0000000000000000
2026/08/28 09:49:58.554, 53, 0, 0, 2411, 2411, 12.75, P0, 0x0000000000000000
2026/08/28 09:49:58.654, 53, 0, 0, 2411, 2411, 12.75, P0, 0x0000000000000000
2026/08/28 09:49:58.754, 53, 0, 0, 2411, 2411, 12.75, P0, 0x0000000000000000
2026/08/28 09:49:58.854, 53, 0, 0, 2411, 2411, 12.75, P0, 0x0000000000000000
2026/08/28 09:49:58.954, 53, 0, 0, 2411, 2411, 12.75, P0, 0x0000000000000000
2026/08/28 09:49:59.055, 53, 0, 0, 2411, 2411, 12.75, P0, 0x0000000000000000
2026/08/28 09:49:59.155, 53, 0, 0, 2411, 2411, 12.75, P0, 0x0000000000000000
2026/08/28 09:49:59.255, 53, 0, 0, 2411, 2411, 12.75, P0, 0x0000000000000000
2026/08/28 09:49:59.355, 53, 0, 0, 2411, 2411, 12.75, P0, 0x0000000000000000
2026/08/28 09:49:59.456, 53, 0, 0, 2411, 2411, 12.69, P0, 0x0000000000000000
2026/08/28 09:49:59.556, 53, 0, 0, 2411, 2411, 12.69, P0, 0x0000000000000000
2026/08/28 09:49:59.656, 53, 0, 0, 2411, 2411, 12.69, P0, 0x0000000000000000
2026/08/28 09:49:59.756, 53, 0, 0, 2411, 2411, 12.69, P0, 0x0000000000000000
2026/08/28 09:49:59.856, 53, 0, 0, 2411, 2411, 12.69, P0, 0x0000000000000000
2026/08/28 09:49:59.956, 53, 0, 0, 2411, 2411, 12.66, P0, 0x0000000000000000
2026/08/28 09:50:00.056, 53, 0, 0, 2411, 2411, 12.66, P0, 0x0000000000000000
2026/08/28 09:50:00.157, 53, 0, 0, 2411, 2411, 12.66, P0, 0x0000000000000000
2026/08/28 09:50:00.257, 53, 0, 0, 2411, 2411, 12.66, P0, 0x0000000000000000
2026/08/28 09:50:00.357, 53, 0, 0, 2411, 2411, 12.66, P0, 0x0000000000000000
2026/08/28 09:50:00.457, 53, 0, 0, 2411, 2411, 12.68, P0, 0x0000000000000000
2026/08/28 09:50:00.557, 53, 0, 0, 2411, 2411, 12.68, P0, 0x0000000000000000
2026/08/28 09:50:00.657, 53, 0, 0, 2411, 2411, 12.68, P0, 0x0000000000000000
2026/08/28 09:50:00.757, 53, 0, 0, 2411, 2411, 12.68, P0, 0x0000000000000000
2026/08/28 09:50:00.857, 53, 0, 0, 2411, 2411, 12.68, P0, 0x0000000000000000
2026/08/28 09:50:00.958, 53, 0, 0, 2411, 2411, 12.69, P0, 0x0000000000000000
2026/08/28 09:50:01.058, 53, 0, 0, 2411, 2411, 12.69, P0, 0x0000000000000000
2026/08/28 09:50:01.158, 53, 0, 0, 2411, 2411, 12.69, P0, 0x0000000000000000
2026/08/28 09:50:01.258, 53, 0, 0, 2411, 2411, 12.69, P0, 0x0000000000000000
2026/08/28 09:50:01.358, 53, 0, 0, 2411, 2411, 12.69, P0, 0x0000000000000000
2026/08/28 09:50:01.459, 53, 0, 0, 2411, 2411, 12.69, P0, 0x0000000000000000
2026/08/28 09:50:01.559, 53, 0, 0, 2411, 2411, 12.69, P0, 0x0000000000000000
2026/08/28 09:50:01.659, 53, 0, 0, 2411, 2411, 12.69, P0, 0x0000000000000000
2026/08/28 09:50:01.759, 53, 0, 0, 2411, 2411, 12.69, P0, 0x0000000000000000
2026/08/28 09:50:01.859, 53, 0, 0, 2411, 2411, 12.69, P0, 0x0000000000000000
2026/08/28 09:50:01.959, 53, 0, 0, 2411, 2411, 12.69, P0, 0x0000000000000000
2026/08/28 09:50:02.060, 53, 0, 0, 2411, 2411, 12.69, P0, 0x0000000000000000
2026/08/28 09:50:02.160, 53, 0, 0, 2411, 2411, 12.69, P0, 0x0000000000000000
2026/08/28 09:50:02.260, 53, 0, 0, 2411, 2411, 12.69, P0, 0x0000000000000000
2026/08/28 09:50:02.360, 53, 0, 0, 2411, 2411, 12.69, P0, 0x0000000000000000
2026/08/28 09:50:02.460, 53, 0, 0, 2411, 2411, 12.70, P0, 0x0000000000000000
2026/08/28 09:50:02.560, 53, 0, 0, 2411, 2411, 12.70, P0, 0x0000000000000000
2026/08/28 09:50:02.660, 53, 0, 0, 2411, 2411, 12.70, P0, 0x0000000000000000
2026/08/28 09:50:02.761, 53, 0, 0, 2411, 2411, 12.70, P0, 0x0000000000000000
2026/08/28 09:50:02.861, 53, 0, 0, 2411, 2411, 12.70, P0, 0x0000000000000000
2026/08/28 09:50:02.961, 53, 0, 0, 2411, 2411, 12.73, P0, 0x0000000000000000
2026/08/28 09:50:03.061, 53, 0, 0, 2411, 2411, 12.73, P0, 0x0000000000000000
2026/08/28 09:50:03.161, 53, 0, 0, 2411, 2411, 12.73, P0, 0x0000000000000000
2026/08/28 09:50:03.261, 53, 0, 0, 2411, 2411, 12.73, P0, 0x0000000000000000
2026/08/28 09:50:03.361, 53, 0, 0, 2411, 2411, 12.73, P0, 0x0000000000000000
2026/08/28 09:50:03.461, 53, 0, 0, 2411, 2411, 12.73, P0, 0x0000000000000000
2026/08/28 09:50:03.562, 53, 0, 0, 2411, 2411, 12.73, P0, 0x0000000000000000
2026/08/28 09:50:03.662, 53, 0, 0, 2411, 2411, 12.73, P0, 0x0000000000000000
2026/08/28 09:50:03.762, 53, 0, 0, 2411, 2411, 12.73, P0, 0x0000000000000000
2026/08/28 09:50:03.862, 53, 0, 0, 2411, 2411, 12.73, P0, 0x0000000000000000
2026/08/28 09:50:03.962, 53, 0, 0, 2411, 2411, 12.72, P0, 0x0000000000000000
2026/08/28 09:50:04.062, 53, 0, 0, 2411, 2411, 12.72, P0, 0x0000000000000000
2026/08/28 09:50:04.162, 53, 0, 0, 2411, 2411, 12.72, P0, 0x0000000000000000
2026/08/28 09:50:04.263, 53, 0, 0, 2411, 2411, 12.72, P0, 0x0000000000000000
2026/08/28 09:50:04.363, 53, 0, 0, 2411, 2411, 12.72, P0, 0x0000000000000000
2026/08/28 09:50:04.463, 53, 0, 0, 2411, 2411, 12.75, P0, 0x0000000000000000
2026/08/28 09:50:04.563, 53, 0, 0, 2411, 2411, 12.75, P0, 0x0000000000000000
2026/08/28 09:50:04.663, 53, 0, 0, 2411, 2411, 12.75, P0, 0x0000000000000000
2026/08/28 09:50:04.763, 53, 0, 0, 2411, 2411, 12.75, P0, 0x0000000000000000
2026/08/28 09:50:04.864, 53, 0, 0, 2411, 2411, 12.75, P0, 0x0000000000000000
2026/08/28 09:50:04.964, 53, 0, 0, 2411, 2411, 12.75, P0, 0x0000000000000000
2026/08/28 09:50:05.064, 53, 0, 0, 2411, 2411, 12.75, P0, 0x0000000000000000
2026/08/28 09:50:05.164, 53, 0, 0, 2411, 2411, 12.75, P0, 0x0000000000000000
2026/08/28 09:50:05.265, 53, 0, 0, 2411, 2411, 12.75, P0, 0x0000000000000000
2026/08/28 09:50:05.365, 53, 0, 0, 2411, 2411, 12.75, P0, 0x0000000000000000
2026/08/28 09:50:05.465, 53, 0, 0, 2411, 2411, 12.72, P0, 0x0000000000000000
2026/08/28 09:50:05.565, 53, 0, 0, 2411, 2411, 12.72, P0, 0x0000000000000000
2026/08/28 09:50:05.665, 53, 0, 0, 2411, 2411, 12.72, P0, 0x0000000000000000
2026/08/28 09:50:05.765, 53, 0, 0, 2411, 2411, 12.72, P0, 0x0000000000000000
2026/08/28 09:50:05.866, 53, 0, 0, 2411, 2411, 12.72, P0, 0x0000000000000000
2026/08/28 09:50:05.966, 53, 0, 0, 2411, 2411, 12.70, P0, 0x0000000000000000
2026/08/28 09:50:06.066, 53, 0, 0, 2411, 2411, 12.70, P0, 0x0000000000000000
2026/08/28 09:50:06.166, 53, 0, 0, 2411, 2411, 12.70, P0, 0x0000000000000000
2026/08/28 09:50:06.266, 53, 0, 0, 2411, 2411, 12.70, P0, 0x0000000000000000
2026/08/28 09:50:06.366, 53, 0, 0, 2411, 2411, 12.70, P0, 0x0000000000000000
2026/08/28 09:50:06.466, 53, 0, 0, 2411, 2411, 12.68, P0, 0x0000000000000000
2026/08/28 09:50:06.567, 53, 0, 0, 2411, 2411, 12.68, P0, 0x0000000000000000
2026/08/28 09:50:06.667, 53, 0, 0, 2411, 2411, 12.68, P0, 0x0000000000000000
2026/08/28 09:50:06.767, 53, 0, 0, 2411, 2411, 12.68, P0, 0x0000000000000000
2026/08/28 09:50:06.867, 53, 0, 0, 2411, 2411, 12.68, P0, 0x0000000000000000
2026/08/28 09:50:06.968, 53, 0, 0, 2411, 2411, 12.69, P0, 0x0000000000000000
2026/08/28 09:50:07.068, 53, 0, 0, 2411, 2411, 12.69, P0, 0x0000000000000000
2026/08/28 09:50:07.168, 53, 0, 0, 2411, 2411, 12.69, P0, 0x0000000000000000
2026/08/28 09:50:07.268, 53, 0, 0, 2411, 2411, 12.69, P0, 0x0000000000000000
2026/08/28 09:50:07.368, 53, 0, 0, 2411, 2411, 12.69, P0, 0x0000000000000000
2026/08/28 09:50:07.468, 53, 0, 0, 2411, 2411, 12.67, P0, 0x0000000000000000
2026/08/28 09:50:07.568, 53, 0, 0, 2411, 2411, 12.67, P0, 0x0000000000000000
2026/08/28 09:50:07.669, 53, 0, 0, 2411, 2411, 12.67, P0, 0x0000000000000000
2026/08/28 09:50:07.769, 53, 0, 0, 2411, 2411, 12.67, P0, 0x0000000000000000
2026/08/28 09:50:07.869, 53, 0, 0, 2411, 2411, 12.67, P0, 0x0000000000000000
2026/08/28 09:50:07.969, 53, 0, 0, 2411, 2411, 12.68, P0, 0x0000000000000000
2026/08/28 09:50:08.069, 53, 0, 0, 2411, 2411, 12.68, P0, 0x0000000000000000
2026/08/28 09:50:08.170, 53, 0, 0, 2411, 2411, 12.68, P0, 0x0000000000000000
2026/08/28 09:50:08.270, 53, 0, 0, 2411, 2411, 12.68, P0, 0x0000000000000000
2026/08/28 09:50:08.370, 53, 0, 0, 2411, 2411, 12.68, P0, 0x0000000000000000
2026/08/28 09:50:08.470, 53, 0, 0, 2411, 2411, 12.71, P0, 0x0000000000000000
2026/08/28 09:50:08.570, 53, 0, 0, 2411, 2411, 12.71, P0, 0x0000000000000000
2026/08/28 09:50:08.670, 53, 0, 0, 2411, 2411, 12.71, P0, 0x0000000000000000
2026/08/28 09:50:08.770, 53, 0, 0, 2411, 2411, 12.71, P0, 0x0000000000000000
2026/08/28 09:50:08.870, 53, 0, 0, 2411, 2411, 12.71, P0, 0x0000000000000000
2026/08/28 09:50:08.971, 53, 0, 0, 2411, 2411, 12.73, P0, 0x0000000000000000
2026/08/28 09:50:09.071, 53, 0, 0, 2411, 2411, 12.73, P0, 0x0000000000000000
2026/08/28 09:50:09.171, 53, 0, 0, 2411, 2411, 12.73, P0, 0x0000000000000000
2026/08/28 09:50:09.271, 53, 0, 0, 2411, 2411, 12.73, P0, 0x0000000000000000
2026/08/28 09:50:09.371, 53, 0, 0, 2411, 2411, 12.73, P0, 0x0000000000000000
2026/08/28 09:50:09.471, 53, 0, 0, 2411, 2411, 12.73, P0, 0x0000000000000000
2026/08/28 09:50:09.572, 53, 0, 0, 2411, 2411, 12.73, P0, 0x0000000000000000
2026/08/28 09:50:09.672, 53, 0, 0, 2411, 2411, 12.73, P0, 0x0000000000000000
2026/08/28 09:50:09.772, 53, 0, 0, 2411, 2411, 12.73, P0, 0x0000000000000000
2026/08/28 09:50:09.872, 53, 0, 0, 2411, 2411, 12.72, P0, 0x0000000000000000
2026/08/28 09:50:09.972, 53, 0, 0, 2411, 2411, 12.72, P0, 0x0000000000000000
2026/08/28 09:50:10.072, 53, 0, 0, 2411, 2411, 12.72, P0, 0x0000000000000000
2026/08/28 09:50:10.172, 53, 0, 0, 2411, 2411, 12.72, P0, 0x0000000000000000
2026/08/28 09:50:10.272, 53, 0, 0, 2411, 2411, 12.72, P0, 0x0000000000000000
2026/08/28 09:50:10.373, 53, 0, 0, 2411, 2411, 12.70, P0, 0x0000000000000000
2026/08/28 09:50:10.473, 53, 0, 0, 2411, 2411, 12.70, P0, 0x0000000000000000
2026/08/28 09:50:10.573, 53, 0, 0, 2411, 2411, 12.70, P0, 0x0000000000000000
2026/08/28 09:50:10.673, 53, 0, 0, 2411, 2411, 12.70, P0, 0x0000000000000000
2026/08/28 09:50:10.773, 53, 0, 0, 2411, 2411, 12.70, P0, 0x0000000000000000
2026/08/28 09:50:10.873, 53, 0, 0, 2411, 2411, 12.69, P0, 0x0000000000000000
2026/08/28 09:50:10.973, 53, 0, 0, 2411, 2411, 12.69, P0, 0x0000000000000000
2026/08/28 09:50:11.074, 53, 0, 0, 2411, 2411, 12.69, P0, 0x0000000000000000
2026/08/28 09:50:11.174, 53, 0, 0, 2411, 2411, 12.69, P0, 0x0000000000000000
2026/08/28 09:50:11.274, 53, 0, 0, 2411, 2411, 12.69, P0, 0x0000000000000000
2026/08/28 09:50:11.374, 53, 0, 0, 2411, 2411, 12.72, P0, 0x0000000000000000
2026/08/28 09:50:11.474, 53, 0, 0, 2411, 2411, 12.72, P0, 0x0000000000000000
2026/08/28 09:50:11.574, 53, 0, 0, 2411, 2411, 12.72, P0, 0x0000000000000000
2026/08/28 09:50:11.674, 53, 0, 0, 2411, 2411, 12.72, P0, 0x0000000000000000
2026/08/28 09:50:11.774, 53, 0, 0, 2411, 2411, 12.72, P0, 0x0000000000000000
2026/08/28 09:50:11.875, 53, 0, 0, 2411, 2411, 12.74, P0, 0x0000000000000000
2026/08/28 09:50:11.975, 53, 0, 0, 2411, 2411, 12.74, P0, 0x0000000000000000
2026/08/28 09:50:12.075, 53, 0, 0, 2411, 2411, 12.74, P0, 0x0000000000000000
2026/08/28 09:50:12.175, 53, 0, 0, 2411, 2411, 12.74, P0, 0x0000000000000000
2026/08/28 09:50:12.275, 53, 0, 0, 2411, 2411, 12.74, P0, 0x0000000000000000
2026/08/28 09:50:12.375, 53, 0, 0, 2411, 2411, 12.72, P0, 0x0000000000000000
2026/08/28 09:50:12.476, 53, 0, 0, 2411, 2411, 12.72, P0, 0x0000000000000000
2026/08/28 09:50:12.576, 53, 0, 0, 2411, 2411, 12.72, P0, 0x0000000000000000
2026/08/28 09:50:12.676, 53, 0, 0, 2411, 2411, 12.72, P0, 0x0000000000000000
2026/08/28 09:50:12.776, 53, 0, 0, 2411, 2411, 12.72, P0, 0x0000000000000000
2026/08/28 09:50:12.876, 53, 0, 0, 2411, 2411, 12.71, P0, 0x0000000000000000
2026/08/28 09:50:12.976, 53, 0, 0, 2411, 2411, 12.71, P0, 0x0000000000000000
2026/08/28 09:50:13.076, 53, 0, 0, 2411, 2411, 12.71, P0, 0x0000000000000000
2026/08/28 09:50:13.176, 53, 0, 0, 2411, 2411, 12.71, P0, 0x0000000000000000
2026/08/28 09:50:13.277, 53, 0, 0, 2411, 2411, 12.71, P0, 0x0000000000000000
2026/08/28 09:50:13.377, 53, 0, 0, 2411, 2411, 12.70, P0, 0x0000000000000000
2026/08/28 09:50:13.477, 53, 0, 0, 2411, 2411, 12.70, P0, 0x0000000000000000
2026/08/28 09:50:13.577, 53, 0, 0, 2411, 2411, 12.70, P0, 0x0000000000000000
2026/08/28 09:50:13.677, 53, 0, 0, 2411, 2411, 12.70, P0, 0x0000000000000000
2026/08/28 09:50:13.777, 53, 0, 0, 2411, 2411, 12.70, P0, 0x0000000000000000
2026/08/28 09:50:13.878, 53, 0, 0, 2411, 2411, 12.73, P0, 0x0000000000000000
2026/08/28 09:50:13.978, 53, 0, 0, 2411, 2411, 12.73, P0, 0x0000000000000000
2026/08/28 09:50:14.078, 53, 0, 0, 2411, 2411, 12.73, P0, 0x0000000000000000
2026/08/28 09:50:14.178, 53, 0, 0, 2411, 2411, 12.73, P0, 0x0000000000000000
2026/08/28 09:50:14.278, 53, 0, 0, 2411, 2411, 12.73, P0, 0x0000000000000000
2026/08/28 09:50:14.378, 53, 0, 0, 2411, 2411, 12.73, P0, 0x0000000000000000
2026/08/28 09:50:14.478, 53, 0, 0, 2411, 2411, 12.73, P0, 0x0000000000000000
2026/08/28 09:50:14.579, 53, 0, 0, 2411, 2411, 12.73, P0, 0x0000000000000000
2026/08/28 09:50:14.679, 53, 0, 0, 2411, 2411, 12.73, P0, 0x0000000000000000
2026/08/28 09:50:14.779, 53, 0, 0, 2411, 2411, 12.73, P0, 0x0000000000000000
2026/08/28 09:50:14.879, 53, 0, 0, 2411, 2411, 12.70, P0, 0x0000000000000000
2026/08/28 09:50:14.979, 53, 0, 0, 2411, 2411, 12.70, P0, 0x0000000000000000
2026/08/28 09:50:15.079, 53, 0, 0, 2411, 2411, 12.70, P0, 0x0000000000000000
2026/08/28 09:50:15.179, 53, 0, 0, 2411, 2411, 12.70, P0, 0x0000000000000000
2026/08/28 09:50:15.280, 53, 0, 0, 2411, 2411, 12.70, P0, 0x0000000000000000
2026/08/28 09:50:15.380, 53, 0, 0, 2411, 2411, 12.69, P0, 0x0000000000000000
2026/08/28 09:50:15.480, 53, 0, 0, 2411, 2411, 12.69, P0, 0x0000000000000000
2026/08/28 09:50:15.580, 53, 0, 0, 2411, 2411, 12.69, P0, 0x0000000000000000
2026/08/28 09:50:15.680, 53, 0, 0, 2411, 2411, 12.69, P0, 0x0000000000000000
2026/08/28 09:50:15.780, 53, 0, 0, 2411, 2411, 12.69, P0, 0x0000000000000000
2026/08/28 09:50:15.880, 53, 0, 0, 2411, 2411, 12.69, P0, 0x0000000000000000
2026/08/28 09:50:15.981, 53, 0, 0, 2411, 2411, 12.69, P0, 0x0000000000000000
2026/08/28 09:50:16.081, 53, 0, 0, 2411, 2411, 12.69, P0, 0x0000000000000000
2026/08/28 09:50:16.181, 53, 0, 0, 2411, 2411, 12.69, P0, 0x0000000000000000
2026/08/28 09:50:16.281, 53, 0, 0, 2411, 2411, 12.69, P0, 0x0000000000000000
2026/08/28 09:50:16.381, 53, 0, 0, 2411, 2411, 12.67, P0, 0x0000000000000000
2026/08/28 09:50:16.481, 53, 0, 0, 2411, 2411, 12.67, P0, 0x0000000000000000
2026/08/28 09:50:16.581, 53, 0, 0, 2411, 2411, 12.67, P0, 0x0000000000000000
2026/08/28 09:50:16.682, 53, 0, 0, 2411, 2411, 12.67, P0, 0x0000000000000000
2026/08/28 09:50:16.782, 53, 0, 0, 2411, 2411, 12.67, P0, 0x0000000000000000
2026/08/28 09:50:16.882, 53, 0, 0, 2411, 2411, 12.68, P0, 0x0000000000000000
2026/08/28 09:50:16.982, 53, 0, 0, 2411, 2411, 12.68, P0, 0x0000000000000000
2026/08/28 09:50:17.082, 53, 0, 0, 2411, 2411, 12.68, P0, 0x0000000000000000
2026/08/28 09:50:17.182, 53, 0, 0, 2411, 2411, 12.68, P0, 0x0000000000000000
2026/08/28 09:50:17.283, 53, 0, 0, 2411, 2411, 12.68, P0, 0x0000000000000000
2026/08/28 09:50:17.383, 53, 0, 0, 2411, 2411, 12.70, P0, 0x0000000000000000
2026/08/28 09:50:17.483, 53, 0, 0, 2411, 2411, 12.70, P0, 0x0000000000000000
2026/08/28 09:50:17.583, 53, 0, 0, 2411, 2411, 12.70, P0, 0x0000000000000000
2026/08/28 09:50:17.683, 53, 0, 0, 2411, 2411, 12.70, P0, 0x0000000000000000
2026/08/28 09:50:17.783, 53, 0, 0, 2411, 2411, 12.70, P0, 0x0000000000000000
2026/08/28 09:50:17.883, 53, 0, 0, 2411, 2411, 12.69, P0, 0x0000000000000000
2026/08/28 09:50:17.983, 53, 0, 0, 2411, 2411, 12.69, P0, 0x0000000000000000
2026/08/28 09:50:18.084, 53, 0, 0, 2411, 2411, 12.69, P0, 0x0000000000000000
2026/08/28 09:50:18.184, 53, 0, 0, 2411, 2411, 12.69, P0, 0x0000000000000000
2026/08/28 09:50:18.284, 53, 0, 0, 2411, 2411, 12.69, P0, 0x0000000000000000
2026/08/28 09:50:18.384, 53, 0, 0, 2411, 2411, 12.68, P0, 0x0000000000000000
2026/08/28 09:50:18.484, 53, 0, 0, 2411, 2411, 12.68, P0, 0x0000000000000000
2026/08/28 09:50:18.584, 53, 0, 0, 2411, 2411, 12.68, P0, 0x0000000000000000
2026/08/28 09:50:18.684, 53, 0, 0, 2411, 2411, 12.68, P0, 0x0000000000000000
2026/08/28 09:50:18.785, 53, 0, 0, 2411, 2411, 12.68, P0, 0x0000000000000000
2026/08/28 09:50:18.885, 53, 0, 0, 2411, 2411, 12.69, P0, 0x0000000000000000
2026/08/28 09:50:18.985, 53, 0, 0, 2411, 2411, 12.69, P0, 0x0000000000000000
2026/08/28 09:50:19.085, 53, 0, 0, 2411, 2411, 12.69, P0, 0x0000000000000000
2026/08/28 09:50:19.185, 53, 0, 0, 2411, 2411, 12.69, P0, 0x0000000000000000
2026/08/28 09:50:19.285, 53, 0, 0, 2411, 2411, 12.69, P0, 0x0000000000000000
2026/08/28 09:50:19.385, 53, 0, 0, 2411, 2411, 12.69, P0, 0x0000000000000000
2026/08/28 09:50:19.485, 53, 0, 0, 2411, 2411, 12.69, P0, 0x0000000000000000
2026/08/28 09:50:19.586, 53, 0, 0, 2411, 2411, 12.69, P0, 0x0000000000000000
2026/08/28 09:50:19.686, 53, 0, 0, 2411, 2411, 12.69, P0, 0x0000000000000000
2026/08/28 09:50:19.786, 53, 0, 0, 2411, 2411, 12.69, P0, 0x0000000000000000
2026/08/28 09:50:19.886, 53, 0, 0, 2411, 2411, 12.68, P0, 0x0000000000000000
2026/08/28 09:50:19.986, 53, 0, 0, 2411, 2411, 12.68, P0, 0x0000000000000000
2026/08/28 09:50:20.086, 53, 0, 0, 2411, 2411, 12.68, P0, 0x0000000000000000
2026/08/28 09:50:20.186, 53, 0, 0, 2411, 2411, 12.68, P0, 0x0000000000000000
2026/08/28 09:50:20.286, 53, 0, 0, 2411, 2411, 12.68, P0, 0x0000000000000000
2026/08/28 09:50:20.387, 53, 0, 0, 2411, 2411, 12.69, P0, 0x0000000000000000
2026/08/28 09:50:20.487, 53, 0, 0, 2411, 2411, 12.69, P0, 0x0000000000000000
2026/08/28 09:50:20.587, 53, 0, 0, 2411, 2411, 12.69, P0, 0x0000000000000000
2026/08/28 09:50:20.687, 53, 0, 0, 2411, 2411, 12.69, P0, 0x0000000000000000
2026/08/28 09:50:20.787, 53, 0, 0, 2411, 2411, 12.69, P0, 0x0000000000000000
2026/08/28 09:50:20.887, 53, 0, 0, 2411, 2411, 12.69, P0, 0x0000000000000000
2026/08/28 09:50:20.987, 53, 0, 0, 2411, 2411, 12.69, P0, 0x0000000000000000
2026/08/28 09:50:21.088, 53, 0, 0, 2411, 2411, 12.69, P0, 0x0000000000000000
2026/08/28 09:50:21.188, 53, 0, 0, 2411, 2411, 12.69, P0, 0x0000000000000000
2026/08/28 09:50:21.288, 53, 0, 0, 2411, 2411, 12.69, P0, 0x0000000000000000
2026/08/28 09:50:21.388, 53, 0, 0, 2411, 2411, 12.66, P0, 0x0000000000000000
2026/08/28 09:50:21.488, 53, 0, 0, 2411, 2411, 12.66, P0, 0x0000000000000000
2026/08/28 09:50:21.588, 53, 0, 0, 2411, 2411, 12.66, P0, 0x0000000000000000
2026/08/28 09:50:21.689, 53, 0, 0, 2411, 2411, 12.66, P0, 0x0000000000000000
2026/08/28 09:50:21.789, 53, 0, 0, 2411, 2411, 12.66, P0, 0x0000000000000000
2026/08/28 09:50:21.889, 53, 0, 0, 2411, 2411, 12.61, P0, 0x0000000000000000
2026/08/28 09:50:21.989, 53, 0, 0, 2411, 2411, 12.61, P0, 0x0000000000000000
2026/08/28 09:50:22.089, 53, 0, 0, 2411, 2411, 12.61, P0, 0x0000000000000000
2026/08/28 09:50:22.189, 53, 0, 0, 2411, 2411, 12.61, P0, 0x0000000000000000
2026/08/28 09:50:22.289, 53, 0, 0, 2411, 2411, 12.61, P0, 0x0000000000000000
2026/08/28 09:50:22.390, 53, 0, 0, 2411, 2411, 12.58, P0, 0x0000000000000000
2026/08/28 09:50:22.490, 53, 0, 0, 2411, 2411, 12.58, P0, 0x0000000000000000
2026/08/28 09:50:22.590, 53, 0, 0, 2411, 2411, 12.58, P0, 0x0000000000000000
2026/08/28 09:50:22.690, 53, 0, 0, 2411, 2411, 12.58, P0, 0x0000000000000000
2026/08/28 09:50:22.790, 53, 0, 0, 2411, 2411, 12.58, P0, 0x0000000000000000
2026/08/28 09:50:22.890, 53, 0, 0, 2411, 2411, 12.52, P0, 0x0000000000000000
2026/08/28 09:50:22.990, 53, 0, 0, 2411, 2411, 12.52, P0, 0x0000000000000000
2026/08/28 09:50:23.090, 53, 0, 0, 2411, 2411, 12.52, P0, 0x0000000000000000
2026/08/28 09:50:23.191, 53, 0, 0, 2411, 2411, 12.52, P0, 0x0000000000000000
2026/08/28 09:50:23.291, 53, 0, 0, 2411, 2411, 12.52, P0, 0x0000000000000000
2026/08/28 09:50:23.391, 53, 0, 0, 2411, 2411, 12.48, P0, 0x0000000000000000
2026/08/28 09:50:23.491, 53, 0, 0, 2411, 2411, 12.48, P0, 0x0000000000000000
2026/08/28 09:50:23.591, 53, 0, 0, 2411, 2411, 12.48, P0, 0x0000000000000000
2026/08/28 09:50:23.691, 53, 0, 0, 2411, 2411, 12.48, P0, 0x0000000000000000
2026/08/28 09:50:23.791, 53, 0, 0, 2411, 2411, 12.48, P0, 0x0000000000000000
2026/08/28 09:50:23.891, 53, 0, 0, 2411, 2411, 12.50, P0, 0x0000000000000000
2026/08/28 09:50:23.991, 53, 0, 0, 2411, 2411, 12.50, P0, 0x0000000000000000
2026/08/28 09:50:24.092, 53, 0, 0, 2411, 2411, 12.50, P0, 0x0000000000000000
2026/08/28 09:50:24.192, 53, 0, 0, 2411, 2411, 12.50, P0, 0x0000000000000000
2026/08/28 09:50:24.292, 53, 0, 0, 2411, 2411, 12.50, P0, 0x0000000000000000
2026/08/28 09:50:24.392, 53, 0, 0, 2411, 2411, 12.49, P0, 0x0000000000000000
2026/08/28 09:50:24.492, 53, 0, 0, 2411, 2411, 12.49, P0, 0x0000000000000000
2026/08/28 09:50:24.592, 53, 0, 0, 2411, 2411, 12.49, P0, 0x0000000000000000
2026/08/28 09:50:24.692, 53, 0, 0, 2411, 2411, 12.49, P0, 0x0000000000000000
2026/08/28 09:50:24.792, 53, 0, 0, 2411, 2411, 12.49, P0, 0x0000000000000000
2026/08/28 09:50:24.892, 53, 0, 0, 2411, 2411, 12.49, P0, 0x0000000000000000
2026/08/28 09:50:24.993, 53, 0, 0, 2411, 2411, 12.49, P0, 0x0000000000000000
2026/08/28 09:50:25.093, 53, 0, 0, 2411, 2411, 12.49, P0, 0x0000000000000000
2026/08/28 09:50:25.193, 53, 0, 0, 2411, 2411, 12.49, P0, 0x0000000000000000
2026/08/28 09:50:25.293, 53, 0, 0, 2411, 2411, 12.49, P0, 0x0000000000000000
2026/08/28 09:50:25.393, 53, 0, 0, 2411, 2411, 12.52, P0, 0x0000000000000000
2026/08/28 09:50:25.493, 53, 0, 0, 2411, 2411, 12.52, P0, 0x0000000000000000
2026/08/28 09:50:25.593, 53, 0, 0, 2411, 2411, 12.52, P0, 0x0000000000000000
2026/08/28 09:50:25.693, 53, 0, 0, 2411, 2411, 12.52, P0, 0x0000000000000000
2026/08/28 09:50:25.794, 53, 0, 0, 2411, 2411, 12.52, P0, 0x0000000000000000
2026/08/28 09:50:25.894, 53, 0, 0, 2411, 2411, 12.51, P0, 0x0000000000000000
2026/08/28 09:50:25.994, 53, 0, 0, 2411, 2411, 12.51, P0, 0x0000000000000000
2026/08/28 09:50:26.094, 53, 0, 0, 2411, 2411, 12.51, P0, 0x0000000000000000
2026/08/28 09:50:26.194, 53, 0, 0, 2411, 2411, 12.51, P0, 0x0000000000000000
2026/08/28 09:50:26.295, 53, 0, 0, 2411, 2411, 12.51, P0, 0x0000000000000000
2026/08/28 09:50:26.395, 53, 0, 0, 2411, 2411, 12.51, P0, 0x0000000000000000
2026/08/28 09:50:26.495, 53, 0, 0, 2411, 2411, 12.51, P0, 0x0000000000000000
2026/08/28 09:50:26.595, 53, 0, 0, 2411, 2411, 12.51, P0, 0x0000000000000000
2026/08/28 09:50:26.695, 53, 0, 0, 2411, 2411, 12.51, P0, 0x0000000000000000
2026/08/28 09:50:26.795, 53, 0, 0, 2411, 2411, 12.51, P0, 0x0000000000000000
2026/08/28 09:50:26.896, 53, 0, 0, 2411, 2411, 12.51, P0, 0x0000000000000000
2026/08/28 09:50:26.996, 53, 0, 0, 2411, 2411, 12.51, P0, 0x0000000000000000
2026/08/28 09:50:27.096, 53, 0, 0, 2411, 2411, 12.51, P0, 0x0000000000000000
2026/08/28 09:50:27.196, 53, 0, 0, 2411, 2411, 12.51, P0, 0x0000000000000000
2026/08/28 09:50:27.296, 53, 0, 0, 2411, 2411, 12.51, P0, 0x0000000000000000
2026/08/28 09:50:27.396, 53, 0, 0, 2411, 2411, 12.53, P0, 0x0000000000000000
2026/08/28 09:50:27.496, 53, 0, 0, 2411, 2411, 12.53, P0, 0x0000000000000000
2026/08/28 09:50:27.596, 53, 0, 0, 2411, 2411, 12.53, P0, 0x0000000000000000
2026/08/28 09:50:27.696, 53, 0, 0, 2411, 2411, 12.53, P0, 0x0000000000000000
2026/08/28 09:50:27.797, 53, 0, 0, 2411, 2411, 12.53, P0, 0x0000000000000000
2026/08/28 09:50:27.897, 53, 0, 0, 2411, 2411, 12.56, P0, 0x0000000000000000
2026/08/28 09:50:27.997, 53, 0, 0, 2411, 2411, 12.56, P0, 0x0000000000000000
2026/08/28 09:50:28.097, 53, 0, 0, 2411, 2411, 12.56, P0, 0x0000000000000000
2026/08/28 09:50:28.197, 53, 0, 0, 2411, 2411, 12.56, P0, 0x0000000000000000
2026/08/28 09:50:28.297, 53, 0, 0, 2411, 2411, 12.56, P0, 0x0000000000000000
2026/08/28 09:50:28.397, 53, 0, 0, 2411, 2411, 12.56, P0, 0x0000000000000000
2026/08/28 09:50:28.498, 53, 0, 0, 2411, 2411, 12.56, P0, 0x0000000000000000
2026/08/28 09:50:28.598, 53, 0, 0, 2411, 2411, 12.56, P0, 0x0000000000000000
2026/08/28 09:50:28.698, 53, 0, 0, 2411, 2411, 12.56, P0, 0x0000000000000000
2026/08/28 09:50:28.798, 53, 0, 0, 2411, 2411, 12.56, P0, 0x0000000000000000
2026/08/28 09:50:28.898, 53, 0, 0, 2411, 2411, 12.57, P0, 0x0000000000000000
2026/08/28 09:50:28.998, 53, 0, 0, 2411, 2411, 12.57, P0, 0x0000000000000000
2026/08/28 09:50:29.099, 53, 0, 0, 2411, 2411, 12.57, P0, 0x0000000000000000
2026/08/28 09:50:29.199, 53, 0, 0, 2411, 2411, 12.57, P0, 0x0000000000000000
2026/08/28 09:50:29.299, 53, 0, 0, 2411, 2411, 12.57, P0, 0x0000000000000000
2026/08/28 09:50:29.399, 53, 0, 0, 2411, 2411, 12.58, P0, 0x0000000000000000
2026/08/28 09:50:29.499, 53, 0, 0, 2411, 2411, 12.58, P0, 0x0000000000000000
2026/08/28 09:50:29.599, 53, 0, 0, 2411, 2411, 12.58, P0, 0x0000000000000000
2026/08/28 09:50:29.699, 53, 0, 0, 2411, 2411, 12.58, P0, 0x0000000000000000
2026/08/28 09:50:29.799, 53, 0, 0, 2411, 2411, 12.58, P0, 0x0000000000000000
2026/08/28 09:50:29.899, 53, 0, 0, 2411, 2411, 12.58, P0, 0x0000000000000000
2026/08/28 09:50:30.000, 53, 0, 0, 2411, 2411, 12.58, P0, 0x0000000000000000
2026/08/28 09:50:30.100, 53, 0, 0, 2411, 2411, 12.58, P0, 0x0000000000000000
2026/08/28 09:50:30.200, 53, 0, 0, 2411, 2411, 12.58, P0, 0x0000000000000000
2026/08/28 09:50:30.300, 53, 0, 0, 2411, 2411, 12.58, P0, 0x0000000000000000
2026/08/28 09:50:30.400, 53, 0, 0, 2411, 2411, 12.56, P0, 0x0000000000000000
2026/08/28 09:50:30.500, 53, 0, 0, 2411, 2411, 12.56, P0, 0x0000000000000000
2026/08/28 09:50:30.600, 53, 0, 0, 2411, 2411, 12.56, P0, 0x0000000000000000
2026/08/28 09:50:30.700, 53, 0, 0, 2411, 2411, 12.56, P0, 0x0000000000000000
2026/08/28 09:50:30.801, 53, 0, 0, 2411, 2411, 12.56, P0, 0x0000000000000000
2026/08/28 09:50:30.901, 53, 0, 0, 2411, 2411, 12.55, P0, 0x0000000000000000
2026/08/28 09:50:31.001, 53, 0, 0, 2411, 2411, 12.55, P0, 0x0000000000000000
2026/08/28 09:50:31.101, 53, 0, 0, 2411, 2411, 12.55, P0, 0x0000000000000000
2026/08/28 09:50:31.201, 53, 0, 0, 2411, 2411, 12.55, P0, 0x0000000000000000
2026/08/28 09:50:31.301, 53, 0, 0, 2411, 2411, 12.55, P0, 0x0000000000000000
2026/08/28 09:50:31.401, 53, 0, 0, 2411, 2411, 12.53, P0, 0x0000000000000000
2026/08/28 09:50:31.502, 53, 0, 0, 2411, 2411, 12.53, P0, 0x0000000000000000
2026/08/28 09:50:31.602, 53, 0, 0, 2411, 2411, 12.53, P0, 0x0000000000000000
2026/08/28 09:50:31.702, 53, 0, 0, 2411, 2411, 12.53, P0, 0x0000000000000000
2026/08/28 09:50:31.802, 53, 0, 0, 2411, 2411, 12.53, P0, 0x0000000000000000
2026/08/28 09:50:31.902, 53, 0, 0, 2411, 2411, 12.52, P0, 0x0000000000000000
2026/08/28 09:50:32.002, 53, 0, 0, 2411, 2411, 12.52, P0, 0x0000000000000000
2026/08/28 09:50:32.102, 53, 0, 0, 2411, 2411, 12.52, P0, 0x0000000000000000
2026/08/28 09:50:32.202, 53, 0, 0, 2411, 2411, 12.52, P0, 0x0000000000000000
2026/08/28 09:50:32.302, 53, 0, 0, 2411, 2411, 12.52, P0, 0x0000000000000000
2026/08/28 09:50:32.402, 53, 0, 0, 2411, 2411, 12.52, P0, 0x0000000000000000
2026/08/28 09:50:32.503, 53, 0, 0, 2411, 2411, 12.52, P0, 0x0000000000000000
2026/08/28 09:50:32.603, 53, 0, 0, 2411, 2411, 12.52, P0, 0x0000000000000000
2026/08/28 09:50:32.703, 53, 0, 0, 2411, 2411, 12.52, P0, 0x0000000000000000
2026/08/28 09:50:32.803, 53, 0, 0, 2411, 2411, 12.52, P0, 0x0000000000000000
2026/08/28 09:50:32.903, 52, 0, 0, 2411, 2411, 12.50, P0, 0x0000000000000000
2026/08/28 09:50:33.003, 52, 0, 0, 2411, 2411, 12.50, P0, 0x0000000000000000
2026/08/28 09:50:33.103, 52, 0, 0, 2411, 2411, 12.50, P0, 0x0000000000000000
2026/08/28 09:50:33.204, 52, 0, 0, 2411, 2411, 12.50, P0, 0x0000000000000000
2026/08/28 09:50:33.304, 52, 0, 0, 2411, 2411, 12.50, P0, 0x0000000000000000
2026/08/28 09:50:33.404, 52, 0, 0, 2411, 2411, 12.49, P0, 0x0000000000000000
2026/08/28 09:50:33.504, 52, 0, 0, 2411, 2411, 12.49, P0, 0x0000000000000000
2026/08/28 09:50:33.604, 52, 0, 0, 2411, 2411, 12.49, P0, 0x0000000000000000
2026/08/28 09:50:33.704, 52, 0, 0, 2411, 2411, 12.49, P0, 0x0000000000000000
2026/08/28 09:50:33.805, 52, 0, 0, 2411, 2411, 12.49, P0, 0x0000000000000000
2026/08/28 09:50:33.905, 52, 0, 0, 2411, 2411, 12.51, P0, 0x0000000000000000
2026/08/28 09:50:34.005, 52, 0, 0, 2411, 2411, 12.51, P0, 0x0000000000000000
2026/08/28 09:50:34.105, 52, 0, 0, 2411, 2411, 12.51, P0, 0x0000000000000000
2026/08/28 09:50:34.205, 52, 0, 0, 2411, 2411, 12.51, P0, 0x0000000000000000
2026/08/28 09:50:34.305, 52, 0, 0, 2411, 2411, 12.51, P0, 0x0000000000000000
2026/08/28 09:50:34.405, 52, 0, 0, 2411, 2411, 12.54, P0, 0x0000000000000000
2026/08/28 09:50:34.506, 52, 0, 0, 2411, 2411, 12.54, P0, 0x0000000000000000
2026/08/28 09:50:34.606, 52, 0, 0, 2411, 2411, 12.54, P0, 0x0000000000000000
2026/08/28 09:50:34.706, 52, 0, 0, 2411, 2411, 12.54, P0, 0x0000000000000000
2026/08/28 09:50:34.806, 52, 0, 0, 2411, 2411, 12.54, P0, 0x0000000000000000
2026/08/28 09:50:34.906, 52, 0, 0, 2411, 2411, 12.55, P0, 0x0000000000000000
2026/08/28 09:50:35.006, 52, 0, 0, 2411, 2411, 12.55, P0, 0x0000000000000000
2026/08/28 09:50:35.107, 52, 0, 0, 2411, 2411, 12.55, P0, 0x0000000000000000
2026/08/28 09:50:35.207, 52, 0, 0, 2411, 2411, 12.55, P0, 0x0000000000000000
2026/08/28 09:50:35.307, 52, 0, 0, 2411, 2411, 12.55, P0, 0x0000000000000000
2026/08/28 09:50:35.407, 52, 0, 0, 2411, 2411, 12.55, P0, 0x0000000000000000
2026/08/28 09:50:35.507, 52, 0, 0, 2411, 2411, 12.55, P0, 0x0000000000000000
2026/08/28 09:50:35.607, 52, 0, 0, 2411, 2411, 12.55, P0, 0x0000000000000000
2026/08/28 09:50:35.707, 52, 0, 0, 2411, 2411, 12.55, P0, 0x0000000000000000
2026/08/28 09:50:35.807, 52, 0, 0, 2411, 2411, 12.55, P0, 0x0000000000000000
2026/08/28 09:50:35.907, 52, 0, 0, 2411, 2411, 12.54, P0, 0x0000000000000000
2026/08/28 09:50:36.008, 52, 0, 0, 2411, 2411, 12.54, P0, 0x0000000000000000
2026/08/28 09:50:36.108, 52, 0, 0, 2411, 2411, 12.54, P0, 0x0000000000000000
2026/08/28 09:50:36.208, 52, 0, 0, 2411, 2411, 12.54, P0, 0x0000000000000000
2026/08/28 09:50:36.308, 52, 0, 0, 2411, 2411, 12.54, P0, 0x0000000000000000
2026/08/28 09:50:36.408, 52, 0, 0, 2411, 2411, 12.51, P0, 0x0000000000000000
2026/08/28 09:50:36.508, 52, 0, 0, 2411, 2411, 12.51, P0, 0x0000000000000000
2026/08/28 09:50:36.608, 52, 0, 0, 2411, 2411, 12.51, P0, 0x0000000000000000
2026/08/28 09:50:36.709, 52, 0, 0, 2411, 2411, 12.51, P0, 0x0000000000000000
2026/08/28 09:50:36.809, 52, 0, 0, 2411, 2411, 12.51, P0, 0x0000000000000000
2026/08/28 09:50:36.909, 52, 0, 0, 2411, 2411, 12.51, P0, 0x0000000000000000
2026/08/28 09:50:37.009, 52, 0, 0, 2411, 2411, 12.51, P0, 0x0000000000000000
2026/08/28 09:50:37.109, 52, 0, 0, 2411, 2411, 12.51, P0, 0x0000000000000000
2026/08/28 09:50:37.209, 52, 0, 0, 2411, 2411, 12.51, P0, 0x0000000000000000
2026/08/28 09:50:37.309, 52, 0, 0, 2411, 2411, 12.51, P0, 0x0000000000000000
2026/08/28 09:50:37.409, 52, 0, 0, 2411, 2411, 12.54, P0, 0x0000000000000000
2026/08/28 09:50:37.510, 52, 0, 0, 2411, 2411, 12.54, P0, 0x0000000000000000
2026/08/28 09:50:37.610, 52, 0, 0, 2411, 2411, 12.54, P0, 0x0000000000000000
2026/08/28 09:50:37.710, 52, 0, 0, 2411, 2411, 12.54, P0, 0x0000000000000000
2026/08/28 09:50:37.810, 52, 0, 0, 2411, 2411, 12.54, P0, 0x0000000000000000
2026/08/28 09:50:37.910, 52, 0, 0, 2411, 2411, 12.56, P0, 0x0000000000000000
2026/08/28 09:50:38.010, 52, 0, 0, 2411, 2411, 12.56, P0, 0x0000000000000000
2026/08/28 09:50:38.111, 52, 0, 0, 2411, 2411, 12.56, P0, 0x0000000000000000
2026/08/28 09:50:38.211, 52, 0, 0, 2411, 2411, 12.56, P0, 0x0000000000000000
2026/08/28 09:50:38.311, 52, 0, 0, 2411, 2411, 12.56, P0, 0x0000000000000000
2026/08/28 09:50:38.411, 52, 0, 0, 2411, 2411, 12.57, P0, 0x0000000000000000
2026/08/28 09:50:38.511, 52, 0, 0, 2411, 2411, 12.57, P0, 0x0000000000000000
2026/08/28 09:50:38.611, 52, 0, 0, 2411, 2411, 12.57, P0, 0x0000000000000000
2026/08/28 09:50:38.711, 52, 0, 0, 2411, 2411, 12.57, P0, 0x0000000000000000
2026/08/28 09:50:38.811, 52, 0, 0, 2411, 2411, 12.57, P0, 0x0000000000000000
2026/08/28 09:50:38.911, 52, 0, 0, 2411, 2411, 12.56, P0, 0x0000000000000000
2026/08/28 09:50:39.012, 52, 0, 0, 2411, 2411, 12.56, P0, 0x0000000000000000
2026/08/28 09:50:39.112, 52, 0, 0, 2411, 2411, 12.56, P0, 0x0000000000000000
2026/08/28 09:50:39.212, 52, 0, 0, 2411, 2411, 12.56, P0, 0x0000000000000000
2026/08/28 09:50:39.312, 52, 0, 0, 2411, 2411, 12.56, P0, 0x0000000000000000
2026/08/28 09:50:39.412, 52, 0, 0, 2411, 2411, 12.52, P0, 0x0000000000000000
2026/08/28 09:50:39.512, 52, 0, 0, 2411, 2411, 12.52, P0, 0x0000000000000000
2026/08/28 09:50:39.612, 52, 0, 0, 2411, 2411, 12.52, P0, 0x0000000000000000
2026/08/28 09:50:39.712, 52, 0, 0, 2411, 2411, 12.52, P0, 0x0000000000000000
2026/08/28 09:50:39.813, 52, 0, 0, 2411, 2411, 12.52, P0, 0x0000000000000000
2026/08/28 09:50:39.913, 52, 0, 0, 2411, 2411, 12.48, P0, 0x0000000000000000
2026/08/28 09:50:40.013, 52, 0, 0, 2411, 2411, 12.48, P0, 0x0000000000000000
2026/08/28 09:50:40.113, 52, 0, 0, 2411, 2411, 12.48, P0, 0x0000000000000000
2026/08/28 09:50:40.213, 52, 0, 0, 2411, 2411, 12.48, P0, 0x0000000000000000
2026/08/28 09:50:40.313, 52, 0, 0, 2411, 2411, 12.48, P0, 0x0000000000000000
2026/08/28 09:50:40.413, 52, 0, 0, 2411, 2411, 12.48, P0, 0x0000000000000000
2026/08/28 09:50:40.513, 52, 0, 0, 2411, 2411, 12.48, P0, 0x0000000000000000
2026/08/28 09:50:40.614, 52, 0, 0, 2411, 2411, 12.48, P0, 0x0000000000000000
2026/08/28 09:50:40.714, 52, 0, 0, 2411, 2411, 12.48, P0, 0x0000000000000000
2026/08/28 09:50:40.814, 52, 0, 0, 2411, 2411, 12.48, P0, 0x0000000000000000
2026/08/28 09:50:40.914, 52, 0, 0, 2411, 2411, 12.49, P0, 0x0000000000000000
2026/08/28 09:50:41.015, 52, 0, 0, 2411, 2411, 12.49, P0, 0x0000000000000000
2026/08/28 09:50:41.115, 52, 0, 0, 2411, 2411, 12.49, P0, 0x0000000000000000
2026/08/28 09:50:41.215, 52, 0, 0, 2411, 2411, 12.49, P0, 0x0000000000000000
2026/08/28 09:50:41.315, 52, 0, 0, 2411, 2411, 12.49, P0, 0x0000000000000000
2026/08/28 09:50:41.415, 52, 0, 0, 2411, 2411, 12.50, P0, 0x0000000000000000
2026/08/28 09:50:41.515, 52, 0, 0, 2411, 2411, 12.50, P0, 0x0000000000000000
2026/08/28 09:50:41.615, 52, 0, 0, 2411, 2411, 12.50, P0, 0x0000000000000000
2026/08/28 09:50:41.715, 52, 0, 0, 2411, 2411, 12.50, P0, 0x0000000000000000
2026/08/28 09:50:41.816, 52, 0, 0, 2411, 2411, 12.50, P0, 0x0000000000000000
2026/08/28 09:50:41.916, 52, 0, 0, 2411, 2411, 12.48, P0, 0x0000000000000000
2026/08/28 09:50:42.016, 52, 0, 0, 2411, 2411, 12.48, P0, 0x0000000000000000
2026/08/28 09:50:42.116, 52, 0, 0, 2411, 2411, 12.48, P0, 0x0000000000000000
2026/08/28 09:50:42.216, 52, 0, 0, 2411, 2411, 12.48, P0, 0x0000000000000000
2026/08/28 09:50:42.316, 52, 0, 0, 2411, 2411, 12.48, P0, 0x0000000000000000
2026/08/28 09:50:42.416, 52, 0, 0, 2411, 2411, 12.48, P0, 0x0000000000000000
2026/08/28 09:50:42.517, 52, 0, 0, 2411, 2411, 12.48, P0, 0x0000000000000000
2026/08/28 09:50:42.617, 52, 0, 0, 2411, 2411, 12.48, P0, 0x0000000000000000
2026/08/28 09:50:42.717, 52, 0, 0, 2411, 2411, 12.48, P0, 0x0000000000000000
2026/08/28 09:50:42.817, 52, 0, 0, 2411, 2411, 12.48, P0, 0x0000000000000000
2026/08/28 09:50:42.917, 52, 0, 0, 2411, 2411, 12.49, P0, 0x0000000000000000
2026/08/28 09:50:43.017, 52, 0, 0, 2411, 2411, 12.49, P0, 0x0000000000000000
2026/08/28 09:50:43.117, 52, 0, 0, 2411, 2411, 12.49, P0, 0x0000000000000000
2026/08/28 09:50:43.218, 52, 0, 0, 2411, 2411, 12.49, P0, 0x0000000000000000
2026/08/28 09:50:43.318, 52, 0, 0, 2411, 2411, 12.49, P0, 0x0000000000000000
2026/08/28 09:50:43.418, 52, 0, 0, 2411, 2411, 12.49, P0, 0x0000000000000000
2026/08/28 09:50:43.518, 52, 0, 0, 2411, 2411, 12.49, P0, 0x0000000000000000
2026/08/28 09:50:43.618, 52, 0, 0, 2411, 2411, 12.49, P0, 0x0000000000000000
2026/08/28 09:50:43.718, 52, 0, 0, 2411, 2411, 12.49, P0, 0x0000000000000000
2026/08/28 09:50:43.818, 52, 0, 0, 2411, 2411, 12.49, P0, 0x0000000000000000
2026/08/28 09:50:43.918, 52, 0, 0, 2411, 2411, 12.52, P0, 0x0000000000000000
2026/08/28 09:50:44.018, 52, 0, 0, 2411, 2411, 12.52, P0, 0x0000000000000000
2026/08/28 09:50:44.118, 52, 0, 0, 2411, 2411, 12.52, P0, 0x0000000000000000
2026/08/28 09:50:44.219, 52, 0, 0, 2411, 2411, 12.52, P0, 0x0000000000000000
2026/08/28 09:50:44.319, 52, 0, 0, 2411, 2411, 12.52, P0, 0x0000000000000000
2026/08/28 09:50:44.419, 52, 0, 0, 2411, 2411, 12.55, P0, 0x0000000000000000
2026/08/28 09:50:44.519, 52, 0, 0, 2411, 2411, 12.55, P0, 0x0000000000000000
2026/08/28 09:50:44.620, 52, 0, 0, 2411, 2411, 12.55, P0, 0x0000000000000000
2026/08/28 09:50:44.720, 52, 0, 0, 2411, 2411, 12.55, P0, 0x0000000000000000
2026/08/28 09:50:44.820, 52, 0, 0, 2411, 2411, 12.55, P0, 0x0000000000000000
2026/08/28 09:50:44.920, 52, 0, 0, 2411, 2411, 12.54, P0, 0x0000000000000000
2026/08/28 09:50:45.020, 52, 0, 0, 2411, 2411, 12.54, P0, 0x0000000000000000
2026/08/28 09:50:45.120, 52, 0, 0, 2411, 2411, 12.54, P0, 0x0000000000000000
2026/08/28 09:50:45.220, 52, 0, 0, 2411, 2411, 12.54, P0, 0x0000000000000000
2026/08/28 09:50:45.320, 52, 0, 0, 2411, 2411, 12.54, P0, 0x0000000000000000
2026/08/28 09:50:45.421, 52, 0, 0, 2411, 2411, 12.53, P0, 0x0000000000000000
2026/08/28 09:50:45.522, 52, 0, 0, 2411, 2411, 12.53, P0, 0x0000000000000000
2026/08/28 09:50:45.622, 52, 0, 0, 2411, 2411, 12.53, P0, 0x0000000000000000
2026/08/28 09:50:45.722, 52, 0, 0, 2411, 2411, 12.53, P0, 0x0000000000000000
2026/08/28 09:50:45.822, 52, 0, 0, 2411, 2411, 12.53, P0, 0x0000000000000000
2026/08/28 09:50:45.922, 52, 0, 0, 2411, 2411, 12.49, P0, 0x0000000000000000
2026/08/28 09:50:46.022, 52, 0, 0, 2411, 2411, 12.49, P0, 0x0000000000000000
2026/08/28 09:50:46.122, 52, 0, 0, 2411, 2411, 12.49, P0, 0x0000000000000000
2026/08/28 09:50:46.223, 52, 0, 0, 2411, 2411, 12.49, P0, 0x0000000000000000
2026/08/28 09:50:46.323, 52, 0, 0, 2411, 2411, 12.49, P0, 0x0000000000000000
2026/08/28 09:50:46.423, 52, 0, 0, 2411, 2411, 12.44, P0, 0x0000000000000000
2026/08/28 09:50:46.523, 52, 0, 0, 2411, 2411, 12.44, P0, 0x0000000000000000
2026/08/28 09:50:46.623, 52, 0, 0, 2411, 2411, 12.44, P0, 0x0000000000000000
2026/08/28 09:50:46.723, 52, 0, 0, 2411, 2411, 12.44, P0, 0x0000000000000000
2026/08/28 09:50:46.823, 52, 0, 0, 2411, 2411, 12.44, P0, 0x0000000000000000
2026/08/28 09:50:46.924, 52, 0, 0, 2411, 2411, 12.44, P0, 0x0000000000000000
2026/08/28 09:50:47.024, 52, 0, 0, 2411, 2411, 12.44, P0, 0x0000000000000000
2026/08/28 09:50:47.124, 52, 0, 0, 2411, 2411, 12.44, P0, 0x0000000000000000
2026/08/28 09:50:47.224, 52, 0, 0, 2411, 2411, 12.44, P0, 0x0000000000000000
2026/08/28 09:50:47.324, 52, 0, 0, 2411, 2411, 12.44, P0, 0x0000000000000000
2026/08/28 09:50:47.424, 52, 0, 0, 2411, 2411, 12.47, P0, 0x0000000000000000
2026/08/28 09:50:47.524, 52, 0, 0, 2411, 2411, 12.47, P0, 0x0000000000000000
2026/08/28 09:50:47.624, 52, 0, 0, 2411, 2411, 12.47, P0, 0x0000000000000000
2026/08/28 09:50:47.725, 52, 0, 0, 2411, 2411, 12.47, P0, 0x0000000000000000
2026/08/28 09:50:47.825, 52, 0, 0, 2411, 2411, 12.47, P0, 0x0000000000000000
2026/08/28 09:50:47.925, 52, 0, 0, 2411, 2411, 12.48, P0, 0x0000000000000000
2026/08/28 09:50:48.025, 52, 0, 0, 2411, 2411, 12.48, P0, 0x0000000000000000
2026/08/28 09:50:48.125, 52, 0, 0, 2411, 2411, 12.48, P0, 0x0000000000000000
2026/08/28 09:50:48.225, 52, 0, 0, 2411, 2411, 12.48, P0, 0x0000000000000000
2026/08/28 09:50:48.325, 52, 0, 0, 2411, 2411, 12.48, P0, 0x0000000000000000
2026/08/28 09:50:48.426, 52, 0, 0, 2411, 2411, 12.51, P0, 0x0000000000000000
2026/08/28 09:50:48.526, 52, 0, 0, 2411, 2411, 12.51, P0, 0x0000000000000000
2026/08/28 09:50:48.626, 52, 0, 0, 2411, 2411, 12.51, P0, 0x0000000000000000
2026/08/28 09:50:48.726, 52, 0, 0, 2411, 2411, 12.51, P0, 0x0000000000000000
2026/08/28 09:50:48.826, 52, 0, 0, 2411, 2411, 12.51, P0, 0x0000000000000000
2026/08/28 09:50:48.926, 52, 0, 0, 2411, 2411, 12.55, P0, 0x0000000000000000
2026/08/28 09:50:49.026, 52, 0, 0, 2411, 2411, 12.55, P0, 0x0000000000000000
2026/08/28 09:50:49.127, 52, 0, 0, 2411, 2411, 12.55, P0, 0x0000000000000000
2026/08/28 09:50:49.227, 52, 0, 0, 2411, 2411, 12.55, P0, 0x0000000000000000
2026/08/28 09:50:49.327, 52, 0, 0, 2411, 2411, 12.55, P0, 0x0000000000000000
2026/08/28 09:50:49.427, 52, 0, 0, 2411, 2411, 12.53, P0, 0x0000000000000000
2026/08/28 09:50:49.527, 52, 0, 0, 2411, 2411, 12.53, P0, 0x0000000000000000
2026/08/28 09:50:49.627, 52, 0, 0, 2411, 2411, 12.53, P0, 0x0000000000000000
2026/08/28 09:50:49.727, 52, 0, 0, 2411, 2411, 12.53, P0, 0x0000000000000000
2026/08/28 09:50:49.828, 52, 0, 0, 2411, 2411, 12.53, P0, 0x0000000000000000
2026/08/28 09:50:49.928, 52, 0, 0, 2411, 2411, 12.51, P0, 0x0000000000000000
2026/08/28 09:50:50.028, 52, 0, 0, 2411, 2411, 12.51, P0, 0x0000000000000000
2026/08/28 09:50:50.128, 52, 0, 0, 2411, 2411, 12.51, P0, 0x0000000000000000
2026/08/28 09:50:50.229, 52, 0, 0, 2411, 2411, 12.51, P0, 0x0000000000000000
2026/08/28 09:50:50.329, 52, 0, 0, 2411, 2411, 12.51, P0, 0x0000000000000000
2026/08/28 09:50:50.429, 52, 0, 0, 2411, 2411, 12.50, P0, 0x0000000000000000
2026/08/28 09:50:50.529, 52, 0, 0, 2411, 2411, 12.50, P0, 0x0000000000000000
2026/08/28 09:50:50.629, 52, 0, 0, 2411, 2411, 12.50, P0, 0x0000000000000000
2026/08/28 09:50:50.729, 52, 0, 0, 2411, 2411, 12.50, P0, 0x0000000000000000
2026/08/28 09:50:50.829, 52, 0, 0, 2411, 2411, 12.50, P0, 0x0000000000000000
2026/08/28 09:50:50.929, 52, 0, 0, 2411, 2411, 12.47, P0, 0x0000000000000000
2026/08/28 09:50:51.030, 52, 0, 0, 2411, 2411, 12.47, P0, 0x0000000000000000
2026/08/28 09:50:51.130, 52, 0, 0, 2411, 2411, 12.47, P0, 0x0000000000000000
2026/08/28 09:50:51.230, 52, 0, 0, 2411, 2411, 12.47, P0, 0x0000000000000000
2026/08/28 09:50:51.331, 52, 0, 0, 2411, 2411, 12.47, P0, 0x0000000000000000
2026/08/28 09:50:51.431, 52, 0, 0, 2411, 2411, 12.44, P0, 0x0000000000000000
2026/08/28 09:50:51.531, 52, 0, 0, 2411, 2411, 12.44, P0, 0x0000000000000000
2026/08/28 09:50:51.631, 52, 0, 0, 2411, 2411, 12.44, P0, 0x0000000000000000
2026/08/28 09:50:51.731, 52, 0, 0, 2411, 2411, 12.44, P0, 0x0000000000000000
2026/08/28 09:50:51.831, 52, 0, 0, 2411, 2411, 12.44, P0, 0x0000000000000000
2026/08/28 09:50:51.931, 52, 0, 0, 2411, 2411, 12.45, P0, 0x0000000000000000
2026/08/28 09:50:52.032, 52, 0, 0, 2411, 2411, 12.45, P0, 0x0000000000000000
2026/08/28 09:50:52.132, 52, 0, 0, 2411, 2411, 12.45, P0, 0x0000000000000000
2026/08/28 09:50:52.232, 52, 0, 0, 2411, 2411, 12.45, P0, 0x0000000000000000
2026/08/28 09:50:52.332, 52, 0, 0, 2411, 2411, 12.45, P0, 0x0000000000000000
2026/08/28 09:50:52.432, 52, 0, 0, 2411, 2411, 12.44, P0, 0x0000000000000000
2026/08/28 09:50:52.532, 52, 0, 0, 2411, 2411, 12.44, P0, 0x0000000000000000
2026/08/28 09:50:52.632, 52, 0, 0, 2411, 2411, 12.44, P0, 0x0000000000000000
2026/08/28 09:50:52.733, 52, 0, 0, 2411, 2411, 12.44, P0, 0x0000000000000000
2026/08/28 09:50:52.833, 52, 0, 0, 2411, 2411, 12.44, P0, 0x0000000000000000
2026/08/28 09:50:52.933, 52, 0, 0, 2411, 2411, 12.41, P0, 0x0000000000000000
2026/08/28 09:50:53.033, 52, 0, 0, 2411, 2411, 12.41, P0, 0x0000000000000000
2026/08/28 09:50:53.133, 52, 0, 0, 2411, 2411, 12.41, P0, 0x0000000000000000
2026/08/28 09:50:53.234, 52, 0, 0, 2411, 2411, 12.41, P0, 0x0000000000000000
2026/08/28 09:50:53.334, 52, 0, 0, 2411, 2411, 12.41, P0, 0x0000000000000000
2026/08/28 09:50:53.434, 52, 0, 0, 2411, 2411, 12.40, P0, 0x0000000000000000
2026/08/28 09:50:53.534, 52, 0, 0, 2411, 2411, 12.40, P0, 0x0000000000000000
2026/08/28 09:50:53.634, 52, 0, 0, 2411, 2411, 12.40, P0, 0x0000000000000000
2026/08/28 09:50:53.734, 52, 0, 0, 2411, 2411, 12.40, P0, 0x0000000000000000
2026/08/28 09:50:53.834, 52, 0, 0, 2411, 2411, 12.40, P0, 0x0000000000000000
2026/08/28 09:50:53.935, 52, 0, 0, 2411, 2411, 12.42, P0, 0x0000000000000000
2026/08/28 09:50:54.035, 52, 0, 0, 2411, 2411, 12.42, P0, 0x0000000000000000
2026/08/28 09:50:54.135, 52, 0, 0, 2411, 2411, 12.42, P0, 0x0000000000000000
2026/08/28 09:50:54.235, 52, 0, 0, 2411, 2411, 12.42, P0, 0x0000000000000000
2026/08/28 09:50:54.335, 52, 0, 0, 2411, 2411, 12.42, P0, 0x0000000000000000
2026/08/28 09:50:54.436, 52, 0, 0, 2411, 2411, 12.44, P0, 0x0000000000000000
2026/08/28 09:50:54.536, 52, 0, 0, 2411, 2411, 12.44, P0, 0x0000000000000000
2026/08/28 09:50:54.636, 52, 0, 0, 2411, 2411, 12.44, P0, 0x0000000000000000
2026/08/28 09:50:54.736, 52, 0, 0, 2411, 2411, 12.44, P0, 0x0000000000000000
2026/08/28 09:50:54.836, 52, 0, 0, 2411, 2411, 12.44, P0, 0x0000000000000000
2026/08/28 09:50:54.936, 52, 0, 0, 2411, 2411, 12.47, P0, 0x0000000000000000
2026/08/28 09:50:55.036, 52, 0, 0, 2411, 2411, 12.47, P0, 0x0000000000000000
2026/08/28 09:50:55.136, 52, 0, 0, 2411, 2411, 12.47, P0, 0x0000000000000000
2026/08/28 09:50:55.237, 52, 0, 0, 2411, 2411, 12.47, P0, 0x0000000000000000
2026/08/28 09:50:55.337, 52, 0, 0, 2411, 2411, 12.47, P0, 0x0000000000000000
2026/08/28 09:50:55.437, 52, 0, 0, 2411, 2411, 12.48, P0, 0x0000000000000000
2026/08/28 09:50:55.537, 52, 0, 0, 2411, 2411, 12.48, P0, 0x0000000000000000
2026/08/28 09:50:55.637, 52, 0, 0, 2411, 2411, 12.48, P0, 0x0000000000000000
2026/08/28 09:50:55.738, 52, 0, 0, 2411, 2411, 12.48, P0, 0x0000000000000000
2026/08/28 09:50:55.838, 52, 0, 0, 2411, 2411, 12.48, P0, 0x0000000000000000
2026/08/28 09:50:55.938, 52, 0, 0, 2411, 2411, 12.45, P0, 0x0000000000000000
2026/08/28 09:50:56.038, 52, 0, 0, 2411, 2411, 12.45, P0, 0x0000000000000000
2026/08/28 09:50:56.138, 52, 0, 0, 2411, 2411, 12.45, P0, 0x0000000000000000
2026/08/28 09:50:56.239, 52, 0, 0, 2411, 2411, 12.45, P0, 0x0000000000000000
2026/08/28 09:50:56.339, 52, 0, 0, 2411, 2411, 12.45, P0, 0x0000000000000000
2026/08/28 09:50:56.439, 52, 0, 0, 2411, 2411, 12.44, P0, 0x0000000000000000
2026/08/28 09:50:56.539, 52, 0, 0, 2411, 2411, 12.44, P0, 0x0000000000000000
2026/08/28 09:50:56.639, 52, 0, 0, 2411, 2411, 12.44, P0, 0x0000000000000000
2026/08/28 09:50:56.740, 52, 0, 0, 2411, 2411, 12.44, P0, 0x0000000000000000
2026/08/28 09:50:56.840, 52, 0, 0, 2411, 2411, 12.44, P0, 0x0000000000000000
2026/08/28 09:50:56.940, 52, 0, 0, 2411, 2411, 12.46, P0, 0x0000000000000000
2026/08/28 09:50:57.040, 52, 0, 0, 2411, 2411, 12.46, P0, 0x0000000000000000
2026/08/28 09:50:57.140, 52, 0, 0, 2411, 2411, 12.46, P0, 0x0000000000000000
2026/08/28 09:50:57.240, 52, 0, 0, 2411, 2411, 12.46, P0, 0x0000000000000000
2026/08/28 09:50:57.341, 52, 0, 0, 2411, 2411, 12.46, P0, 0x0000000000000000
2026/08/28 09:50:57.441, 52, 0, 0, 2411, 2411, 12.46, P0, 0x0000000000000000
2026/08/28 09:50:57.541, 52, 0, 0, 2411, 2411, 12.46, P0, 0x0000000000000000
2026/08/28 09:50:57.641, 52, 0, 0, 2411, 2411, 12.46, P0, 0x0000000000000000
2026/08/28 09:50:57.741, 52, 0, 0, 2411, 2411, 12.46, P0, 0x0000000000000000
2026/08/28 09:50:57.841, 52, 0, 0, 2411, 2411, 12.46, P0, 0x0000000000000000
2026/08/28 09:50:57.941, 52, 0, 0, 2411, 2411, 12.44, P0, 0x0000000000000000
2026/08/28 09:50:58.042, 52, 0, 0, 2411, 2411, 12.44, P0, 0x0000000000000000
2026/08/28 09:50:58.142, 52, 0, 0, 2411, 2411, 12.44, P0, 0x0000000000000000
2026/08/28 09:50:58.242, 52, 0, 0, 2411, 2411, 12.44, P0, 0x0000000000000000
2026/08/28 09:50:58.342, 52, 0, 0, 2411, 2411, 12.44, P0, 0x0000000000000000
2026/08/28 09:50:58.442, 52, 0, 0, 2411, 2411, 12.43, P0, 0x0000000000000000
2026/08/28 09:50:58.542, 52, 0, 0, 2411, 2411, 12.43, P0, 0x0000000000000000
2026/08/28 09:50:58.642, 52, 0, 0, 2411, 2411, 12.43, P0, 0x0000000000000000
2026/08/28 09:50:58.742, 52, 0, 0, 2411, 2411, 12.43, P0, 0x0000000000000000
2026/08/28 09:50:58.843, 52, 0, 0, 2411, 2411, 12.43, P0, 0x0000000000000000
2026/08/28 09:50:58.943, 52, 0, 0, 2411, 2411, 12.45, P0, 0x0000000000000000
2026/08/28 09:50:59.043, 52, 0, 0, 2411, 2411, 12.45, P0, 0x0000000000000000
2026/08/28 09:50:59.143, 52, 0, 0, 2411, 2411, 12.45, P0, 0x0000000000000000
2026/08/28 09:50:59.243, 52, 0, 0, 2411, 2411, 12.45, P0, 0x0000000000000000
2026/08/28 09:50:59.344, 52, 0, 0, 2411, 2411, 12.45, P0, 0x0000000000000000
2026/08/28 09:50:59.444, 52, 0, 0, 2411, 2411, 12.46, P0, 0x0000000000000000
2026/08/28 09:50:59.544, 52, 0, 0, 2411, 2411, 12.46, P0, 0x0000000000000000
2026/08/28 09:50:59.644, 52, 0, 0, 2411, 2411, 12.46, P0, 0x0000000000000000
2026/08/28 09:50:59.744, 52, 0, 0, 2411, 2411, 12.46, P0, 0x0000000000000000
2026/08/28 09:50:59.845, 52, 0, 0, 2411, 2411, 12.46, P0, 0x0000000000000000
2026/08/28 09:50:59.945, 52, 0, 0, 2411, 2411, 12.46, P0, 0x0000000000000000
2026/08/28 09:51:00.045, 52, 0, 0, 2411, 2411, 12.46, P0, 0x0000000000000000
2026/08/28 09:51:00.145, 52, 0, 0, 2411, 2411, 12.46, P0, 0x0000000000000000
2026/08/28 09:51:00.245, 52, 0, 0, 2411, 2411, 12.46, P0, 0x0000000000000000
2026/08/28 09:51:00.345, 52, 0, 0, 2411, 2411, 12.46, P0, 0x0000000000000000
2026/08/28 09:51:00.446, 52, 0, 0, 2411, 2411, 12.47, P0, 0x0000000000000000
2026/08/28 09:51:00.546, 52, 0, 0, 2411, 2411, 12.47, P0, 0x0000000000000000
2026/08/28 09:51:00.646, 52, 0, 0, 2411, 2411, 12.47, P0, 0x0000000000000000
2026/08/28 09:51:00.746, 52, 0, 0, 2411, 2411, 12.47, P0, 0x0000000000000000
2026/08/28 09:51:00.846, 52, 0, 0, 2411, 2411, 12.47, P0, 0x0000000000000000
2026/08/28 09:51:00.946, 52, 0, 0, 2411, 2411, 12.45, P0, 0x0000000000000000
2026/08/28 09:51:01.047, 52, 0, 0, 2411, 2411, 12.45, P0, 0x0000000000000000
2026/08/28 09:51:01.147, 52, 0, 0, 2411, 2411, 12.45, P0, 0x0000000000000000
2026/08/28 09:51:01.247, 52, 0, 0, 2411, 2411, 12.45, P0, 0x0000000000000000
2026/08/28 09:51:01.348, 52, 0, 0, 2411, 2411, 12.45, P0, 0x0000000000000000
2026/08/28 09:51:01.448, 52, 0, 0, 2411, 2411, 12.44, P0, 0x0000000000000000
2026/08/28 09:51:01.548, 52, 0, 0, 2411, 2411, 12.44, P0, 0x0000000000000000
2026/08/28 09:51:01.648, 52, 0, 0, 2411, 2411, 12.44, P0, 0x0000000000000000
2026/08/28 09:51:01.748, 52, 0, 0, 2411, 2411, 12.44, P0, 0x0000000000000000
2026/08/28 09:51:01.848, 52, 0, 0, 2411, 2411, 12.44, P0, 0x0000000000000000
2026/08/28 09:51:01.948, 52, 0, 0, 2411, 2411, 12.47, P0, 0x0000000000000000
2026/08/28 09:51:02.048, 52, 0, 0, 2411, 2411, 12.47, P0, 0x0000000000000000
2026/08/28 09:51:02.149, 52, 0, 0, 2411, 2411, 12.47, P0, 0x0000000000000000
2026/08/28 09:51:02.249, 52, 0, 0, 2411, 2411, 12.47, P0, 0x0000000000000000
2026/08/28 09:51:02.349, 52, 0, 0, 2411, 2411, 12.47, P0, 0x0000000000000000
2026/08/28 09:51:02.449, 52, 0, 0, 2411, 2411, 12.48, P0, 0x0000000000000000
2026/08/28 09:51:02.549, 52, 0, 0, 2411, 2411, 12.48, P0, 0x0000000000000000
2026/08/28 09:51:02.650, 52, 0, 0, 2411, 2411, 12.48, P0, 0x0000000000000000
2026/08/28 09:51:02.750, 52, 0, 0, 2411, 2411, 12.48, P0, 0x0000000000000000
2026/08/28 09:51:02.850, 52, 0, 0, 2411, 2411, 12.48, P0, 0x0000000000000000
2026/08/28 09:51:02.950, 52, 0, 0, 2411, 2411, 12.47, P0, 0x0000000000000000
2026/08/28 09:51:03.050, 52, 0, 0, 2411, 2411, 12.47, P0, 0x0000000000000000
2026/08/28 09:51:03.150, 52, 0, 0, 2411, 2411, 12.47, P0, 0x0000000000000000
2026/08/28 09:51:03.250, 52, 0, 0, 2411, 2411, 12.47, P0, 0x0000000000000000
2026/08/28 09:51:03.350, 52, 0, 0, 2411, 2411, 12.47, P0, 0x0000000000000000
2026/08/28 09:51:03.451, 52, 0, 0, 2411, 2411, 12.44, P0, 0x0000000000000000
2026/08/28 09:51:03.551, 52, 0, 0, 2411, 2411, 12.44, P0, 0x0000000000000000
2026/08/28 09:51:03.651, 52, 0, 0, 2411, 2411, 12.44, P0, 0x0000000000000000
2026/08/28 09:51:03.751, 52, 0, 0, 2411, 2411, 12.44, P0, 0x0000000000000000
2026/08/28 09:51:03.851, 52, 0, 0, 2411, 2411, 12.44, P0, 0x0000000000000000
2026/08/28 09:51:03.951, 52, 0, 0, 2411, 2411, 12.41, P0, 0x0000000000000000
2026/08/28 09:51:04.051, 52, 0, 0, 2411, 2411, 12.41, P0, 0x0000000000000000
2026/08/28 09:51:04.152, 52, 0, 0, 2411, 2411, 12.41, P0, 0x0000000000000000
2026/08/28 09:51:04.252, 52, 0, 0, 2411, 2411, 12.41, P0, 0x0000000000000000
2026/08/28 09:51:04.352, 52, 0, 0, 2411, 2411, 12.41, P0, 0x0000000000000000
2026/08/28 09:51:04.452, 52, 0, 0, 2411, 2411, 12.41, P0, 0x0000000000000000
2026/08/28 09:51:04.552, 52, 0, 0, 2411, 2411, 12.41, P0, 0x0000000000000000
2026/08/28 09:51:04.652, 52, 0, 0, 2411, 2411, 12.41, P0, 0x0000000000000000
2026/08/28 09:51:04.753, 52, 0, 0, 2411, 2411, 12.41, P0, 0x0000000000000000
2026/08/28 09:51:04.853, 52, 0, 0, 2411, 2411, 12.41, P0, 0x0000000000000000
2026/08/28 09:51:04.953, 52, 0, 0, 2411, 2411, 12.41, P0, 0x0000000000000000
2026/08/28 09:51:05.053, 52, 0, 0, 2411, 2411, 12.41, P0, 0x0000000000000000
2026/08/28 09:51:05.153, 52, 0, 0, 2411, 2411, 12.41, P0, 0x0000000000000000
2026/08/28 09:51:05.253, 52, 0, 0, 2411, 2411, 12.41, P0, 0x0000000000000000
2026/08/28 09:51:05.353, 52, 0, 0, 2411, 2411, 12.41, P0, 0x0000000000000000
2026/08/28 09:51:05.453, 52, 0, 0, 2411, 2411, 12.42, P0, 0x0000000000000000
2026/08/28 09:51:05.554, 52, 0, 0, 2411, 2411, 12.42, P0, 0x0000000000000000
2026/08/28 09:51:05.654, 52, 0, 0, 2411, 2411, 12.42, P0, 0x0000000000000000
2026/08/28 09:51:05.754, 52, 0, 0, 2411, 2411, 12.42, P0, 0x0000000000000000
2026/08/28 09:51:05.854, 52, 0, 0, 2411, 2411, 12.42, P0, 0x0000000000000000
2026/08/28 09:51:05.954, 52, 0, 0, 2411, 2411, 12.45, P0, 0x0000000000000000
2026/08/28 09:51:06.054, 52, 0, 0, 2411, 2411, 12.45, P0, 0x0000000000000000
2026/08/28 09:51:06.154, 52, 0, 0, 2411, 2411, 12.45, P0, 0x0000000000000000
2026/08/28 09:51:06.255, 52, 0, 0, 2411, 2411, 12.45, P0, 0x0000000000000000
2026/08/28 09:51:06.355, 52, 0, 0, 2411, 2411, 12.45, P0, 0x0000000000000000
2026/08/28 09:51:06.455, 52, 0, 0, 2411, 2411, 12.47, P0, 0x0000000000000000
2026/08/28 09:51:06.555, 52, 0, 0, 2411, 2411, 12.47, P0, 0x0000000000000000
2026/08/28 09:51:06.655, 52, 0, 0, 2411, 2411, 12.47, P0, 0x0000000000000000
2026/08/28 09:51:06.755, 52, 0, 0, 2411, 2411, 12.47, P0, 0x0000000000000000
2026/08/28 09:51:06.856, 52, 0, 0, 2411, 2411, 12.47, P0, 0x0000000000000000
2026/08/28 09:51:06.956, 52, 0, 0, 2411, 2411, 12.46, P0, 0x0000000000000000
2026/08/28 09:51:07.056, 52, 0, 0, 2411, 2411, 12.46, P0, 0x0000000000000000
2026/08/28 09:51:07.156, 52, 0, 0, 2411, 2411, 12.46, P0, 0x0000000000000000
2026/08/28 09:51:07.256, 52, 0, 0, 2411, 2411, 12.46, P0, 0x0000000000000000
2026/08/28 09:51:07.356, 52, 0, 0, 2411, 2411, 12.46, P0, 0x0000000000000000
2026/08/28 09:51:07.457, 52, 0, 0, 2411, 2411, 12.46, P0, 0x0000000000000000
2026/08/28 09:51:07.557, 52, 0, 0, 2411, 2411, 12.46, P0, 0x0000000000000000
2026/08/28 09:51:07.657, 52, 0, 0, 2411, 2411, 12.46, P0, 0x0000000000000000
2026/08/28 09:51:07.757, 52, 0, 0, 2411, 2411, 12.46, P0, 0x0000000000000000
2026/08/28 09:51:07.857, 52, 0, 0, 2411, 2411, 12.46, P0, 0x0000000000000000
2026/08/28 09:51:07.957, 52, 0, 0, 2411, 2411, 12.46, P0, 0x0000000000000000
2026/08/28 09:51:08.057, 52, 0, 0, 2411, 2411, 12.46, P0, 0x0000000000000000
2026/08/28 09:51:08.158, 52, 0, 0, 2411, 2411, 12.46, P0, 0x0000000000000000
2026/08/28 09:51:08.258, 52, 0, 0, 2411, 2411, 12.46, P0, 0x0000000000000000
2026/08/28 09:51:08.358, 52, 0, 0, 2411, 2411, 12.46, P0, 0x0000000000000000
2026/08/28 09:51:08.458, 52, 0, 0, 2411, 2411, 12.48, P0, 0x0000000000000000
2026/08/28 09:51:08.558, 52, 0, 0, 2411, 2411, 12.48, P0, 0x0000000000000000
2026/08/28 09:51:08.658, 52, 0, 0, 2411, 2411, 12.48, P0, 0x0000000000000000
2026/08/28 09:51:08.758, 52, 0, 0, 2411, 2411, 12.48, P0, 0x0000000000000000
2026/08/28 09:51:08.858, 52, 0, 0, 2411, 2411, 12.48, P0, 0x0000000000000000
2026/08/28 09:51:08.959, 52, 0, 0, 2411, 2411, 12.47, P0, 0x0000000000000000
2026/08/28 09:51:09.059, 52, 0, 0, 2411, 2411, 12.47, P0, 0x0000000000000000
2026/08/28 09:51:09.159, 52, 0, 0, 2411, 2411, 12.47, P0, 0x0000000000000000
2026/08/28 09:51:09.259, 52, 0, 0, 2411, 2411, 12.47, P0, 0x0000000000000000
2026/08/28 09:51:09.359, 52, 0, 0, 2411, 2411, 12.47, P0, 0x0000000000000000
2026/08/28 09:51:09.459, 52, 0, 0, 2411, 2411, 12.44, P0, 0x0000000000000000
2026/08/28 09:51:09.559, 52, 0, 0, 2411, 2411, 12.44, P0, 0x0000000000000000
2026/08/28 09:51:09.659, 52, 0, 0, 2411, 2411, 12.44, P0, 0x0000000000000000
2026/08/28 09:51:09.760, 52, 0, 0, 2411, 2411, 12.44, P0, 0x0000000000000000
2026/08/28 09:51:09.860, 52, 0, 0, 2411, 2411, 12.44, P0, 0x0000000000000000
2026/08/28 09:51:09.960, 52, 0, 0, 2411, 2411, 12.46, P0, 0x0000000000000000
2026/08/28 09:51:10.060, 52, 0, 0, 2411, 2411, 12.46, P0, 0x0000000000000000
2026/08/28 09:51:10.160, 52, 0, 0, 2411, 2411, 12.46, P0, 0x0000000000000000
2026/08/28 09:51:10.260, 52, 0, 0, 2411, 2411, 12.46, P0, 0x0000000000000000
2026/08/28 09:51:10.360, 52, 0, 0, 2411, 2411, 12.46, P0, 0x0000000000000000
2026/08/28 09:51:10.460, 52, 0, 0, 2411, 2411, 12.43, P0, 0x0000000000000000
2026/08/28 09:51:10.561, 52, 0, 0, 2411, 2411, 12.43, P0, 0x0000000000000000
2026/08/28 09:51:10.661, 52, 0, 0, 2411, 2411, 12.43, P0, 0x0000000000000000
2026/08/28 09:51:10.761, 52, 0, 0, 2411, 2411, 12.43, P0, 0x0000000000000000
2026/08/28 09:51:10.861, 52, 0, 0, 2411, 2411, 12.43, P0, 0x0000000000000000
2026/08/28 09:51:10.961, 52, 0, 0, 2411, 2411, 12.43, P0, 0x0000000000000000
2026/08/28 09:51:11.061, 52, 0, 0, 2411, 2411, 12.43, P0, 0x0000000000000000
2026/08/28 09:51:11.161, 52, 0, 0, 2411, 2411, 12.43, P0, 0x0000000000000000
2026/08/28 09:51:11.261, 52, 0, 0, 2411, 2411, 12.43, P0, 0x0000000000000000
2026/08/28 09:51:11.361, 52, 0, 0, 2411, 2411, 12.43, P0, 0x0000000000000000
2026/08/28 09:51:11.462, 52, 0, 0, 2411, 2411, 12.41, P0, 0x0000000000000000
2026/08/28 09:51:11.562, 52, 0, 0, 2411, 2411, 12.41, P0, 0x0000000000000000
2026/08/28 09:51:11.662, 52, 0, 0, 2411, 2411, 12.41, P0, 0x0000000000000000
2026/08/28 09:51:11.762, 52, 0, 0, 2411, 2411, 12.41, P0, 0x0000000000000000
2026/08/28 09:51:11.862, 52, 0, 0, 2411, 2411, 12.41, P0, 0x0000000000000000
2026/08/28 09:51:11.962, 52, 0, 0, 2411, 2411, 12.37, P0, 0x0000000000000000
2026/08/28 09:51:12.062, 52, 0, 0, 2411, 2411, 12.37, P0, 0x0000000000000000
2026/08/28 09:51:12.162, 52, 0, 0, 2411, 2411, 12.37, P0, 0x0000000000000000
2026/08/28 09:51:12.263, 52, 0, 0, 2411, 2411, 12.37, P0, 0x0000000000000000
2026/08/28 09:51:12.363, 52, 0, 0, 2411, 2411, 12.37, P0, 0x0000000000000000
2026/08/28 09:51:12.463, 52, 0, 0, 2411, 2411, 12.37, P0, 0x0000000000000000
2026/08/28 09:51:12.563, 52, 0, 0, 2411, 2411, 12.37, P0, 0x0000000000000000
2026/08/28 09:51:12.663, 52, 0, 0, 2411, 2411, 12.37, P0, 0x0000000000000000
2026/08/28 09:51:12.763, 52, 0, 0, 2411, 2411, 12.37, P0, 0x0000000000000000
2026/08/28 09:51:12.863, 52, 0, 0, 2411, 2411, 12.37, P0, 0x0000000000000000
2026/08/28 09:51:12.963, 52, 0, 0, 2411, 2411, 12.38, P0, 0x0000000000000000
2026/08/28 09:51:13.063, 52, 0, 0, 2411, 2411, 12.38, P0, 0x0000000000000000
2026/08/28 09:51:13.163, 52, 0, 0, 2411, 2411, 12.38, P0, 0x0000000000000000
2026/08/28 09:51:13.264, 52, 0, 0, 2411, 2411, 12.38, P0, 0x0000000000000000
2026/08/28 09:51:13.364, 52, 0, 0, 2411, 2411, 12.38, P0, 0x0000000000000000
2026/08/28 09:51:13.464, 52, 0, 0, 2411, 2411, 12.39, P0, 0x0000000000000000
2026/08/28 09:51:13.564, 52, 0, 0, 2411, 2411, 12.39, P0, 0x0000000000000000
2026/08/28 09:51:13.664, 52, 0, 0, 2411, 2411, 12.39, P0, 0x0000000000000000
2026/08/28 09:51:13.764, 52, 0, 0, 2411, 2411, 12.39, P0, 0x0000000000000000
2026/08/28 09:51:13.864, 52, 0, 0, 2411, 2411, 12.39, P0, 0x0000000000000000
2026/08/28 09:51:13.964, 52, 0, 0, 2411, 2411, 12.38, P0, 0x0000000000000000
2026/08/28 09:51:14.065, 52, 0, 0, 2411, 2411, 12.38, P0, 0x0000000000000000
2026/08/28 09:51:14.165, 52, 0, 0, 2411, 2411, 12.38, P0, 0x0000000000000000
2026/08/28 09:51:14.265, 52, 0, 0, 2411, 2411, 12.38, P0, 0x0000000000000000
2026/08/28 09:51:14.365, 52, 0, 0, 2411, 2411, 12.38, P0, 0x0000000000000000
2026/08/28 09:51:14.465, 52, 0, 0, 2411, 2411, 12.39, P0, 0x0000000000000000
2026/08/28 09:51:14.565, 52, 0, 0, 2411, 2411, 12.39, P0, 0x0000000000000000
2026/08/28 09:51:14.665, 52, 0, 0, 2411, 2411, 12.39, P0, 0x0000000000000000
2026/08/28 09:51:14.766, 52, 0, 0, 2411, 2411, 12.39, P0, 0x0000000000000000
2026/08/28 09:51:14.866, 52, 0, 0, 2411, 2411, 12.39, P0, 0x0000000000000000
2026/08/28 09:51:14.966, 52, 0, 0, 2411, 2411, 12.42, P0, 0x0000000000000000
2026/08/28 09:51:15.067, 52, 0, 0, 2411, 2411, 12.42, P0, 0x0000000000000000
2026/08/28 09:51:15.167, 52, 0, 0, 2411, 2411, 12.42, P0, 0x0000000000000000
2026/08/28 09:51:15.267, 52, 0, 0, 2411, 2411, 12.42, P0, 0x0000000000000000
2026/08/28 09:51:15.367, 52, 0, 0, 2411, 2411, 12.42, P0, 0x0000000000000000
2026/08/28 09:51:15.467, 52, 0, 0, 2411, 2411, 12.41, P0, 0x0000000000000000
2026/08/28 09:51:15.567, 52, 0, 0, 2411, 2411, 12.41, P0, 0x0000000000000000
2026/08/28 09:51:15.667, 52, 0, 0, 2411, 2411, 12.41, P0, 0x0000000000000000
2026/08/28 09:51:15.767, 52, 0, 0, 2411, 2411, 12.41, P0, 0x0000000000000000
2026/08/28 09:51:15.868, 52, 0, 0, 2411, 2411, 12.42, P0, 0x0000000000000000
2026/08/28 09:51:15.968, 52, 0, 0, 2411, 2411, 12.42, P0, 0x0000000000000000
2026/08/28 09:51:16.068, 52, 0, 0, 2411, 2411, 12.42, P0, 0x0000000000000000
2026/08/28 09:51:16.168, 52, 0, 0, 2411, 2411, 12.42, P0, 0x0000000000000000
2026/08/28 09:51:16.268, 52, 0, 0, 2411, 2411, 12.42, P0, 0x0000000000000000
2026/08/28 09:51:16.368, 52, 0, 0, 2411, 2411, 12.43, P0, 0x0000000000000000
2026/08/28 09:51:16.468, 52, 0, 0, 2411, 2411, 12.43, P0, 0x0000000000000000
2026/08/28 09:51:16.569, 52, 0, 0, 2411, 2411, 12.43, P0, 0x0000000000000000
2026/08/28 09:51:16.669, 52, 0, 0, 2411, 2411, 12.43, P0, 0x0000000000000000
2026/08/28 09:51:16.769, 52, 0, 0, 2411, 2411, 12.43, P0, 0x0000000000000000
2026/08/28 09:51:16.869, 52, 0, 0, 2411, 2411, 12.45, P0, 0x0000000000000000
2026/08/28 09:51:16.969, 52, 0, 0, 2411, 2411, 12.45, P0, 0x0000000000000000
2026/08/28 09:51:17.069, 52, 0, 0, 2411, 2411, 12.45, P0, 0x0000000000000000
2026/08/28 09:51:17.169, 52, 0, 0, 2411, 2411, 12.45, P0, 0x0000000000000000
2026/08/28 09:51:17.269, 52, 0, 0, 2411, 2411, 12.45, P0, 0x0000000000000000
2026/08/28 09:51:17.370, 52, 0, 0, 2411, 2411, 12.47, P0, 0x0000000000000000
2026/08/28 09:51:17.470, 52, 0, 0, 2411, 2411, 12.47, P0, 0x0000000000000000
2026/08/28 09:51:17.570, 52, 0, 0, 2411, 2411, 12.47, P0, 0x0000000000000000
2026/08/28 09:51:17.670, 52, 0, 0, 2411, 2411, 12.47, P0, 0x0000000000000000
2026/08/28 09:51:17.770, 52, 0, 0, 2411, 2411, 12.47, P0, 0x0000000000000000
2026/08/28 09:51:17.870, 52, 0, 0, 2411, 2411, 12.47, P0, 0x0000000000000000
2026/08/28 09:51:17.970, 52, 0, 0, 2411, 2411, 12.47, P0, 0x0000000000000000
2026/08/28 09:51:18.071, 52, 0, 0, 2411, 2411, 12.47, P0, 0x0000000000000000
2026/08/28 09:51:18.171, 52, 0, 0, 2411, 2411, 12.47, P0, 0x0000000000000000
2026/08/28 09:51:18.271, 52, 0, 0, 2411, 2411, 12.47, P0, 0x0000000000000000
2026/08/28 09:51:18.371, 52, 0, 0, 2411, 2411, 12.46, P0, 0x0000000000000000
2026/08/28 09:51:18.471, 52, 0, 0, 2411, 2411, 12.46, P0, 0x0000000000000000
2026/08/28 09:51:18.572, 52, 0, 0, 2411, 2411, 12.46, P0, 0x0000000000000000
2026/08/28 09:51:18.672, 52, 0, 0, 2411, 2411, 12.46, P0, 0x0000000000000000
2026/08/28 09:51:18.772, 52, 0, 0, 2411, 2411, 12.46, P0, 0x0000000000000000
2026/08/28 09:51:18.872, 52, 0, 0, 2411, 2411, 12.40, P0, 0x0000000000000000
2026/08/28 09:51:18.972, 52, 0, 0, 2411, 2411, 12.40, P0, 0x0000000000000000
2026/08/28 09:51:19.073, 52, 0, 0, 2411, 2411, 12.40, P0, 0x0000000000000000
2026/08/28 09:51:19.173, 52, 0, 0, 2411, 2411, 12.40, P0, 0x0000000000000000
2026/08/28 09:51:19.273, 52, 0, 0, 2411, 2411, 12.40, P0, 0x0000000000000000
2026/08/28 09:51:19.373, 52, 0, 0, 2411, 2411, 12.37, P0, 0x0000000000000000
2026/08/28 09:51:19.473, 52, 0, 0, 2411, 2411, 12.37, P0, 0x0000000000000000
2026/08/28 09:51:19.573, 52, 0, 0, 2411, 2411, 12.37, P0, 0x0000000000000000
2026/08/28 09:51:19.674, 52, 0, 0, 2411, 2411, 12.37, P0, 0x0000000000000000
2026/08/28 09:51:19.774, 52, 0, 0, 2411, 2411, 12.37, P0, 0x0000000000000000
2026/08/28 09:51:19.874, 52, 0, 0, 2411, 2411, 12.35, P0, 0x0000000000000000
2026/08/28 09:51:19.974, 52, 0, 0, 2411, 2411, 12.35, P0, 0x0000000000000000
2026/08/28 09:51:20.074, 52, 0, 0, 2411, 2411, 12.35, P0, 0x0000000000000000
2026/08/28 09:51:20.174, 52, 0, 0, 2411, 2411, 12.35, P0, 0x0000000000000000
2026/08/28 09:51:20.275, 52, 0, 0, 2411, 2411, 12.35, P0, 0x0000000000000000
2026/08/28 09:51:20.375, 52, 0, 0, 2411, 2411, 12.32, P0, 0x0000000000000000
2026/08/28 09:51:20.475, 52, 0, 0, 2411, 2411, 12.32, P0, 0x0000000000000000
2026/08/28 09:51:20.576, 52, 0, 0, 2411, 2411, 12.32, P0, 0x0000000000000000
2026/08/28 09:51:20.676, 52, 0, 0, 2411, 2411, 12.32, P0, 0x0000000000000000
2026/08/28 09:51:20.776, 52, 0, 0, 2411, 2411, 12.32, P0, 0x0000000000000000
2026/08/28 09:51:20.877, 52, 0, 0, 2411, 2411, 12.31, P0, 0x0000000000000000
2026/08/28 09:51:20.979, 52, 0, 0, 2411, 2411, 12.31, P0, 0x0000000000000000
2026/08/28 09:51:21.080, 52, 0, 0, 2411, 2411, 12.31, P0, 0x0000000000000000
2026/08/28 09:51:21.180, 52, 0, 0, 2411, 2411, 12.31, P0, 0x0000000000000000
2026/08/28 09:51:21.281, 52, 0, 0, 2411, 2411, 12.31, P0, 0x0000000000000000
2026/08/28 09:51:21.382, 52, 0, 0, 2411, 2411, 12.36, P0, 0x0000000000000000
2026/08/28 09:51:21.484, 52, 0, 0, 2411, 2411, 12.36, P0, 0x0000000000000000
2026/08/28 09:51:21.584, 52, 0, 0, 2411, 2411, 12.36, P0, 0x0000000000000000
2026/08/28 09:51:21.684, 52, 0, 0, 2411, 2411, 12.36, P0, 0x0000000000000000
2026/08/28 09:51:21.784, 52, 0, 0, 2411, 2411, 12.36, P0, 0x0000000000000000
2026/08/28 09:51:21.886, 52, 0, 0, 2411, 2411, 12.41, P0, 0x0000000000000000
2026/08/28 09:51:21.986, 52, 0, 0, 2411, 2411, 12.41, P0, 0x0000000000000000
2026/08/28 09:51:22.087, 52, 0, 0, 2411, 2411, 12.41, P0, 0x0000000000000000
2026/08/28 09:51:22.188, 52, 0, 0, 2411, 2411, 12.41, P0, 0x0000000000000000
2026/08/28 09:51:22.288, 52, 0, 0, 2411, 2411, 12.41, P0, 0x0000000000000000
2026/08/28 09:51:22.390, 52, 0, 0, 2411, 2411, 12.40, P0, 0x0000000000000000
2026/08/28 09:51:22.490, 52, 0, 0, 2411, 2411, 12.40, P0, 0x0000000000000000
2026/08/28 09:51:22.591, 52, 0, 0, 2411, 2411, 12.40, P0, 0x0000000000000000
2026/08/28 09:51:22.691, 52, 0, 0, 2411, 2411, 12.40, P0, 0x0000000000000000
2026/08/28 09:51:22.792, 52, 0, 0, 2411, 2411, 12.40, P0, 0x0000000000000000
2026/08/28 09:51:22.894, 52, 0, 0, 2411, 2411, 12.38, P0, 0x0000000000000000
2026/08/28 09:51:22.995, 52, 0, 0, 2411, 2411, 12.38, P0, 0x0000000000000000
2026/08/28 09:51:23.096, 52, 0, 0, 2411, 2411, 12.38, P0, 0x0000000000000000
2026/08/28 09:51:23.197, 52, 0, 0, 2411, 2411, 12.38, P0, 0x0000000000000000
2026/08/28 09:51:23.297, 52, 0, 0, 2411, 2411, 12.38, P0, 0x0000000000000000
2026/08/28 09:51:23.398, 52, 0, 0, 2411, 2411, 12.39, P0, 0x0000000000000000
2026/08/28 09:51:23.500, 52, 0, 0, 2411, 2411, 12.39, P0, 0x0000000000000000
2026/08/28 09:51:23.601, 52, 0, 0, 2411, 2411, 12.39, P0, 0x0000000000000000
2026/08/28 09:51:23.702, 52, 0, 0, 2411, 2411, 12.39, P0, 0x0000000000000000
2026/08/28 09:51:23.803, 52, 0, 0, 2411, 2411, 12.39, P0, 0x0000000000000000
2026/08/28 09:51:23.904, 52, 0, 0, 2411, 2411, 12.40, P0, 0x0000000000000000
2026/08/28 09:51:24.004, 52, 0, 0, 2411, 2411, 12.40, P0, 0x0000000000000000
2026/08/28 09:51:24.105, 52, 0, 0, 2411, 2411, 12.40, P0, 0x0000000000000000
2026/08/28 09:51:24.206, 52, 0, 0, 2411, 2411, 12.40, P0, 0x0000000000000000
2026/08/28 09:51:24.307, 52, 0, 0, 2411, 2411, 12.40, P0, 0x0000000000000000
2026/08/28 09:51:24.408, 52, 0, 0, 2411, 2411, 12.40, P0, 0x0000000000000000
2026/08/28 09:51:24.508, 52, 0, 0, 2411, 2411, 12.40, P0, 0x0000000000000000
2026/08/28 09:51:24.609, 52, 0, 0, 2411, 2411, 12.40, P0, 0x0000000000000000
2026/08/28 09:51:24.711, 52, 0, 0, 2411, 2411, 12.40, P0, 0x0000000000000000
2026/08/28 09:51:24.812, 52, 0, 0, 2411, 2411, 12.40, P0, 0x0000000000000000
2026/08/28 09:51:24.913, 52, 0, 0, 2411, 2411, 12.39, P0, 0x0000000000000000
2026/08/28 09:51:25.014, 52, 0, 0, 2411, 2411, 12.39, P0, 0x0000000000000000
2026/08/28 09:51:25.115, 52, 0, 0, 2411, 2411, 12.39, P0, 0x0000000000000000
2026/08/28 09:51:25.215, 52, 0, 0, 2411, 2411, 12.39, P0, 0x0000000000000000
2026/08/28 09:51:25.317, 52, 0, 0, 2411, 2411, 12.39, P0, 0x0000000000000000
2026/08/28 09:51:25.418, 52, 0, 0, 2411, 2411, 12.38, P0, 0x0000000000000000
2026/08/28 09:51:25.519, 52, 0, 0, 2411, 2411, 12.38, P0, 0x0000000000000000
2026/08/28 09:51:25.620, 52, 0, 0, 2411, 2411, 12.38, P0, 0x0000000000000000
2026/08/28 09:51:25.721, 52, 0, 0, 2411, 2411, 12.38, P0, 0x0000000000000000
2026/08/28 09:51:25.822, 52, 0, 0, 2411, 2411, 12.38, P0, 0x0000000000000000
2026/08/28 09:51:25.922, 52, 0, 0, 2411, 2411, 12.36, P0, 0x0000000000000000
2026/08/28 09:51:26.024, 52, 0, 0, 2411, 2411, 12.36, P0, 0x0000000000000000
2026/08/28 09:51:26.125, 52, 0, 0, 2411, 2411, 12.36, P0, 0x0000000000000000
2026/08/28 09:51:26.225, 52, 0, 0, 2411, 2411, 12.36, P0, 0x0000000000000000
2026/08/28 09:51:26.325, 52, 0, 0, 2411, 2411, 12.36, P0, 0x0000000000000000
2026/08/28 09:51:26.425, 52, 0, 0, 2411, 2411, 12.38, P0, 0x0000000000000000
2026/08/28 09:51:26.526, 52, 0, 0, 2411, 2411, 12.38, P0, 0x0000000000000000
2026/08/28 09:51:26.627, 52, 0, 0, 2411, 2411, 12.38, P0, 0x0000000000000000
2026/08/28 09:51:26.727, 52, 0, 0, 2411, 2411, 12.38, P0, 0x0000000000000000
2026/08/28 09:51:26.828, 52, 0, 0, 2411, 2411, 12.38, P0, 0x0000000000000000
2026/08/28 09:51:26.929, 52, 0, 0, 2411, 2411, 12.40, P0, 0x0000000000000000
2026/08/28 09:51:27.030, 52, 0, 0, 2411, 2411, 12.40, P0, 0x0000000000000000
2026/08/28 09:51:27.131, 52, 0, 0, 2411, 2411, 12.40, P0, 0x0000000000000000
2026/08/28 09:51:27.232, 52, 0, 0, 2411, 2411, 12.40, P0, 0x0000000000000000
2026/08/28 09:51:27.333, 52, 0, 0, 2411, 2411, 12.40, P0, 0x0000000000000000
2026/08/28 09:51:27.434, 51, 0, 0, 2411, 2411, 12.41, P0, 0x0000000000000000
2026/08/28 09:51:27.534, 51, 0, 0, 2411, 2411, 12.41, P0, 0x0000000000000000
2026/08/28 09:51:27.635, 51, 0, 0, 2411, 2411, 12.41, P0, 0x0000000000000000
2026/08/28 09:51:27.736, 51, 0, 0, 2411, 2411, 12.41, P0, 0x0000000000000000
2026/08/28 09:51:27.837, 51, 0, 0, 2411, 2411, 12.41, P0, 0x0000000000000000
2026/08/28 09:51:27.937, 51, 0, 0, 2411, 2411, 12.42, P0, 0x0000000000000000
2026/08/28 09:51:28.037, 51, 0, 0, 2411, 2411, 12.42, P0, 0x0000000000000000
2026/08/28 09:51:28.139, 51, 0, 0, 2411, 2411, 12.42, P0, 0x0000000000000000
2026/08/28 09:51:28.240, 51, 0, 0, 2411, 2411, 12.42, P0, 0x0000000000000000
2026/08/28 09:51:28.341, 51, 0, 0, 2411, 2411, 12.42, P0, 0x0000000000000000
2026/08/28 09:51:28.442, 51, 0, 0, 2411, 2411, 12.43, P0, 0x0000000000000000
2026/08/28 09:51:28.543, 51, 0, 0, 2411, 2411, 12.43, P0, 0x0000000000000000
2026/08/28 09:51:28.644, 51, 0, 0, 2411, 2411, 12.43, P0, 0x0000000000000000
2026/08/28 09:51:28.746, 51, 0, 0, 2411, 2411, 12.43, P0, 0x0000000000000000
2026/08/28 09:51:28.847, 51, 0, 0, 2411, 2411, 12.43, P0, 0x0000000000000000
2026/08/28 09:51:28.947, 51, 0, 0, 2411, 2411, 12.41, P0, 0x0000000000000000
2026/08/28 09:51:29.048, 51, 0, 0, 2411, 2411, 12.41, P0, 0x0000000000000000
2026/08/28 09:51:29.149, 51, 0, 0, 2411, 2411, 12.41, P0, 0x0000000000000000
2026/08/28 09:51:29.250, 51, 0, 0, 2411, 2411, 12.41, P0, 0x0000000000000000
2026/08/28 09:51:29.350, 51, 0, 0, 2411, 2411, 12.41, P0, 0x0000000000000000
2026/08/28 09:51:29.450, 52, 0, 0, 2411, 2411, 12.40, P0, 0x0000000000000000
2026/08/28 09:51:29.551, 52, 0, 0, 2411, 2411, 12.40, P0, 0x0000000000000000
2026/08/28 09:51:29.652, 52, 0, 0, 2411, 2411, 12.40, P0, 0x0000000000000000
2026/08/28 09:51:29.753, 52, 0, 0, 2411, 2411, 12.40, P0, 0x0000000000000000
2026/08/28 09:51:29.854, 52, 0, 0, 2411, 2411, 12.40, P0, 0x0000000000000000
2026/08/28 09:51:29.955, 51, 0, 0, 2411, 2411, 12.39, P0, 0x0000000000000000
2026/08/28 09:51:30.056, 51, 0, 0, 2411, 2411, 12.39, P0, 0x0000000000000000
2026/08/28 09:51:30.157, 51, 0, 0, 2411, 2411, 12.39, P0, 0x0000000000000000
2026/08/28 09:51:30.257, 51, 0, 0, 2411, 2411, 12.39, P0, 0x0000000000000000
2026/08/28 09:51:30.357, 51, 0, 0, 2411, 2411, 12.39, P0, 0x0000000000000000
2026/08/28 09:51:30.458, 51, 0, 0, 2411, 2411, 12.41, P0, 0x0000000000000000
2026/08/28 09:51:30.559, 51, 0, 0, 2411, 2411, 12.41, P0, 0x0000000000000000
2026/08/28 09:51:30.659, 51, 0, 0, 2411, 2411, 12.41, P0, 0x0000000000000000
2026/08/28 09:51:30.759, 51, 0, 0, 2411, 2411, 12.41, P0, 0x0000000000000000
2026/08/28 09:51:30.859, 51, 0, 0, 2411, 2411, 12.41, P0, 0x0000000000000000
2026/08/28 09:51:30.959, 51, 0, 0, 2411, 2411, 12.42, P0, 0x0000000000000000
2026/08/28 09:51:31.060, 51, 0, 0, 2411, 2411, 12.42, P0, 0x0000000000000000
2026/08/28 09:51:31.161, 51, 0, 0, 2411, 2411, 12.42, P0, 0x0000000000000000
2026/08/28 09:51:31.262, 51, 0, 0, 2411, 2411, 12.42, P0, 0x0000000000000000
2026/08/28 09:51:31.362, 51, 0, 0, 2411, 2411, 12.42, P0, 0x0000000000000000
2026/08/28 09:51:31.462, 51, 0, 0, 2411, 2411, 12.42, P0, 0x0000000000000000
2026/08/28 09:51:31.563, 51, 0, 0, 2411, 2411, 12.42, P0, 0x0000000000000000
2026/08/28 09:51:31.664, 51, 0, 0, 2411, 2411, 12.42, P0, 0x0000000000000000
2026/08/28 09:51:31.764, 51, 0, 0, 2411, 2411, 12.42, P0, 0x0000000000000000
2026/08/28 09:51:31.866, 51, 0, 0, 2411, 2411, 12.42, P0, 0x0000000000000000
2026/08/28 09:51:31.967, 51, 0, 0, 2411, 2411, 12.47, P0, 0x0000000000000000
2026/08/28 09:51:32.068, 51, 0, 0, 2411, 2411, 12.47, P0, 0x0000000000000000
2026/08/28 09:51:32.169, 51, 0, 0, 2411, 2411, 12.47, P0, 0x0000000000000000
2026/08/28 09:51:32.270, 51, 0, 0, 2411, 2411, 12.47, P0, 0x0000000000000000
2026/08/28 09:51:32.370, 51, 0, 0, 2411, 2411, 12.47, P0, 0x0000000000000000
2026/08/28 09:51:32.472, 51, 0, 0, 2411, 2411, 12.48, P0, 0x0000000000000000
2026/08/28 09:51:32.572, 51, 0, 0, 2411, 2411, 12.48, P0, 0x0000000000000000
2026/08/28 09:51:32.673, 51, 0, 0, 2411, 2411, 12.48, P0, 0x0000000000000000
2026/08/28 09:51:32.774, 51, 0, 0, 2411, 2411, 12.48, P0, 0x0000000000000000
2026/08/28 09:51:32.875, 51, 0, 0, 2411, 2411, 12.48, P0, 0x0000000000000000
2026/08/28 09:51:32.976, 51, 0, 0, 2411, 2411, 12.47, P0, 0x0000000000000000
2026/08/28 09:51:33.078, 51, 0, 0, 2411, 2411, 12.47, P0, 0x0000000000000000
2026/08/28 09:51:33.179, 51, 0, 0, 2411, 2411, 12.47, P0, 0x0000000000000000
2026/08/28 09:51:33.280, 51, 0, 0, 2411, 2411, 12.47, P0, 0x0000000000000000
2026/08/28 09:51:33.380, 51, 0, 0, 2411, 2411, 12.47, P0, 0x0000000000000000
2026/08/28 09:51:33.480, 51, 0, 0, 2411, 2411, 12.47, P0, 0x0000000000000000
2026/08/28 09:51:33.582, 51, 0, 0, 2411, 2411, 12.47, P0, 0x0000000000000000
2026/08/28 09:51:33.682, 51, 0, 0, 2411, 2411, 12.47, P0, 0x0000000000000000
2026/08/28 09:51:33.782, 51, 0, 0, 2411, 2411, 12.47, P0, 0x0000000000000000
2026/08/28 09:51:33.882, 51, 0, 0, 2411, 2411, 12.46, P0, 0x0000000000000000
2026/08/28 09:51:33.982, 51, 0, 0, 2411, 2411, 12.46, P0, 0x0000000000000000
2026/08/28 09:51:34.082, 51, 0, 0, 2411, 2411, 12.46, P0, 0x0000000000000000
2026/08/28 09:51:34.182, 51, 0, 0, 2411, 2411, 12.46, P0, 0x0000000000000000
2026/08/28 09:51:34.282, 51, 0, 0, 2411, 2411, 12.46, P0, 0x0000000000000000
2026/08/28 09:51:34.382, 51, 0, 0, 2411, 2411, 12.44, P0, 0x0000000000000000
2026/08/28 09:51:34.483, 51, 0, 0, 2411, 2411, 12.44, P0, 0x0000000000000000
2026/08/28 09:51:34.583, 51, 0, 0, 2411, 2411, 12.44, P0, 0x0000000000000000
2026/08/28 09:51:34.683, 51, 0, 0, 2411, 2411, 12.44, P0, 0x0000000000000000
2026/08/28 09:51:34.784, 51, 0, 0, 2411, 2411, 12.44, P0, 0x0000000000000000
2026/08/28 09:51:34.884, 51, 0, 0, 2411, 2411, 12.42, P0, 0x0000000000000000
2026/08/28 09:51:34.984, 51, 0, 0, 2411, 2411, 12.42, P0, 0x0000000000000000
2026/08/28 09:51:35.085, 51, 0, 0, 2411, 2411, 12.42, P0, 0x0000000000000000
2026/08/28 09:51:35.185, 51, 0, 0, 2411, 2411, 12.42, P0, 0x0000000000000000
2026/08/28 09:51:35.285, 51, 0, 0, 2411, 2411, 12.42, P0, 0x0000000000000000
2026/08/28 09:51:35.385, 51, 0, 0, 2411, 2411, 12.45, P0, 0x0000000000000000
2026/08/28 09:51:35.485, 51, 0, 0, 2411, 2411, 12.45, P0, 0x0000000000000000
2026/08/28 09:51:35.585, 51, 0, 0, 2411, 2411, 12.45, P0, 0x0000000000000000
2026/08/28 09:51:35.685, 51, 0, 0, 2411, 2411, 12.45, P0, 0x0000000000000000
2026/08/28 09:51:35.785, 51, 0, 0, 2411, 2411, 12.45, P0, 0x0000000000000000
2026/08/28 09:51:35.886, 51, 0, 0, 2411, 2411, 12.44, P0, 0x0000000000000000
2026/08/28 09:51:35.986, 51, 0, 0, 2411, 2411, 12.44, P0, 0x0000000000000000
2026/08/28 09:51:36.086, 51, 0, 0, 2411, 2411, 12.44, P0, 0x0000000000000000
2026/08/28 09:51:36.186, 51, 0, 0, 2411, 2411, 12.44, P0, 0x0000000000000000
2026/08/28 09:51:36.286, 51, 0, 0, 2411, 2411, 12.44, P0, 0x0000000000000000
2026/08/28 09:51:36.387, 51, 0, 0, 2411, 2411, 12.42, P0, 0x0000000000000000
2026/08/28 09:51:36.487, 51, 0, 0, 2411, 2411, 12.42, P0, 0x0000000000000000
2026/08/28 09:51:36.588, 51, 0, 0, 2411, 2411, 12.42, P0, 0x0000000000000000
2026/08/28 09:51:36.688, 51, 0, 0, 2411, 2411, 12.42, P0, 0x0000000000000000
2026/08/28 09:51:36.788, 51, 0, 0, 2411, 2411, 12.42, P0, 0x0000000000000000
2026/08/28 09:51:36.888, 51, 0, 0, 2411, 2411, 12.45, P0, 0x0000000000000000
2026/08/28 09:51:36.988, 51, 0, 0, 2411, 2411, 12.45, P0, 0x0000000000000000
2026/08/28 09:51:37.088, 51, 0, 0, 2411, 2411, 12.45, P0, 0x0000000000000000
2026/08/28 09:51:37.189, 51, 0, 0, 2411, 2411, 12.45, P0, 0x0000000000000000
2026/08/28 09:51:37.289, 51, 0, 0, 2411, 2411, 12.45, P0, 0x0000000000000000
2026/08/28 09:51:37.389, 51, 0, 0, 2411, 2411, 12.46, P0, 0x0000000000000000
2026/08/28 09:51:37.489, 51, 0, 0, 2411, 2411, 12.46, P0, 0x0000000000000000
2026/08/28 09:51:37.589, 51, 0, 0, 2411, 2411, 12.46, P0, 0x0000000000000000
2026/08/28 09:51:37.689, 51, 0, 0, 2411, 2411, 12.46, P0, 0x0000000000000000
2026/08/28 09:51:37.790, 51, 0, 0, 2411, 2411, 12.46, P0, 0x0000000000000000
2026/08/28 09:51:37.890, 51, 0, 0, 2411, 2411, 12.42, P0, 0x0000000000000000
2026/08/28 09:51:37.990, 51, 0, 0, 2411, 2411, 12.42, P0, 0x0000000000000000
2026/08/28 09:51:38.090, 51, 0, 0, 2411, 2411, 12.42, P0, 0x0000000000000000
2026/08/28 09:51:38.190, 51, 0, 0, 2411, 2411, 12.42, P0, 0x0000000000000000
2026/08/28 09:51:38.290, 51, 0, 0, 2411, 2411, 12.42, P0, 0x0000000000000000
2026/08/28 09:51:38.391, 51, 0, 0, 2411, 2411, 12.38, P0, 0x0000000000000000
2026/08/28 09:51:38.492, 51, 0, 0, 2411, 2411, 12.38, P0, 0x0000000000000000
2026/08/28 09:51:38.592, 51, 0, 0, 2411, 2411, 12.38, P0, 0x0000000000000000
2026/08/28 09:51:38.692, 51, 0, 0, 2411, 2411, 12.38, P0, 0x0000000000000000
2026/08/28 09:51:38.792, 51, 0, 0, 2411, 2411, 12.38, P0, 0x0000000000000000
2026/08/28 09:51:38.892, 51, 0, 0, 2411, 2411, 12.36, P0, 0x0000000000000000
2026/08/28 09:51:38.993, 51, 0, 0, 2411, 2411, 12.36, P0, 0x0000000000000000
2026/08/28 09:51:39.093, 51, 0, 0, 2411, 2411, 12.36, P0, 0x0000000000000000
2026/08/28 09:51:39.194, 51, 0, 0, 2411, 2411, 12.36, P0, 0x0000000000000000
2026/08/28 09:51:39.294, 51, 0, 0, 2411, 2411, 12.36, P0, 0x0000000000000000
2026/08/28 09:51:39.394, 51, 0, 0, 2411, 2411, 12.34, P0, 0x0000000000000000
2026/08/28 09:51:39.494, 51, 0, 0, 2411, 2411, 12.34, P0, 0x0000000000000000
2026/08/28 09:51:39.594, 51, 0, 0, 2411, 2411, 12.34, P0, 0x0000000000000000
2026/08/28 09:51:39.694, 51, 0, 0, 2411, 2411, 12.34, P0, 0x0000000000000000
2026/08/28 09:51:39.794, 51, 0, 0, 2411, 2411, 12.34, P0, 0x0000000000000000
2026/08/28 09:51:39.894, 51, 0, 0, 2411, 2411, 12.37, P0, 0x0000000000000000
2026/08/28 09:51:39.995, 51, 0, 0, 2411, 2411, 12.37, P0, 0x0000000000000000
2026/08/28 09:51:40.095, 51, 0, 0, 2411, 2411, 12.37, P0, 0x0000000000000000
2026/08/28 09:51:40.195, 51, 0, 0, 2411, 2411, 12.37, P0, 0x0000000000000000
2026/08/28 09:51:40.295, 51, 0, 0, 2411, 2411, 12.37, P0, 0x0000000000000000
2026/08/28 09:51:40.395, 51, 0, 0, 2411, 2411, 12.39, P0, 0x0000000000000000
2026/08/28 09:51:40.495, 51, 0, 0, 2411, 2411, 12.39, P0, 0x0000000000000000
2026/08/28 09:51:40.595, 51, 0, 0, 2411, 2411, 12.39, P0, 0x0000000000000000
2026/08/28 09:51:40.696, 51, 0, 0, 2411, 2411, 12.39, P0, 0x0000000000000000
2026/08/28 09:51:40.796, 51, 0, 0, 2411, 2411, 12.39, P0, 0x0000000000000000
2026/08/28 09:51:40.896, 51, 0, 0, 2411, 2411, 12.37, P0, 0x0000000000000000
2026/08/28 09:51:40.996, 51, 0, 0, 2411, 2411, 12.37, P0, 0x0000000000000000
2026/08/28 09:51:41.096, 51, 0, 0, 2411, 2411, 12.37, P0, 0x0000000000000000
2026/08/28 09:51:41.196, 51, 0, 0, 2411, 2411, 12.37, P0, 0x0000000000000000
2026/08/28 09:51:41.296, 51, 0, 0, 2411, 2411, 12.37, P0, 0x0000000000000000
2026/08/28 09:51:41.397, 51, 0, 0, 2411, 2411, 12.36, P0, 0x0000000000000000
2026/08/28 09:51:41.497, 51, 0, 0, 2411, 2411, 12.36, P0, 0x0000000000000000
2026/08/28 09:51:41.597, 51, 0, 0, 2411, 2411, 12.36, P0, 0x0000000000000000
2026/08/28 09:51:41.697, 51, 0, 0, 2411, 2411, 12.36, P0, 0x0000000000000000
2026/08/28 09:51:41.797, 51, 0, 0, 2411, 2411, 12.36, P0, 0x0000000000000000
2026/08/28 09:51:41.897, 51, 0, 0, 2411, 2411, 12.38, P0, 0x0000000000000000
2026/08/28 09:51:41.998, 51, 0, 0, 2411, 2411, 12.38, P0, 0x0000000000000000
2026/08/28 09:51:42.098, 51, 0, 0, 2411, 2411, 12.38, P0, 0x0000000000000000
2026/08/28 09:51:42.198, 51, 0, 0, 2411, 2411, 12.38, P0, 0x0000000000000000
2026/08/28 09:51:42.298, 51, 0, 0, 2411, 2411, 12.38, P0, 0x0000000000000000
2026/08/28 09:51:42.398, 51, 0, 0, 2411, 2411, 12.38, P0, 0x0000000000000000
2026/08/28 09:51:42.498, 51, 0, 0, 2411, 2411, 12.38, P0, 0x0000000000000000
2026/08/28 09:51:42.598, 51, 0, 0, 2411, 2411, 12.38, P0, 0x0000000000000000
2026/08/28 09:51:42.699, 51, 0, 0, 2411, 2411, 12.38, P0, 0x0000000000000000
2026/08/28 09:51:42.799, 51, 0, 0, 2411, 2411, 12.38, P0, 0x0000000000000000
2026/08/28 09:51:42.899, 51, 0, 0, 2411, 2411, 12.38, P0, 0x0000000000000000
2026/08/28 09:51:42.999, 51, 0, 0, 2411, 2411, 12.38, P0, 0x0000000000000000
2026/08/28 09:51:43.099, 51, 0, 0, 2411, 2411, 12.38, P0, 0x0000000000000000
2026/08/28 09:51:43.199, 51, 0, 0, 2411, 2411, 12.38, P0, 0x0000000000000000
2026/08/28 09:51:43.300, 51, 0, 0, 2411, 2411, 12.38, P0, 0x0000000000000000
2026/08/28 09:51:43.400, 51, 0, 0, 2411, 2411, 12.40, P0, 0x0000000000000000
2026/08/28 09:51:43.500, 51, 0, 0, 2411, 2411, 12.40, P0, 0x0000000000000000
2026/08/28 09:51:43.600, 51, 0, 0, 2411, 2411, 12.40, P0, 0x0000000000000000
2026/08/28 09:51:43.700, 51, 0, 0, 2411, 2411, 12.40, P0, 0x0000000000000000
2026/08/28 09:51:43.800, 51, 0, 0, 2411, 2411, 12.40, P0, 0x0000000000000000
2026/08/28 09:51:43.900, 51, 0, 0, 2411, 2411, 12.40, P0, 0x0000000000000000
2026/08/28 09:51:44.001, 51, 0, 0, 2411, 2411, 12.40, P0, 0x0000000000000000
2026/08/28 09:51:44.101, 51, 0, 0, 2411, 2411, 12.40, P0, 0x0000000000000000
2026/08/28 09:51:44.201, 51, 0, 0, 2411, 2411, 12.40, P0, 0x0000000000000000
2026/08/28 09:51:44.301, 51, 0, 0, 2411, 2411, 12.40, P0, 0x0000000000000000
2026/08/28 09:51:44.401, 51, 0, 0, 2411, 2411, 12.40, P0, 0x0000000000000000
2026/08/28 09:51:44.501, 51, 0, 0, 2411, 2411, 12.40, P0, 0x0000000000000000
2026/08/28 09:51:44.602, 51, 0, 0, 2411, 2411, 12.40, P0, 0x0000000000000000
2026/08/28 09:51:44.702, 51, 0, 0, 2411, 2411, 12.40, P0, 0x0000000000000000
2026/08/28 09:51:44.802, 51, 0, 0, 2411, 2411, 12.40, P0, 0x0000000000000000
2026/08/28 09:51:44.902, 51, 0, 0, 2411, 2411, 12.42, P0, 0x0000000000000000
2026/08/28 09:51:45.002, 51, 0, 0, 2411, 2411, 12.42, P0, 0x0000000000000000
2026/08/28 09:51:45.102, 51, 0, 0, 2411, 2411, 12.42, P0, 0x0000000000000000
2026/08/28 09:51:45.202, 51, 0, 0, 2411, 2411, 12.42, P0, 0x0000000000000000
2026/08/28 09:51:45.302, 51, 0, 0, 2411, 2411, 12.42, P0, 0x0000000000000000
2026/08/28 09:51:45.402, 51, 0, 0, 2411, 2411, 12.41, P0, 0x0000000000000000
2026/08/28 09:51:45.504, 51, 0, 0, 2411, 2411, 12.41, P0, 0x0000000000000000
2026/08/28 09:51:45.604, 51, 0, 0, 2411, 2411, 12.41, P0, 0x0000000000000000
2026/08/28 09:51:45.704, 51, 0, 0, 2411, 2411, 12.41, P0, 0x0000000000000000
2026/08/28 09:51:45.804, 51, 0, 0, 2411, 2411, 12.41, P0, 0x0000000000000000
2026/08/28 09:51:45.904, 51, 0, 0, 2411, 2411, 12.42, P0, 0x0000000000000000
2026/08/28 09:51:46.005, 51, 0, 0, 2411, 2411, 12.42, P0, 0x0000000000000000
2026/08/28 09:51:46.105, 51, 0, 0, 2411, 2411, 12.42, P0, 0x0000000000000000
2026/08/28 09:51:46.205, 51, 0, 0, 2411, 2411, 12.42, P0, 0x0000000000000000
2026/08/28 09:51:46.305, 51, 0, 0, 2411, 2411, 12.42, P0, 0x0000000000000000
2026/08/28 09:51:46.405, 51, 0, 0, 2411, 2411, 12.45, P0, 0x0000000000000000
2026/08/28 09:51:46.505, 51, 0, 0, 2411, 2411, 12.45, P0, 0x0000000000000000
2026/08/28 09:51:46.605, 51, 0, 0, 2411, 2411, 12.45, P0, 0x0000000000000000
2026/08/28 09:51:46.705, 51, 0, 0, 2411, 2411, 12.45, P0, 0x0000000000000000
2026/08/28 09:51:46.805, 51, 0, 0, 2411, 2411, 12.45, P0, 0x0000000000000000
2026/08/28 09:51:46.906, 51, 0, 0, 2411, 2411, 12.45, P0, 0x0000000000000000
2026/08/28 09:51:47.006, 51, 0, 0, 2411, 2411, 12.45, P0, 0x0000000000000000
2026/08/28 09:51:47.106, 51, 0, 0, 2411, 2411, 12.45, P0, 0x0000000000000000
2026/08/28 09:51:47.207, 51, 0, 0, 2411, 2411, 12.45, P0, 0x0000000000000000
2026/08/28 09:51:47.307, 51, 0, 0, 2411, 2411, 12.45, P0, 0x0000000000000000
2026/08/28 09:51:47.407, 51, 0, 0, 2411, 2411, 12.41, P0, 0x0000000000000000
2026/08/28 09:51:47.507, 51, 0, 0, 2411, 2411, 12.41, P0, 0x0000000000000000
2026/08/28 09:51:47.607, 51, 0, 0, 2411, 2411, 12.41, P0, 0x0000000000000000
2026/08/28 09:51:47.707, 51, 0, 0, 2411, 2411, 12.41, P0, 0x0000000000000000
2026/08/28 09:51:47.807, 51, 0, 0, 2411, 2411, 12.41, P0, 0x0000000000000000
2026/08/28 09:51:47.907, 51, 0, 0, 2411, 2411, 12.37, P0, 0x0000000000000000
2026/08/28 09:51:48.008, 51, 0, 0, 2411, 2411, 12.37, P0, 0x0000000000000000
2026/08/28 09:51:48.108, 51, 0, 0, 2411, 2411, 12.37, P0, 0x0000000000000000
2026/08/28 09:51:48.208, 51, 0, 0, 2411, 2411, 12.37, P0, 0x0000000000000000
2026/08/28 09:51:48.308, 51, 0, 0, 2411, 2411, 12.37, P0, 0x0000000000000000
2026/08/28 09:51:48.408, 51, 0, 0, 2411, 2411, 12.35, P0, 0x0000000000000000
2026/08/28 09:51:48.508, 51, 0, 0, 2411, 2411, 12.35, P0, 0x0000000000000000
2026/08/28 09:51:48.608, 51, 0, 0, 2411, 2411, 12.35, P0, 0x0000000000000000
2026/08/28 09:51:48.708, 51, 0, 0, 2411, 2411, 12.35, P0, 0x0000000000000000
2026/08/28 09:51:48.809, 51, 0, 0, 2411, 2411, 12.35, P0, 0x0000000000000000
2026/08/28 09:51:48.909, 51, 0, 0, 2411, 2411, 12.35, P0, 0x0000000000000000
2026/08/28 09:51:49.009, 51, 0, 0, 2411, 2411, 12.35, P0, 0x0000000000000000
2026/08/28 09:51:49.109, 51, 0, 0, 2411, 2411, 12.35, P0, 0x0000000000000000
2026/08/28 09:51:49.209, 51, 0, 0, 2411, 2411, 12.35, P0, 0x0000000000000000
2026/08/28 09:51:49.309, 51, 0, 0, 2411, 2411, 12.35, P0, 0x0000000000000000
2026/08/28 09:51:49.409, 51, 0, 0, 2411, 2411, 12.31, P0, 0x0000000000000000
2026/08/28 09:51:49.509, 51, 0, 0, 2411, 2411, 12.31, P0, 0x0000000000000000
2026/08/28 09:51:49.609, 51, 0, 0, 2411, 2411, 12.31, P0, 0x0000000000000000
2026/08/28 09:51:49.710, 51, 0, 0, 2411, 2411, 12.31, P0, 0x0000000000000000
2026/08/28 09:51:49.810, 51, 0, 0, 2411, 2411, 12.31, P0, 0x0000000000000000
2026/08/28 09:51:49.910, 51, 0, 0, 2411, 2411, 12.34, P0, 0x0000000000000000
2026/08/28 09:51:50.010, 51, 0, 0, 2411, 2411, 12.34, P0, 0x0000000000000000
2026/08/28 09:51:50.110, 51, 0, 0, 2411, 2411, 12.34, P0, 0x0000000000000000
2026/08/28 09:51:50.210, 51, 0, 0, 2411, 2411, 12.34, P0, 0x0000000000000000
2026/08/28 09:51:50.311, 51, 0, 0, 2411, 2411, 12.34, P0, 0x0000000000000000
2026/08/28 09:51:50.411, 51, 0, 0, 2411, 2411, 12.36, P0, 0x0000000000000000
2026/08/28 09:51:50.511, 51, 0, 0, 2411, 2411, 12.36, P0, 0x0000000000000000
2026/08/28 09:51:50.611, 51, 0, 0, 2411, 2411, 12.36, P0, 0x0000000000000000
2026/08/28 09:51:50.711, 51, 0, 0, 2411, 2411, 12.36, P0, 0x0000000000000000
2026/08/28 09:51:50.811, 51, 0, 0, 2411, 2411, 12.36, P0, 0x0000000000000000
2026/08/28 09:51:50.911, 51, 0, 0, 2411, 2411, 12.39, P0, 0x0000000000000000
2026/08/28 09:51:51.012, 51, 0, 0, 2411, 2411, 12.39, P0, 0x0000000000000000
2026/08/28 09:51:51.112, 51, 0, 0, 2411, 2411, 12.39, P0, 0x0000000000000000
2026/08/28 09:51:51.212, 51, 0, 0, 2411, 2411, 12.39, P0, 0x0000000000000000
2026/08/28 09:51:51.312, 51, 0, 0, 2411, 2411, 12.39, P0, 0x0000000000000000
2026/08/28 09:51:51.412, 51, 0, 0, 2411, 2411, 12.35, P0, 0x0000000000000000
2026/08/28 09:51:51.512, 51, 0, 0, 2411, 2411, 12.35, P0, 0x0000000000000000
2026/08/28 09:51:51.612, 51, 0, 0, 2411, 2411, 12.35, P0, 0x0000000000000000
2026/08/28 09:51:51.713, 51, 0, 0, 2411, 2411, 12.35, P0, 0x0000000000000000
2026/08/28 09:51:51.813, 51, 0, 0, 2411, 2411, 12.35, P0, 0x0000000000000000
2026/08/28 09:51:51.913, 51, 0, 0, 2411, 2411, 12.30, P0, 0x0000000000000000
2026/08/28 09:51:52.013, 51, 0, 0, 2411, 2411, 12.30, P0, 0x0000000000000000
2026/08/28 09:51:52.113, 51, 0, 0, 2411, 2411, 12.30, P0, 0x0000000000000000
2026/08/28 09:51:52.213, 51, 0, 0, 2411, 2411, 12.30, P0, 0x0000000000000000
2026/08/28 09:51:52.313, 51, 0, 0, 2411, 2411, 12.30, P0, 0x0000000000000000
2026/08/28 09:51:52.414, 51, 0, 0, 2411, 2411, 12.29, P0, 0x0000000000000000
2026/08/28 09:51:52.514, 51, 0, 0, 2411, 2411, 12.29, P0, 0x0000000000000000
2026/08/28 09:51:52.614, 51, 0, 0, 2411, 2411, 12.29, P0, 0x0000000000000000
2026/08/28 09:51:52.714, 51, 0, 0, 2411, 2411, 12.29, P0, 0x0000000000000000
2026/08/28 09:51:52.814, 51, 0, 0, 2411, 2411, 12.29, P0, 0x0000000000000000
2026/08/28 09:51:52.914, 51, 0, 0, 2411, 2411, 12.34, P0, 0x0000000000000000
2026/08/28 09:51:53.014, 51, 0, 0, 2411, 2411, 12.34, P0, 0x0000000000000000
2026/08/28 09:51:53.114, 51, 0, 0, 2411, 2411, 12.34, P0, 0x0000000000000000
2026/08/28 09:51:53.214, 51, 0, 0, 2411, 2411, 12.34, P0, 0x0000000000000000
2026/08/28 09:51:53.315, 51, 0, 0, 2411, 2411, 12.34, P0, 0x0000000000000000
2026/08/28 09:51:53.415, 51, 0, 0, 2411, 2411, 12.35, P0, 0x0000000000000000
2026/08/28 09:51:53.515, 51, 0, 0, 2411, 2411, 12.35, P0, 0x0000000000000000
2026/08/28 09:51:53.615, 51, 0, 0, 2411, 2411, 12.35, P0, 0x0000000000000000
2026/08/28 09:51:53.715, 51, 0, 0, 2411, 2411, 12.35, P0, 0x0000000000000000
2026/08/28 09:51:53.815, 51, 0, 0, 2411, 2411, 12.35, P0, 0x0000000000000000
2026/08/28 09:51:53.916, 51, 0, 0, 2411, 2411, 12.35, P0, 0x0000000000000000
2026/08/28 09:51:54.016, 51, 0, 0, 2411, 2411, 12.35, P0, 0x0000000000000000
2026/08/28 09:51:54.116, 51, 0, 0, 2411, 2411, 12.35, P0, 0x0000000000000000
2026/08/28 09:51:54.216, 51, 0, 0, 2411, 2411, 12.35, P0, 0x0000000000000000
2026/08/28 09:51:54.316, 51, 0, 0, 2411, 2411, 12.35, P0, 0x0000000000000000
2026/08/28 09:51:54.416, 51, 0, 0, 2411, 2411, 12.31, P0, 0x0000000000000000
2026/08/28 09:51:54.516, 51, 0, 0, 2411, 2411, 12.31, P0, 0x0000000000000000
2026/08/28 09:51:54.617, 51, 0, 0, 2411, 2411, 12.31, P0, 0x0000000000000000
2026/08/28 09:51:54.717, 51, 0, 0, 2411, 2411, 12.31, P0, 0x0000000000000000
2026/08/28 09:51:54.817, 51, 0, 0, 2411, 2411, 12.31, P0, 0x0000000000000000
2026/08/28 09:51:54.917, 51, 0, 0, 2411, 2411, 12.30, P0, 0x0000000000000000
2026/08/28 09:51:55.017, 51, 0, 0, 2411, 2411, 12.30, P0, 0x0000000000000000
2026/08/28 09:51:55.117, 51, 0, 0, 2411, 2411, 12.30, P0, 0x0000000000000000
2026/08/28 09:51:55.217, 51, 0, 0, 2411, 2411, 12.30, P0, 0x0000000000000000
2026/08/28 09:51:55.318, 51, 0, 0, 2411, 2411, 12.30, P0, 0x0000000000000000
2026/08/28 09:51:55.418, 51, 0, 0, 2411, 2411, 12.26, P0, 0x0000000000000000
2026/08/28 09:51:55.518, 51, 0, 0, 2411, 2411, 12.26, P0, 0x0000000000000000
2026/08/28 09:51:55.618, 51, 0, 0, 2411, 2411, 12.26, P0, 0x0000000000000000
2026/08/28 09:51:55.718, 51, 0, 0, 2411, 2411, 12.26, P0, 0x0000000000000000
2026/08/28 09:51:55.818, 51, 0, 0, 2411, 2411, 12.26, P0, 0x0000000000000000
2026/08/28 09:51:55.919, 51, 0, 0, 2411, 2411, 12.24, P0, 0x0000000000000000
2026/08/28 09:51:56.019, 51, 0, 0, 2411, 2411, 12.24, P0, 0x0000000000000000
2026/08/28 09:51:56.119, 51, 0, 0, 2411, 2411, 12.24, P0, 0x0000000000000000
2026/08/28 09:51:56.219, 51, 0, 0, 2411, 2411, 12.24, P0, 0x0000000000000000
2026/08/28 09:51:56.319, 51, 0, 0, 2411, 2411, 12.24, P0, 0x0000000000000000
2026/08/28 09:51:56.420, 51, 0, 0, 2411, 2411, 12.23, P0, 0x0000000000000000
2026/08/28 09:51:56.520, 51, 0, 0, 2411, 2411, 12.23, P0, 0x0000000000000000
2026/08/28 09:51:56.620, 51, 0, 0, 2411, 2411, 12.23, P0, 0x0000000000000000
2026/08/28 09:51:56.720, 51, 0, 0, 2411, 2411, 12.23, P0, 0x0000000000000000
2026/08/28 09:51:56.820, 51, 0, 0, 2411, 2411, 12.23, P0, 0x0000000000000000
2026/08/28 09:51:56.920, 51, 0, 0, 2411, 2411, 12.23, P0, 0x0000000000000000
2026/08/28 09:51:57.021, 51, 0, 0, 2411, 2411, 12.23, P0, 0x0000000000000000
2026/08/28 09:51:57.121, 51, 0, 0, 2411, 2411, 12.23, P0, 0x0000000000000000
2026/08/28 09:51:57.221, 51, 0, 0, 2411, 2411, 12.23, P0, 0x0000000000000000
2026/08/28 09:51:57.321, 51, 0, 0, 2411, 2411, 12.23, P0, 0x0000000000000000
2026/08/28 09:51:57.421, 51, 0, 0, 2411, 2411, 12.22, P0, 0x0000000000000000
2026/08/28 09:51:57.521, 51, 0, 0, 2411, 2411, 12.22, P0, 0x0000000000000000
2026/08/28 09:51:57.622, 51, 0, 0, 2411, 2411, 12.22, P0, 0x0000000000000000
2026/08/28 09:51:57.722, 51, 0, 0, 2411, 2411, 12.22, P0, 0x0000000000000000
2026/08/28 09:51:57.823, 51, 0, 0, 2411, 2411, 12.22, P0, 0x0000000000000000
2026/08/28 09:51:57.923, 51, 0, 0, 2411, 2411, 12.20, P0, 0x0000000000000000
2026/08/28 09:51:58.023, 51, 0, 0, 2411, 2411, 12.20, P0, 0x0000000000000000
2026/08/28 09:51:58.123, 51, 0, 0, 2411, 2411, 12.20, P0, 0x0000000000000000
2026/08/28 09:51:58.223, 51, 0, 0, 2411, 2411, 12.20, P0, 0x0000000000000000
2026/08/28 09:51:58.324, 51, 0, 0, 2411, 2411, 12.20, P0, 0x0000000000000000
2026/08/28 09:51:58.424, 51, 0, 0, 2411, 2411, 12.17, P0, 0x0000000000000000
2026/08/28 09:51:58.524, 51, 0, 0, 2411, 2411, 12.17, P0, 0x0000000000000000
2026/08/28 09:51:58.624, 51, 0, 0, 2411, 2411, 12.17, P0, 0x0000000000000000
2026/08/28 09:51:58.724, 51, 0, 0, 2411, 2411, 12.17, P0, 0x0000000000000000
2026/08/28 09:51:58.824, 51, 0, 0, 2411, 2411, 12.17, P0, 0x0000000000000000
2026/08/28 09:51:58.925, 51, 0, 0, 2411, 2411, 12.18, P0, 0x0000000000000000
2026/08/28 09:51:59.025, 51, 0, 0, 2411, 2411, 12.18, P0, 0x0000000000000000
2026/08/28 09:51:59.125, 51, 0, 0, 2411, 2411, 12.18, P0, 0x0000000000000000
2026/08/28 09:51:59.225, 51, 0, 0, 2411, 2411, 12.18, P0, 0x0000000000000000
2026/08/28 09:51:59.325, 51, 0, 0, 2411, 2411, 12.18, P0, 0x0000000000000000
2026/08/28 09:51:59.425, 51, 0, 0, 2411, 2411, 12.18, P0, 0x0000000000000000
2026/08/28 09:51:59.525, 51, 0, 0, 2411, 2411, 12.18, P0, 0x0000000000000000
2026/08/28 09:51:59.625, 51, 0, 0, 2411, 2411, 12.18, P0, 0x0000000000000000
2026/08/28 09:51:59.725, 51, 0, 0, 2411, 2411, 12.18, P0, 0x0000000000000000
2026/08/28 09:51:59.826, 51, 0, 0, 2411, 2411, 12.18, P0, 0x0000000000000000
2026/08/28 09:51:59.926, 51, 0, 0, 2411, 2411, 12.20, P0, 0x0000000000000000
2026/08/28 09:52:00.026, 51, 0, 0, 2411, 2411, 12.20, P0, 0x0000000000000000
2026/08/28 09:52:00.126, 51, 0, 0, 2411, 2411, 12.20, P0, 0x0000000000000000
2026/08/28 09:52:00.226, 51, 0, 0, 2411, 2411, 12.20, P0, 0x0000000000000000
2026/08/28 09:52:00.326, 51, 0, 0, 2411, 2411, 12.20, P0, 0x0000000000000000
2026/08/28 09:52:00.426, 51, 0, 0, 2411, 2411, 12.24, P0, 0x0000000000000000
2026/08/28 09:52:00.527, 51, 0, 0, 2411, 2411, 12.24, P0, 0x0000000000000000
2026/08/28 09:52:00.627, 51, 0, 0, 2411, 2411, 12.24, P0, 0x0000000000000000
2026/08/28 09:52:00.727, 51, 0, 0, 2411, 2411, 12.24, P0, 0x0000000000000000
2026/08/28 09:52:00.827, 51, 0, 0, 2411, 2411, 12.24, P0, 0x0000000000000000
2026/08/28 09:52:00.927, 51, 0, 0, 2411, 2411, 12.24, P0, 0x0000000000000000
2026/08/28 09:52:01.027, 51, 0, 0, 2411, 2411, 12.24, P0, 0x0000000000000000
2026/08/28 09:52:01.127, 51, 0, 0, 2411, 2411, 12.24, P0, 0x0000000000000000
2026/08/28 09:52:01.227, 51, 0, 0, 2411, 2411, 12.24, P0, 0x0000000000000000
2026/08/28 09:52:01.328, 51, 0, 0, 2411, 2411, 12.24, P0, 0x0000000000000000
2026/08/28 09:52:01.428, 51, 0, 0, 2411, 2411, 12.21, P0, 0x0000000000000000
2026/08/28 09:52:01.528, 51, 0, 0, 2411, 2411, 12.21, P0, 0x0000000000000000
2026/08/28 09:52:01.628, 51, 0, 0, 2411, 2411, 12.21, P0, 0x0000000000000000
2026/08/28 09:52:01.728, 51, 0, 0, 2411, 2411, 12.21, P0, 0x0000000000000000
2026/08/28 09:52:01.828, 51, 0, 0, 2411, 2411, 12.21, P0, 0x0000000000000000
2026/08/28 09:52:01.928, 51, 0, 0, 2411, 2411, 12.22, P0, 0x0000000000000000
2026/08/28 09:52:02.029, 51, 0, 0, 2411, 2411, 12.22, P0, 0x0000000000000000
2026/08/28 09:52:02.129, 51, 0, 0, 2411, 2411, 12.22, P0, 0x0000000000000000
2026/08/28 09:52:02.229, 51, 0, 0, 2411, 2411, 12.22, P0, 0x0000000000000000
2026/08/28 09:52:02.329, 51, 0, 0, 2411, 2411, 12.22, P0, 0x0000000000000000
2026/08/28 09:52:02.430, 51, 0, 0, 2411, 2411, 12.17, P0, 0x0000000000000000
2026/08/28 09:52:02.530, 51, 0, 0, 2411, 2411, 12.17, P0, 0x0000000000000000
2026/08/28 09:52:02.630, 51, 0, 0, 2411, 2411, 12.17, P0, 0x0000000000000000
2026/08/28 09:52:02.730, 51, 0, 0, 2411, 2411, 12.17, P0, 0x0000000000000000
2026/08/28 09:52:02.830, 51, 0, 0, 2411, 2411, 12.17, P0, 0x0000000000000000
2026/08/28 09:52:02.930, 51, 0, 0, 2411, 2411, 12.18, P0, 0x0000000000000000
2026/08/28 09:52:03.031, 51, 0, 0, 2411, 2411, 12.18, P0, 0x0000000000000000
2026/08/28 09:52:03.131, 51, 0, 0, 2411, 2411, 12.18, P0, 0x0000000000000000
2026/08/28 09:52:03.231, 51, 0, 0, 2411, 2411, 12.18, P0, 0x0000000000000000
2026/08/28 09:52:03.331, 51, 0, 0, 2411, 2411, 12.18, P0, 0x0000000000000000
2026/08/28 09:52:03.431, 51, 0, 0, 2411, 2411, 12.15, P0, 0x0000000000000000
2026/08/28 09:52:03.531, 51, 0, 0, 2411, 2411, 12.15, P0, 0x0000000000000000
2026/08/28 09:52:03.632, 51, 0, 0, 2411, 2411, 12.15, P0, 0x0000000000000000
2026/08/28 09:52:03.732, 51, 0, 0, 2411, 2411, 12.15, P0, 0x0000000000000000
2026/08/28 09:52:03.832, 51, 0, 0, 2411, 2411, 12.15, P0, 0x0000000000000000
2026/08/28 09:52:03.932, 51, 0, 0, 2411, 2411, 12.14, P0, 0x0000000000000000
2026/08/28 09:52:04.033, 51, 0, 0, 2411, 2411, 12.14, P0, 0x0000000000000000
2026/08/28 09:52:04.133, 51, 0, 0, 2411, 2411, 12.14, P0, 0x0000000000000000
2026/08/28 09:52:04.233, 51, 0, 0, 2411, 2411, 12.14, P0, 0x0000000000000000
2026/08/28 09:52:04.334, 51, 0, 0, 2411, 2411, 12.14, P0, 0x0000000000000000
2026/08/28 09:52:04.434, 51, 0, 0, 2411, 2411, 12.16, P0, 0x0000000000000000
2026/08/28 09:52:04.534, 51, 0, 0, 2411, 2411, 12.16, P0, 0x0000000000000000
2026/08/28 09:52:04.634, 51, 0, 0, 2411, 2411, 12.16, P0, 0x0000000000000000
2026/08/28 09:52:04.735, 51, 0, 0, 2411, 2411, 12.16, P0, 0x0000000000000000
2026/08/28 09:52:04.835, 51, 0, 0, 2411, 2411, 12.16, P0, 0x0000000000000000
2026/08/28 09:52:04.935, 51, 0, 0, 2411, 2411, 12.20, P0, 0x0000000000000000
2026/08/28 09:52:05.035, 51, 0, 0, 2411, 2411, 12.20, P0, 0x0000000000000000
2026/08/28 09:52:05.135, 51, 0, 0, 2411, 2411, 12.20, P0, 0x0000000000000000
2026/08/28 09:52:05.235, 51, 0, 0, 2411, 2411, 12.20, P0, 0x0000000000000000
2026/08/28 09:52:05.335, 51, 0, 0, 2411, 2411, 12.20, P0, 0x0000000000000000
2026/08/28 09:52:05.436, 51, 0, 0, 2411, 2411, 12.16, P0, 0x0000000000000000
2026/08/28 09:52:05.536, 51, 0, 0, 2411, 2411, 12.16, P0, 0x0000000000000000
2026/08/28 09:52:05.636, 51, 0, 0, 2411, 2411, 12.16, P0, 0x0000000000000000
2026/08/28 09:52:05.736, 51, 0, 0, 2411, 2411, 12.16, P0, 0x0000000000000000
2026/08/28 09:52:05.836, 51, 0, 0, 2411, 2411, 12.16, P0, 0x0000000000000000
2026/08/28 09:52:05.936, 51, 0, 0, 2411, 2411, 12.18, P0, 0x0000000000000000
2026/08/28 09:52:06.037, 51, 0, 0, 2411, 2411, 12.18, P0, 0x0000000000000000
2026/08/28 09:52:06.137, 51, 0, 0, 2411, 2411, 12.18, P0, 0x0000000000000000
2026/08/28 09:52:06.237, 51, 0, 0, 2411, 2411, 12.18, P0, 0x0000000000000000
2026/08/28 09:52:06.337, 51, 0, 0, 2411, 2411, 12.18, P0, 0x0000000000000000
2026/08/28 09:52:06.437, 51, 0, 0, 2411, 2411, 12.21, P0, 0x0000000000000000
2026/08/28 09:52:06.537, 51, 0, 0, 2411, 2411, 12.21, P0, 0x0000000000000000
2026/08/28 09:52:06.638, 51, 0, 0, 2411, 2411, 12.21, P0, 0x0000000000000000
2026/08/28 09:52:06.738, 51, 0, 0, 2411, 2411, 12.21, P0, 0x0000000000000000
2026/08/28 09:52:06.838, 51, 0, 0, 2411, 2411, 12.21, P0, 0x0000000000000000
2026/08/28 09:52:06.938, 51, 0, 0, 2411, 2411, 12.25, P0, 0x0000000000000000
2026/08/28 09:52:07.038, 51, 0, 0, 2411, 2411, 12.25, P0, 0x0000000000000000
2026/08/28 09:52:07.138, 51, 0, 0, 2411, 2411, 12.25, P0, 0x0000000000000000
2026/08/28 09:52:07.238, 51, 0, 0, 2411, 2411, 12.25, P0, 0x0000000000000000
2026/08/28 09:52:07.339, 51, 0, 0, 2411, 2411, 12.25, P0, 0x0000000000000000
2026/08/28 09:52:07.439, 51, 0, 0, 2411, 2411, 12.24, P0, 0x0000000000000000
2026/08/28 09:52:07.539, 51, 0, 0, 2411, 2411, 12.24, P0, 0x0000000000000000
2026/08/28 09:52:07.639, 51, 0, 0, 2411, 2411, 12.24, P0, 0x0000000000000000
2026/08/28 09:52:07.739, 51, 0, 0, 2411, 2411, 12.24, P0, 0x0000000000000000
2026/08/28 09:52:07.839, 51, 0, 0, 2411, 2411, 12.24, P0, 0x0000000000000000
2026/08/28 09:52:07.940, 51, 0, 0, 2411, 2411, 12.27, P0, 0x0000000000000000
2026/08/28 09:52:08.040, 51, 0, 0, 2411, 2411, 12.27, P0, 0x0000000000000000
2026/08/28 09:52:08.140, 51, 0, 0, 2411, 2411, 12.27, P0, 0x0000000000000000
2026/08/28 09:52:08.240, 51, 0, 0, 2411, 2411, 12.27, P0, 0x0000000000000000
2026/08/28 09:52:08.340, 51, 0, 0, 2411, 2411, 12.27, P0, 0x0000000000000000
2026/08/28 09:52:08.440, 51, 0, 0, 2411, 2411, 12.26, P0, 0x0000000000000000
2026/08/28 09:52:08.540, 51, 0, 0, 2411, 2411, 12.26, P0, 0x0000000000000000
2026/08/28 09:52:08.641, 51, 0, 0, 2411, 2411, 12.26, P0, 0x0000000000000000
2026/08/28 09:52:08.741, 51, 0, 0, 2411, 2411, 12.26, P0, 0x0000000000000000
2026/08/28 09:52:08.841, 51, 0, 0, 2411, 2411, 12.26, P0, 0x0000000000000000
2026/08/28 09:52:08.941, 51, 0, 0, 2411, 2411, 12.22, P0, 0x0000000000000000
2026/08/28 09:52:09.041, 51, 0, 0, 2411, 2411, 12.22, P0, 0x0000000000000000
2026/08/28 09:52:09.141, 51, 0, 0, 2411, 2411, 12.22, P0, 0x0000000000000000
2026/08/28 09:52:09.242, 51, 0, 0, 2411, 2411, 12.22, P0, 0x0000000000000000
2026/08/28 09:52:09.342, 51, 0, 0, 2411, 2411, 12.22, P0, 0x0000000000000000
2026/08/28 09:52:09.442, 51, 0, 0, 2411, 2411, 12.16, P0, 0x0000000000000000
2026/08/28 09:52:09.542, 51, 0, 0, 2411, 2411, 12.16, P0, 0x0000000000000000
2026/08/28 09:52:09.642, 51, 0, 0, 2411, 2411, 12.16, P0, 0x0000000000000000
2026/08/28 09:52:09.742, 51, 0, 0, 2411, 2411, 12.16, P0, 0x0000000000000000
2026/08/28 09:52:09.842, 51, 0, 0, 2411, 2411, 12.16, P0, 0x0000000000000000
2026/08/28 09:52:09.942, 51, 0, 0, 2411, 2411, 12.16, P0, 0x0000000000000000
2026/08/28 09:52:10.042, 51, 0, 0, 2411, 2411, 12.16, P0, 0x0000000000000000
2026/08/28 09:52:10.143, 51, 0, 0, 2411, 2411, 12.16, P0, 0x0000000000000000
2026/08/28 09:52:10.243, 51, 0, 0, 2411, 2411, 12.16, P0, 0x0000000000000000
2026/08/28 09:52:10.343, 51, 0, 0, 2411, 2411, 12.16, P0, 0x0000000000000000
2026/08/28 09:52:10.443, 51, 0, 0, 2411, 2411, 12.16, P0, 0x0000000000000000
2026/08/28 09:52:10.543, 51, 0, 0, 2411, 2411, 12.16, P0, 0x0000000000000000
2026/08/28 09:52:10.643, 51, 0, 0, 2411, 2411, 12.16, P0, 0x0000000000000000
2026/08/28 09:52:10.744, 51, 0, 0, 2411, 2411, 12.16, P0, 0x0000000000000000
2026/08/28 09:52:10.844, 51, 0, 0, 2411, 2411, 12.16, P0, 0x0000000000000000
2026/08/28 09:52:10.944, 51, 0, 0, 2411, 2411, 12.14, P0, 0x0000000000000000
2026/08/28 09:52:11.044, 51, 0, 0, 2411, 2411, 12.14, P0, 0x0000000000000000
2026/08/28 09:52:11.144, 51, 0, 0, 2411, 2411, 12.14, P0, 0x0000000000000000
2026/08/28 09:52:11.244, 51, 0, 0, 2411, 2411, 12.14, P0, 0x0000000000000000
2026/08/28 09:52:11.344, 51, 0, 0, 2411, 2411, 12.14, P0, 0x0000000000000000
2026/08/28 09:52:11.445, 51, 0, 0, 2411, 2411, 12.15, P0, 0x0000000000000000
2026/08/28 09:52:11.545, 51, 0, 0, 2411, 2411, 12.15, P0, 0x0000000000000000
2026/08/28 09:52:11.645, 51, 0, 0, 2411, 2411, 12.15, P0, 0x0000000000000000
2026/08/28 09:52:11.745, 51, 0, 0, 2411, 2411, 12.15, P0, 0x0000000000000000
2026/08/28 09:52:11.845, 51, 0, 0, 2411, 2411, 12.15, P0, 0x0000000000000000
2026/08/28 09:52:11.945, 51, 0, 0, 2411, 2411, 12.21, P0, 0x0000000000000000
2026/08/28 09:52:12.045, 51, 0, 0, 2411, 2411, 12.21, P0, 0x0000000000000000
2026/08/28 09:52:12.146, 51, 0, 0, 2411, 2411, 12.21, P0, 0x0000000000000000
2026/08/28 09:52:12.246, 51, 0, 0, 2411, 2411, 12.21, P0, 0x0000000000000000
2026/08/28 09:52:12.346, 51, 0, 0, 2411, 2411, 12.21, P0, 0x0000000000000000
2026/08/28 09:52:12.446, 51, 0, 0, 2411, 2411, 12.21, P0, 0x0000000000000000
2026/08/28 09:52:12.546, 51, 0, 0, 2411, 2411, 12.21, P0, 0x0000000000000000
2026/08/28 09:52:12.646, 51, 0, 0, 2411, 2411, 12.21, P0, 0x0000000000000000
2026/08/28 09:52:12.746, 51, 0, 0, 2411, 2411, 12.21, P0, 0x0000000000000000
2026/08/28 09:52:12.846, 51, 0, 0, 2411, 2411, 12.21, P0, 0x0000000000000000
2026/08/28 09:52:12.946, 51, 0, 0, 2411, 2411, 12.19, P0, 0x0000000000000000
2026/08/28 09:52:13.047, 51, 0, 0, 2411, 2411, 12.19, P0, 0x0000000000000000
2026/08/28 09:52:13.147, 51, 0, 0, 2411, 2411, 12.19, P0, 0x0000000000000000
2026/08/28 09:52:13.247, 51, 0, 0, 2411, 2411, 12.19, P0, 0x0000000000000000
2026/08/28 09:52:13.347, 51, 0, 0, 2411, 2411, 12.19, P0, 0x0000000000000000
2026/08/28 09:52:13.448, 51, 0, 0, 2411, 2411, 12.16, P0, 0x0000000000000000
2026/08/28 09:52:13.548, 51, 0, 0, 2411, 2411, 12.16, P0, 0x0000000000000000
2026/08/28 09:52:13.648, 51, 0, 0, 2411, 2411, 12.16, P0, 0x0000000000000000
2026/08/28 09:52:13.748, 51, 0, 0, 2411, 2411, 12.16, P0, 0x0000000000000000
2026/08/28 09:52:13.848, 51, 0, 0, 2411, 2411, 12.16, P0, 0x0000000000000000
2026/08/28 09:52:13.948, 51, 0, 0, 2411, 2411, 12.19, P0, 0x0000000000000000
2026/08/28 09:52:14.048, 51, 0, 0, 2411, 2411, 12.19, P0, 0x0000000000000000
2026/08/28 09:52:14.148, 51, 0, 0, 2411, 2411, 12.19, P0, 0x0000000000000000
2026/08/28 09:52:14.248, 51, 0, 0, 2411, 2411, 12.19, P0, 0x0000000000000000
2026/08/28 09:52:14.349, 51, 0, 0, 2411, 2411, 12.19, P0, 0x0000000000000000
2026/08/28 09:52:14.449, 51, 0, 0, 2411, 2411, 12.19, P0, 0x0000000000000000
2026/08/28 09:52:14.549, 51, 0, 0, 2411, 2411, 12.19, P0, 0x0000000000000000
2026/08/28 09:52:14.649, 51, 0, 0, 2411, 2411, 12.19, P0, 0x0000000000000000
2026/08/28 09:52:14.749, 51, 0, 0, 2411, 2411, 12.19, P0, 0x0000000000000000
2026/08/28 09:52:14.849, 51, 0, 0, 2411, 2411, 12.19, P0, 0x0000000000000000
2026/08/28 09:52:14.949, 51, 0, 0, 2411, 2411, 12.18, P0, 0x0000000000000000
2026/08/28 09:52:15.049, 51, 0, 0, 2411, 2411, 12.18, P0, 0x0000000000000000
2026/08/28 09:52:15.150, 51, 0, 0, 2411, 2411, 12.18, P0, 0x0000000000000000
2026/08/28 09:52:15.250, 51, 0, 0, 2411, 2411, 12.18, P0, 0x0000000000000000
2026/08/28 09:52:15.350, 51, 0, 0, 2411, 2411, 12.18, P0, 0x0000000000000000
2026/08/28 09:52:15.450, 51, 0, 0, 2411, 2411, 12.12, P0, 0x0000000000000000
2026/08/28 09:52:15.550, 51, 0, 0, 2411, 2411, 12.12, P0, 0x0000000000000000
2026/08/28 09:52:15.650, 51, 0, 0, 2411, 2411, 12.12, P0, 0x0000000000000000
2026/08/28 09:52:15.751, 51, 0, 0, 2411, 2411, 12.12, P0, 0x0000000000000000
2026/08/28 09:52:15.851, 51, 0, 0, 2411, 2411, 12.12, P0, 0x0000000000000000
2026/08/28 09:52:15.951, 51, 0, 0, 2411, 2411, 12.13, P0, 0x0000000000000000
2026/08/28 09:52:16.051, 51, 0, 0, 2411, 2411, 12.13, P0, 0x0000000000000000
2026/08/28 09:52:16.151, 51, 0, 0, 2411, 2411, 12.13, P0, 0x0000000000000000
2026/08/28 09:52:16.251, 51, 0, 0, 2411, 2411, 12.13, P0, 0x0000000000000000
2026/08/28 09:52:16.351, 51, 0, 0, 2411, 2411, 12.13, P0, 0x0000000000000000
2026/08/28 09:52:16.451, 51, 0, 0, 2411, 2411, 12.09, P0, 0x0000000000000000
2026/08/28 09:52:16.552, 51, 0, 0, 2411, 2411, 12.09, P0, 0x0000000000000000
2026/08/28 09:52:16.652, 51, 0, 0, 2411, 2411, 12.09, P0, 0x0000000000000000
2026/08/28 09:52:16.752, 51, 0, 0, 2411, 2411, 12.09, P0, 0x0000000000000000
2026/08/28 09:52:16.852, 51, 0, 0, 2411, 2411, 12.09, P0, 0x0000000000000000
2026/08/28 09:52:16.952, 51, 0, 0, 2411, 2411, 12.09, P0, 0x0000000000000000
2026/08/28 09:52:17.052, 51, 0, 0, 2411, 2411, 12.09, P0, 0x0000000000000000
2026/08/28 09:52:17.152, 51, 0, 0, 2411, 2411, 12.09, P0, 0x0000000000000000
2026/08/28 09:52:17.252, 51, 0, 0, 2411, 2411, 12.09, P0, 0x0000000000000000
2026/08/28 09:52:17.353, 51, 0, 0, 2411, 2411, 12.09, P0, 0x0000000000000000
2026/08/28 09:52:17.453, 51, 0, 0, 2411, 2411, 12.11, P0, 0x0000000000000000
2026/08/28 09:52:17.553, 51, 0, 0, 2411, 2411, 12.11, P0, 0x0000000000000000
2026/08/28 09:52:17.653, 51, 0, 0, 2411, 2411, 12.11, P0, 0x0000000000000000
2026/08/28 09:52:17.753, 51, 0, 0, 2411, 2411, 12.11, P0, 0x0000000000000000
2026/08/28 09:52:17.853, 51, 0, 0, 2411, 2411, 12.11, P0, 0x0000000000000000
2026/08/28 09:52:17.954, 51, 0, 0, 2411, 2411, 12.13, P0, 0x0000000000000000
2026/08/28 09:52:18.054, 51, 0, 0, 2411, 2411, 12.13, P0, 0x0000000000000000
2026/08/28 09:52:18.154, 51, 0, 0, 2411, 2411, 12.13, P0, 0x0000000000000000
2026/08/28 09:52:18.254, 51, 0, 0, 2411, 2411, 12.13, P0, 0x0000000000000000
2026/08/28 09:52:18.354, 51, 0, 0, 2411, 2411, 12.13, P0, 0x0000000000000000
2026/08/28 09:52:18.454, 51, 0, 0, 2411, 2411, 12.12, P0, 0x0000000000000000
2026/08/28 09:52:18.554, 51, 0, 0, 2411, 2411, 12.12, P0, 0x0000000000000000
2026/08/28 09:52:18.655, 51, 0, 0, 2411, 2411, 12.12, P0, 0x0000000000000000
2026/08/28 09:52:18.755, 51, 0, 0, 2411, 2411, 12.12, P0, 0x0000000000000000
2026/08/28 09:52:18.855, 51, 0, 0, 2411, 2411, 12.12, P0, 0x0000000000000000
2026/08/28 09:52:18.955, 51, 0, 0, 2411, 2411, 12.13, P0, 0x0000000000000000
2026/08/28 09:52:19.055, 51, 0, 0, 2411, 2411, 12.13, P0, 0x0000000000000000
2026/08/28 09:52:19.155, 51, 0, 0, 2411, 2411, 12.13, P0, 0x0000000000000000
2026/08/28 09:52:19.255, 51, 0, 0, 2411, 2411, 12.13, P0, 0x0000000000000000
2026/08/28 09:52:19.355, 51, 0, 0, 2411, 2411, 12.13, P0, 0x0000000000000000
2026/08/28 09:52:19.455, 51, 0, 0, 2411, 2411, 12.15, P0, 0x0000000000000000
2026/08/28 09:52:19.556, 51, 0, 0, 2411, 2411, 12.15, P0, 0x0000000000000000
2026/08/28 09:52:19.656, 51, 0, 0, 2411, 2411, 12.15, P0, 0x0000000000000000
2026/08/28 09:52:19.756, 51, 0, 0, 2411, 2411, 12.15, P0, 0x0000000000000000
2026/08/28 09:52:19.856, 51, 0, 0, 2411, 2411, 12.15, P0, 0x0000000000000000
2026/08/28 09:52:19.956, 51, 0, 0, 2411, 2411, 12.16, P0, 0x0000000000000000
2026/08/28 09:52:20.056, 51, 0, 0, 2411, 2411, 12.16, P0, 0x0000000000000000
2026/08/28 09:52:20.156, 51, 0, 0, 2411, 2411, 12.16, P0, 0x0000000000000000
2026/08/28 09:52:20.257, 51, 0, 0, 2411, 2411, 12.16, P0, 0x0000000000000000
2026/08/28 09:52:20.358, 51, 0, 0, 2411, 2411, 12.16, P0, 0x0000000000000000
2026/08/28 09:52:20.458, 51, 0, 0, 2411, 2411, 12.15, P0, 0x0000000000000000
2026/08/28 09:52:20.558, 51, 0, 0, 2411, 2411, 12.15, P0, 0x0000000000000000
2026/08/28 09:52:20.658, 51, 0, 0, 2411, 2411, 12.15, P0, 0x0000000000000000
2026/08/28 09:52:20.758, 51, 0, 0, 2411, 2411, 12.15, P0, 0x0000000000000000
2026/08/28 09:52:20.859, 51, 0, 0, 2411, 2411, 12.15, P0, 0x0000000000000000
2026/08/28 09:52:20.959, 51, 0, 0, 2411, 2411, 12.16, P0, 0x0000000000000000
2026/08/28 09:52:21.059, 51, 0, 0, 2411, 2411, 12.16, P0, 0x0000000000000000
2026/08/28 09:52:21.159, 51, 0, 0, 2411, 2411, 12.16, P0, 0x0000000000000000
2026/08/28 09:52:21.259, 51, 0, 0, 2411, 2411, 12.16, P0, 0x0000000000000000
2026/08/28 09:52:21.359, 51, 0, 0, 2411, 2411, 12.16, P0, 0x0000000000000000
2026/08/28 09:52:21.459, 51, 0, 0, 2411, 2411, 12.15, P0, 0x0000000000000000
2026/08/28 09:52:21.559, 51, 0, 0, 2411, 2411, 12.15, P0, 0x0000000000000000
2026/08/28 09:52:21.660, 51, 0, 0, 2411, 2411, 12.15, P0, 0x0000000000000000
2026/08/28 09:52:21.760, 51, 0, 0, 2411, 2411, 12.15, P0, 0x0000000000000000
2026/08/28 09:52:21.860, 51, 0, 0, 2411, 2411, 12.15, P0, 0x0000000000000000
2026/08/28 09:52:21.960, 51, 0, 0, 2411, 2411, 12.19, P0, 0x0000000000000000
2026/08/28 09:52:22.060, 51, 0, 0, 2411, 2411, 12.19, P0, 0x0000000000000000
2026/08/28 09:52:22.160, 51, 0, 0, 2411, 2411, 12.19, P0, 0x0000000000000000
2026/08/28 09:52:22.261, 51, 0, 0, 2411, 2411, 12.19, P0, 0x0000000000000000
2026/08/28 09:52:22.361, 51, 0, 0, 2411, 2411, 12.19, P0, 0x0000000000000000
2026/08/28 09:52:22.461, 51, 0, 0, 2411, 2411, 12.20, P0, 0x0000000000000000
2026/08/28 09:52:22.561, 51, 0, 0, 2411, 2411, 12.20, P0, 0x0000000000000000
2026/08/28 09:52:22.661, 51, 0, 0, 2411, 2411, 12.20, P0, 0x0000000000000000
2026/08/28 09:52:22.761, 51, 0, 0, 2411, 2411, 12.20, P0, 0x0000000000000000
2026/08/28 09:52:22.861, 51, 0, 0, 2411, 2411, 12.20, P0, 0x0000000000000000
2026/08/28 09:52:22.962, 51, 0, 0, 2411, 2411, 12.21, P0, 0x0000000000000000
2026/08/28 09:52:23.062, 51, 0, 0, 2411, 2411, 12.21, P0, 0x0000000000000000
2026/08/28 09:52:23.162, 51, 0, 0, 2411, 2411, 12.21, P0, 0x0000000000000000
2026/08/28 09:52:23.262, 51, 0, 0, 2411, 2411, 12.21, P0, 0x0000000000000000
2026/08/28 09:52:23.362, 51, 0, 0, 2411, 2411, 12.21, P0, 0x0000000000000000
2026/08/28 09:52:23.462, 51, 0, 0, 2411, 2411, 12.21, P0, 0x0000000000000000
2026/08/28 09:52:23.562, 51, 0, 0, 2411, 2411, 12.21, P0, 0x0000000000000000
2026/08/28 09:52:23.663, 51, 0, 0, 2411, 2411, 12.21, P0, 0x0000000000000000
2026/08/28 09:52:23.763, 51, 0, 0, 2411, 2411, 12.21, P0, 0x0000000000000000
2026/08/28 09:52:23.863, 51, 0, 0, 2411, 2411, 12.21, P0, 0x0000000000000000
2026/08/28 09:52:23.963, 51, 0, 0, 2411, 2411, 12.21, P0, 0x0000000000000000
2026/08/28 09:52:24.063, 51, 0, 0, 2411, 2411, 12.21, P0, 0x0000000000000000
2026/08/28 09:52:24.163, 51, 0, 0, 2411, 2411, 12.21, P0, 0x0000000000000000
2026/08/28 09:52:24.263, 51, 0, 0, 2411, 2411, 12.21, P0, 0x0000000000000000
2026/08/28 09:52:24.363, 51, 0, 0, 2411, 2411, 12.21, P0, 0x0000000000000000
2026/08/28 09:52:24.464, 51, 0, 0, 2411, 2411, 12.19, P0, 0x0000000000000000
2026/08/28 09:52:24.564, 51, 0, 0, 2411, 2411, 12.19, P0, 0x0000000000000000
2026/08/28 09:52:24.664, 51, 0, 0, 2411, 2411, 12.19, P0, 0x0000000000000000
2026/08/28 09:52:24.764, 51, 0, 0, 2411, 2411, 12.19, P0, 0x0000000000000000
2026/08/28 09:52:24.864, 51, 0, 0, 2411, 2411, 12.19, P0, 0x0000000000000000
2026/08/28 09:52:24.964, 51, 0, 0, 2411, 2411, 12.17, P0, 0x0000000000000000
2026/08/28 09:52:25.065, 51, 0, 0, 2411, 2411, 12.17, P0, 0x0000000000000000
2026/08/28 09:52:25.165, 51, 0, 0, 2411, 2411, 12.17, P0, 0x0000000000000000
2026/08/28 09:52:25.265, 51, 0, 0, 2411, 2411, 12.17, P0, 0x0000000000000000
2026/08/28 09:52:25.365, 51, 0, 0, 2411, 2411, 12.17, P0, 0x0000000000000000
2026/08/28 09:52:25.465, 51, 0, 0, 2411, 2411, 12.12, P0, 0x0000000000000000
2026/08/28 09:52:25.565, 51, 0, 0, 2411, 2411, 12.12, P0, 0x0000000000000000
2026/08/28 09:52:25.666, 51, 0, 0, 2411, 2411, 12.12, P0, 0x0000000000000000
2026/08/28 09:52:25.766, 51, 0, 0, 2411, 2411, 12.12, P0, 0x0000000000000000
2026/08/28 09:52:25.866, 51, 0, 0, 2411, 2411, 12.12, P0, 0x0000000000000000
2026/08/28 09:52:25.966, 51, 0, 0, 2411, 2411, 12.11, P0, 0x0000000000000000
2026/08/28 09:52:26.066, 51, 0, 0, 2411, 2411, 12.11, P0, 0x0000000000000000
2026/08/28 09:52:26.166, 51, 0, 0, 2411, 2411, 12.11, P0, 0x0000000000000000
2026/08/28 09:52:26.266, 51, 0, 0, 2411, 2411, 12.11, P0, 0x0000000000000000
2026/08/28 09:52:26.366, 51, 0, 0, 2411, 2411, 12.11, P0, 0x0000000000000000
2026/08/28 09:52:26.467, 51, 0, 0, 2411, 2411, 12.14, P0, 0x0000000000000000
2026/08/28 09:52:26.567, 51, 0, 0, 2411, 2411, 12.14, P0, 0x0000000000000000
2026/08/28 09:52:26.667, 51, 0, 0, 2411, 2411, 12.14, P0, 0x0000000000000000
2026/08/28 09:52:26.767, 51, 0, 0, 2411, 2411, 12.14, P0, 0x0000000000000000
2026/08/28 09:52:26.867, 51, 0, 0, 2411, 2411, 12.14, P0, 0x0000000000000000
2026/08/28 09:52:26.967, 51, 0, 0, 2411, 2411, 12.19, P0, 0x0000000000000000
2026/08/28 09:52:27.067, 51, 0, 0, 2411, 2411, 12.19, P0, 0x0000000000000000
2026/08/28 09:52:27.168, 51, 0, 0, 2411, 2411, 12.19, P0, 0x0000000000000000
2026/08/28 09:52:27.268, 51, 0, 0, 2411, 2411, 12.19, P0, 0x0000000000000000
2026/08/28 09:52:27.368, 51, 0, 0, 2411, 2411, 12.19, P0, 0x0000000000000000
2026/08/28 09:52:27.468, 51, 0, 0, 2411, 2411, 12.17, P0, 0x0000000000000000
2026/08/28 09:52:27.568, 51, 0, 0, 2411, 2411, 12.17, P0, 0x0000000000000000
2026/08/28 09:52:27.668, 51, 0, 0, 2411, 2411, 12.17, P0, 0x0000000000000000
2026/08/28 09:52:27.768, 51, 0, 0, 2411, 2411, 12.17, P0, 0x0000000000000000
2026/08/28 09:52:27.869, 51, 0, 0, 2411, 2411, 12.17, P0, 0x0000000000000000
2026/08/28 09:52:27.969, 51, 0, 0, 2411, 2411, 12.20, P0, 0x0000000000000000
2026/08/28 09:52:28.069, 51, 0, 0, 2411, 2411, 12.20, P0, 0x0000000000000000
2026/08/28 09:52:28.169, 51, 0, 0, 2411, 2411, 12.20, P0, 0x0000000000000000
2026/08/28 09:52:28.269, 51, 0, 0, 2411, 2411, 12.20, P0, 0x0000000000000000
2026/08/28 09:52:28.369, 51, 0, 0, 2411, 2411, 12.20, P0, 0x0000000000000000
2026/08/28 09:52:28.469, 51, 0, 0, 2411, 2411, 12.19, P0, 0x0000000000000000
2026/08/28 09:52:28.570, 51, 0, 0, 2411, 2411, 12.19, P0, 0x0000000000000000
2026/08/28 09:52:28.670, 51, 0, 0, 2411, 2411, 12.19, P0, 0x0000000000000000
2026/08/28 09:52:28.770, 51, 0, 0, 2411, 2411, 12.19, P0, 0x0000000000000000
2026/08/28 09:52:28.870, 51, 0, 0, 2411, 2411, 12.19, P0, 0x0000000000000000
2026/08/28 09:52:28.970, 51, 0, 0, 2411, 2411, 12.17, P0, 0x0000000000000000
2026/08/28 09:52:29.070, 51, 0, 0, 2411, 2411, 12.17, P0, 0x0000000000000000
2026/08/28 09:52:29.170, 51, 0, 0, 2411, 2411, 12.17, P0, 0x0000000000000000
2026/08/28 09:52:29.270, 51, 0, 0, 2411, 2411, 12.17, P0, 0x0000000000000000
2026/08/28 09:52:29.371, 51, 0, 0, 2411, 2411, 12.17, P0, 0x0000000000000000
2026/08/28 09:52:29.471, 51, 0, 0, 2411, 2411, 12.18, P0, 0x0000000000000000
2026/08/28 09:52:29.571, 51, 0, 0, 2411, 2411, 12.18, P0, 0x0000000000000000
2026/08/28 09:52:29.671, 51, 0, 0, 2411, 2411, 12.18, P0, 0x0000000000000000
2026/08/28 09:52:29.771, 51, 0, 0, 2411, 2411, 12.18, P0, 0x0000000000000000
2026/08/28 09:52:29.871, 51, 0, 0, 2411, 2411, 12.18, P0, 0x0000000000000000
2026/08/28 09:52:29.971, 51, 0, 0, 2411, 2411, 12.20, P0, 0x0000000000000000
2026/08/28 09:52:30.071, 51, 0, 0, 2411, 2411, 12.20, P0, 0x0000000000000000
2026/08/28 09:52:30.172, 51, 0, 0, 2411, 2411, 12.20, P0, 0x0000000000000000
2026/08/28 09:52:30.272, 51, 0, 0, 2411, 2411, 12.20, P0, 0x0000000000000000
2026/08/28 09:52:30.372, 51, 0, 0, 2411, 2411, 12.20, P0, 0x0000000000000000
2026/08/28 09:52:30.472, 51, 0, 0, 2411, 2411, 12.15, P0, 0x0000000000000000
2026/08/28 09:52:30.572, 51, 0, 0, 2411, 2411, 12.15, P0, 0x0000000000000000
2026/08/28 09:52:30.672, 51, 0, 0, 2411, 2411, 12.15, P0, 0x0000000000000000
2026/08/28 09:52:30.772, 51, 0, 0, 2411, 2411, 12.15, P0, 0x0000000000000000
2026/08/28 09:52:30.873, 51, 0, 0, 2411, 2411, 12.15, P0, 0x0000000000000000
2026/08/28 09:52:30.973, 51, 0, 0, 2411, 2411, 12.17, P0, 0x0000000000000000
2026/08/28 09:52:31.073, 51, 0, 0, 2411, 2411, 12.17, P0, 0x0000000000000000
2026/08/28 09:52:31.173, 51, 0, 0, 2411, 2411, 12.17, P0, 0x0000000000000000
2026/08/28 09:52:31.273, 51, 0, 0, 2411, 2411, 12.17, P0, 0x0000000000000000
2026/08/28 09:52:31.373, 51, 0, 0, 2411, 2411, 12.17, P0, 0x0000000000000000
2026/08/28 09:52:31.474, 51, 0, 0, 2411, 2411, 12.17, P0, 0x0000000000000000
2026/08/28 09:52:31.574, 51, 0, 0, 2411, 2411, 12.17, P0, 0x0000000000000000
2026/08/28 09:52:31.674, 51, 0, 0, 2411, 2411, 12.17, P0, 0x0000000000000000
2026/08/28 09:52:31.774, 51, 0, 0, 2411, 2411, 12.17, P0, 0x0000000000000000
2026/08/28 09:52:31.874, 51, 0, 0, 2411, 2411, 12.17, P0, 0x0000000000000000
2026/08/28 09:52:31.974, 51, 0, 0, 2411, 2411, 12.17, P0, 0x0000000000000000
2026/08/28 09:52:32.074, 51, 0, 0, 2411, 2411, 12.17, P0, 0x0000000000000000
2026/08/28 09:52:32.175, 51, 0, 0, 2411, 2411, 12.17, P0, 0x0000000000000000
2026/08/28 09:52:32.275, 51, 0, 0, 2411, 2411, 12.17, P0, 0x0000000000000000
2026/08/28 09:52:32.375, 51, 0, 0, 2411, 2411, 12.17, P0, 0x0000000000000000
2026/08/28 09:52:32.475, 51, 0, 0, 2411, 2411, 12.15, P0, 0x0000000000000000
2026/08/28 09:52:32.575, 51, 0, 0, 2411, 2411, 12.15, P0, 0x0000000000000000
2026/08/28 09:52:32.675, 51, 0, 0, 2411, 2411, 12.15, P0, 0x0000000000000000
2026/08/28 09:52:32.776, 51, 0, 0, 2411, 2411, 12.15, P0, 0x0000000000000000
2026/08/28 09:52:32.876, 51, 0, 0, 2411, 2411, 12.15, P0, 0x0000000000000000
2026/08/28 09:52:32.976, 51, 0, 0, 2411, 2411, 12.19, P0, 0x0000000000000000
2026/08/28 09:52:33.076, 51, 0, 0, 2411, 2411, 12.19, P0, 0x0000000000000000
2026/08/28 09:52:33.176, 51, 0, 0, 2411, 2411, 12.19, P0, 0x0000000000000000
2026/08/28 09:52:33.276, 51, 0, 0, 2411, 2411, 12.19, P0, 0x0000000000000000
2026/08/28 09:52:33.376, 51, 0, 0, 2411, 2411, 12.19, P0, 0x0000000000000000
2026/08/28 09:52:33.477, 51, 0, 0, 2411, 2411, 12.20, P0, 0x0000000000000000
2026/08/28 09:52:33.577, 51, 0, 0, 2411, 2411, 12.20, P0, 0x0000000000000000
2026/08/28 09:52:33.677, 51, 0, 0, 2411, 2411, 12.20, P0, 0x0000000000000000
2026/08/28 09:52:33.777, 51, 0, 0, 2411, 2411, 12.20, P0, 0x0000000000000000
